tree
version=v4
num_class=1
num_tree_per_iteration=1
label_index=0
max_feature_idx=286
objective=regression
feature_names=is_fielding age CON_L_old CON_R_old POW_L_old POW_R_old VIS_old DISC_old CLT_old SPD_old STEAL_old FLD_old ARM_old REAC_old ACC_old BLK_old BRK_old CTRL_old BNT_old DRG_BNT_old szn_pa szn_r szn_h szn_doubles szn_triples szn_hr szn_hbp szn_tb szn_rbi szn_so szn_bb szn_ab szn_lob szn_avg szn_obp szn_slug szn_ops szn_iso szn_bb_pct szn_k_pct szn_sb szn_cs szn_sb_attempts szn_sb_pct szn_errors szn_chances szn_put_outs szn_assists szn_field_pct m1_pa m1_r m1_h m1_doubles m1_triples m1_hr m1_hbp m1_tb m1_rbi m1_so m1_bb m1_ab m1_lob m1_avg m1_obp m1_slug m1_ops m1_iso m1_bb_pct m1_k_pct m1_sb m1_cs m1_sb_attempts m1_sb_pct m1_errors m1_chances m1_put_outs m1_assists m1_field_pct since_pa since_r since_h since_doubles since_triples since_hr since_hbp since_tb since_rbi since_so since_bb since_ab since_lob since_avg since_obp since_slug since_ops since_iso since_bb_pct since_k_pct szn_risp_pa szn_risp_r szn_risp_h szn_risp_doubles szn_risp_triples szn_risp_hr szn_risp_hbp szn_risp_tb szn_risp_rbi szn_risp_so szn_risp_bb szn_risp_ab szn_risp_lob szn_risp_avg szn_risp_obp szn_risp_slug szn_risp_ops szn_risp_iso szn_risp_bb_pct szn_risp_k_pct szn_vslhp_pa szn_vslhp_r szn_vslhp_h szn_vslhp_doubles szn_vslhp_triples szn_vslhp_hr szn_vslhp_hbp szn_vslhp_tb szn_vslhp_rbi szn_vslhp_so szn_vslhp_bb szn_vslhp_ab szn_vslhp_lob szn_vslhp_avg szn_vslhp_obp szn_vslhp_slug szn_vslhp_ops szn_vslhp_iso szn_vslhp_bb_pct szn_vslhp_k_pct szn_vsrhp_pa szn_vsrhp_r szn_vsrhp_h szn_vsrhp_doubles szn_vsrhp_triples szn_vsrhp_hr szn_vsrhp_hbp szn_vsrhp_tb szn_vsrhp_rbi szn_vsrhp_so szn_vsrhp_bb szn_vsrhp_ab szn_vsrhp_lob szn_vsrhp_avg szn_vsrhp_obp szn_vsrhp_slug szn_vsrhp_ops szn_vsrhp_iso szn_vsrhp_bb_pct szn_vsrhp_k_pct m1_risp_pa m1_risp_r m1_risp_h m1_risp_doubles m1_risp_triples m1_risp_hr m1_risp_hbp m1_risp_tb m1_risp_rbi m1_risp_so m1_risp_bb m1_risp_ab m1_risp_lob m1_risp_avg m1_risp_obp m1_risp_slug m1_risp_ops m1_risp_iso m1_risp_bb_pct m1_risp_k_pct m1_vslhp_pa m1_vslhp_r m1_vslhp_h m1_vslhp_doubles m1_vslhp_triples m1_vslhp_hr m1_vslhp_hbp m1_vslhp_tb m1_vslhp_rbi m1_vslhp_so m1_vslhp_bb m1_vslhp_ab m1_vslhp_lob m1_vslhp_avg m1_vslhp_obp m1_vslhp_slug m1_vslhp_ops m1_vslhp_iso m1_vslhp_bb_pct m1_vslhp_k_pct m1_vsrhp_pa m1_vsrhp_r m1_vsrhp_h m1_vsrhp_doubles m1_vsrhp_triples m1_vsrhp_hr m1_vsrhp_hbp m1_vsrhp_tb m1_vsrhp_rbi m1_vsrhp_so m1_vsrhp_bb m1_vsrhp_ab m1_vsrhp_lob m1_vsrhp_avg m1_vsrhp_obp m1_vsrhp_slug m1_vsrhp_ops m1_vsrhp_iso m1_vsrhp_bb_pct m1_vsrhp_k_pct since_risp_pa since_risp_r since_risp_h since_risp_doubles since_risp_triples since_risp_hr since_risp_hbp since_risp_tb since_risp_rbi since_risp_so since_risp_bb since_risp_ab since_risp_lob since_risp_avg since_risp_obp since_risp_slug since_risp_ops since_risp_iso since_risp_bb_pct since_risp_k_pct since_vslhp_pa since_vslhp_r since_vslhp_h since_vslhp_doubles since_vslhp_triples since_vslhp_hr since_vslhp_hbp since_vslhp_tb since_vslhp_rbi since_vslhp_so since_vslhp_bb since_vslhp_ab since_vslhp_lob since_vslhp_avg since_vslhp_obp since_vslhp_slug since_vslhp_ops since_vslhp_iso since_vslhp_bb_pct since_vslhp_k_pct since_vsrhp_pa since_vsrhp_r since_vsrhp_h since_vsrhp_doubles since_vsrhp_triples since_vsrhp_hr since_vsrhp_hbp since_vsrhp_tb since_vsrhp_rbi since_vsrhp_so since_vsrhp_bb since_vsrhp_ab since_vsrhp_lob since_vsrhp_avg since_vsrhp_obp since_vsrhp_slug since_vsrhp_ops since_vsrhp_iso since_vsrhp_bb_pct since_vsrhp_k_pct height_inches weight_lbs is_if is_of multi_pos age_sq age_bucket_young age_bucket_prime age_bucket_old
feature_infos=none [18:42] [15:125] [12:125] [9:125] [4:125] [10:115] [16:125] [9:125] [0:99] [0:99] [31:99] [27:99] [29:99] [30:99] [0:99] [10:99] [6:80] [0:99] [0:96] [0:763] [0:149] [0:217] [0:59] [0:17] [0:62] [0:30] [0:391] [0:139] [0:221] [0:135] [0:679] [0:70] [0:0.60000002384185791] [0:0.66666668653488159] [0:1.3999999761581421] [0:2] [0:0.80000001192092896] [0:0.5] [0:1] [0:73] [0:17] [0:87] [0:1] [0:26] [0:1331] [0:1257] [0:441] [0:1] [0:137] [0:31] [0:46] [0:16] [0:6] [0:17] [0:11] [0:107] [0:38] [0:46] [0:32] [0:131] [0:21] [0:1] [0:1] [0:1.3999999761581421] [0:2] [0:0.80000001192092896] [0:1] [0:1] [0:20] [0:6] [0:22] [0:1] [0:10] [0:250] [0:234] [0:102] [0:1] [0:518] [0:58] [0:111] [0:26] [0:6] [0:22] [0:17] [0:183] [0:81] [0:159] [0:56] [0:461] [0:38] [0:1] [0:1] [0:2] [0:3] [0:1] [0:2] [0:1] [0:217] [0:101] [0:59] [0:16] [0:5] [0:17] [0:10] [0:108] [0:99] [0:57] [0:42] [0:198] [0:62] [0:1] [0:1] [0:1.7999999523162842] [0:2.5142858028411865] [0:1.2000000476837158] [0:1.1428571939468384] [0:1] [0:283] [0:50] [0:66] [0:19] [0:7] [0:24] [0:9] [0:144] [0:48] [0:91] [0:43] [0:240] [0:31] [0:1] [0:1] [0:4] [0:5] [0:3] [0:2] [0:1] [0:587] [0:121] [0:177] [0:41] [0:13] [0:48] [0:27] [0:312] [0:109] [0:164] [0:99] [0:545] [0:61] [0:1] [0:1] [0:2] [0:2.5] [0:1.5] [0:0.5] [0:1] [0:48] [0:25] [0:17] [0:8] [0:3] [0:6] [0:5] [0:32] [0:25] [0:19] [0:13] [0:42] [0:19] [0:1] [0:1] [0:4] [0:5] [0:3] [0:2] [0:1] [0:64] [0:15] [0:23] [0:7] [0:3] [0:8] [0:5] [0:40] [0:16] [0:26] [0:13] [0:60] [0:12] [0:1] [0:1] [0:4] [0:5] [0:3] [0:2.25] [0:1] [0:109] [0:28] [0:36] [0:14] [0:6] [0:13] [0:10] [0:81] [0:31] [0:36] [0:27] [0:103] [0:18] [0:1] [0:1] [0:2] [0:2.5] [0:1.5] [0:0.5] [0:1] [0:167] [0:49] [0:36] [0:10] [0:2] [0:10] [0:7] [0:76] [0:70] [0:47] [0:23] [0:132] [0:38] [0:1] [0:1] [0:3] [0:4] [0:2] [0:2] [0:1] [0:158] [0:21] [0:46] [0:13] [0:3] [0:9] [0:5] [0:74] [0:24] [0:42] [0:23] [0:148] [0:12] [0:1] [0:1] [0:4] [0:5] [0:3] [0:2] [0:1] [0:413] [0:42] [0:79] [0:18] [0:6] [0:17] [0:16] [0:139] [0:62] [0:122] [0:43] [0:354] [0:31] [0:1] [0:1] [0:2] [0:2.5] [0:1.5] [0:1.5] [0:1] [65:79] [140:282] [0:1] [0:1] [0:1] [324:1764] [0:1] [0:1] [0:1]
tree_sizes=5380 5527 5504 5521 5530 5538 5525 5544 5514 5534 5552 5531 5523 5542 5569 5535 5547 5541 5533 5554 5556 5555 5551 5542 5541 5585 5557 5552 5584 5557 5578 5584 5578 5562 5581 5607 5536 5562 5539 5567 5591 5559 5623 5565 5581 5577 5567 5582 5576 5579 5597 5579 5606 5616 5627 5595 5599 5620 5592 5596 5571 5617 5628 5608 5603 5598 5570 5631 5606 5622 5598 5622 5605 5625 5601 5589 5631 5604 5598 5621 5603 5606 5613 5632 5603 5605 5594 5641 5666 5657 5616 5620 5595 5616 5655 5625 5635 5629 5606 5633 5617 5633 5627 5650 5640 5622 5639 5616 5632 5628 5653 5615 5656 5622 5670 5646 5685 5665 5663 5649 5637 5615 5633 5642 5670 5627 5645 5664 5648 5659 5658 5609 5668 5645 5670 5651 5654 5685 5670 5639 5638 5654 5665 5669 5630 5666 5640 5647 5676 5663 5675 5665 5673 5668 5701 5663 5676 5681 5630 5656 5698 5671 5633

Tree=0
num_leaves=63
num_cat=0
split_feature=171 8 111 111 111 8 109 8 8 31 111 8 8 8 8 111 111 22 8 111 229 111 111 111 111 8 8 171 8 111 269 8 231 62 8 111 111 105 258 111 138 111 8 8 109 31 111 145 8 111 149 260 8 111 94 111 109 8 111 67 8 46
split_gain=110089 22383.6 28294.8 19641.2 13381.9 21360.4 7852.39 6001.73 5819.51 5578.12 5270.67 6287.19 5191.41 4950.66 4473.78 4396.47 4152.55 4073.42 4004.92 3502.08 3403.91 3176.88 2679.78 2544.46 2398.75 2258.6 2134.34 1967.06 1833.31 1773.16 1765.14 1761.46 1654.95 1604.45 1573.81 1450.08 1346.75 1152.32 1088.66 1077.33 1054.6 939.271 876.645 832.777 831.499 829.789 953.004 809.102 804.594 785.449 752.964 732.081 768.865 722.337 697.198 744.222 787.248 692.783 690.634 649.409 640.494 640.098
threshold=0.28801843523979193 62.500000000000007 0.23928353190422061 0.25817131996154791 0.26103179156780248 60.500000000000007 19.500000000000004 77.500000000000014 59.500000000000007 94.500000000000014 0.31271257996559149 90.500000000000014 49.500000000000007 46.500000000000007 72.500000000000014 0.28821194171905523 0.3012873530387879 26.500000000000004 75.500000000000014 0.23220045864582065 16.500000000000004 0.30195011198520666 0.26046043634414678 0.20806276798248294 0.24257134646177295 50.500000000000007 83.500000000000014 0.18301435559988025 75.500000000000014 0.34597411751747137 86.500000000000014 45.500000000000007 0.36451049149036413 0.18225524574518207 92.500000000000014 0.28619047999382025 0.3215534389019013 19.500000000000004 41.500000000000007 0.32270763814449316 67.500000000000014 0.19521722197532657 39.500000000000007 100.50000000000001 12.500000000000002 78.500000000000014 0.19413723051548007 53.500000000000007 84.500000000000014 0.3410427868366242 82.500000000000014 9.5000000000000018 54.500000000000007 0.2379000782966614 0.80014058947563182 0.22511260956525805 53.500000000000007 38.500000000000007 0.27876733243465429 0.046801986172795303 91.500000000000014 105.50000000000001
decision_type=2 2 2 2 2 2 2 2 2 2 2 2 2 2 2 2 2 2 2 2 2 2 2 2 2 2 2 2 2 2 2 2 2 2 2 2 2 2 2 2 2 2 2 2 2 2 2 2 2 2 2 2 2 2 2 2 2 2 2 2 2 2
left_child=1 2 12 9 8 6 44 21 19 59 18 17 23 20 24 26 51 -12 35 41 40 -5 -15 -1 54 -21 -9 45 37 -13 33 -18 -33 -16 39 -7 -36 -19 -35 -17 -4 -2 -43 -31 -6 -14 -47 -34 -20 -30 -24 -8 -53 -10 55 56 -11 -25 -52 -3 -28 -40
right_child=4 3 13 7 5 10 16 15 53 14 11 29 27 22 30 34 31 28 48 25 -22 -23 50 57 -26 -27 60 -29 49 43 -32 32 47 38 36 -37 -38 -39 61 -41 -42 42 -44 -45 -46 46 -48 -49 -50 -51 58 52 -54 -55 -56 -57 -58 -59 -60 -61 -62 -63
leaf_value=0.76260125027296188 0.72889874828111412 0.78051386463289396 0.88783347513017796 0.80491803109359261 0.89721985810329896 0.8848312252354773 1.0257615361376438 0.70040937677925008 0.63320589774728009 0.5612683429803067 0.88763321717657018 0.7741174064119215 0.73597516824501374 0.83831517484999485 0.3652888780556145 0.77906267299757337 1.3942983280973209 1.032566215448659 0.83672289808127609 1.0809660090069342 1.2456535996354754 1.0103523907659548 0.90969929999300314 0.97381484129566853 0.71347775187975737 0.88867992840077836 0.59394890399850775 0.73710575692905544 0.97927058350282992 0.98874608441898171 0.33148929600303428 1.0829441665959356 1.1888496768553223 0.62021250283947804 0.63569298852088008 0.9955817895097494 0.78161570893090737 1.1930229308226235 0.54675783421672752 0.92321319205887487 1.0797202704170403 0.95618217553301332 0.81277402073011296 0.86813560034985293 1.0211697416019114 0.57688162565522971 0.67187089489681495 1.3692131989804641 0.74120723332044847 1.0742698099223511 0.95513104637540747 1.1970440762424674 1.0645141187428284 0.7517642054242627 0.6451319681708525 0.6183412295545323 0.42217585962907028 0.8468326178126595 1.0848102238578516 0.67636303773017836 0.46386030577554815 0.43053400735822345
leaf_weight=950 68 73 52 368 82 230 81 150 70 112 137 109 78 207 62 209 85 64 192 113 82 82 80 51 151 108 99 377 167 94 64 60 55 103 121 200 108 138 119 59 52 56 117 115 126 184 213 59 134 163 74 101 80 139 92 93 65 153 82 216 62 86
leaf_count=950 68 73 52 368 82 230 81 150 70 112 137 109 78 207 62 209 85 64 192 113 82 82 80 51 151 108 99 377 167 94 64 60 55 103 121 200 108 138 119 59 52 56 117 115 126 184 213 59 134 163 74 101 80 139 92 93 65 153 82 216 62 86
internal_value=0.821446 0.735778 0.796766 0.671377 0.961228 0.993468 1.12975 0.754908 0.842375 0.586483 0.936323 0.981959 0.741718 0.972175 0.551259 0.706054 1.19196 1.03411 0.87661 0.901759 1.10175 0.842689 0.917263 0.783239 0.612006 0.987724 0.617747 0.685589 1.07163 0.871927 0.480101 1.27782 1.21797 0.507058 0.761611 0.936628 0.70404 1.14348 0.536979 0.811058 0.985323 0.822565 0.859703 0.92292 0.972901 0.644963 0.627342 1.28615 0.797337 1.02682 0.986147 1.10568 1.14012 0.711348 0.570094 0.54527 0.508233 0.879167 1.02454 0.702439 0.541955 0.49634
internal_weight=8272 5129 2635 2494 3143 2472 729 1258 671 1236 1743 987 2006 629 947 808 521 669 756 462 186 450 443 1154 513 221 311 852 532 318 434 259 174 370 497 430 229 202 308 268 104 241 173 209 208 475 397 114 326 330 236 262 181 209 362 270 177 204 156 289 161 205
internal_count=8272 5129 2635 2494 3143 2472 729 1258 671 1236 1743 987 2006 629 947 808 521 669 756 462 186 450 443 1154 513 221 311 852 532 318 434 259 174 370 497 430 229 202 308 268 104 241 173 209 208 475 397 114 326 330 236 262 181 209 362 270 177 204 156 289 161 205
is_linear=0
shrinkage=1


Tree=1
num_leaves=63
num_cat=0
split_feature=171 8 111 111 111 8 109 8 8 8 138 111 8 8 8 8 111 229 111 111 111 8 111 8 111 260 8 171 111 138 111 8 111 269 8 62 22 111 111 8 209 67 274 36 111 32 234 111 111 196 49 100 8 8 8 51 153 45 5 111 33 78
split_gain=103639 21080 26638.3 18493.9 12680.1 16431.6 8893.85 7609.74 7369.76 5650.76 5265.75 5011.98 4886.96 4753.81 4688.72 4548.34 4140.46 3770.35 3275.79 2991.22 2704.14 2485.23 2426.1 2168.21 2155.78 2099.81 2011.51 1851.78 1841.31 1742.33 1713.11 1698.61 1573.95 1437.83 1429.35 1391.69 1369.2 1285.68 1275.35 1022.68 1008.69 929.676 983.038 860.882 843.078 825.536 973.062 814.648 770.837 765.344 869.029 754.631 943.304 709.314 687.412 652.672 644.349 642.254 640.906 637.872 622.223 614.456
threshold=0.28801843523979193 62.500000000000007 0.23928353190422061 0.25817131996154791 0.28451779484748846 75.500000000000014 19.500000000000004 66.500000000000014 59.500000000000007 77.500000000000014 86.500000000000014 0.23220045864582065 49.500000000000007 51.500000000000007 42.500000000000007 72.500000000000014 0.29120069742202764 16.500000000000004 0.33227176964282995 0.30195011198520666 0.25940062105655676 95.500000000000014 0.21896404027938846 89.500000000000014 0.24336075037717822 9.5000000000000018 90.500000000000014 0.18301435559988025 0.30798149108886724 117.50000000000001 0.26103179156780248 45.500000000000007 0.26483158767223364 86.500000000000014 88.500000000000014 0.18655367195606234 29.500000000000004 0.3215534389019013 0.31271257996559149 45.500000000000007 49.500000000000007 0.046801986172795303 0.53366148471832286 0.73818981647491466 0.20856226980686191 8.5000000000000018 0.62569367885589611 0.20064935088157657 0.36332502961158758 0.12973351776599887 74.500000000000014 4.5000000000000009 58.500000000000007 98.500000000000014 39.500000000000007 19.500000000000004 0.40025840699672705 219.50000000000003 74.500000000000014 0.20670914649963382 0.23241339623928073 97.500000000000014
decision_type=2 2 2 2 2 2 2 2 2 2 2 2 2 2 2 2 2 2 2 2 2 2 2 2 2 2 2 2 2 2 2 2 2 2 2 2 2 2 2 2 2 2 2 2 2 2 2 2 2 2 2 2 2 2 2 2 2 2 2 2 2 2
left_child=1 2 12 10 7 6 51 11 25 19 41 39 22 40 17 24 23 -4 26 -5 -16 36 54 -11 55 -8 38 45 -10 -30 -15 -27 56 35 -18 -17 -20 53 -7 44 -13 -3 -43 -33 -2 -14 47 -47 -38 50 -22 -6 -53 -36 -1 59 -9 58 -37 -12 -41 -23
right_child=4 3 14 9 5 18 8 32 28 16 15 13 27 30 20 33 34 -19 21 -21 49 61 -24 -25 -26 31 -28 -29 29 -31 -32 43 -34 -35 37 57 48 -39 -40 60 -42 42 -44 -45 -46 46 -48 -49 -50 -51 -52 52 -54 -55 -56 -57 -58 -59 -60 -61 -62 -63
leaf_value=-0.023994810241367872 -0.016313603603722231 -0.045930796459965083 0.15958633273480888 -0.016033319720650106 0.051571878189077748 0.018100333304908036 0.29570467612282797 -0.22086976402228878 0.17028395333661223 -0.14563583450457629 -0.34452900852574853 0.19408191880719228 -0.12268200920856727 0.023799632539215323 0.024917086711631412 -0.44620634974468321 0.016008801058373028 0.47131880714779806 0.073638258341111637 0.18330762811453943 0.1289363533730308 0.084740684389629783 0.088963407692385879 -0.31921611743696621 -0.10261725125338533 0.59238098541895545 -0.092389557641379683 -0.081816575714046991 0.17749520376157224 0.34359844730037153 0.15540301989806307 0.30099403454197776 -0.01367617780404104 -0.47548399758338927 -0.10584735688194631 -0.28596611894162977 0.17443967865962609 -0.021134595143240554 0.14146406862553274 -0.13932967534509755 0.33671569947327407 -0.25397178723778524 -0.12140771874582582 0.46790232523282366 0.1343701161965728 -0.28518849584411404 -0.085178242280798136 -0.16802505211697683 0.28212825988639484 0.082970916669110995 0.26094886790622362 0.2105716833718326 0.072563604078715357 -0.24163802343256333 -0.073452757834624016 -0.19172876405254216 -0.085977806809922327 -0.352479098594707 -0.15945015781804134 -0.22983880458733974 -0.0042006351030789884 -0.035960140127056048
leaf_weight=448 75 91 82 368 103 210 87 61 211 254 85 87 195 181 225 62 169 62 75 82 89 135 122 88 138 80 97 377 88 182 175 53 181 64 119 132 152 128 117 58 106 70 190 89 59 121 52 107 109 73 98 108 78 50 584 141 70 91 56 116 64 52
leaf_count=448 75 91 82 368 103 210 87 61 211 254 85 87 195 181 225 62 169 62 75 82 89 135 122 88 138 80 97 377 88 182 175 53 181 64 119 132 152 128 117 58 106 70 190 89 59 121 52 107 109 73 98 108 78 50 584 141 70 91 56 116 64 52
internal_value=4.74784e-06 -0.0831156 -0.02393 -0.145613 0.13563 0.18036 0.260365 0.0544112 0.312447 -0.0645586 -0.22799 0.103125 -0.0773431 0.154164 0.146267 -0.267018 -0.111962 0.296129 0.0890258 0.0206169 0.101254 0.139196 -0.0370572 -0.1911 -0.203763 0.426999 0.0269594 -0.131801 0.238124 0.290316 0.0887464 0.476896 -0.0712058 -0.3413 -0.0535976 -0.314799 0.187893 -0.0931261 0.0625364 -0.00650241 0.273751 -0.129109 -0.157934 0.408146 0.0505361 -0.171218 -0.204463 -0.231178 0.220318 0.166966 0.199139 0.117408 0.153395 -0.147207 -0.0520267 -0.244158 -0.149987 -0.284108 -0.249324 -0.279805 -0.0690528 0.0511641
internal_weight=8272 5129 2635 2494 3143 2026 1079 1117 790 1258 1236 805 2006 549 629 885 808 144 947 450 485 523 1154 342 480 309 424 852 481 270 356 222 312 405 466 341 336 297 327 256 193 351 260 142 134 475 280 228 261 260 187 289 186 169 1032 342 131 279 188 201 122 187
internal_count=8272 5129 2635 2494 3143 2026 1079 1117 790 1258 1236 805 2006 549 629 885 808 144 947 450 485 523 1154 342 480 309 424 852 481 270 356 222 312 405 466 341 336 297 327 256 193 351 260 142 134 475 280 228 261 260 187 289 186 169 1032 342 131 279 188 201 122 187
is_linear=0
shrinkage=0.03


Tree=2
num_leaves=63
num_cat=0
split_feature=111 8 8 111 111 8 138 8 8 8 111 8 31 8 31 111 111 111 111 111 27 138 89 111 111 8 193 31 220 56 111 98 111 111 234 116 8 31 111 8 234 160 110 27 140 8 106 232 8 198 8 111 98 38 189 136 272 8 111 110 8 21
split_gain=86300.9 45745.3 31426.2 17747.9 12835.1 8643.09 9085.61 8173.56 6466.94 5565.64 5034.01 4792.1 4661.34 3933.66 5145.07 3898.53 3841.36 3576.84 2517.6 2295.48 2264.65 2178.85 2105.2 1612.36 1573.89 1513.56 1443.96 1295.61 1265.22 1242.74 1236.58 1333.13 1429.77 1197.23 1190.22 1159.77 1089.5 1037.25 1090 1018.66 980.626 965.136 902.09 899.016 871.596 864.977 860.519 845.329 843.078 689.527 685.66 639.665 702.068 608.164 573.381 568.245 596.78 552.802 545.481 524.985 604.278 515.529
threshold=0.26103179156780248 70.500000000000014 61.500000000000007 0.30449178814888006 0.23220045864582065 57.500000000000007 66.500000000000014 89.500000000000014 83.500000000000014 47.500000000000007 0.2927700281143189 47.500000000000007 135.50000000000003 77.500000000000014 100.50000000000001 0.34597411751747137 0.3012873530387879 0.24336075037717822 0.20806276798248294 0.28271847963333135 46.500000000000007 102.50000000000001 91.500000000000014 0.28821194171905523 0.22127521038055423 42.500000000000007 0.31339286267757421 247.50000000000003 5.5000000000000009 36.500000000000007 0.31605799496173864 24.500000000000004 0.36749699711799627 0.31271257996559149 0.53303033113479625 0.13359580188989642 100.50000000000001 81.500000000000014 0.18715659528970721 98.500000000000014 0.92885896563529979 3.5000000000000004 9.5000000000000018 58.500000000000007 47.500000000000007 56.500000000000007 13.500000000000002 0.29758481681346899 40.500000000000007 70.500000000000014 84.500000000000014 0.27599073946475988 67.500000000000014 0.088265493512153639 24.500000000000004 0.060737812891602523 0.29555335640907293 75.500000000000014 0.32270763814449316 11.500000000000002 89.500000000000014 20.500000000000004
decision_type=2 2 2 2 2 2 2 2 2 2 2 2 2 2 2 2 2 2 2 2 2 2 2 2 2 2 2 2 2 2 2 2 2 2 2 2 2 2 2 2 2 2 2 2 2 2 2 2 2 2 2 2 2 2 2 2 2 2 2 2 2 2
left_child=2 5 4 8 11 6 28 30 19 41 51 18 -12 17 53 39 25 21 -1 -3 -18 55 35 42 29 -8 49 47 -2 43 50 -32 40 -14 37 -22 54 -13 -39 -9 -33 -6 -10 -23 -35 -11 -27 -28 61 -16 -5 -7 -53 -15 -17 -4 -57 -21 -41 -25 -61 -20
right_child=1 3 13 7 9 10 16 15 23 45 12 34 33 14 26 36 20 -19 48 57 22 24 -24 59 -26 46 27 -29 -30 -31 31 32 -34 44 -36 -37 -38 38 -40 58 -42 -43 -44 -45 -46 -47 -48 -49 -50 -51 -52 52 -54 -55 -56 56 -58 -59 -60 60 -62 -63
leaf_value=-0.047883860811534271 0.091354062828150659 -0.078519586016424003 -0.08277624180227254 0.12876893653278856 0.12599590898399621 0.051782244892174645 0.39681325721304589 -0.020112626271588462 -0.12711640732506146 0.065113153771740762 0.12001469149623276 -0.07268615678218858 0.23243414427225406 -0.038417048603296276 -0.49636154738953336 0.088055144360190934 0.29880075305700299 -0.089006368135543246 0.061469001269766253 0.084709973262577523 0.51116215661593845 -0.2407755277822575 0.66730875061617956 -0.030589464745100804 -0.18809652455181244 0.15636771010888087 -0.3021774557601003 -0.40827879159897562 0.24257766051191679 -0.18969224696159362 0.059461429690321282 0.11093293716408767 0.30419960480183361 0.3085224613276395 -0.085443997014461079 0.3096091440263784 0.028545722791270628 -0.24014125525754021 -0.13140282389340979 -0.20804546312374225 0.21414004420943375 0.26801188871974035 -0.27846829845543419 -0.39229730087648262 0.4775743872979108 -0.018108365317515286 0.28309668597185389 -0.15570081323709176 0.004042536956258118 -0.3351737603658842 -0.0003787647094577551 0.066681709039595805 0.18670176811259367 -0.16921766466732266 0.21240090513601897 -0.22795655832784931 -0.10233980513876303 0.00424018090211072 -0.08154788296137537 -0.079703210586146128 -0.20242260391836042 0.19488351530753648
leaf_weight=916 175 319 112 112 70 268 81 174 51 240 211 111 103 55 63 75 75 341 55 122 69 61 53 50 246 76 84 59 70 74 71 146 95 87 480 52 147 150 197 50 204 125 139 114 50 210 158 68 95 58 55 92 86 78 63 81 63 205 83 72 76 51
leaf_count=916 175 319 112 112 70 268 81 174 51 240 211 111 103 55 63 75 75 341 55 122 69 61 53 50 246 76 84 59 70 74 71 146 95 87 480 52 147 150 197 50 204 125 139 114 50 210 158 68 95 58 55 92 86 78 63 81 63 205 83 72 76 51
internal_value=6.09541e-06 0.0997709 -0.0940886 0.0127084 -0.0321648 0.21753 0.288675 0.0875787 -0.0796077 0.0844994 0.153114 -0.0688053 0.223722 -0.201381 -0.27465 0.00595374 0.354912 -0.169959 -0.0267846 -0.0213809 0.443737 -0.206549 0.504145 -0.176248 -0.243405 0.283517 -0.33774 -0.287383 0.135371 -0.297077 0.158216 0.181219 0.200469 0.314022 -0.118763 0.427792 0.0857015 -0.15342 -0.178963 -0.068117 0.171527 0.217935 -0.23872 -0.341149 0.373234 0.0263224 0.242777 -0.238094 0.0691302 -0.422479 0.0864862 0.0813733 0.125388 -0.115818 0.145941 -0.134614 -0.174084 0.0344293 -0.130301 -0.115402 -0.143657 0.12688
internal_weight=8272 4015 4257 2309 2700 1706 809 1275 1034 645 897 2055 451 1557 465 592 564 1092 1117 646 249 751 174 388 495 315 332 211 245 249 683 516 445 240 938 121 285 458 347 307 350 195 190 175 137 450 234 152 201 121 167 446 178 133 138 256 144 327 133 198 148 106
internal_count=8272 4015 4257 2309 2700 1706 809 1275 1034 645 897 2055 451 1557 465 592 564 1092 1117 646 249 751 174 388 495 315 332 211 245 249 683 516 445 240 938 121 285 458 347 307 350 195 190 175 137 450 234 152 201 121 167 446 178 133 138 256 144 327 133 198 148 106
is_linear=0
shrinkage=0.03


Tree=3
num_leaves=63
num_cat=0
split_feature=171 8 111 111 231 8 111 8 8 111 31 111 138 8 111 8 111 8 109 111 8 31 111 111 111 8 111 171 98 8 8 111 147 269 8 62 111 111 111 8 146 258 111 111 8 8 20 111 114 147 111 8 141 8 8 49 111 8 8 111 98 67
split_gain=92606 18799.2 23617.2 16322.5 11412.5 6452.92 6035.47 5068.01 4914.54 6772.06 4691.3 4668.58 4579.85 4278.88 4103.25 3823.3 3622.26 3203.58 2936.13 2912.27 2813.49 2667.24 2628.01 2321.86 2249.07 2132.1 2013.91 1984.6 1863.02 3082.43 1812.29 1614.7 1600.06 1482.79 1354.87 1306.33 1287.9 1284.22 1128.28 1118.15 1030.42 1006.01 993.659 935.69 888.191 817.984 876.842 792.865 785.739 782.988 899.907 782.043 684.127 674.894 637.068 611.959 896.815 596.073 582.075 578.414 808.938 563.816
threshold=0.28801843523979193 62.500000000000007 0.24404424428939822 0.2587221115827561 0.33589744567871099 59.500000000000007 0.25940062105655676 77.500000000000014 58.500000000000007 0.23697775602340701 91.500000000000014 0.28619047999382025 59.500000000000007 49.500000000000007 0.26483158767223364 72.500000000000014 0.28821194171905523 49.500000000000007 16.500000000000004 0.22009174525737765 82.500000000000014 90.500000000000014 0.30195011198520666 0.31402802467346197 0.27983051538467413 75.500000000000014 0.24336075037717822 0.18834459781646731 21.500000000000004 45.500000000000007 83.500000000000014 0.31271257996559149 19.500000000000004 86.500000000000014 92.500000000000014 0.18225524574518207 0.26103179156780248 0.30385951697826391 0.32104428112506872 88.500000000000014 23.500000000000004 41.500000000000007 0.34815546870231634 0.32270763814449316 72.500000000000014 98.500000000000014 180.50000000000003 0.20064935088157657 1.0053114295005801 21.500000000000004 0.19413723051548007 68.500000000000014 4.5000000000000009 42.500000000000007 39.500000000000007 88.500000000000014 0.20710681378841403 71.500000000000014 91.500000000000014 0.28451779484748846 26.500000000000004 0.046801986172795303
decision_type=2 2 2 2 2 2 2 2 2 2 2 2 2 2 2 2 2 2 2 2 2 2 2 2 2 2 2 2 2 2 2 2 2 2 2 2 2 2 2 2 2 2 2 2 2 2 2 2 2 2 2 2 2 2 2 2 2 2 2 2 2 2
left_child=1 2 13 10 8 6 53 22 9 47 61 44 -8 19 57 26 30 18 -4 54 21 -13 -5 -14 -20 59 55 49 -11 -30 -9 51 -25 35 43 -17 -19 -27 -36 -39 -33 -37 -22 -18 -7 46 -44 -2 -42 -15 -51 -23 -38 -6 -1 56 -12 -10 -32 -16 -61 -3
right_child=4 3 17 7 5 11 12 16 14 28 15 20 23 27 25 33 34 36 24 -21 42 31 -24 32 -26 37 -28 -29 29 -31 58 40 -34 -35 38 41 52 39 -40 -41 48 -43 45 -45 -46 -47 -48 -49 -50 50 -52 -53 -54 -55 -56 -57 -58 -59 -60 60 -62 -63
leaf_value=-0.021801839717229207 -0.081116180071583041 -0.027837914435759833 0.062598738640546797 -0.014211613123106493 0.18192572933362156 0.042591676966552312 0.13674185889382515 -0.1099193287730217 -0.065315809407507738 0.087456365846670575 -0.34497860797056101 0.065840304663306787 0.29987752235772319 -0.10315494729405535 0.06017176071100909 -0.41034960092468697 -0.039189573594502043 0.023871360857721784 0.21927162451392157 0.09797490560409168 0.043086568602919581 0.25464583904615468 0.17301750579512262 0.32408670981725057 0.46381113246867528 -0.051175194751132615 -0.094176282312821699 -0.067455002042173431 0.40055383817354834 0.18340637763696055 -0.20649531541147495 0.22381425186884488 0.54305195089429614 -0.44468563941392031 -0.17288739211669488 -0.17902734326281849 0.079307629379002667 0.11914936529214565 -0.039457503376262526 0.0014962704713086048 0.27292736181506405 -0.29624130065941301 0.10295801463674327 0.09515075522288681 -0.1040678048922735 0.067593462312663041 0.2605272924900055 0.046150323471181018 0.42344328202984549 -0.24393823392906763 -0.14288229687569232 0.11274289513675911 0.18898725947412121 0.05292699218423743 -0.069343669182943019 -0.18780319054647912 -0.20452908109654397 -0.18692298443878397 -0.33046006579839049 0.038800911811681896 0.17612015110041412 -0.12813412221781725
leaf_weight=449 76 68 59 360 60 136 92 149 133 77 78 94 170 167 114 65 209 141 93 137 149 55 82 53 56 164 147 392 89 181 97 138 95 65 118 104 94 129 111 165 80 216 60 59 50 80 72 102 65 136 207 102 118 94 586 201 101 50 62 51 167 202
leaf_count=449 76 68 59 360 60 136 92 149 133 77 78 94 170 167 114 65 209 141 93 137 149 55 82 53 56 164 147 392 89 181 97 138 95 65 118 104 94 129 111 165 80 216 60 59 50 80 72 102 65 136 207 102 118 94 586 201 101 50 62 51 167 202
internal_value=1.03904e-05 -0.0785612 -0.0226691 -0.13758 0.128214 0.182753 0.265054 -0.0607588 0.0682408 0.142127 -0.214292 0.139609 0.325133 -0.069385 0.0282691 -0.244892 -0.10553 0.149854 0.243085 -0.0315388 0.168001 0.211761 0.0208354 0.379037 0.313658 0.057926 -0.189374 -0.118471 0.219113 0.256199 -0.186225 0.242715 0.46734 -0.309345 -0.0552482 -0.285402 0.0943883 0.0158908 -0.108665 0.0533485 0.285791 -0.258823 0.102865 -0.00937087 0.0028214 0.144479 0.190218 -0.00833778 0.342838 -0.157474 -0.183544 0.163751 0.140956 0.104036 -0.0487602 -0.225857 -0.267307 -0.0993771 -0.256597 0.115692 0.144319 -0.10307
internal_weight=8272 5129 2635 2494 3143 1645 564 1247 1498 525 1247 1081 410 2074 973 977 805 561 208 1172 895 534 442 318 149 790 527 902 347 270 308 440 148 450 497 385 353 458 229 294 283 320 361 268 186 212 132 178 145 510 343 157 212 154 1035 380 179 183 159 332 218 270
internal_count=8272 5129 2635 2494 3143 1645 564 1247 1498 525 1247 1081 410 2074 973 977 805 561 208 1172 895 534 442 318 149 790 527 902 347 270 308 440 148 450 497 385 353 458 229 294 283 320 361 268 186 212 132 178 145 510 343 157 212 154 1035 380 179 183 159 332 218 270
is_linear=0
shrinkage=0.03


Tree=4
num_leaves=63
num_cat=0
split_feature=171 8 231 111 111 8 111 111 8 111 8 111 20 8 138 111 8 238 8 111 109 111 109 8 111 8 111 111 111 100 109 8 194 8 111 100 111 89 8 111 111 111 138 114 111 78 8 8 8 20 111 8 111 20 8 171 20 158 154 8 8 111
split_gain=87390.6 16793.7 16456.9 14605.2 10914.2 7450.6 8146.88 6630.78 6068.75 6526.66 5110.59 4916.98 4664.68 4601.7 4292.94 4143.34 3619.45 2673.53 2646.22 2558.67 2393.34 2366.4 2305.21 3861.17 1961.69 1956.14 1944.69 1787.99 1588.2 1513.51 1511.64 1504.96 1497.28 1475.37 1438.39 1169.21 1141.05 1130.67 1110.37 984.931 982.571 974.718 933.059 1031.81 922.839 857.186 845.176 792.56 781.101 726.829 970.653 711.005 692.333 689.539 665.626 660.413 886.294 645.902 855.099 630.016 611.116 582.483
threshold=0.26201373338699346 57.500000000000007 0.33589744567871099 0.23220045864582065 0.24789856374263766 57.500000000000007 0.23697775602340701 0.26103179156780248 59.500000000000007 0.25940062105655676 76.500000000000014 0.28619047999382025 108.50000000000001 73.500000000000014 59.500000000000007 0.28821194171905523 77.500000000000014 27.500000000000004 82.500000000000014 0.29120069742202764 21.500000000000004 0.31402802467346197 17.500000000000004 45.500000000000007 0.2274575084447861 45.500000000000007 0.30385951697826391 0.22594670206308368 0.31271257996559149 9.5000000000000018 62.500000000000007 90.500000000000014 0.6067393720149995 83.500000000000014 0.3031544983386994 10.500000000000002 0.26791550219058996 82.500000000000014 87.500000000000014 0.20806276798248294 0.2703810334205628 0.34815546870231634 124.50000000000001 1.0143571496009829 0.32270763814449316 57.500000000000007 72.500000000000014 100.50000000000001 68.500000000000014 282.50000000000006 0.16035714000463488 42.500000000000007 0.20530383288860324 180.50000000000003 92.500000000000014 0.18301435559988025 74.500000000000014 5.5000000000000009 0.51091542840003978 43.500000000000007 67.500000000000014 0.26336190104484564
decision_type=2 2 2 2 2 2 2 2 2 2 2 2 2 2 2 2 2 2 2 2 2 2 2 2 2 2 2 2 2 2 2 2 2 2 2 2 2 2 2 2 2 2 2 2 2 2 2 2 2 2 2 2 2 2 2 2 2 2 2 2 2 2
left_child=1 3 5 25 12 6 52 24 9 51 19 46 57 27 -11 33 34 36 20 61 -13 -16 -8 37 -7 39 54 49 48 -23 32 -28 -15 -12 -9 -36 -5 -24 -17 -1 -25 -20 -30 -44 -40 -34 -10 53 -22 50 -14 -4 -2 -43 -18 56 -27 -3 -59 -54 -26 -6
right_child=2 4 8 17 10 7 22 16 11 14 15 18 13 30 21 38 26 -19 41 -21 28 29 23 40 60 55 31 -29 42 -31 -32 -33 45 -35 35 -37 -38 -39 44 -41 -42 47 43 -45 -46 -47 -48 -49 -50 -51 -52 -53 59 -55 -56 -57 -58 58 -60 -61 -62 -63
leaf_value=-0.044809663959841615 -0.053657151961326602 -0.010851854466729694 0.17338605905612631 0.050797082343420313 -0.073138760892006577 -0.23688889128754714 0.073161348897091874 0.065250912969718688 0.037137806221699009 0.13291607982233949 -0.14119003245018183 0.070346420267049001 -0.30876382289010851 -0.40268039852719417 0.28712480667266949 0.010973946639871971 -0.047942206627622094 0.28057910335786412 0.041427315006590193 0.13202328014738704 0.24723412330129318 0.32770088068900566 0.28930317421754198 0.1107388045049684 -0.025310946352055504 -0.045690913209143806 0.10455241812206804 -0.13600304240375666 0.19231266959853793 0.53379172364434035 -0.45433156921886475 -0.019085885142748379 -0.13961556447527354 -0.2678036706990729 0.083608257748462533 0.24121658156526848 0.18323073184490205 0.48198607017777179 -0.14008135046219317 0.060988550411348937 0.23834210872650147 0.10255050160231129 0.2574594669398807 0.40778873870070548 -0.019406953102417208 -0.29435390541680595 -0.097017416550409866 0.058120173242402401 0.10659187461136378 -0.29889846792671737 -0.16888264344038009 0.04530034385689901 0.11825895082142393 0.23857155984494743 -0.17028720951803467 -0.064067495155068571 -0.14752256231695676 -0.22621488716453311 -0.096961701481349874 -0.0080750730033808706 -0.1250269468930599 -0.0010979581148046807
leaf_weight=726 124 53 61 171 211 83 93 392 148 94 167 101 62 76 177 126 193 98 156 97 55 61 71 128 134 101 159 282 91 90 77 198 57 173 80 93 89 54 163 88 98 61 125 70 88 84 58 72 106 122 181 108 58 81 50 268 338 59 216 89 94 193
leaf_count=726 124 53 61 171 211 83 93 392 148 94 167 101 62 76 177 126 193 98 156 97 55 61 71 128 134 101 159 282 91 90 77 198 57 173 80 93 89 54 163 88 98 61 125 70 88 84 58 72 106 122 181 108 58 81 50 268 338 59 216 89 94 193
internal_value=1.57303e-05 -0.0922044 0.103094 -0.0244937 -0.143331 0.0485779 0.12799 0.0100487 0.172671 0.250533 -0.0790851 0.131546 -0.204885 -0.238858 0.313541 -0.130396 0.0429117 0.147647 0.16124 -0.00553813 0.203117 0.364744 0.20696 0.242103 -0.112799 -0.0650811 -0.00841121 -0.193584 0.232893 0.45324 -0.337498 0.0361181 -0.294148 -0.20621 0.0973326 0.169233 0.0966585 0.375707 -0.0616584 -0.0333112 0.166877 0.0988352 0.27556 0.313229 -0.0980181 -0.233224 -0.000920263 0.140297 0.155867 -0.237577 -0.205692 0.0922804 -0.00167876 0.181266 -0.0737108 -0.10156 -0.124251 -0.10699 -0.125412 0.0422333 -0.0667884 -0.0388109
internal_weight=8272 4366 3906 1879 2487 2191 715 1476 1715 591 1218 1124 1269 941 422 717 1165 358 918 501 548 328 444 351 311 1521 600 647 447 151 294 357 217 340 565 173 260 125 377 814 226 370 286 195 251 141 206 214 161 365 243 169 271 142 243 707 439 328 275 147 228 404
internal_count=8272 4366 3906 1879 2487 2191 715 1476 1715 591 1218 1124 1269 941 422 717 1165 358 918 501 548 328 444 351 311 1521 600 647 447 151 294 357 217 340 565 173 260 125 377 814 226 370 286 195 251 141 206 214 161 365 243 169 271 142 243 707 439 328 275 147 228 404
is_linear=0
shrinkage=0.03


Tree=5
num_leaves=63
num_cat=0
split_feature=171 231 231 150 171 113 1 149 169 226 112 28 100 258 129 149 231 116 171 143 13 218 253 2 258 6 6 113 112 7 4 31 4 6 76 198 217 280 113 30 67 156 65 1 232 5 149 174 113 110 220 5 237 252 36 6 118 187 87 212 10 158
split_gain=82270.8 15494.6 8754.66 4621.23 4099.86 3270.51 3077.5 2236.22 2211.39 2009.14 1998.17 1925.57 3006.52 1719.94 1478.25 1471.66 1459.4 1281.19 1185.38 1183.89 1172.11 1168.25 1144.8 1064.24 955.584 1015.67 936.382 935.426 912.6 1196.77 786.475 779.145 752.504 904.465 771.132 706.458 693.226 912.195 684.691 714.808 682.315 656.178 654.766 648.142 621.724 614.735 604.006 679.275 598.768 589.796 972.29 572.055 570.392 618.301 566.514 563.163 540.565 606.238 534.091 528.122 525.614 553.431
threshold=0.26201373338699346 0.33589744567871099 0.22086720913648608 4.5000000000000009 0.17316342145204547 0.51075392961502086 24.500000000000004 122.50000000000001 14.500000000000002 11.500000000000002 0.37409771978855139 66.500000000000014 9.5000000000000018 39.500000000000007 48.500000000000007 288.50000000000006 0.24037037044763568 0.21073190867900851 0.34698997437953955 2.5000000000000004 70.500000000000014 19.500000000000004 0.051315790042281158 76.500000000000014 50.500000000000007 73.500000000000014 46.500000000000007 0.39300976693630224 0.34471109509468084 55.500000000000007 51.500000000000007 247.50000000000003 68.500000000000014 68.500000000000014 1.5000000000000002 49.500000000000007 0.27326840162277227 1.0000000180025095e-35 0.28505899012088781 21.500000000000004 0.047394430264830596 0.091696802526712431 0.74990493059158336 25.500000000000004 0.29340028762817388 72.500000000000014 68.500000000000014 0.31180556118488317 0.598850578069687 20.500000000000004 6.5000000000000009 45.500000000000007 0.29777145385742193 0.26339712738990789 0.68557560443878185 72.500000000000014 60.500000000000007 4.5000000000000009 18.500000000000004 0.32824160158634191 11.500000000000002 22.500000000000004
decision_type=2 2 2 2 2 2 2 2 2 2 2 2 2 2 2 2 2 2 2 2 2 2 2 2 2 2 2 2 2 2 2 2 2 2 2 2 2 2 2 2 2 2 2 2 2 2 2 2 2 2 2 2 2 2 2 2 2 2 2 2 2 2
left_child=2 6 3 23 8 13 19 9 38 28 16 12 32 -3 20 17 22 26 -15 21 30 -2 -8 40 -6 51 -12 52 43 -30 -14 55 33 34 -7 -31 37 -16 46 -40 -1 -20 -24 -4 -27 -28 -5 -48 -39 50 -29 -26 53 -9 -53 -10 57 -18 -21 -17 -56 -62
right_child=1 5 7 4 24 11 10 27 31 -11 15 -13 14 18 36 59 56 -19 41 58 -22 -23 42 -25 25 44 45 49 29 35 -32 -33 -34 -35 -36 -37 -38 48 39 -41 -42 -43 -44 -45 -46 -47 47 -49 -50 -51 -52 54 -54 -55 60 -57 -58 -59 -60 -61 61 -63
leaf_value=-0.005283721827661559 0.11301997813085715 0.064105812293816011 0.03238544929499293 -0.095014272723674881 -0.05901734211097568 0.11879223517009191 0.050240612930307779 -0.043177612050702523 -0.15898724847340157 0.19747385751357516 0.22169253348342832 0.09691698205080769 0.45633045693806235 0.083027542960643769 0.32489919899598413 -0.085554767422011638 0.025264524557027452 0.015116709561693111 0.21841183644164044 0.04826445745696363 0.22667771155834199 0.29635789285776976 -0.14951389883670463 -0.14075582107737367 -0.0042942696602808108 -0.26148399857338517 0.11496491581082534 -0.033507669738064863 0.13338639332272578 0.075063091552463074 0.29972605259846086 -0.24649148091121956 0.036532866954803463 0.054977806028551783 0.26025987446308135 -0.05920570668888589 0.14505674408860952 0.14578390181064604 -0.065058574612823217 -0.14692130279713717 -0.066009094319787645 0.13744072584159805 -0.044078299212233933 -0.06399788884820426 -0.11780887243742087 0.024078251534494857 -0.25842638067742613 -0.14101680844394784 0.27961124560007677 -0.081950116016281147 0.10360024343979986 -0.18045349684730169 -0.040694711921793039 -0.16240977322527517 -0.026273512575556251 -0.25790772674524265 0.0027316204559519087 0.11344484573968176 0.13377740505910596 0.028070315237968199 -0.047778873516907613 -0.16415736874431064
leaf_weight=278 71 285 91 70 441 62 71 55 272 51 61 125 69 149 91 60 210 165 217 151 74 58 90 113 53 63 312 253 87 57 68 323 52 51 87 89 82 84 185 205 415 168 130 198 52 86 93 94 51 143 56 79 98 143 84 68 411 105 118 92 61 96
leaf_count=278 71 285 91 70 441 62 71 55 272 51 61 125 69 149 91 60 210 165 217 151 74 58 90 113 53 63 312 253 87 57 68 323 52 51 87 89 82 84 185 205 415 168 130 198 52 86 93 94 51 143 56 79 98 143 84 68 411 105 118 92 61 96
internal_value=2.0767e-05 0.100034 -0.0894573 -0.117431 -0.139605 0.167547 0.0471359 -0.0249354 -0.173809 0.019644 0.0303476 0.207224 0.22496 0.123939 0.266321 0.0665699 0.00267063 0.086933 0.155692 0.122502 0.32842 0.197097 -0.0539818 -0.0557374 -0.0912382 -0.120176 0.11266 -0.0590658 0.00192549 0.0459964 0.381335 -0.212443 0.139059 0.165401 0.202579 -0.00663166 0.222854 0.250318 -0.133953 -0.108355 -0.0416916 0.183527 -0.0876924 -0.0336418 -0.198094 0.0954357 -0.172227 -0.200472 0.198025 -0.0318025 -0.00840559 -0.0956871 -0.10045 -0.129673 -0.110763 -0.17947 0.0254215 0.054924 0.0861323 -0.0170477 -0.0872678 -0.119529
internal_weight=8272 3906 4366 3045 2239 1715 2191 1321 1310 573 1793 896 771 819 519 776 1017 624 534 398 211 129 291 806 929 488 459 748 522 233 137 663 252 200 149 146 308 226 647 390 693 385 220 289 115 398 257 187 135 452 309 373 296 198 320 340 726 315 269 152 241 157
internal_count=8272 3906 4366 3045 2239 1715 2191 1321 1310 573 1793 896 771 819 519 776 1017 624 534 398 211 129 291 806 929 488 459 748 522 233 137 663 252 200 149 146 308 226 647 390 693 385 220 289 115 398 257 187 135 452 309 373 296 198 320 340 726 315 269 152 241 157
is_linear=0
shrinkage=0.03


Tree=6
num_leaves=63
num_cat=0
split_feature=171 8 111 111 111 8 109 8 8 8 138 111 8 8 8 8 111 229 111 111 111 267 8 111 8 111 8 105 171 111 20 267 8 111 111 22 111 8 193 111 111 111 111 67 273 8 198 89 5 32 234 111 111 49 78 8 78 35 111 171 8 111
split_gain=77695 16600.7 20412.7 14142.8 9670.29 12985.7 7294.52 5991.09 5854.22 4346.43 4183.05 3967.03 3838.17 3799.54 3630.73 3622.66 3231.09 3231.03 2595.38 2392.32 2065.25 1991.68 1949.39 1883.61 1791.52 1682.24 1641.44 1522.5 1428.22 1413.81 1414.63 1305.3 1275.06 1235.5 1177.24 1174.2 1129.22 1102.05 1027.51 993.556 961.435 911.61 901.772 768.696 781.911 727.584 722.808 694.486 691.81 665.259 855.737 700.403 642.136 620.959 604.702 585.293 580.963 566.49 539.541 518.547 516.654 503.103
threshold=0.28801843523979193 62.500000000000007 0.23928353190422061 0.25817131996154791 0.28451779484748846 75.500000000000014 19.500000000000004 66.500000000000014 59.500000000000007 77.500000000000014 86.500000000000014 0.23697775602340701 49.500000000000007 42.500000000000007 51.500000000000007 72.500000000000014 0.29370039701461798 16.500000000000004 0.33227176964282995 0.30195011198520666 0.25940062105655676 18.500000000000004 95.500000000000014 0.20806276798248294 89.500000000000014 0.2286924943327904 90.500000000000014 22.500000000000004 0.18301435559988025 0.30798149108886724 160.50000000000003 22.500000000000004 87.500000000000014 0.26483158767223364 0.26103179156780248 29.500000000000004 0.32363522052764898 45.500000000000007 0.30860807001590734 0.31271257996559149 0.31402802467346197 0.2274575084447861 0.20856226980686191 0.046801986172795303 0.3343313485383988 98.500000000000014 52.500000000000007 72.500000000000014 45.500000000000007 8.5000000000000018 0.62569367885589611 0.20064935088157657 0.36749699711799627 88.500000000000014 53.500000000000007 38.500000000000007 97.500000000000014 0.40113085508346563 0.32947862148284918 0.23431372642517093 39.500000000000007 0.26840560138225561
decision_type=2 2 2 2 2 2 2 2 2 2 2 2 2 2 2 2 2 2 2 2 2 2 2 2 2 2 2 2 2 2 2 2 2 2 2 2 2 2 2 2 2 2 2 2 2 2 2 2 2 2 2 2 2 2 2 2 2 2 2 2 2 2
left_child=1 2 12 10 7 6 48 11 21 19 43 37 23 17 46 25 24 -4 26 61 -15 27 35 60 59 53 39 40 49 -10 -31 38 -18 57 -16 -20 45 42 41 -7 -8 -17 -2 -3 -45 -34 -13 -22 -6 -14 51 -51 -37 -12 -40 -25 -24 -9 -32 -11 -1 -5
right_child=4 3 13 9 5 18 8 33 29 16 15 14 28 20 34 31 32 -19 22 -21 47 -23 56 55 -26 -27 -28 -29 -30 30 58 -33 36 -35 -36 52 -38 -39 54 -41 -42 -43 -44 44 -46 -47 -48 -49 -50 50 -52 -53 -54 -55 -56 -57 -58 -59 -60 -61 -62 -63
leaf_value=-0.023567638846350387 -0.015852648564859441 -0.03578776506446403 0.13823690211916542 -0.059407421020790933 0.16535611149795512 0.013034900295155307 0.19285213733984999 -0.20991449515024821 0.14913019253362744 -0.15861027756393511 -0.29275439580636364 0.17051091407736141 -0.10554197846776425 0.022335579096199532 0.0254193446372614 -0.433432970257079 0.037280445205313817 0.4265636261020388 0.057512267843673102 0.16367325894803886 0.10968392001170861 0.52760819955305627 0.074708622911164313 0.13904257088899613 -0.27694043035275839 -0.12421735208758036 -0.087702127360567761 0.44622177926799916 -0.070548799701981121 0.15608350034682983 0.24031218710469038 -0.43253168806677961 -0.085080976018183666 -0.013946070253521532 0.13612796787722881 0.1548095371301581 -0.0062869498688121177 -0.061750632479138999 -0.15576393049539011 0.12190105816065254 0.34401274116415725 -0.26126251333477823 0.13313097890912437 -0.1959249480450847 -0.0901986069340667 -0.21770273873045182 0.299137885627624 0.21400846174785068 0.06567995895286502 -0.25385689601088401 -0.067384198309045351 -0.14556958638235099 0.25462606914115676 -0.18835092284464749 -0.2684711407033073 0.022337921604320597 -0.042577800379609163 -0.08163023555297641 0.3540408467516607 -0.072723299719731918 -0.068125556156786407 0.012740623331588248
leaf_weight=425 75 91 82 139 93 210 72 53 211 160 104 71 195 225 171 60 125 62 75 82 170 65 135 51 94 255 97 78 377 92 81 60 141 181 175 163 128 137 67 117 94 65 70 115 145 51 106 90 196 121 52 107 98 121 153 153 52 78 97 109 525 229
leaf_count=425 75 91 82 139 93 210 72 53 211 160 104 71 195 225 171 60 125 62 75 82 170 65 135 51 94 255 97 78 377 92 81 60 141 181 175 163 128 137 67 117 94 65 70 115 145 51 106 90 196 121 52 107 98 121 153 153 52 78 97 109 525 229
internal_value=2.54758e-05 -0.071943 -0.0194215 -0.127404 0.117455 0.156517 0.227637 0.0465284 0.274799 -0.0565232 -0.199442 0.0897532 -0.0661787 0.129565 0.138579 -0.234223 -0.0980975 0.264463 0.0753284 0.0181778 0.0890505 0.376881 0.119984 -0.0304793 -0.16441 -0.177791 0.0200938 0.334739 -0.11444 0.208575 0.254308 -0.300502 -0.0437572 -0.0649277 0.0816445 0.163109 -0.0754301 -0.000968513 -0.276356 0.0522399 0.279997 -0.346688 0.0564897 -0.111332 -0.137534 -0.121254 0.24879 0.146478 0.0982153 -0.149054 -0.178873 -0.203895 0.193117 -0.23769 -0.235007 0.05205 0.0420412 -0.134729 0.30392 -0.124207 -0.0482375 -0.0145981
internal_weight=8272 5129 2635 2494 3143 2026 1079 1117 790 1258 1236 805 2006 629 523 885 808 144 947 450 485 309 523 1154 363 480 424 244 852 481 270 405 445 312 346 336 320 282 345 327 166 125 145 351 260 192 177 260 289 475 280 228 261 225 220 204 187 131 178 269 950 368
internal_count=8272 5129 2635 2494 3143 2026 1079 1117 790 1258 1236 805 2006 629 523 885 808 144 947 450 485 309 523 1154 363 480 424 244 852 481 270 405 445 312 346 336 320 282 345 327 166 125 145 351 260 192 177 260 289 475 280 228 261 225 220 204 187 131 178 269 950 368
is_linear=0
shrinkage=0.03


Tree=7
num_leaves=63
num_cat=0
split_feature=171 8 8 171 114 114 171 100 20 114 171 8 114 8 220 112 112 8 131 169 114 8 114 30 218 171 8 100 114 221 103 8 112 108 4 271 114 46 114 217 180 8 1 196 80 103 173 215 132 127 149 114 226 191 8 5 58 151 114 103 49 37
split_gain=73143.3 15632.1 8798.17 8463.42 7391.19 6634.64 4659.5 4643.97 3951.56 3514.02 3491.41 2844.67 2492.71 2382.29 2347.84 2041.97 2035.18 1724.12 1719.77 1716.9 1612.87 1609.35 1486.7 1484.5 1396.42 1322.83 1281.87 1615.98 1653.02 1231.81 1228.02 1223.7 1207.91 1168.09 1103.32 1093.33 1070.7 1067.03 1064.22 1316.83 964.014 837.239 766.257 766.199 755.152 702.921 698.176 682.453 808.92 678.167 653.112 657.642 637.798 698.418 629.62 621.933 602.146 597.593 591.925 617.918 591.913 591.897
threshold=0.28801843523979193 62.500000000000007 60.500000000000007 0.20761494338512423 0.71047571301460277 0.76371109485626232 0.36515152454376226 6.5000000000000009 108.50000000000001 0.71419966220855724 0.17316342145204547 44.500000000000007 0.99537172913551342 82.500000000000014 6.5000000000000009 0.37686733901500707 0.28147007524967199 87.500000000000014 0.26394444704055792 12.500000000000002 0.7239971160888673 87.500000000000014 0.70837360620498668 10.500000000000002 10.500000000000002 0.34698997437953955 89.500000000000014 9.5000000000000018 1.0143571496009829 1.5000000000000002 1.5000000000000002 79.500000000000014 0.40501098334789282 9.5000000000000018 64.500000000000014 0.29280610382556921 0.87364766001701366 82.500000000000014 0.71795073151588451 0.10403138399124147 9.5000000000000018 49.500000000000007 24.500000000000004 0.11834733933210374 16.500000000000004 1.0000000180025095e-35 0.23669467866420749 0.11305538564920427 0.3752934336662293 31.500000000000004 74.500000000000014 0.58088037371635448 4.5000000000000009 0.22967033088207248 51.500000000000007 53.500000000000007 11.500000000000002 0.24245923757553103 0.53577828407287609 1.0000000180025095e-35 106.50000000000001 0.15598165243864062
decision_type=2 2 2 2 2 2 2 2 2 2 2 2 2 2 2 2 2 2 2 2 2 2 2 2 2 2 2 2 2 2 2 2 2 2 2 2 2 2 2 2 2 2 2 2 2 2 2 2 2 2 2 2 2 2 2 2 2 2 2 2 2 2
left_child=1 3 5 11 8 19 15 55 -3 41 24 22 18 16 30 31 37 32 25 -2 -8 -17 52 -21 -6 -9 27 -22 57 35 43 -4 45 -18 46 -14 -19 -10 39 -13 -28 58 -25 61 -30 -12 -15 -20 -49 -26 -41 54 -1 -54 -52 56 -7 -29 -5 -60 -38 -11
right_child=2 4 6 9 10 7 20 12 13 14 17 38 29 34 -16 21 33 36 47 23 26 -23 -24 42 49 -27 40 28 44 -31 -32 -33 -34 -35 -36 -37 60 -39 -40 50 -42 -43 -44 -45 -46 -47 -48 48 -50 -51 51 -53 53 -55 -56 -57 -58 -59 59 -61 -62 -63
leaf_value=-0.049860563335427335 0.011738736922370976 -0.091049818261433046 0.011030255215038068 -0.039831211670086936 -0.069354411239202121 0.072123541393700766 -0.027303528732387349 0.090544588397047959 -0.20216964382509406 0.25691038450082909 0.049746005062834685 -0.0014069420980180011 0.19133952547522151 -0.46000003085054197 0.23972903306233256 0.10320307896417943 -0.12321980295909357 -0.17456012911551322 0.39497369638356294 0.27380205376280675 0.061611560462112705 -0.00073123971837154331 0.098538102964344232 0.20067852761815574 -0.17058902779018772 0.23767267838904732 0.028901373232832019 0.065812910339608788 0.18354558800657589 0.46965793827889668 0.028092577286758579 -0.1030857559658685 0.044990692978959211 -0.25283751176849728 -0.21074212303893131 0.39533635194485006 -0.020399714271615525 -0.35445584418696602 -0.039279962130089066 -0.083108596972365306 0.17409651011228561 -0.0423672842213677 0.067957486243892001 0.049891744142486934 0.32090793810107493 -0.059057114599213513 -0.29102842736331852 0.32696919637492722 0.16553489122125836 -0.29010819353555378 -0.12980064837301664 -0.11376119853417449 0.09577534958949456 -0.045641878735823704 -0.23950718720652439 0.037290211140391341 0.21940828128805701 0.1632466048435034 0.12018834048083851 0.015491197365980881 -0.12690754771550616 0.11201734733634761
leaf_weight=413 173 273 327 77 112 50 59 97 90 51 58 84 50 57 94 383 278 143 54 53 132 206 91 50 222 132 150 74 71 70 230 113 150 82 54 51 111 87 234 206 56 269 178 62 87 590 50 69 53 56 93 234 64 60 106 82 52 271 83 129 81 55
leaf_count=413 173 273 327 77 112 50 59 97 90 51 58 84 50 57 94 383 278 143 54 53 132 206 91 50 222 132 150 74 71 70 230 113 150 82 54 51 111 87 234 206 56 269 178 62 87 590 50 69 53 56 93 234 64 60 106 82 52 271 83 129 81 55
internal_value=2.74842e-05 -0.0698011 0.113965 -0.018835 -0.12362 0.177222 0.0740843 0.231403 -0.188286 0.0471958 -0.0822943 -0.0625799 0.273303 -0.226133 0.105556 0.0304318 -0.195081 -0.0555573 0.231611 0.0862128 0.123905 0.0669129 -0.0129341 0.131859 -0.159628 0.176017 0.134532 0.155642 0.180147 0.370125 0.0733456 -0.0184441 -0.0315071 -0.153362 -0.32786 0.297214 -0.112583 -0.278593 -0.0951109 -0.113101 0.0690223 -0.00435836 0.0978122 0.134766 0.260724 -0.0492569 -0.384467 0.302544 0.258754 -0.195618 -0.127759 -0.148761 -0.0319722 0.0275299 -0.189143 0.0994704 0.148611 0.142598 0.0310443 0.0568529 -0.0657574 0.18348
internal_weight=8272 5129 3143 2635 2494 1214 1929 760 971 1050 1523 1585 576 698 492 1029 537 1133 405 454 900 589 628 281 390 229 841 635 503 171 398 440 798 360 161 101 335 177 957 723 206 558 228 168 158 648 107 176 122 278 639 433 537 124 199 184 102 345 289 212 192 106
internal_count=8272 5129 3143 2635 2494 1214 1929 760 971 1050 1523 1585 576 698 492 1029 537 1133 405 454 900 589 628 281 390 229 841 635 503 171 398 440 798 360 161 101 335 177 957 723 206 558 228 168 158 648 107 176 122 278 639 433 537 124 199 184 102 345 289 212 192 106
is_linear=0
shrinkage=0.03


Tree=8
num_leaves=63
num_cat=0
split_feature=171 8 111 111 8 8 111 111 31 8 8 111 31 8 111 8 111 8 8 111 8 111 8 111 111 8 109 98 232 8 80 193 8 269 8 129 8 269 111 36 111 111 31 111 111 145 5 109 8 111 191 111 89 111 129 231 108 8 8 158 274 109
split_gain=69013.7 14046 13713.3 12377.4 11982.6 9725.4 9294.9 6862.22 6609.53 6153.94 4311.9 4066.44 3979.65 3606.04 3565.58 2352.56 2195.36 1951.02 1949.39 2737.18 1906.2 1656.41 1629.02 1605.34 1593.6 1532.36 1486.54 1297.49 1284.33 1278.23 1225.76 1215.81 1212.1 1022.04 1000.9 982.074 921.533 869.047 842.825 837.264 805.611 788.49 754.505 843.609 715.147 917.154 711.134 733.5 674.382 672.504 671.503 662.72 646.35 640.077 588.115 577.416 1009.4 575.138 547.42 545.791 708.768 539.804
threshold=0.26201373338699346 57.500000000000007 0.30269193649291998 0.23220045864582065 82.500000000000014 66.500000000000014 0.24789856374263766 0.25568476319313055 82.500000000000014 57.500000000000007 76.500000000000014 0.26483158767223364 94.500000000000014 73.500000000000014 0.28821194171905523 37.500000000000007 0.29120069742202764 82.500000000000014 51.500000000000007 0.20856226980686191 57.500000000000007 0.34463602304458624 45.500000000000007 0.25940062105655676 0.22594670206308368 90.500000000000014 62.500000000000007 25.500000000000004 0.44151847064495092 83.500000000000014 13.500000000000002 0.28165064752101904 100.50000000000001 37.500000000000007 37.500000000000007 36.500000000000007 87.500000000000014 35.500000000000007 0.23108709603548053 0.80163881182670604 0.20806276798248294 0.32270763814449316 253.50000000000003 0.16035714000463488 0.27701576054096227 60.500000000000007 53.500000000000007 11.500000000000002 43.500000000000007 0.23697775602340701 0.2639319002628327 0.23553323745727542 87.500000000000014 0.28867521882057195 59.500000000000007 0.15707236528396609 1.5000000000000002 71.500000000000014 75.500000000000014 5.5000000000000009 0.53689050674438488 33.500000000000007
decision_type=2 2 2 2 2 2 2 2 2 2 2 2 2 2 2 2 2 2 2 2 2 2 2 2 2 2 2 2 2 2 2 2 2 2 2 2 2 2 2 2 2 2 2 2 2 2 2 2 2 2 2 2 2 2 2 2 2 2 2 2 2 2
left_child=1 3 5 22 8 7 12 18 46 30 16 38 59 24 29 -5 -8 53 19 -2 27 25 40 -17 42 -6 31 -9 61 -12 -10 -15 54 -30 -21 -25 -16 -33 -7 -32 -1 -38 43 -14 -22 -46 47 -4 -29 -20 -35 -36 -19 -13 -23 56 -24 -52 -55 -3 -61 -11
right_child=2 6 4 15 21 11 10 20 9 28 14 17 13 26 36 23 -18 52 49 34 44 32 55 35 -26 -27 -28 48 33 -31 39 37 -34 50 51 -37 41 -39 -40 -41 -42 -43 -44 -45 45 -47 -48 -49 -50 -51 57 -53 -54 58 -56 -57 -58 -59 -60 60 -62 -63
leaf_value=-0.038774757117463435 -0.036173065276476589 -0.005016119368600711 0.041361139854964091 0.32349118905247382 0.070657072824808209 -0.23768268142401686 -0.032670336415542775 0.10218553969772851 0.2800439232871646 0.090873688960947635 -0.12639182399873658 0.0026313342606771165 -0.27967581150206655 -0.36655891526916196 0.013369522437335937 0.04928954700655911 0.12557012762342182 -0.046136051838032217 -0.079526409493840253 0.24913211383498632 0.066165621423854515 0.099824356317520138 -0.036370604316279004 0.10556905300800616 -0.12197327268917703 -0.056938388262348004 -0.41815815072793222 0.32917552717030046 0.17816301162354647 -0.24414771921113776 0.37525660037994385 -0.10704093955887052 0.027677104842095148 0.22126566584904989 0.046575149569696592 0.27723923897743225 -0.12477802314606734 -0.26169215731539769 -0.10953269852197492 0.53589420009743083 0.056902219529650848 -0.013297207166304748 -0.28077261229231953 -0.15202548902872348 0.068737862027924632 0.23199113664492754 0.039733197052370418 0.18333973599202705 0.21228013605319807 0.0085628424016758794 0.4014668013315934 0.15960050229829822 -0.17610639604429404 0.12502220920669405 0.20170656939870432 -0.062336688170456615 -0.14792856727430426 0.25876539181854763 0.01994829994128194 -0.18832222017631131 -0.07889182086816704 0.18806212915461273
leaf_weight=726 136 53 50 52 172 68 404 81 62 81 167 273 65 69 126 183 97 98 137 51 178 119 102 64 284 165 77 63 127 173 83 51 125 89 102 59 163 102 152 65 88 88 119 185 57 70 131 98 202 179 64 87 53 94 94 342 263 58 85 75 189 157
leaf_count=726 136 53 50 52 172 68 404 81 62 81 167 273 65 69 126 183 97 98 137 51 178 119 102 64 284 165 77 63 127 173 83 51 125 89 102 59 163 102 152 65 88 88 119 185 57 70 131 98 202 179 64 87 53 94 94 342 263 58 85 75 189 157
internal_value=3.23405e-05 -0.08192 0.0916335 -0.0199974 0.154328 0.0412214 -0.128677 0.0909591 0.216965 0.261474 -0.0693932 -0.0399541 -0.18548 -0.216145 -0.116525 0.13847 -0.00184385 0.000391448 0.0251196 0.0711969 0.160799 0.0553258 -0.0573625 0.106077 -0.176132 0.00820089 -0.302653 0.209047 0.210133 -0.186849 0.400632 -0.260895 0.102149 0.248027 0.131938 0.189487 -0.0527754 -0.211172 -0.150039 0.44893 -0.0283742 -0.085901 -0.217373 -0.186197 0.105561 0.159829 0.0910887 0.135974 0.241203 -0.0297581 0.28904 0.0991689 -0.0926133 0.0315975 0.145519 -0.0906508 -0.116938 0.33628 0.0755148 -0.0929962 -0.110573 0.155504
internal_weight=8272 4366 3906 1879 1740 2166 2487 1343 1065 786 1218 823 1269 952 717 358 501 603 692 376 651 675 1521 306 653 337 299 346 576 340 210 222 338 338 240 123 377 153 220 148 814 251 369 250 305 127 279 148 265 316 211 189 151 452 213 707 365 122 179 317 264 238
internal_count=8272 4366 3906 1879 1740 2166 2487 1343 1065 786 1218 823 1269 952 717 358 501 603 692 376 651 675 1521 306 653 337 299 346 576 340 210 222 338 338 240 123 377 153 220 148 814 251 369 250 305 127 279 148 265 316 211 189 151 452 213 707 365 122 179 317 264 238
is_linear=0
shrinkage=0.03


Tree=9
num_leaves=63
num_cat=0
split_feature=231 8 111 111 111 8 100 8 111 111 8 8 138 8 111 100 8 111 8 8 8 129 111 111 8 8 268 136 111 21 111 8 111 193 145 111 8 8 111 31 138 77 49 109 273 8 234 111 23 111 8 8 8 8 135 189 64 117 191 218 8 8
split_gain=64308.3 12164.2 13320.9 12659.9 11622.4 15009.2 6274.83 4915.09 4666.94 4305.96 4117.9 3842.16 3748.49 4198.23 3179.7 3055.27 2993.9 2817.31 2552.32 1838.91 1816.68 2382.6 1679.14 1632.26 1548.92 1490.01 1418.72 1298.11 1258.97 1233.9 1159.96 1608.68 1141.8 1059.15 1043.5 1026.94 1006.59 941.392 823.932 1030.67 807.729 744.695 734.063 724.282 835.628 680.76 665.641 653.755 640.182 636.686 596.048 590.81 587.024 582.798 539.873 532.797 520.674 513.958 513.579 491.68 487.391 469.513
threshold=0.27055180072784429 57.500000000000007 0.24698620289564135 0.2379000782966614 0.26103179156780248 60.500000000000007 6.5000000000000009 77.500000000000014 0.28867521882057195 0.31271257996559149 87.500000000000014 59.500000000000007 86.500000000000014 72.500000000000014 0.28015151619911199 9.5000000000000018 41.500000000000007 0.21896404027938846 76.500000000000014 45.500000000000007 46.500000000000007 30.500000000000004 0.21676707267761233 0.28451779484748846 40.500000000000007 83.500000000000014 4.5000000000000009 0.16141439229249957 0.36332502961158758 40.500000000000007 0.3215534389019013 89.500000000000014 0.20806276798248294 0.30116279423236852 51.500000000000007 0.28619047999382025 75.500000000000014 68.500000000000014 0.19684550911188128 75.500000000000014 63.500000000000007 0.98853856325149547 89.500000000000014 18.500000000000004 0.3144462406635285 100.50000000000001 0.62407866120338451 0.31719042360782629 7.5000000000000009 0.26791550219058996 67.500000000000014 98.500000000000014 98.500000000000014 90.500000000000014 0.20295303314924243 19.500000000000004 0.40358924865722662 0.18502956628799441 0.29061582684516912 29.500000000000004 49.500000000000007 67.500000000000014
decision_type=2 2 2 2 2 2 2 2 2 2 2 2 2 2 2 2 2 2 2 2 2 2 2 2 2 2 2 2 2 2 2 2 2 2 2 2 2 2 2 2 2 2 2 2 2 2 2 2 2 2 2 2 2 2 2 2 2 2 2 2 2 2
left_child=1 3 12 24 11 6 40 14 25 18 15 17 43 22 37 -11 26 -2 35 -19 21 -5 42 -18 32 -9 -8 29 51 33 31 -10 -1 -15 58 -7 48 -4 39 -26 -6 -35 -14 -3 -45 -30 60 -16 -17 -22 -13 -12 -33 -32 -27 -36 -52 -38 -25 -20 -41 -24
right_child=4 2 7 20 5 9 16 8 30 10 28 50 13 27 47 36 23 19 59 -21 49 -23 61 34 38 54 -28 -29 45 -31 53 52 -34 41 55 -37 57 -39 -40 46 -42 -43 -44 44 -46 -47 -48 -49 -50 -51 56 -53 -54 -55 -56 -57 -58 -59 -60 -61 -62 -63
leaf_value=-0.025911445849669906 -0.041420590481274333 -0.065153555473263722 0.0064958979172208406 0.10106564758575126 0.071487356158594292 0.035947433621700491 0.32282357264967526 -0.11269267182526262 -0.0045777296705405831 0.06369905046680395 0.036662320229498772 -0.050986190834185381 -0.27367620456498115 -0.38885295283871807 0.069946966141462327 0.17383963040585787 0.17302902946930104 0.1929187756929642 -0.01746004717323351 0.047059423409740758 0.050518987812968187 0.33954120048662512 -0.10055738535208197 0.19067697369493544 -0.032873734950553624 -0.26782619660603002 0.54495453082598166 -0.17278635830471389 0.16687004115692405 -0.47290988359313746 0.10768908193225368 -0.099187218933873389 0.10033961979911436 -0.16364393214850376 0.42482031814868632 0.12092757865028307 0.21863652848015144 -0.079220572427183583 -0.039788946009015135 -0.10660777270290496 0.19510310297662561 -0.32097541809082031 -0.1700827520218019 -0.23241722316661875 -0.097222069793117594 0.046744442828770341 -0.047852783496566714 0.18639435154004175 0.30473907007412476 0.17029770206596892 -0.21453906711401804 -0.06529025601359402 -0.22561316135411077 -0.011771964153105562 -0.15329396608028689 0.28967096223550687 -0.089448125889083657 0.12947436455549216 0.29915998518103504 -0.11776000547491443 -0.18197674170162501 -0.17662423506412389
leaf_weight=500 218 208 232 72 179 298 67 164 150 169 135 135 143 76 159 52 163 116 289 235 128 81 233 95 175 142 51 56 85 51 50 100 73 62 64 225 120 228 436 184 65 54 122 66 114 86 92 60 131 58 52 81 51 131 57 67 75 126 81 51 142 111
leaf_count=500 218 208 232 72 179 298 67 164 150 169 135 135 143 76 159 52 163 116 289 235 128 81 233 95 175 142 51 56 85 51 50 100 73 62 64 225 120 228 436 184 65 54 122 66 114 86 92 60 131 58 52 81 51 131 57 67 75 126 81 51 142 111
internal_value=3.84003e-05 -0.0717873 -0.11156 -0.0139757 0.0974284 0.127812 0.233563 -0.0513795 -0.0996303 0.0801011 0.122937 -0.000596561 -0.182233 -0.215607 0.00872589 0.172231 0.28661 0.0431691 0.0311238 0.0956748 0.152308 0.228702 -0.169905 0.251643 -0.0492361 -0.180727 0.422602 -0.307817 0.0465203 -0.338099 -0.038308 -0.074308 -0.00968032 -0.300025 0.292685 0.0726678 0.214738 -0.0360693 -0.071232 -0.0942444 0.10508 -0.239002 -0.226803 -0.103778 -0.147804 0.107079 -0.119798 0.102553 0.268691 0.0885803 -0.0954477 -0.00169459 -0.143091 0.0216387 -0.235951 0.358416 -0.141942 0.173677 0.242012 -0.0328063 -0.139893 -0.125543
internal_weight=8272 4761 2820 1941 3511 2680 832 1524 845 1848 985 831 1296 908 679 598 588 569 863 351 339 153 609 470 1602 363 118 299 387 243 482 301 573 192 307 523 429 460 1029 593 244 116 265 388 180 171 418 219 183 186 262 216 151 181 199 131 127 246 176 340 326 344
internal_count=8272 4761 2820 1941 3511 2680 832 1524 845 1848 985 831 1296 908 679 598 588 569 863 351 339 153 609 470 1602 363 118 299 387 243 482 301 573 192 307 523 429 460 1029 593 244 116 265 388 180 171 418 219 183 186 262 216 151 181 199 131 127 246 176 340 326 344
is_linear=0
shrinkage=0.03


Tree=10
num_leaves=63
num_cat=0
split_feature=171 231 231 150 171 114 114 171 109 138 110 149 169 226 87 113 279 51 1 256 2 139 259 114 114 2 171 258 6 62 67 1 127 6 237 258 1 227 36 95 267 31 231 67 254 194 113 231 11 97 5 33 74 60 230 225 149 218 225 114 209 272
split_gain=61541.9 11923 6805.69 3735.48 3287.77 2693.19 2627.57 2073.78 2202.46 1895.52 1838.49 1773.12 1740.05 1615.02 1563.52 1310.92 1067.47 1191.32 1013.38 966.779 862.413 850.253 1034.47 850.239 848.63 819.281 809.894 762.01 839.16 745.422 742.519 734.398 706.945 872.316 792.945 692.16 686.534 684.184 665.594 642.505 607.502 621.786 675.023 596.57 587.474 578.869 568.819 614.019 551.445 537.889 537.626 529.103 512.983 503.067 486.864 485.688 482.521 481.529 473.774 469.556 824.122 459.816
threshold=0.26201373338699346 0.33589744567871099 0.22086720913648608 4.5000000000000009 0.17316342145204547 0.63774815201759349 0.71047571301460277 0.34698997437953955 19.500000000000004 163.50000000000003 15.500000000000002 122.50000000000001 14.500000000000002 11.500000000000002 27.500000000000004 0.56197428703308117 191.50000000000003 16.500000000000004 24.500000000000004 0.13840996474027636 69.500000000000014 22.500000000000004 4.5000000000000009 0.79036471247673046 0.73423931002616893 50.500000000000007 0.3442887961864472 50.500000000000007 66.500000000000014 0.31139807403087622 0.087167583405971541 26.500000000000004 30.500000000000004 72.500000000000014 0.17712418735027316 106.50000000000001 27.500000000000004 3.5000000000000004 0.87099027633667003 0.19462481886148456 8.5000000000000018 318.50000000000006 0.43614129722118383 0.047394430264830596 0.94234067201614391 0.42330181598663336 0.28505899012088781 0.1679487228393555 77.500000000000014 0.23791554570198062 45.500000000000007 0.27034398913383489 50.500000000000007 93.500000000000014 6.5000000000000009 5.5000000000000009 68.500000000000014 22.500000000000004 9.5000000000000018 0.84869536757469188 62.500000000000007 0.28613200783729559
decision_type=2 2 2 2 2 2 2 2 2 2 2 2 2 2 2 2 2 2 2 2 2 2 2 2 2 2 2 2 2 2 2 2 2 2 2 2 2 2 2 2 2 2 2 2 2 2 2 2 2 2 2 2 2 2 2 2 2 2 2 2 2 2
left_child=2 6 3 20 12 -3 18 21 50 14 15 13 46 23 16 37 17 -8 -2 25 43 22 -7 31 -13 -17 -18 -6 45 51 -25 49 33 48 -35 44 59 39 -26 -10 -12 -42 -43 -1 58 -29 56 -48 -14 -4 -9 -27 -28 55 -38 -47 -5 -23 -20 -11 -61 -58
right_child=1 5 11 4 27 7 9 8 10 36 40 24 32 -15 -16 19 26 -19 35 -21 -22 57 -24 30 38 29 52 28 -30 -31 -32 -33 -34 34 -36 -37 54 -39 -40 -41 41 42 -44 -45 -46 53 47 -49 -50 -51 -52 -53 -54 -55 -56 -57 61 -59 -60 60 -62 -63
leaf_value=0.0047351455109065953 0.067770108209290303 -0.04929213369565625 -0.032239911384223136 -0.083119544849376864 -0.049882618673733108 0.052673312394401511 0.042505724477140523 0.15155728984679748 0.18332290852432093 0.028744064955136331 0.086654180259620003 -0.088044412570109337 -0.12465275901376449 0.17866829822556329 0.2071110171799985 0.40590336185581277 0.034773796294335156 0.22163134543334734 -0.021960125475725158 0.18273499770071899 -0.10467684891230983 0.011852766876037304 0.20414870278037925 0.14883717139451097 -0.0075272697414752411 0.28233858140983753 0.055418998929006709 -0.15064284842862533 -0.15208131798734917 0.35538560379828726 0.013642253163749368 -0.057181501891807339 -0.26790674405765125 -0.14572497589207853 -0.28189932821525465 -0.1394110575668952 0.019704762405041393 0.24539755223411144 -0.11105627242137084 0.081380952684318317 0.25214371595917079 0.097716341925840958 0.21749359884628883 -0.054545022201795211 -0.096672244034707547 -0.078894112854386148 -0.10961934241330405 -0.0037822304539761303 -0.2017752355026213 0.082960844958507557 0.048106956710075512 0.14754166003000938 0.18090037020431324 -0.11621571032735316 -0.058820686037170472 0.026688479172260304 -0.21234377543335078 0.11261399193434045 0.069438629125555359 0.15880981795365609 0.035197971652572352 -0.11089492256628043
leaf_weight=261 105 61 67 70 441 73 56 66 180 233 147 317 277 51 97 52 371 84 268 102 178 129 93 55 366 55 55 64 198 55 106 216 87 66 107 50 387 100 65 84 57 132 64 367 76 68 332 58 126 78 144 58 65 68 86 90 121 63 62 89 107 66
leaf_count=261 105 61 67 70 441 73 56 66 180 233 147 317 277 51 97 52 371 84 268 102 178 129 93 55 366 55 55 64 198 55 106 216 87 66 107 50 387 100 65 84 57 132 64 367 76 68 332 58 126 78 144 58 65 68 86 90 121 63 62 89 107 66
internal_value=3.9281e-05 0.0865398 -0.0773497 -0.102014 -0.121949 0.145762 0.0401381 0.152982 0.170662 0.0594025 0.187874 -0.0204628 -0.152576 0.0192309 0.095387 0.217811 0.0779118 0.150791 -0.0158412 0.26239 -0.046554 0.0886795 0.13825 0.00334189 -0.0508549 0.298328 0.0568674 -0.078643 -0.104478 0.262826 0.0604605 -0.0222287 -0.186842 -0.174155 -0.231084 -0.0351999 0.0302862 0.177764 -0.0233616 0.151316 0.136116 0.1644 0.137733 -0.0299395 -0.022055 -0.071566 -0.117228 -0.0939294 -0.149205 0.0298739 0.0811841 0.215052 0.124321 -0.0486076 0.00533343 -0.0189625 -0.152083 0.0453272 -0.00463033 0.0577218 0.0918491 -0.177319
internal_weight=8272 3906 4366 3045 2239 1715 2191 1654 1296 1630 1086 1321 1310 573 728 686 631 140 561 322 806 358 166 522 748 220 491 929 488 168 161 361 663 576 173 456 902 364 431 264 400 253 196 628 406 290 647 390 403 145 210 113 120 226 473 158 257 192 330 429 196 187
internal_count=8272 3906 4366 3045 2239 1715 2191 1654 1296 1630 1086 1321 1310 573 728 686 631 140 561 322 806 358 166 522 748 220 491 929 488 168 161 361 663 576 173 456 902 364 431 264 400 253 196 628 406 290 647 390 403 145 210 113 120 226 473 158 257 192 330 429 196 187
is_linear=0
shrinkage=0.03


Tree=11
num_leaves=63
num_cat=0
split_feature=171 8 111 111 111 8 109 8 8 8 111 8 138 8 8 8 229 111 111 111 111 267 111 8 111 111 8 36 111 138 8 30 231 111 31 111 31 209 150 111 8 230 140 111 98 111 38 129 271 8 78 180 111 231 111 49 111 153 8 229 111 111
split_gain=58085.1 13093.6 16092.1 11335.2 7526.58 10286 5939.69 4797.26 4645.51 3925.45 3175.34 3127.93 3123.34 3352.7 3109.35 3044.68 2835.06 2407.04 2103.02 2038.91 1976.71 1698.75 1633.12 1555.49 1481.07 1393.13 1325.2 1270.24 1180.45 1219.17 1169.24 1167.37 1130.92 1115.91 1006.07 976.799 926.389 856.046 839.436 790.791 726.228 687.044 665.219 617.728 607.24 655.73 595.396 588.403 570.337 562.728 552.275 547.679 546.695 538.035 534.733 621.976 521.53 503.379 492.636 467.598 458.468 457.277
threshold=0.28801843523979193 62.500000000000007 0.23928353190422061 0.26425938308238989 0.28451779484748846 75.500000000000014 19.500000000000004 66.500000000000014 58.500000000000007 79.500000000000014 0.23220045864582065 51.500000000000007 93.500000000000014 73.500000000000014 42.500000000000007 49.500000000000007 16.500000000000004 0.29370039701461798 0.33227176964282995 0.24336075037717822 0.30195011198520666 18.500000000000004 0.25940062105655676 95.500000000000014 0.22009174525737765 0.33227176964282995 90.500000000000014 0.70468977093696605 0.30798149108886724 117.50000000000001 91.500000000000014 9.5000000000000018 0.1679487228393555 0.26103179156780248 331.50000000000006 0.26483158767223364 93.500000000000014 49.500000000000007 11.500000000000002 0.31271257996559149 45.500000000000007 2.5000000000000004 19.500000000000004 0.27876733243465429 42.500000000000007 0.19253938645124438 0.044292120262980468 27.500000000000004 0.17274536192417148 99.500000000000014 97.500000000000014 4.5000000000000009 0.17883795499801639 0.34891304373741155 0.20670914649963382 88.500000000000014 0.20856226980686191 0.40025840699672705 39.500000000000007 12.500000000000002 0.36749699711799627 0.32663163542747503
decision_type=2 2 2 2 2 2 2 2 2 2 2 2 2 2 2 2 2 2 2 2 2 2 2 2 2 2 2 2 2 2 2 2 2 2 2 2 2 2 2 2 2 2 2 2 2 2 2 2 2 2 2 2 2 2 2 2 2 2 2 2 2 2
left_child=1 2 15 12 7 6 47 10 21 20 40 37 46 19 16 24 -4 30 26 54 -5 25 -16 36 58 59 39 38 -10 -30 -11 -27 44 -13 -19 57 -20 -12 -15 -7 56 -29 -24 -44 -17 -46 -3 -6 -48 -36 -25 -42 -34 -31 55 -14 -2 -9 -1 -8 -38 -55
right_child=4 3 14 9 5 18 8 35 28 17 11 33 13 27 22 32 -18 34 23 -21 -22 -23 42 50 -26 31 -28 41 29 53 -32 -33 52 -35 49 -37 60 -39 -40 -41 51 -43 43 -45 45 -47 48 -49 -50 -51 -52 -53 -54 61 -56 -57 -58 -59 -60 -61 -62 -63
leaf_value=-0.013110536319638291 -0.014034349610538859 -0.025682966701981679 0.12069338494036569 -0.0030914362256327125 0.062038351549696516 0.0080123327807545379 0.15866166888639843 -0.18534517771917425 0.13133652384367048 -0.11782400247806069 0.1428433082659136 0.012899463327581082 -0.30637651002925376 -0.26969767934083938 0.020763565164751713 -0.094254683778464993 0.3905516424633208 0.0037717529406470275 0.037062050877582457 -0.07250008901943869 0.1553341568855757 0.47739873487036671 0.068452069804523938 0.06625137786216595 0.074560018591349947 0.27061415062500882 -0.082764008696219526 -0.14835682722356389 0.13476262450218202 0.17902070150655858 -0.26162350461006695 0.4859905310238109 -0.14580238532359627 0.11906973579729145 -0.051315877558204617 -0.015372291946691553 0.13400466597124058 0.27288357009118958 -0.42334954746307868 0.10511443827553826 -0.12303315640194341 -0.25579048486868977 0.10626267483830452 0.2256619534202452 -0.24070462004124343 -0.13107198669442968 -0.18946003704062223 0.173274966635794 -0.093956325245997965 -0.15476250695266031 -0.048045813975469115 0.0036200530137866734 -0.051700390501988998 0.224339323786172 -0.16422910793791565 -0.1662229481981746 0.10446841579675675 -0.06643314616833354 -0.054894508792332888 0.27954824827713509 0.21610871382479399 0.34661253129327019
leaf_weight=449 75 81 82 348 237 210 57 61 215 202 87 181 68 89 225 186 62 220 62 198 88 63 98 135 119 51 97 84 93 50 69 50 65 175 136 181 169 106 61 117 63 180 79 83 76 154 75 52 240 73 52 59 371 54 225 57 59 70 586 72 105 85
leaf_count=449 75 81 82 348 237 210 57 61 215 202 87 181 68 89 225 186 62 220 62 198 88 63 98 135 119 51 97 84 93 50 69 50 65 175 136 181 169 106 61 117 63 180 79 83 76 154 75 52 240 73 52 59 371 54 225 57 59 70 586 72 105 85
internal_value=4.45775e-05 -0.0621824 -0.0155383 -0.111438 0.101579 0.13604 0.199336 0.0390084 0.241889 -0.0414558 0.077689 0.118314 -0.169905 -0.199121 0.116743 -0.0570539 0.238775 -0.0854223 0.0637872 -0.149953 0.0291667 0.336804 0.0800945 0.103983 -0.0252603 0.296393 0.0140782 -0.263684 0.185369 0.225954 -0.155264 0.380955 -0.100037 0.0652772 -0.0410445 -0.0607218 0.142502 0.215303 -0.334573 0.0429698 -0.00955418 -0.222296 0.131162 0.168446 -0.135434 -0.168184 -0.0986107 0.0825817 -0.117223 -0.0880129 0.0343817 -0.0622514 -0.0660309 0.269881 -0.193438 -0.244293 0.0385296 -0.122789 -0.0367981 0.227765 0.166139 0.301052
internal_weight=8272 5129 2635 2494 3143 2026 1079 1117 790 1136 805 549 1358 962 629 2006 144 700 947 548 436 293 485 523 1154 230 424 414 497 282 271 101 852 356 429 312 336 193 150 327 256 264 260 162 416 230 396 289 315 209 187 122 436 189 350 125 134 131 1035 129 274 139
internal_count=8272 5129 2635 2494 3143 2026 1079 1117 790 1136 805 549 1358 962 629 2006 144 700 947 548 436 293 485 523 1154 230 424 414 497 282 271 101 852 356 429 312 336 193 150 327 256 264 260 162 416 230 396 289 315 209 187 122 436 189 350 125 134 131 1035 129 274 139
is_linear=0
shrinkage=0.03


Tree=12
num_leaves=63
num_cat=0
split_feature=171 8 111 111 8 8 111 111 98 8 8 138 8 111 111 249 111 111 8 111 8 8 8 111 98 78 8 8 51 5 8 111 100 8 269 65 8 8 111 175 106 111 5 111 52 111 111 111 111 60 271 89 218 111 197 111 274 32 231 29 118 185
split_gain=54691.3 11694.8 11052.3 10171.9 9980.08 8150.73 7597.68 5641.7 5083.11 5521.92 3561.12 3162.33 3210.8 3109.29 2947.16 2144.28 1811.53 1793.29 1792.79 2338.6 1750.17 1505.76 1365.78 1364.62 1114.11 1111.54 1458.05 1080.93 1067.42 1034.42 1016.86 999.02 838.985 1008.84 786.371 785.947 740.808 735.064 723.701 710.391 710.013 920.364 701.18 669.911 658.413 617.357 611.729 608.151 605.38 604.122 822.259 590.842 587.225 678.143 537.764 534.525 525.861 525.25 491.109 815.32 472.01 457.634
threshold=0.26201373338699346 57.500000000000007 0.30269193649291998 0.23220045864582065 84.500000000000014 67.500000000000014 0.24789856374263766 0.25568476319313055 22.500000000000004 58.500000000000007 76.500000000000014 86.500000000000014 73.500000000000014 0.26483158767223364 0.29120069742202764 23.500000000000004 0.29120069742202764 0.34463602304458624 50.500000000000007 0.23108709603548053 57.500000000000007 82.500000000000014 45.500000000000007 0.2286924943327904 25.500000000000004 58.500000000000007 45.500000000000007 90.500000000000014 17.500000000000004 74.500000000000014 100.50000000000001 0.26103179156780248 10.500000000000002 72.500000000000014 37.500000000000007 0.75476908683776867 87.500000000000014 90.500000000000014 0.20530383288860324 0.080540537834167494 14.500000000000002 0.27701576054096227 45.500000000000007 0.20806276798248294 3.5000000000000004 0.26791550219058996 0.32270763814449316 0.32947862148284918 0.23697775602340701 23.500000000000004 0.17274536192417148 87.500000000000014 13.500000000000002 0.2703810334205628 0.24764151126146319 0.27529583871364599 0.84943854808807384 10.500000000000002 0.15707236528396609 20.500000000000004 64.500000000000014 8.5000000000000018
decision_type=2 2 2 2 2 2 2 2 2 2 2 2 2 2 2 2 2 2 2 2 2 2 2 2 2 2 2 2 2 2 2 2 2 2 2 2 2 2 2 2 2 2 2 2 2 2 2 2 2 2 2 2 2 2 2 2 2 2 2 2 2 2
left_child=1 3 5 22 8 7 11 18 42 25 16 49 23 35 27 45 -8 37 19 38 24 55 43 56 -9 -10 -27 -12 -14 39 60 -17 -11 34 -34 -7 -16 -6 -2 -30 -22 -42 -4 -1 -21 -5 -38 -35 61 -3 -51 -23 -26 -54 -36 -15 57 -13 59 -24 -19 -20
right_child=2 6 4 15 17 13 10 20 9 32 14 12 28 21 36 31 -18 30 48 44 40 51 58 -25 52 26 -28 -29 29 -31 -32 -33 33 47 54 -37 46 -39 -40 -41 41 -43 -44 -45 -46 -47 -48 -49 -50 50 -52 -53 53 -55 -56 -57 -58 -59 -60 -61 -62 -63
leaf_value=-0.033225550523144354 -0.038122062250608352 0.0033650833357344655 0.14840119182736008 0.044151350443801245 0.040680848251984911 -0.21835931688762053 -0.028592407717059055 0.089412344804079072 0.25070236253411798 0.11195988671346144 -0.13686821577380889 -0.1505114177487632 -0.36124226034844958 -0.045788950970078381 0.020489371026817121 0.14309848178516732 0.11515066163880483 0.086861840463331286 -0.11560267250458507 0.10213829569518566 0.010390021016723231 -0.042686943030267051 -0.029017340588379736 -0.10423681351931327 0.14298005723953247 0.50502671141020006 0.30994547722883087 -0.2644516060902522 -0.349305862679201 -0.11769110774764648 0.022177272396428246 0.32949654735218392 0.15158113329034101 0.11781948754010169 0.3426551042662726 -0.095069672560756796 -0.10896217192173935 -0.054796851564813072 0.064595918345355219 -0.1992433761358261 0.067459422425859283 0.18121801630870715 0.046707050201156376 0.054014409462910855 0.24626471527665852 0.14373062629339306 -0.0094564423167010705 0.20677625433240138 0.0066730799756816294 -0.18982206519959227 -0.08019480984334891 -0.1669221508078691 0.18454131930432421 0.30248010219272337 0.21728204110952523 0.039590724233498534 -0.11435782866377849 -0.23994821505907635 -0.054662606253087755 -0.13151813615787072 0.18132716140920116 -0.0099776730854951191
leaf_weight=726 122 50 90 165 128 77 404 81 72 131 288 93 102 81 113 54 97 105 91 59 75 98 95 250 74 70 84 77 67 51 125 54 56 147 80 123 151 165 123 59 156 110 190 88 59 85 88 141 192 83 244 53 93 98 64 339 63 207 342 270 92 62
leaf_count=726 122 50 90 165 128 77 404 81 72 131 288 93 102 81 113 54 97 105 91 59 75 98 95 250 74 70 84 77 67 51 125 54 56 147 80 123 151 165 123 59 156 110 190 88 59 85 88 141 192 83 244 53 93 98 64 339 63 207 342 270 92 62
internal_value=4.81038e-05 -0.0729065 0.0815922 -0.016405 0.137876 0.0363352 -0.115571 0.0795792 0.190964 0.22766 -0.0619732 -0.166926 -0.197732 -0.0419097 -0.104805 0.12725 -0.000587969 0.0406115 0.0200972 0.0665524 0.140761 -0.00617771 -0.0502786 -0.158859 0.188322 0.354641 0.401305 -0.164432 -0.282269 -0.234985 0.0893657 0.238465 0.180801 0.199014 0.251336 -0.143386 -0.0426858 -0.01309 0.0134995 -0.281161 0.0920935 0.115005 0.0798062 -0.0237395 0.175665 0.078446 -0.0725161 0.161936 -0.0288328 -0.0937068 -0.108515 -0.087104 0.218105 0.246315 0.288817 0.023055 -0.196088 -0.212815 -0.0807576 -0.104992 0.131671 -0.0731431
internal_weight=8272 4366 3906 1879 1740 2166 2487 1395 1125 845 1218 1269 892 771 717 358 501 615 708 363 687 571 1521 613 346 226 154 365 279 177 322 108 619 488 200 200 352 293 245 126 341 266 280 814 118 250 239 288 345 377 327 151 265 191 144 420 363 300 707 365 197 153
internal_count=8272 4366 3906 1879 1740 2166 2487 1395 1125 845 1218 1269 892 771 717 358 501 615 708 363 687 571 1521 613 346 226 154 365 279 177 322 108 619 488 200 200 352 293 245 126 341 266 280 814 118 250 239 288 345 377 327 151 265 191 144 420 363 300 707 365 197 153
is_linear=0
shrinkage=0.03


Tree=13
num_leaves=63
num_cat=0
split_feature=171 8 111 111 8 111 111 8 8 220 138 8 8 138 111 111 218 111 111 31 111 111 111 111 8 256 8 171 111 8 107 111 256 76 31 49 31 21 8 8 52 111 171 104 265 67 8 256 212 180 234 110 8 111 111 111 35 8 118 8 209 35
split_gain=51566 11722.2 14324.4 10136.2 6729.08 8732.12 6236.01 3525.22 3441.4 3081.35 2828.4 3005.48 2663.54 2397.45 3044.64 2193.25 2354.77 2136.86 2096.75 3032.9 2033.16 1818.68 1771.42 1646.75 1518.74 1430.14 1376.77 1216.07 1077.34 1047.53 1032.76 1150.41 952.68 1037.56 924.954 907.591 913.708 881.529 880.242 832.79 934.949 789.708 788.026 728.867 792.772 709.901 650.89 632.403 613.537 601.584 533.482 694.086 530.734 529.871 529.617 508.73 481.162 442.699 442.011 453.262 432.788 430.912
threshold=0.28801843523979193 62.500000000000007 0.24404424428939822 0.26425938308238989 58.500000000000007 0.23697775602340701 0.27934552729129797 79.500000000000014 87.500000000000014 9.5000000000000018 93.500000000000014 77.500000000000014 49.500000000000007 58.500000000000007 0.28742815554142004 0.27876733243465429 19.500000000000004 0.29370039701461798 0.31271257996559149 93.500000000000014 0.2286924943327904 0.22127521038055423 0.30195011198520666 0.34597411751747137 75.500000000000014 0.12973351776599887 71.500000000000014 0.19139194488525393 0.25568476319313055 91.500000000000014 5.5000000000000009 0.33227176964282995 0.13307292014360431 15.500000000000002 331.50000000000006 89.500000000000014 254.50000000000003 15.500000000000002 51.500000000000007 46.500000000000007 2.5000000000000004 0.20530383288860324 0.17519181966781619 1.0000000180025095e-35 22.500000000000004 0.046801986172795303 40.500000000000007 0.068573668599128737 0.23836579918861392 10.500000000000002 0.55634921789169323 8.5000000000000018 99.500000000000014 0.20064935088157657 0.26103179156780248 0.33689932525157934 0.41683535277843481 39.500000000000007 58.500000000000007 65.500000000000014 49.500000000000007 0.38238526880741125
decision_type=2 2 2 2 2 2 2 2 2 2 2 2 2 2 2 2 2 2 2 2 2 2 2 2 2 2 2 2 2 2 2 2 2 2 2 2 2 2 2 2 2 2 2 2 2 2 2 2 2 2 2 2 2 2 2 2 2 2 2 2 2 2
left_child=1 2 12 10 5 41 26 22 18 13 45 20 21 -7 38 39 37 29 24 -20 35 57 -5 -10 58 30 28 50 -6 -9 -16 -32 33 47 -19 -12 -37 -17 60 40 -4 -2 -22 -21 -45 -3 -43 -13 -47 -25 51 -14 -36 -53 -40 -46 -28 61 -8 -60 -15 -1
right_child=4 3 15 7 6 9 8 17 23 -11 11 32 27 14 25 16 -18 34 19 43 42 -23 -24 49 -26 -27 56 -29 -30 -31 31 -33 -34 -35 52 36 -38 -39 54 -41 -42 46 -44 44 55 48 -48 -49 -50 -51 -52 53 -54 -55 -56 -57 -58 -59 59 -61 -62 -63
leaf_value=-0.035420533814705418 -0.057642902628415156 -0.022773660060390829 0.056944427523348065 -0.0026192089327394877 -0.065226853943931365 0.07604316021547021 0.061480359481555398 -0.11104337867074118 -0.034593333788113169 0.37098713413372147 -0.27358175025429832 -0.29375531060355048 -0.097225292507314778 0.13747732584476471 0.23511726765651 0.044285860554031706 0.33070262306696407 0.0041120633541720146 0.037909289637178767 0.15265545084887025 -0.16895748244323511 0.08308193924211299 0.14735539209976625 0.052611152858845885 0.0084160343207644699 0.17204761342782723 -0.17129902430323524 -0.048353563255206851 0.048242711979666897 -0.2471428625030177 0.29800006070862645 0.49890078390345849 -0.17496824138694339 -0.21901574212697245 -0.048271483484737192 -0.10357923409185911 -0.25964029377157039 0.20922971573586646 0.03839847773686051 0.04724808972677258 0.23656196553752107 0.13328735095712374 -0.077164650048504271 0.17812375778084866 0.22094505838118492 -0.21128199716701226 0.0022860741415589125 -0.44344941643568181 -0.095655783959363985 0.16776783018158031 -0.073153533173576452 -0.23385836656888326 -0.14870670525432639 -0.12802269242056039 0.15568422309699512 0.35951279613206971 -0.058711418135129416 -0.051423383374166756 0.20671499652788042 0.10952223185982023 0.23990467262904294 0.024644373476315855
leaf_weight=273 107 99 53 348 129 148 100 202 228 90 128 76 182 74 72 68 76 220 152 240 126 133 88 199 197 75 66 378 178 69 68 50 80 92 136 94 54 51 79 261 52 52 261 142 59 50 96 51 247 51 162 89 73 91 62 52 73 590 63 153 88 176
leaf_count=273 107 99 53 348 129 148 100 202 228 90 128 76 182 74 72 68 76 220 152 240 126 133 88 199 197 75 66 378 178 69 68 50 80 92 136 94 54 51 79 261 52 52 261 142 59 50 96 51 247 51 162 89 73 91 62 52 73 590 63 153 88 176
internal_value=5.2247e-05 -0.0585788 -0.0144452 -0.105183 0.0957193 0.157192 0.0643319 -0.0390062 0.0914288 0.205549 -0.160472 -0.188273 -0.0508284 0.184265 0.21228 0.119914 0.201019 -0.0806712 0.119366 0.155376 -0.152239 -0.0209731 0.0279188 0.0236415 0.0738756 0.286636 -0.0350464 -0.0895544 0.000506346 -0.146477 0.33073 0.386605 -0.267398 -0.300214 -0.0388575 -0.214485 -0.161881 0.116131 0.146521 0.0762719 0.14729 0.00414276 -0.107409 0.191442 0.22749 -0.0926332 0.0488992 -0.356864 -0.115765 0.0766779 -0.119127 -0.139442 -0.0838928 -0.181355 0.0907041 0.28849 -0.113012 -0.03436 0.114529 0.138692 0.194247 -0.0118737
internal_weight=8272 5129 2635 2494 3143 1061 2082 1136 1636 806 1358 962 2074 716 568 561 195 700 1158 645 663 1172 436 478 513 265 446 902 307 271 190 118 299 219 429 276 148 119 303 366 105 255 387 493 253 396 148 127 297 250 524 362 209 180 141 111 139 1039 316 216 162 449
internal_count=8272 5129 2635 2494 3143 1061 2082 1136 1636 806 1358 962 2074 716 568 561 195 700 1158 645 663 1172 436 478 513 265 446 902 307 271 190 118 299 219 429 276 148 119 303 366 105 255 387 493 253 396 148 127 297 250 524 362 209 180 141 111 139 1039 316 216 162 449
is_linear=0
shrinkage=0.03


Tree=14
num_leaves=63
num_cat=0
split_feature=171 8 231 8 114 8 114 225 109 238 169 114 8 8 171 107 33 114 171 36 22 8 8 114 149 112 8 218 8 114 258 89 33 151 107 132 231 231 149 31 7 231 114 118 156 31 112 131 114 231 257 4 265 112 143 112 25 233 268 33 259 104
split_gain=48589.4 10470.2 9695.71 4930.34 4194.35 3994.3 3629.08 3191.21 2698.87 2663.59 2541.21 2081.22 2185.34 2033.81 1925.82 1639.95 1599.89 1446.21 1400.01 1328.79 1239.2 1273.02 1197.97 1187.1 1072.58 2136.56 1069.05 1060.83 1055.13 955.948 947.879 889.933 886.872 875.976 860.269 850.682 847.818 802.166 801.915 747.085 732.317 716.773 702.458 681.072 650.116 620.496 607.05 595.71 552.742 553.027 552.722 523.607 497.983 495.233 487.91 485.647 466.546 569.131 459.218 454.952 452.471 433.249
threshold=0.26201373338699346 57.500000000000007 0.33589744567871099 46.500000000000007 0.71047571301460277 59.500000000000007 0.69707319140434276 12.500000000000002 18.500000000000004 25.500000000000004 12.500000000000002 0.70452454686164867 75.500000000000014 75.500000000000014 0.17316342145204547 14.500000000000002 0.23686765879392627 0.64346626400947582 0.34698997437953955 0.81685787439346325 24.500000000000004 82.500000000000014 78.500000000000014 0.98984745144844066 66.500000000000014 0.42321729660034185 40.500000000000007 10.500000000000002 66.500000000000014 0.46433046460151678 55.500000000000007 88.500000000000014 0.24142135679721835 0.25115217268466955 13.500000000000002 0.31930242478847509 0.23845060169696811 0.21132376790046695 111.50000000000001 75.500000000000014 51.500000000000007 0.17316342145204547 0.55468812584877025 84.500000000000014 0.076767992228269591 378.50000000000006 0.40433354675769811 0.32984206080436712 0.78341239690780651 0.28452381491661077 0.24656502902507785 84.500000000000014 13.500000000000002 0.35424868762493139 4.5000000000000009 0.31158185005187994 11.500000000000002 0.3442887961864472 6.5000000000000009 0.23194202780723575 5.5000000000000009 1.0000000180025095e-35
decision_type=2 2 2 2 2 2 2 2 2 2 2 2 2 2 2 2 2 2 2 2 2 2 2 2 2 2 2 2 2 2 2 2 2 2 2 2 2 2 2 2 2 2 2 2 2 2 2 2 2 2 2 2 2 2 2 2 2 2 2 2 2 2
left_child=1 6 3 10 8 7 26 17 -3 40 -2 28 32 29 27 30 -11 -4 -7 -9 -20 23 54 44 -19 43 33 -6 59 -10 -12 46 -13 -1 55 42 -30 39 -25 -28 52 -29 -15 50 53 -33 -14 58 -24 56 -26 -34 -8 -22 -16 -31 -50 -58 -23 -5 -46 -37
right_child=2 4 5 11 14 18 9 19 13 16 15 12 31 35 22 -17 -18 24 20 -21 21 47 48 38 25 -27 37 41 36 34 -32 45 51 -35 -36 61 -38 -39 -40 -41 -42 -43 -44 -45 60 -47 -48 -49 49 -51 -52 -53 -54 -55 -56 -57 57 -59 -60 -61 -62 -63
leaf_value=-0.024974737635853662 0.040865175559516721 -0.055502526219704675 0.0017544822194255315 -0.064952953367866564 -0.05337268105007871 0.03338347412554956 0.012580394741713201 0.24154601664567479 -0.23208094935593826 0.052593865333651395 0.16507430498089107 0.022888164870377821 -0.020584466154015133 -0.38410282249634081 0.022399426497424303 0.090080009920449997 0.25148367651872106 0.090100194475519535 0.01926547186585878 0.43311858461119912 0.095766561552882198 0.083328198752521232 -0.15866328187357587 0.13850451702337999 0.1356800880264491 0.35914452275922215 -0.022602995804951575 -0.18245068398105005 -0.19305532925624827 -0.12149449346379367 0.33205651137563913 -0.014416605888732842 0.10008762176084904 0.075495890013989986 -0.16927878857942003 -0.13825997073553939 -0.051186670381575823 -0.010577001018969471 0.27903299163798895 -0.096580210250522561 -0.018391799244947511 -0.081899915549889082 -0.23861679335307212 0.078058297506400504 0.020536347352541409 -0.13325601071321502 0.047109917856803442 0.1529168764638229 -0.046982755233045841 0.0078941915200939818 0.25402758242741025 0.0099837827435968543 0.14297373606330332 0.21390134768034127 -0.039199863598459582 -0.04016093407543974 -0.061912460102914624 -0.18670797197725361 -0.0089258151274879231 0.025150345491695928 0.12012342041310591 -0.24384653507367426
leaf_weight=418 148 212 51 74 136 245 55 97 92 68 55 294 258 51 176 76 79 108 108 54 53 143 78 64 79 61 166 228 60 175 80 83 445 95 232 84 103 214 97 480 254 92 96 69 64 75 220 70 125 66 72 67 50 91 334 108 64 70 73 153 116 68
leaf_count=418 148 212 51 74 136 245 55 97 92 68 55 294 258 51 176 76 79 108 108 54 53 143 78 64 79 61 166 228 60 175 80 83 445 95 232 84 103 214 97 480 254 92 96 69 64 75 220 70 125 66 72 67 50 91 334 108 64 70 73 153 116 68
internal_value=5.49935e-05 -0.0687096 0.0769157 0.0350726 -0.109079 0.130321 -0.0152483 0.193471 -0.152194 0.0533608 0.136572 0.0151191 0.0317474 -0.174733 -0.0737833 0.203193 0.160457 0.152022 0.096974 0.312454 0.11464 0.127958 -0.0485483 0.157588 0.171668 0.202587 -0.0405536 -0.124092 -0.0462867 -0.14274 0.265741 -0.00982502 0.0645229 -0.00625838 -0.126361 -0.238989 -0.104267 -0.0609801 0.224371 -0.0776349 0.00918404 -0.153888 -0.291346 0.157749 0.123814 -0.071311 0.0106053 0.0773375 -0.0871433 -0.0695445 0.193411 0.0883391 0.0754355 0.171382 -0.0179398 -0.0907062 -0.0892323 -0.128004 0.0522523 -0.00437859 0.0850238 -0.186781
internal_weight=8272 4366 3906 2191 2487 1715 1879 591 1118 506 359 1832 1442 906 1369 211 147 440 1124 151 879 771 913 485 389 281 1373 456 390 607 135 636 806 513 515 299 163 860 161 646 359 320 147 220 324 158 478 286 403 325 151 512 105 144 510 283 259 134 216 227 180 152
internal_count=8272 4366 3906 2191 2487 1715 1879 591 1118 506 359 1832 1442 906 1369 211 147 440 1124 151 879 771 913 485 389 281 1373 456 390 607 135 636 806 513 515 299 163 860 161 646 359 320 147 220 324 158 478 286 403 325 151 512 105 144 510 283 259 134 216 227 180 152
is_linear=0
shrinkage=0.03


Tree=15
num_leaves=63
num_cat=0
split_feature=171 8 111 111 111 8 100 8 8 111 8 8 138 8 8 111 22 111 111 111 111 111 8 111 111 8 8 100 8 111 2 8 171 22 258 136 34 111 209 111 96 8 111 139 271 111 236 133 110 111 111 8 234 172 111 237 140 111 46 8 8 8
split_gain=45873.8 10475.5 13108.5 9262.08 6210.95 8320.57 5201.65 3945.93 3742.88 3448.7 3207.19 2667.88 2617.65 2723.06 2446 2311.09 2249.15 1903.4 1739.64 1684.35 1449.38 1382.17 1329.94 1328.17 1230.83 1202.47 1114.01 1089.53 1235.35 1085.44 973.497 968.001 928.61 914.968 846.788 794.079 751.31 743.028 713.588 681.399 672.234 652.244 646.041 622.924 622.196 578.818 576.553 551.646 549.403 535.442 534.589 521.572 512.423 495.15 490.523 485.548 457.594 457.037 580.553 451.328 450.802 445.923
threshold=0.28801843523979193 62.500000000000007 0.23928353190422061 0.26425938308238989 0.28451779484748846 75.500000000000014 9.5000000000000018 59.500000000000007 58.500000000000007 0.23220045864582065 84.500000000000014 42.500000000000007 93.500000000000014 73.500000000000014 49.500000000000007 0.29526825249195104 27.500000000000004 0.30195011198520666 0.33227176964282995 0.24336075037717822 0.2528104186058045 0.31402802467346197 98.500000000000014 0.25940062105655676 0.20806276798248294 51.500000000000007 90.500000000000014 5.5000000000000009 57.500000000000007 0.30449178814888006 49.500000000000007 71.500000000000014 0.18834459781646731 29.500000000000004 59.500000000000007 0.13807120919227603 0.33859156072139746 0.32663163542747503 49.500000000000007 0.22264957427978518 0.055482262745499618 98.500000000000014 0.31271257996559149 19.500000000000004 0.17274536192417148 0.19521722197532657 0.11715686321258546 0.3975131362676621 8.5000000000000018 0.25817131996154791 0.36749699711799627 39.500000000000007 0.61830145120620739 0.28730159997940069 0.20064935088157657 0.20638945698738101 47.500000000000007 0.20670914649963382 99.500000000000014 91.500000000000014 38.500000000000007 76.500000000000014
decision_type=2 2 2 2 2 2 2 2 2 2 2 2 2 2 2 2 2 2 2 2 2 2 2 2 2 2 2 2 2 2 2 2 2 2 2 2 2 2 2 2 2 2 2 2 2 2 2 2 2 2 2 2 2 2 2 2 2 2 2 2 2 2
left_child=1 2 14 12 7 6 27 9 21 45 17 16 40 19 24 59 -4 61 26 57 47 -8 33 -13 -1 38 42 -6 34 -10 -15 -22 48 -20 -29 39 -23 41 -11 -32 -3 -17 -7 -25 -42 -2 -19 -9 -16 -27 -35 -47 54 -41 -50 56 -31 58 -14 -12 -26 -5
right_child=4 3 11 10 5 18 8 20 29 25 15 23 13 30 32 37 -18 46 22 -21 31 36 -24 43 60 49 -28 28 -30 55 35 -33 -34 50 -36 -37 -38 -39 -40 53 44 -43 -44 -45 -46 51 -48 -49 52 -51 -52 -53 -54 -55 -56 -57 -58 -59 -60 -61 -62 -63
leaf_value=-0.036851838541831175 -0.0778374352775838 -0.026968958312529139 0.11789640937087147 0.009977945563867963 0.041671024064222975 0.0063046196254932484 0.24968181507928031 -0.16327655764127319 0.12032068592478645 0.12709109650766054 -0.13392915478251552 0.018423044598306966 -0.15684782027321703 -0.35411602488879501 -0.083917841424420464 -0.045846890888102024 0.36001487112045288 0.058666000996317177 0.03260206205110195 -0.064201125687821284 0.043393469779547132 0.31689629839016842 0.019624862775064197 0.089256107017863545 0.12055371268437458 0.034623294421716737 -0.077382006422445485 0.13732907740275066 0.074925592955629769 0.20894452687352894 -0.30751828580486534 -0.05859888200264643 -0.052237132726669806 0.11519641440068737 0.28651014530658719 -0.13150611205716375 0.49053026000037786 0.01393864018871234 0.24570381106234318 -0.2464566743125518 -0.19425101551872032 -0.16310534017674369 0.094065517141657354 0.19508279521976199 -0.087085352582044001 0.09927192156252107 0.1908354562189844 -0.047262916760015733 -0.21765332568775522 0.13779075901829793 0.20052037038106832 -0.011314781494024288 -0.061371134141316772 -0.14111072258369342 -0.1204438531257212 0.16556552757718124 0.32033980205655099 -0.14716493946623749 -0.29128816305580785 -0.23194937627315521 0.018147989912019047 -0.048760747631792632
leaf_weight=950 68 119 85 270 170 210 90 76 158 87 114 225 67 57 249 167 59 69 78 198 217 51 156 191 51 94 97 89 147 95 97 135 355 177 59 80 60 129 106 107 64 57 117 69 213 56 53 73 98 88 112 117 51 73 99 97 63 225 58 74 153 203
leaf_count=950 68 119 85 270 170 210 90 76 158 87 114 225 67 57 249 167 59 69 78 198 217 51 156 191 51 94 97 89 147 95 97 135 355 177 59 80 60 129 106 107 64 57 117 69 213 56 53 73 98 88 112 117 51 73 99 97 63 225 58 74 153 203
internal_value=5.71691e-05 -0.0552433 -0.0135225 -0.0992997 0.0902897 0.121594 0.178522 0.0334527 0.235835 0.0842455 -0.0360421 0.105868 -0.152151 -0.178893 -0.0509924 -0.0888347 0.218896 0.0120278 0.0566108 -0.134585 -0.0290427 0.342188 0.0931688 0.0719271 -0.0224957 0.141029 0.0114037 0.1025 0.137295 0.183374 -0.237077 0.00422189 -0.0895185 0.124292 0.198324 -0.217453 0.414294 -0.0433626 0.193167 -0.241713 -0.0868989 -0.0762773 0.0378964 0.117981 -0.112455 -0.00432821 0.117169 -0.107132 -0.11599 0.0849868 0.148841 0.0248469 -0.147724 -0.204749 -0.169657 0.22182 0.255097 -0.174105 -0.221045 -0.173535 0.0442126 -0.0152809
internal_weight=8272 5129 2635 2494 3143 2026 1079 1117 614 616 1136 629 1358 962 2006 541 144 595 947 548 501 201 523 485 1154 375 424 465 295 413 414 352 852 367 148 357 111 353 193 277 396 224 327 260 277 241 122 149 497 182 289 173 248 180 197 255 158 350 125 188 204 473
internal_count=8272 5129 2635 2494 3143 2026 1079 1117 614 616 1136 629 1358 962 2006 541 144 595 947 548 501 201 523 485 1154 375 424 465 295 413 414 352 852 367 148 357 111 353 193 277 396 224 327 260 277 241 122 149 497 182 289 173 248 180 197 255 158 350 125 188 204 473
is_linear=0
shrinkage=0.03


Tree=16
num_leaves=63
num_cat=0
split_feature=231 8 111 111 111 8 138 8 111 171 31 8 8 8 111 111 78 111 21 227 8 231 111 8 8 111 4 8 111 31 8 8 111 2 99 111 33 129 8 14 269 49 80 111 29 249 111 138 31 111 165 111 251 138 73 8 237 177 111 8 135 109
split_gain=43254.8 8753.89 9407.41 8975.12 8079.89 10636.7 4701.12 3577.48 3362.85 3066.39 2821.85 2821.57 2738.22 2708.8 2307.61 2075.89 1484.26 1425.42 2632.44 1415.22 1411.69 1350.84 1326.61 1218.03 1165.4 1493.92 1134.23 1129.98 1110.45 1338.76 1841.41 926.442 1190.7 923.856 881.656 849.532 817.447 791.583 753.736 682.373 676.896 669.549 666.435 643.049 858.482 627.1 583.651 581.568 559.401 555.103 552.044 548.053 540.435 560.716 536.686 513.634 487.3 470.185 468.541 466.378 457.343 454.989
threshold=0.27055180072784429 57.500000000000007 0.24698620289564135 0.2379000782966614 0.26103179156780248 60.500000000000007 66.500000000000014 77.500000000000014 0.28867521882057195 0.35857143998146063 93.500000000000014 44.500000000000007 59.500000000000007 72.500000000000014 0.28136573731899267 0.21896404027938846 58.500000000000007 0.27151675522327429 18.500000000000004 3.5000000000000004 47.500000000000007 0.36451049149036413 0.22594670206308368 83.500000000000014 87.500000000000014 0.30449178814888006 66.500000000000014 40.500000000000007 0.2927700281143189 93.500000000000014 82.500000000000014 88.500000000000014 0.32104428112506872 59.500000000000007 23.500000000000004 0.20806276798248294 0.27846206724643713 27.500000000000004 71.500000000000014 62.500000000000007 37.500000000000007 89.500000000000014 20.500000000000004 0.19684550911188128 15.500000000000002 28.500000000000004 0.36023256182670599 118.50000000000001 254.50000000000003 0.32663163542747503 5.5000000000000009 0.23220045864582065 0.31057780981063848 237.50000000000003 1.0000000180025095e-35 76.500000000000014 0.27639257907867437 0.13714733719825747 0.31719042360782629 97.500000000000014 0.20295303314924243 18.500000000000004
decision_type=2 2 2 2 2 2 2 2 2 2 2 2 2 2 2 2 2 2 2 2 2 2 2 2 2 2 2 2 2 2 2 2 2 2 2 2 2 2 2 2 2 2 2 2 2 2 2 2 2 2 2 2 2 2 2 2 2 2 2 2 2 2
left_child=1 3 10 27 12 6 37 14 23 24 61 19 15 22 38 -2 26 45 -19 -8 51 39 41 -9 25 55 -15 35 -11 -30 40 -10 59 -18 42 -1 57 -6 -4 -13 -31 -12 -35 44 -29 -5 -26 -27 -43 -42 -46 -17 -32 -54 -49 -7 -41 -23 -16 -33 -25 -3
right_child=4 2 7 17 5 9 11 8 31 28 13 21 -14 16 58 20 33 18 -20 -21 -22 36 -24 60 46 47 -28 43 29 30 52 32 -34 34 -36 -37 -38 -39 -40 56 49 48 -44 -45 50 -47 -48 54 -50 -51 -52 -53 53 -55 -56 -57 -58 -59 -60 -61 -62 -63
leaf_value=-0.019720046264192638 -0.037454902394132544 -0.046757504424431183 8.6650048843749661e-05 0.062392974806597098 0.051867470369145671 0.036879245612782219 0.22619364851399471 -0.090634950810535381 0.022668084912722448 0.02164345968980342 -0.21637769018635153 0.22785626838830383 -0.081870771089108271 -0.24416995076809897 0.062957129073203416 0.072659143209457391 -0.40726703675893638 0.069014369037288872 0.37402041201408087 0.42384261146187785 0.031233732810139025 0.28932561920525934 -0.091489894422108031 -0.23110177734788584 -0.044279044991625202 0.047843099113267201 -0.04977755050819653 -0.0045612903017874648 0.029174557579223249 0.12587610487023304 0.039549478064192102 -0.082646619408816374 -0.0022866280289404344 -0.26974621945161081 -0.35695058402148155 0.089177863292798795 0.34464572516354647 0.1763303224117525 -0.079599935822874487 0.14780718272750817 0.16568156928808059 -0.087359182921428122 -0.12072251993303114 -0.030522552034068725 -0.1129158280902387 0.17940581237276396 0.06648445460031617 0.078857281185113468 -0.19782281755176306 0.2659003533955131 -0.033845382894805265 0.19866356859604517 0.19107335372317219 0.069428009937206894 0.18765999136432523 -0.032613498228298413 0.032860476549933938 0.17309492550503749 0.16275385818764809 -0.19405751756269413 -0.12642105341567819 -0.12321045630714959
leaf_weight=500 218 206 310 184 184 312 56 164 180 119 199 65 262 58 147 50 51 51 51 95 212 51 281 142 223 103 51 114 121 115 140 102 148 64 54 73 65 61 162 102 105 102 51 436 377 53 52 77 72 111 102 89 61 80 92 137 50 103 60 52 57 107
leaf_count=500 218 206 310 184 184 312 56 164 180 119 199 65 262 58 147 50 51 51 51 95 212 51 281 142 223 103 51 114 121 115 140 102 148 64 54 73 65 61 162 102 105 102 51 436 377 53 52 77 72 111 102 89 61 80 92 137 50 103 60 52 57 107
internal_value=5.90129e-05 -0.0588475 -0.0925872 -0.00980603 0.0799316 0.105265 0.194288 -0.0420147 -0.0831799 0.0651025 -0.151978 0.24033 -0.00179869 -0.176962 0.00926147 0.03515 -0.24732 0.130201 0.223668 0.352513 0.0802219 0.20076 -0.141244 -0.152019 0.0293146 0.0493372 -0.154495 -0.0394958 0.106856 0.120641 0.138648 -0.0311293 -0.0631629 -0.292404 -0.255549 -0.0057153 0.253606 0.083447 -0.0273739 0.146507 0.18658 -0.178381 -0.205268 -0.0582827 -0.0786074 0.0892043 -0.0231697 0.104685 -0.133937 0.218171 -0.0961839 0.154181 0.0817259 0.12303 0.138843 0.0156501 0.110458 0.213205 0.0925271 -0.121275 -0.2019 -0.0732023
internal_weight=8272 4761 2820 1941 3511 2680 832 1524 845 1848 1296 587 831 983 679 569 329 339 102 151 351 436 654 363 996 721 109 1602 852 733 612 482 302 220 169 573 219 245 472 217 331 373 115 1029 593 237 275 272 174 216 479 139 281 141 169 449 152 154 207 154 199 313
internal_count=8272 4761 2820 1941 3511 2680 832 1524 845 1848 1296 587 831 983 679 569 329 339 102 151 351 436 654 363 996 721 109 1602 852 733 612 482 302 220 169 573 219 245 472 217 331 373 115 1029 593 237 275 272 174 216 479 139 281 141 169 449 152 154 207 154 199 313
is_linear=0
shrinkage=0.03


Tree=17
num_leaves=63
num_cat=0
split_feature=171 8 231 8 114 8 114 225 238 31 169 114 8 171 8 114 107 233 31 236 269 171 62 8 8 158 188 112 8 258 22 174 258 258 151 114 231 138 7 251 148 229 98 114 43 114 107 34 5 8 169 48 260 114 130 103 212 140 112 58 271 7
split_gain=40880.1 8822.31 8180.32 4247.83 3529.44 3413.67 3065.36 2563.31 2380.3 2349.34 2214 1743.58 1841.27 1683.32 1642.9 1477.89 1438.41 1312.26 1273.47 1194.69 1164.6 1133.17 1036.48 1025.98 923.095 915.523 906.497 1052.78 897.939 838.114 813.747 812.606 797.532 791.023 786.657 743.168 682 687.418 651.345 626.56 640.423 613.134 637.967 612.481 591.002 569.957 568.16 559.119 622.715 553.699 552.678 537.525 522.681 518.13 514.32 480.468 476.313 445.76 443.726 431.453 610.714 420.459
threshold=0.26201373338699346 57.500000000000007 0.33589744567871099 46.500000000000007 0.71047571301460277 62.500000000000007 0.69707319140434276 12.500000000000002 25.500000000000004 91.500000000000014 12.500000000000002 0.70452454686164867 75.500000000000014 0.17316342145204547 70.500000000000014 0.76177564263343822 14.500000000000002 0.7379862666130067 73.500000000000014 0.10367219150066377 85.500000000000014 0.40312500298023229 0.18225524574518207 76.500000000000014 40.500000000000007 22.500000000000004 2.5000000000000004 0.42444998025894171 66.500000000000014 55.500000000000007 29.500000000000004 0.71822133660316478 37.500000000000007 103.50000000000001 0.25115217268466955 0.46433046460151678 0.21132376790046695 55.500000000000007 51.500000000000007 0.31057780981063848 16.500000000000004 19.500000000000004 100.50000000000001 1.055891275405884 0.77346038818359386 0.93228670954704296 19.500000000000004 0.28868684172630316 52.500000000000007 92.500000000000014 14.500000000000002 0.9824817180633546 20.500000000000004 0.82564783096313488 3.5000000000000004 1.5000000000000002 0.28647416830062872 17.500000000000004 0.37941420078277593 5.5000000000000009 0.17274536192417148 56.500000000000007
decision_type=2 2 2 2 2 2 2 2 2 2 2 2 2 2 2 2 2 2 2 2 2 2 2 2 2 2 2 2 2 2 2 2 2 2 2 2 2 2 2 2 2 2 2 2 2 2 2 2 2 2 2 2 2 2 2 2 2 2 2 2 2 2
left_child=1 6 3 10 9 7 24 15 38 59 -2 28 47 25 35 -4 29 -9 -17 -10 22 41 -16 55 34 45 27 51 -5 -12 -23 -30 -24 43 -1 -11 37 -26 57 40 -32 58 -43 49 -19 -6 61 50 53 -14 -13 -20 -25 -49 -41 -15 -34 -8 -7 -3 -61 -37
right_child=2 4 5 11 13 21 8 17 19 14 16 12 33 23 20 18 -18 44 26 -21 -22 30 32 52 36 -27 -28 -29 31 -31 39 -33 56 -35 -36 46 -38 -39 -40 54 -42 42 -44 -45 -46 -47 -48 48 -50 -51 -52 -53 -54 -55 -56 -57 -58 -59 -60 60 -62 -63
leaf_value=-0.023065114691864636 0.037016658032337994 0.014030287167272315 0.06128120540853655 -0.0039370500921320755 -0.10534202019746543 -0.012792644825689493 0.0081648270908691398 0.34620400524981643 0.25388503228127951 -0.23095114420045096 0.15253476523927278 -0.064243318476698924 0.007563917201539848 0.039256347776619627 -0.29996793150901796 0.058450405703563441 0.082623098711301746 0.11029448537872388 0.10943172562731937 0.078876008484931134 -0.34269977418881542 0.02886897137290553 -0.075302048462302706 -0.063399891285386423 -0.017682749798210957 -0.18502822552080742 0.1211082751210779 0.33764546100050208 -0.020295144867100944 0.30941899114184912 0.16051544797917205 -0.15517759616911897 -0.25685498440327742 -0.12146233126700211 0.072145129934651775 -0.048091584807809659 -0.0097010400751064152 -0.089334946133161855 -0.018642173285431721 0.22718518359484252 0.040728298324219724 0.1508983831733465 0.03071008408661274 0.067061024945120784 0.25717254996457894 0.0026686410880032573 -0.16836209514887507 0.074231349926698831 0.051570903205931738 -0.062328839500575037 0.058101597954455304 0.23901175865956714 -0.16243643784252079 0.1756386147568432 0.12831307061478101 -0.030517062885545773 -0.15765593534153277 0.13136995892040432 0.055875839437059358 -0.16969055327790025 -0.054772864296489088 -0.12212377452482914
leaf_weight=418 148 51 170 227 282 124 53 91 59 52 55 60 338 121 62 75 76 51 54 88 52 75 72 412 161 122 95 63 72 80 71 91 71 51 95 135 214 485 254 90 93 99 67 102 52 52 108 115 482 145 72 69 54 77 112 326 137 52 264 54 179 145
leaf_count=418 148 51 170 227 282 124 53 91 59 52 55 60 338 121 62 75 76 51 54 88 52 75 72 412 161 122 95 63 72 80 71 91 71 51 95 135 214 485 254 90 93 99 67 102 52 52 108 115 482 145 72 69 54 77 112 326 137 52 264 54 179 145
internal_value=6.20609e-05 -0.0630118 0.0705621 0.0321278 -0.100068 0.119616 -0.0139376 0.16938 0.049118 -0.139619 0.12634 0.0136071 0.028827 -0.0676911 -0.164995 0.134548 0.188523 0.262647 0.169265 0.150359 -0.209641 0.0834729 -0.18847 -0.0441006 -0.0371947 -0.114724 0.198529 0.237213 -0.0425973 0.247095 0.11935 -0.0960847 -0.162801 -0.00933218 -0.00532753 -0.124631 -0.0561755 -0.0715323 0.00736043 0.137762 0.0932459 0.0547498 0.102863 0.000633862 0.186206 -0.0885682 -0.109825 0.058912 0.0699547 -0.0135038 0.00242537 0.183464 -0.0751995 0.115599 0.173267 -0.0115844 -0.192584 0.0698444 0.0339538 -0.0647808 -0.0820175 -0.0867279
internal_weight=8272 4366 3906 2191 2487 1715 1879 720 506 1118 359 1832 1442 1369 834 526 211 194 356 147 394 995 342 913 1373 456 281 186 390 135 441 163 280 636 513 440 860 646 359 366 164 554 166 585 103 334 388 806 674 483 132 123 466 192 202 447 208 105 388 284 233 280
internal_count=8272 4366 3906 2191 2487 1715 1879 720 506 1118 359 1832 1442 1369 834 526 211 194 356 147 394 995 342 913 1373 456 281 186 390 135 441 163 280 636 513 440 860 646 359 366 164 554 166 585 103 334 388 806 674 483 132 123 466 192 202 447 208 105 388 284 233 280
is_linear=0
shrinkage=0.03


Tree=18
num_leaves=63
num_cat=0
split_feature=171 8 111 111 111 8 100 8 8 8 229 31 111 8 8 111 8 111 8 111 31 111 217 258 111 111 8 100 185 231 111 65 8 33 8 8 111 114 119 139 8 111 98 192 176 23 111 32 5 100 156 34 180 111 111 209 8 237 185 8 7 8
split_gain=38625.7 8882.47 11302.5 8033.17 5407.28 7607.75 4719.97 3305.44 2787.47 2634.15 2404.81 2317.12 2622.18 2114.82 2102.81 2036.79 1996.67 1969.19 1976.86 1909.11 1745.65 1672.69 1397.21 1392.59 1314.46 1289.81 1283.59 991.63 976.352 829.066 828.051 738.84 734.117 729.253 687.122 674.536 656.829 652.603 622.301 607.623 574.039 572.779 552.497 543.248 539.992 523.388 515.637 499.623 491.449 595.052 486.03 534.865 477.961 469.354 453.579 438.482 419.121 405.481 403.75 398.386 381.181 367.806
threshold=0.28801843523979193 62.500000000000007 0.23697775602340701 0.26425938308238989 0.27934552729129797 65.500000000000014 6.5000000000000009 66.500000000000014 84.500000000000014 42.500000000000007 16.500000000000004 133.50000000000003 0.21595124900341037 80.500000000000014 49.500000000000007 0.29526825249195104 87.500000000000014 0.23553323745727542 51.500000000000007 0.31271257996559149 93.500000000000014 0.30195011198520666 0.17165178805589679 38.500000000000007 0.34597411751747137 0.26046043634414678 41.500000000000007 9.5000000000000018 10.500000000000002 0.1679487228393555 0.20806276798248294 0.77154013514518749 45.500000000000007 0.28752289712429052 67.500000000000014 75.500000000000014 0.32663163542747503 1.055891275405884 7.5000000000000009 19.500000000000004 98.500000000000014 0.26103179156780248 42.500000000000007 0.31866537034511572 0.10912698507308961 11.500000000000002 0.24336075037717822 13.500000000000002 53.500000000000007 4.5000000000000009 0.072093728929758086 0.28556101024150854 4.5000000000000009 0.19253938645124438 0.17883795499801639 49.500000000000007 91.500000000000014 0.18581292778253558 13.500000000000002 101.50000000000001 59.500000000000007 76.500000000000014
decision_type=2 2 2 2 2 2 2 2 2 2 2 2 2 2 2 2 2 2 2 2 2 2 2 2 2 2 2 2 2 2 2 2 2 2 2 2 2 2 2 2 2 2 2 2 2 2 2 2 2 2 2 2 2 2 2 2 2 2 2 2 2 2
left_child=1 2 14 11 7 6 48 17 21 10 -4 50 22 34 30 56 19 32 55 35 -21 61 -13 28 -18 -11 -25 -28 -8 42 -1 38 45 -29 -14 -7 40 -22 -24 60 -17 -20 -16 -26 -23 -2 -9 -36 49 -6 -3 -52 -34 -44 -31 -19 -10 -39 -45 -38 -27 -5
right_child=4 3 9 8 5 16 23 46 15 25 -12 12 13 -15 29 36 24 18 41 20 37 44 31 26 43 39 27 33 -30 54 -32 -33 52 -35 47 -37 59 57 -40 -41 -42 -43 53 58 -46 -47 -48 -49 -50 -51 51 -53 -54 -55 -56 -57 -58 -59 -60 -61 -62 -63
leaf_value=-0.0338102274322706 -0.0053695778449376419 -0.047641309864819049 0.097002579033015721 0.0098093208278498423 0.032030881242318586 0.082779429355128234 0.21908453347656545 -0.14359614111017435 -0.12302615771669408 0.015883644865685723 0.34304118666282063 -0.39213825324796281 -0.058067556412696286 -0.24796310779094696 -0.076390603713087132 -0.041288580789363809 -0.033303444726600039 0.12079120981693266 0.011490442999109455 0.02128570412497709 0.13552350770602836 0.049749910492163436 -0.19666958355090836 0.38701558732274755 -0.015072188114040883 0.11633635482526031 0.14832748518935565 0.23860242546974 0.054928336266813607 -0.12725534273142164 0.033788894360807023 -0.11405657840224932 -0.11381158276258603 0.36794931339590176 -0.072640477491027491 0.0063177237306566289 0.062982568149126963 0.26902862885062184 -0.33381104633493242 0.18758030549568286 -0.15126714388173523 0.092194674620340616 -0.20831194114375423 0.048324814100288646 0.17667273984117024 0.11365531893833629 -0.044144811072066178 -0.15504759258086928 0.01580986363272513 0.16529837649209159 -0.18732006343740684 -0.089001147220959934 0.00047130241960985586 -0.11467928461793406 -0.041178433157044614 0.22071431296376079 -0.21724937144815923 0.1519981757762297 0.13575250431125901 -0.042053721675649282 0.02940182929302191 -0.043535291539532513
leaf_weight=950 89 179 82 270 54 219 78 63 114 265 64 52 162 124 184 167 228 79 175 100 281 64 87 66 57 115 86 184 57 65 196 52 68 56 93 197 70 69 52 67 57 144 76 102 58 52 182 256 92 69 64 237 63 147 348 90 74 52 91 59 76 203
leaf_count=950 89 179 82 270 54 219 78 63 114 265 64 52 162 124 184 167 228 79 175 100 281 64 87 66 57 115 86 184 57 65 196 52 68 56 93 197 70 69 52 67 57 144 76 102 58 52 182 256 92 69 64 237 63 147 348 90 74 52 91 59 76 203
internal_value=6.38542e-05 -0.0506801 -0.0122624 -0.0912486 0.0828617 0.109831 0.18741 0.0254352 -0.0323382 0.0941617 0.206455 -0.140468 -0.169469 -0.137006 -0.0485064 -0.0815556 0.0684923 0.056316 0.0923085 0.094361 0.133709 0.0124741 -0.25339 0.235687 0.0187182 0.0624799 0.264502 0.23859 0.150688 -0.0851583 -0.0222294 -0.21377 -0.00836031 0.270185 -0.109649 0.0466724 -0.0388741 0.161552 -0.249992 0.110094 -0.0698221 0.0480955 -0.115551 0.0661056 0.111036 0.0390174 -0.0701978 -0.133358 0.068532 0.107521 -0.0871799 -0.110457 -0.0592639 -0.147377 -0.0550003 0.17499 -0.161067 0.220393 0.0900345 0.0149888 0.0820779 -0.0131284
internal_weight=8272 5129 2635 2494 3143 2138 742 1005 1136 669 146 1358 878 635 1966 541 1396 760 488 918 502 595 243 527 478 523 392 326 135 820 1146 191 272 240 511 416 353 402 139 258 224 319 407 250 122 141 245 349 215 123 480 301 131 223 413 169 188 121 193 129 191 473
internal_count=8272 5129 2635 2494 3143 2138 742 1005 1136 669 146 1358 878 635 1966 541 1396 760 488 918 502 595 243 527 478 523 392 326 135 820 1146 191 272 240 511 416 353 402 139 258 224 319 407 250 122 141 245 349 215 123 480 301 131 223 413 169 188 121 193 129 191 473
is_linear=0
shrinkage=0.03


Tree=19
num_leaves=63
num_cat=0
split_feature=171 111 111 110 149 171 171 109 6 149 111 87 78 171 6 7 7 31 90 130 157 134 4 226 253 6 171 271 90 174 78 149 76 10 130 9 79 49 286 4 206 155 58 111 278 60 278 6 284 86 240 47 96 248 167 216 6 132 129 63 81 140
split_gain=36363.8 7173.98 5106.77 3981.28 2472.93 3306.37 2219.39 1818.58 1745.47 1744.93 1622.1 1307.01 1272.03 1140.97 1019.46 970.215 961.702 787.154 785.755 768.243 754.473 744.669 715.951 685.332 668.506 663.097 669.985 613.35 605.679 760.437 558.01 547.814 526.175 672.05 522.106 656.993 543.135 510.553 510.517 584.784 466.526 466.013 456.467 451.001 506.09 437.472 498.358 432.883 422.19 411.189 410.107 407.929 442.337 403.843 398.008 393.247 391.384 385.062 384.575 383.336 380.367 374.713
threshold=0.28801843523979193 0.2587221115827561 0.28451779484748846 9.5000000000000018 69.500000000000014 0.19292803853750232 0.35599078238010412 19.500000000000004 44.500000000000007 290.50000000000006 0.23697775602340701 28.500000000000004 60.500000000000007 0.17519181966781619 65.500000000000014 34.500000000000007 46.500000000000007 419.50000000000006 4.5000000000000009 3.5000000000000004 0.15820646286010745 0.73006728291511547 54.500000000000007 8.5000000000000018 0.29679679870605474 46.500000000000007 0.26568628847599035 0.34902177751064306 10.500000000000002 0.41702279448509222 100.50000000000001 212.50000000000003 4.5000000000000009 4.5000000000000009 1.0000000180025095e-35 60.500000000000007 5.5000000000000009 90.500000000000014 1.0000000180025095e-35 84.500000000000014 7.5000000000000009 0.17806187272071841 11.500000000000002 0.28136573731899267 71.500000000000014 82.500000000000014 73.500000000000014 61.500000000000007 1.0000000180025095e-35 11.500000000000002 6.5000000000000009 3.5000000000000004 0.10246315598487855 1.5000000000000002 3.5000000000000004 0.092450141906738295 65.500000000000014 0.35827113687992101 25.500000000000004 0.31656117737293249 1.5000000000000002 33.500000000000007
decision_type=2 2 2 2 2 2 2 2 2 2 2 2 2 2 2 2 2 2 2 2 2 2 2 2 2 2 2 2 2 2 2 2 2 2 2 2 2 2 2 2 2 2 2 2 2 2 2 2 2 2 2 2 2 2 2 2 2 2 2 2 2 2
left_child=1 4 10 11 48 14 9 58 -9 12 21 22 37 42 23 -10 18 25 -14 24 -7 53 34 31 56 -15 43 -21 29 54 -19 -6 33 -22 -3 -36 -37 41 39 47 -26 -4 -5 -27 -45 49 57 60 -1 -18 -11 -42 -53 -2 -16 -23 -17 -47 -8 -40 -12 -34
right_child=2 3 6 13 5 20 7 8 15 50 38 -13 16 17 28 19 45 30 -20 27 32 55 -24 -25 40 26 -28 -29 -30 -31 -32 -33 61 -35 35 36 -38 -39 59 -41 51 -43 -44 44 -46 46 -48 -49 -50 -51 -52 52 -54 -55 -56 -57 -58 -59 -60 -61 -62 -63
leaf_value=-0.048683296324923561 -0.031250265374587013 0.01206944253197626 0.11091335541328017 -0.023102962576520086 -0.096065514090234755 -0.14034303500730957 0.035095900286946972 0.28147109493418315 0.26492157794675736 0.015066043491973432 0.039742432949133218 0.20671023887845705 0.10779484394651193 0.10064762214884945 -0.13817469860262729 0.15789700824548214 -0.00049252277349724489 -0.029772130834171549 0.2714087974727154 0.085846773654549985 -0.14658002746376642 -0.021002434124769286 0.01206135096735492 -0.017141596970527809 0.12652962475270033 -0.068845637555770722 0.046992091320551418 0.16835808515074341 -0.2552753666218589 -0.10416886762380599 -0.13108110662600767 -0.157318886991582 0.0034086417463623868 -0.052329033800400791 0.038919550848814342 0.064683885736004365 0.18824363674223424 -0.021857226092530331 -0.058283163825463918 -0.015319199306024631 0.13995785624816501 -0.0014251863956451416 -0.11632066938246405 -0.075560395690644613 0.028989553016333564 0.10566744360786218 0.065521026101285726 0.049808730667155778 -0.0085135541166296187 0.10311337462613281 -0.089351688126501225 0.27983957329104026 0.16227539307930888 -0.12224574137091015 -0.223328304298546 0.078289484616146765 0.042924497981192702 0.22509359323331768 0.12844389748114807 0.035728424601256852 0.12536181626755455 -0.045442135564359373
leaf_weight=600 115 75 88 66 618 80 174 85 52 85 63 52 51 56 101 50 67 151 59 363 81 78 244 80 89 150 144 106 50 224 72 171 235 419 89 52 89 91 53 70 57 53 171 57 147 51 77 268 388 70 55 92 50 71 114 65 58 52 51 140 194 353
leaf_count=600 115 75 88 66 618 80 174 85 52 85 63 52 51 56 101 50 67 151 59 363 81 78 244 80 89 150 144 106 50 224 72 171 235 419 89 52 89 91 53 70 57 53 171 57 147 51 77 268 388 70 55 92 50 71 114 65 58 52 51 140 194 353
internal_value=6.44478e-05 -0.0491713 0.0804014 0.00316496 -0.0732186 -0.0889565 0.108787 0.134139 0.151447 0.0697352 0.0288654 0.0642872 0.0901457 -0.03309 -0.120784 0.139101 0.120824 -0.0154643 0.197206 0.13124 -0.0518799 -0.0270267 0.0504459 -0.101048 0.162196 0.00371717 -0.0073625 0.104814 -0.155579 -0.143669 -0.0629209 -0.109523 -0.0452524 -0.0678598 0.0810138 0.103346 0.143452 0.0334054 0.0522058 0.0659395 0.186181 0.0689741 -0.0905675 -0.0295429 -0.00044902 0.0937826 0.124504 0.0767825 -0.0329327 0.0528084 -0.026298 0.212093 0.239868 -0.0664531 -0.184151 0.0243605 0.0971128 0.167545 0.0567295 0.00974442 0.104609 -0.0259458
internal_weight=8272 5129 3143 1615 3514 2526 2026 1227 1002 799 1117 601 659 1014 1358 917 427 777 110 865 1168 329 549 869 396 554 498 469 489 439 223 789 1088 500 305 230 141 232 788 595 288 141 237 354 204 317 180 525 988 137 140 199 142 186 215 143 108 103 225 193 257 588
internal_count=8272 5129 3143 1615 3514 2526 2026 1227 1002 799 1117 601 659 1014 1358 917 427 777 110 865 1168 329 549 869 396 554 498 469 489 439 223 789 1088 500 305 230 141 232 788 595 288 141 237 354 204 317 180 525 988 137 140 199 142 186 215 143 108 103 225 193 257 588
is_linear=0
shrinkage=0.03


Tree=20
num_leaves=63
num_cat=0
split_feature=231 8 111 111 111 8 138 8 111 111 8 109 8 8 100 111 8 8 111 269 267 111 21 186 111 8 8 111 145 8 258 111 8 8 111 220 273 111 29 8 111 111 111 237 116 167 249 165 27 111 146 8 177 135 111 8 8 126 231 138 13 148
split_gain=34549.9 7433.34 7797.44 7475.98 6577.45 9279.78 3864.14 3057.96 2862.46 2740.88 2700.45 2382.3 2382.62 2328.84 2140.34 1923.36 1881.91 1607.32 1408.02 1394.43 1365.19 1259.35 2394.39 1094.67 1087.69 1084.26 1077.19 1072.54 1098.19 967.267 954.409 890.643 846.012 818.223 1025.2 693.842 670.776 653.054 754.714 652.68 612.904 588.44 586.523 583.799 563.008 545.524 542.922 527.636 526.855 509.499 496.412 493.678 470.319 411.299 406.306 406.257 403.64 493.482 401.693 398.302 628.512 390.201
threshold=0.27055180072784429 57.500000000000007 0.24698620289564135 0.2379000782966614 0.25614795088768011 59.500000000000007 66.500000000000014 77.500000000000014 0.28867521882057195 0.30449178814888006 87.500000000000014 18.500000000000004 72.500000000000014 44.500000000000007 9.5000000000000018 0.28136573731899267 59.500000000000007 76.500000000000014 0.21896404027938846 86.500000000000014 19.500000000000004 0.27151675522327429 18.500000000000004 1.5000000000000002 0.22594670206308368 45.500000000000007 83.500000000000014 0.3012873530387879 50.500000000000007 38.500000000000007 37.500000000000007 0.36332502961158758 75.500000000000014 88.500000000000014 0.32104428112506872 5.5000000000000009 0.41696642339229589 0.19684550911188128 15.500000000000002 71.500000000000014 0.16749174892902377 0.2096006125211716 0.27151675522327429 0.20638945698738101 0.19245014339685443 3.5000000000000004 28.500000000000004 5.5000000000000009 113.50000000000001 0.32663163542747503 25.500000000000004 49.500000000000007 0.14495798945426944 0.20295303314924243 0.31719042360782629 97.500000000000014 65.500000000000014 6.5000000000000009 0.18090909719467166 209.50000000000003 77.500000000000014 12.500000000000002
decision_type=2 2 2 2 2 2 2 2 2 2 2 2 2 2 2 2 2 2 2 2 2 2 2 2 2 2 2 2 2 2 2 2 2 2 2 2 2 2 2 2 2 2 2 2 2 2 2 2 2 2 2 2 2 2 2 2 2 2 2 2 2 2
left_child=1 3 11 29 16 6 35 15 26 17 14 -3 24 20 -11 39 18 42 -2 23 45 46 -23 41 36 -20 -9 50 -29 40 -25 -12 43 -10 55 -6 59 38 -31 -4 -1 -14 -7 48 -33 -8 -5 51 -16 -34 -15 -40 -51 -28 -17 -35 57 -44 -32 60 -13 -38
right_child=4 2 7 21 5 9 13 8 33 10 31 12 19 27 32 54 -18 -19 25 -21 -22 22 -24 30 -26 -27 53 28 -30 37 58 44 49 34 -36 -37 61 -39 47 -41 -42 -43 56 -45 -46 -47 -48 -49 -50 52 -52 -53 -54 -55 -56 -57 -58 -59 -60 -61 -62 -63
leaf_value=-0.025770234189063341 -0.035598600243407816 -0.04652112240823681 0.0018774311483307621 0.056933146014834776 0.037803543209545799 -0.005885286958584068 0.1739939027012519 -0.081512011061845857 0.022884427555811011 0.039209884202002353 -0.0105546418761453 -0.1889557064473629 -0.34082419037818906 0.10451920270483042 0.18569343865821952 0.05826259070076048 -0.082497207876812251 -0.044537496847307512 0.14277824469698738 -0.35750708172195839 0.4360920151209427 0.060856419091041267 0.35160433695866511 -0.033350350891842559 -0.079541810105190569 0.023703038876659227 -0.21373870510764265 0.17344555794231353 0.33814925215461039 -0.0046685628995042422 -0.23948364960110705 0.11646110404647239 0.071471079037389681 -0.075667719299027922 -0.0012914344634635737 0.1495678897857666 -0.03519692828612668 -0.020844440585118716 -0.072983972417858575 -0.072269515834514492 0.048818459116379935 -0.19722035037619726 0.036668058931827542 0.13210671644542635 0.001133915747451628 0.31769173085689545 0.16578912637299961 -0.025294570936859884 0.30757987552218968 0.20965055101946609 0.19357916056545393 -0.13916323644934961 0.10639311909067387 -0.11471405962160948 0.15118755997204389 -0.17960398710561248 0.043635113406296173 0.16027396894991397 -0.13230213274126465 -0.23478282942865672 -0.073002175253725821 -0.14093418689150561
leaf_weight=235 218 216 310 184 153 146 52 164 180 211 248 149 53 144 102 147 215 269 103 56 58 51 51 50 295 205 142 92 65 144 68 114 130 102 148 74 55 479 296 162 170 62 50 96 57 53 53 120 53 72 98 158 97 57 60 52 265 71 68 88 61 75
leaf_count=235 218 216 310 184 153 146 52 164 180 211 248 149 53 144 102 147 215 269 103 56 58 51 51 50 295 205 142 92 65 144 68 114 130 102 148 74 55 479 296 162 170 62 50 96 57 53 53 120 53 72 98 158 97 57 60 52 265 71 68 88 61 75
internal_value=6.85719e-05 -0.0525779 -0.0836687 -0.0073876 0.0714531 0.0926839 0.179638 -0.0376272 -0.0756864 0.0579785 0.0870339 -0.137739 -0.155923 0.221802 0.120678 0.00977832 -0.00792955 0.0151203 0.0226483 -0.219445 0.317722 0.120392 0.208233 -0.192661 -0.124298 0.0638568 -0.139197 0.18192 0.243344 -0.0344853 -0.146279 0.0257874 0.151804 -0.0276669 -0.057773 0.0747339 -0.154889 -0.0480352 -0.0661207 -0.0236703 0.00558173 -0.265771 0.0453126 0.192659 0.0782488 0.24884 0.0818708 -0.0815023 0.229075 0.116979 0.141233 -0.0962708 0.151359 -0.18609 0.0857947 -0.111695 0.0646427 0.109916 -0.18725 -0.179817 -0.15578 -0.0968094
internal_weight=8272 4761 2820 1941 3511 2770 789 1524 845 1981 1180 1296 1080 562 761 679 741 801 526 357 163 339 102 301 723 308 363 399 157 1602 186 419 550 482 302 227 428 1197 718 472 405 115 532 251 171 105 237 574 155 299 242 454 169 199 207 154 386 121 136 298 210 130
internal_count=8272 4761 2820 1941 3511 2770 789 1524 845 1981 1180 1296 1080 562 761 679 741 801 526 357 163 339 102 301 723 308 363 399 157 1602 186 419 550 482 302 227 428 1197 718 472 405 115 532 251 171 105 237 574 155 299 242 454 169 199 207 154 386 121 136 298 210 130
is_linear=0
shrinkage=0.03


Tree=21
num_leaves=63
num_cat=0
split_feature=231 8 171 171 171 8 8 160 218 114 112 109 112 8 62 30 160 112 100 62 258 4 8 246 112 8 8 36 99 114 114 8 8 112 33 176 31 114 220 174 33 8 276 191 218 8 112 231 258 89 30 105 114 20 171 75 114 8 116 215 168 218
split_gain=32551.7 7538.19 5214.01 4622.29 3079.9 2884.32 2776.78 2456.68 2205.61 1696.35 1436.97 1831.64 1418.94 1395.58 1087.81 1030.33 984.077 954.998 1083.62 952.787 921.835 905.399 895.875 953.799 847.307 841.46 809.181 762.967 744.121 728.568 725.254 740.738 722.734 719.593 710.652 697.11 691.067 804.75 675.352 648.589 633.428 839.248 617.401 690.969 607.586 602.733 600.023 577.787 562.101 533.033 529.894 513.59 497 488.69 478.919 472.831 453.415 419.762 1020.87 405.205 404.814 392.361
threshold=0.27346041798591619 57.500000000000007 0.34698997437953955 0.22653958946466449 0.19399641454219821 60.500000000000007 45.500000000000007 4.5000000000000009 22.500000000000004 0.59034696221351635 0.34006802737712866 18.500000000000004 0.34627954661846166 75.500000000000014 0.26013697683811193 15.500000000000002 7.5000000000000009 0.38602042198181158 9.5000000000000018 0.30320054292678839 82.500000000000014 65.500000000000014 44.500000000000007 4.5000000000000009 0.29645323753356939 75.500000000000014 41.500000000000007 0.70771530270576488 26.500000000000004 0.73880255222320568 1.0279224514961245 79.500000000000014 88.500000000000014 0.37409771978855139 0.24049126356840136 0.050641026347875602 100.50000000000001 0.98984745144844066 3.5000000000000004 0.77805554866790783 0.20621778070926669 36.500000000000007 0.10268392041325571 0.30860807001590734 22.500000000000004 90.500000000000014 0.39862503111362463 0.17165178805589679 40.500000000000007 24.500000000000004 10.500000000000002 27.500000000000004 0.61753809452056896 170.50000000000003 0.17519181966781619 47.500000000000007 0.58403870463371288 61.500000000000007 0.15978723019361499 0.22795913368463519 2.5000000000000004 18.500000000000004
decision_type=2 2 2 2 2 2 2 2 2 2 2 2 2 2 2 2 2 2 2 2 2 2 2 2 2 2 2 2 2 2 2 2 2 2 2 2 2 2 2 2 2 2 2 2 2 2 2 2 2 2 2 2 2 2 2 2 2 2 2 2 2 2
left_child=1 4 6 10 22 7 8 -4 38 -5 11 -3 40 47 39 -12 29 26 -19 -20 33 27 23 -1 55 34 -9 -15 -22 -7 31 54 36 49 -26 -35 -31 -38 -2 -14 -6 -42 -18 -44 -33 -37 -27 -13 -36 -11 -40 -28 -49 -24 60 -8 -55 58 -50 -45 -17 -23
right_child=2 3 5 9 12 16 24 17 -10 20 15 13 14 21 -16 30 42 18 19 -21 28 61 53 -25 25 46 51 -29 -30 32 -32 44 -34 35 48 45 37 -39 50 -41 41 -43 43 59 -46 -47 -48 52 57 -51 -52 -53 -54 56 -56 -57 -58 -59 -60 -61 -62 -63
leaf_value=-0.023107932859049742 0.0055087997334013726 -0.044926846718853886 0.050223646178352135 -0.17362114734746315 -0.043367031016800964 -0.055393820838686429 -0.099146713446127244 0.24677504272784218 0.2577011953294277 0.050841586480086499 -0.0085958432554948654 -0.14952956174476675 0.11825806134110016 -0.31367603830752833 0.17966176570809267 -0.060745433103293181 0.13713639934882521 0.15728347581260058 0.2219899845277441 0.38559826092699828 -0.022376361046182479 -0.080340112391507845 -0.037835301211570957 0.10991242860340408 0.0065053319527625872 -0.035669495723308776 0.062080668821054348 -0.17209171848637717 -0.15201699633627783 0.012410041549984289 0.011965909889515708 -0.11110250864846065 -0.01409972688059012 0.10404661323536525 0.014471407311948689 0.021477758356397224 0.069020660763606426 0.18057202024893326 0.1823910693275301 -0.012732082374890237 0.11834752471168973 0.013666146143998532 0.0076934825556893511 0.066470346267693312 -0.20986881987903921 -0.063950848023694773 0.029358093397268855 -0.14714737104226466 0.17159005240804476 -0.047957233160440073 0.056248802960808593 0.16725628133477835 -0.048135101476640213 -0.14378132061793072 -0.028832145868855578 0.01677218978425031 -0.062497745233953794 0.055805937328786359 0.01859932677667649 0.18155709817129023 -0.16072720230150389 -0.19895014900081562
leaf_weight=477 86 169 136 73 134 52 79 58 77 54 148 354 61 92 93 79 299 97 86 58 75 52 310 53 275 259 84 62 85 97 50 183 89 65 140 273 179 87 56 75 80 465 92 64 84 101 250 72 114 474 66 86 126 100 126 52 167 210 60 50 70 52
leaf_count=477 86 169 136 73 134 52 79 58 77 54 148 354 61 92 93 79 299 97 86 58 75 52 310 53 275 259 84 62 85 97 50 183 89 65 140 273 179 87 56 75 80 465 92 64 84 101 250 72 114 474 66 86 126 100 126 52 167 210 60 50 70 52
internal_value=7.0553e-05 -0.0488752 0.0724118 -0.0796757 -0.00423911 0.11115 0.0361016 0.162947 0.121486 -0.0344517 -0.111207 -0.135093 0.0366915 -0.153827 0.101098 -0.0794672 0.0799622 0.195458 0.237509 0.290093 -0.0252912 -0.211645 -0.0378147 -0.00962396 0.0191183 0.0264119 0.150165 -0.258153 -0.0917644 0.0501493 -0.0971406 -0.107209 0.0623869 -0.0142091 0.045598 0.0141568 0.081127 0.106045 0.0700681 0.0464552 0.014853 0.0292208 0.109558 0.0690603 -0.142842 -0.00170155 -0.00373566 -0.12647 0.0660627 -0.0377758 0.115162 0.115954 -0.0846981 -0.0636476 -0.0722208 -0.0533546 -0.0933639 0.0847856 0.119242 0.118087 -0.108475 -0.140975
internal_weight=8272 4934 3338 2919 2015 1614 1724 605 285 1200 1719 979 908 810 229 740 1009 469 241 144 1127 258 1107 530 1439 1308 228 154 160 504 592 542 452 967 799 439 363 266 208 136 679 545 505 206 267 374 509 552 524 528 122 170 198 577 275 131 267 384 174 114 149 104
internal_count=8272 4934 3338 2919 2015 1614 1724 605 285 1200 1719 979 908 810 229 740 1009 469 241 144 1127 258 1107 530 1439 1308 228 154 160 504 592 542 452 967 799 439 363 266 208 136 679 545 505 206 267 374 509 552 524 528 122 170 198 577 275 131 267 384 174 114 149 104
is_linear=0
shrinkage=0.03


Tree=22
num_leaves=63
num_cat=0
split_feature=231 8 111 111 111 8 138 8 111 111 8 20 8 8 22 111 267 8 8 8 111 78 4 2 8 111 22 8 111 111 8 111 111 46 111 167 45 111 8 8 8 49 139 111 62 155 185 85 129 111 231 108 105 8 158 214 269 267 249 237 141 232
split_gain=30645.5 7097.31 7453.33 7343.59 6091.05 8296.15 3430.35 2909.67 2581.88 2349.76 2260.1 2159.11 2518.55 2047.71 2007.39 1791.42 1553.25 1430.57 1425.63 1336.57 1243.42 1172.97 1076.38 1056.85 1051.54 944.859 1337.04 940.235 858.488 850.308 834.207 803.203 797.388 783.711 783.037 780.674 772.281 954.549 770.337 697.239 638.821 619.172 591.939 547.107 539.15 529.104 524.721 520.563 513.573 582.324 461.056 664.148 447.119 427.986 414.031 667.617 411.874 402.516 388.237 371.925 413.723 365.286
threshold=0.27346041798591619 57.500000000000007 0.23220045864582065 0.24698620289564135 0.25614795088768011 59.500000000000007 59.500000000000007 77.500000000000014 0.28867521882057195 0.30449178814888006 87.500000000000014 108.50000000000001 71.500000000000014 43.500000000000007 24.500000000000004 0.28015151619911199 19.500000000000004 58.500000000000007 75.500000000000014 37.500000000000007 0.21896404027938846 58.500000000000007 66.500000000000014 58.500000000000007 83.500000000000014 0.3012873530387879 39.500000000000007 45.500000000000007 0.29120069742202764 0.36332502961158758 88.500000000000014 0.22594670206308368 0.32104428112506872 144.50000000000003 0.20806276798248294 3.5000000000000004 112.50000000000001 0.32793442904949194 45.500000000000007 76.500000000000014 71.500000000000014 89.500000000000014 26.500000000000004 0.27151675522327429 0.27511468529701238 0.19061276316642764 13.500000000000002 27.500000000000004 39.500000000000007 0.30449178814888006 0.15707236528396609 1.5000000000000002 26.500000000000004 98.500000000000014 5.5000000000000009 0.46620340645313268 67.500000000000014 12.500000000000002 14.500000000000002 0.087337911128997817 7.5000000000000009 0.43534001708030706
decision_type=2 2 2 2 2 2 2 2 2 2 2 2 2 2 2 2 2 2 2 2 2 2 2 2 2 2 2 2 2 2 2 2 2 2 2 2 2 2 2 2 2 2 2 2 2 2 2 2 2 2 2 2 2 2 2 2 2 2 2 2 2 2
left_child=1 2 27 11 17 6 45 15 24 18 14 54 31 16 -11 40 35 20 43 -4 -2 22 -14 -23 -9 52 57 34 44 -12 -10 41 53 -25 -1 -8 47 39 -22 -38 -5 -13 -43 -7 -21 61 -31 -16 -17 -50 51 -29 -15 -32 -3 -56 -20 -27 -19 -39 -61 -6
right_child=4 3 19 7 5 9 13 8 30 10 29 12 21 25 36 48 -18 58 56 28 38 23 -24 33 -26 26 -28 50 -30 46 32 -33 -34 -35 -36 -37 37 59 -40 -41 -42 42 -44 -45 -46 -47 -48 -49 49 -51 -52 -53 -54 -55 55 -57 -58 -59 -60 60 -62 -63
leaf_value=-0.023639406436601593 -0.03794720486945799 0.013301591513251575 0.22210254453224676 0.0022506831547177237 0.041876677655511431 -0.0042332732404365128 0.15134327241059006 -0.074824074663784962 0.023312103185214494 0.010354045261355008 -0.0094140878688356196 -0.18187357413483426 -0.21698116751817556 0.099888729200077547 0.018863626170684312 0.0086333056232508476 0.43363977579637009 -0.12106572708114981 -0.015983785350420852 0.037952832839845747 0.12886359188052798 -0.36077888061923369 -0.035881138188498363 -0.17207434112753936 -0.17631292495931067 0.21553521451354024 0.33713913290317243 -0.018420762354859482 0.18959598576383929 0.037777519463945967 -0.067910304510899425 -0.07515384444635774 -0.0071046692385308202 -0.30796330314258047 0.065812212710827586 0.31822055599268745 0.16809577036436904 0.26669709459878504 0.023501145608430161 0.056336256059316484 -0.07000418012692447 -0.050119039007732943 -0.16975258044898509 0.067580637100455893 0.12689970436905113 -0.009557810712661317 0.14723681679793765 0.12389002696437351 0.064677411086546885 0.18314610347404317 -0.034997152310856393 -0.10744869875201188 0.18430613278895616 -0.17276966188876133 -0.17631270101841759 -0.055687637772354172 -0.099126954806381715 0.097467580956335245 -0.038838164299114367 0.12662003434130123 0.22490962287029589 0.15435102298574629
leaf_weight=739 196 53 72 327 53 132 57 171 189 135 237 187 64 143 67 67 54 90 204 233 96 61 55 135 204 59 64 105 55 108 111 269 154 57 99 50 100 63 177 103 165 92 63 343 83 66 62 117 107 58 358 271 99 52 50 228 72 51 123 83 82 52
leaf_count=739 196 53 72 327 53 132 57 171 189 135 237 187 64 143 67 67 54 90 204 233 96 61 55 135 204 59 64 105 55 108 111 269 154 57 99 50 100 63 177 103 165 92 63 343 83 66 62 117 107 58 358 271 99 52 50 228 72 51 123 83 82 52
internal_value=7.12177e-05 -0.0474198 -0.00410871 -0.0773061 0.0702624 0.090791 0.175418 -0.0342174 -0.0708034 0.0575399 0.0843453 -0.129871 -0.152189 0.210357 0.115205 0.0103384 0.301589 -0.00970065 0.0161859 0.10444 0.0195902 -0.213795 -0.134276 -0.250521 -0.130356 0.17441 0.228083 -0.0347454 0.0810697 0.0273361 -0.0264984 -0.114394 -0.056176 -0.213803 -0.0130059 0.231548 0.138167 0.160206 0.0608868 0.111944 -0.022074 -0.144949 -0.0995207 0.047657 0.0616421 0.0569859 0.0783256 0.0859554 0.0788749 0.107173 -0.0595138 -0.082702 0.135039 -0.102212 -0.0633317 -0.077937 -0.0379529 0.162166 -0.0739856 0.202499 0.176528 0.0985089
internal_weight=8272 4934 2015 2919 3338 2656 748 1605 881 1908 1157 1314 983 577 750 724 161 682 751 443 469 372 119 253 375 416 174 1572 371 407 506 611 317 192 838 107 615 431 273 203 492 342 155 475 316 171 170 184 232 165 734 376 242 163 331 278 276 110 213 228 165 105
internal_count=8272 4934 2015 2919 3338 2656 748 1605 881 1908 1157 1314 983 577 750 724 161 682 751 443 469 372 119 253 375 416 174 1572 371 407 506 611 317 192 838 107 615 431 273 203 492 342 155 475 316 171 170 184 232 165 734 376 242 163 331 278 276 110 213 228 165 105
is_linear=0
shrinkage=0.03


Tree=23
num_leaves=63
num_cat=0
split_feature=171 8 111 111 8 111 111 8 220 8 31 111 171 8 8 100 138 111 111 256 111 111 8 138 195 129 111 8 8 22 111 111 31 8 111 100 111 267 231 111 51 8 8 32 8 6 39 98 180 27 78 32 8 195 58 8 152 111 6 111 8 111
split_gain=28974.5 7141.98 8969.85 6348.44 4203.57 5499.75 3929.26 2247.69 2207.44 2205.42 2031.38 2115.58 1998.4 1696.63 1658.67 1622.73 1578.46 2010.7 1474.82 1284.65 1266.96 1244.55 1129.13 1345.67 1066.67 1068.35 984.462 977.53 858.17 853.65 818.484 782.921 760.592 917.701 669.419 761.053 628.914 614.395 607.829 607.733 595.174 588.747 568.41 554.838 550.851 483.061 484.024 478.705 475.034 469.068 443.013 441.23 429.459 427.979 416.545 413.383 409.344 400.584 392.802 381.679 368.878 362.446
threshold=0.28801843523979193 62.500000000000007 0.23553323745727542 0.26336190104484564 58.500000000000007 0.23553323745727542 0.26483158767223364 79.500000000000014 9.5000000000000018 49.500000000000007 133.50000000000003 0.21595124900341037 0.36754386126995092 49.500000000000007 80.500000000000014 4.5000000000000009 58.500000000000007 0.28742815554142004 0.28271847963333135 0.12973351776599887 0.30195011198520666 0.27983051538467413 67.500000000000014 124.50000000000001 0.24722222238779071 63.500000000000007 0.29526825249195104 84.500000000000014 43.500000000000007 80.500000000000014 0.30449178814888006 0.26103179156780248 93.500000000000014 90.500000000000014 0.30449178814888006 7.5000000000000009 0.32663163542747503 16.500000000000004 0.1679487228393555 0.19684550911188128 22.500000000000004 51.500000000000007 67.500000000000014 14.500000000000002 74.500000000000014 52.500000000000007 0.31942994892597204 42.500000000000007 9.5000000000000018 53.500000000000007 104.50000000000001 13.500000000000002 73.500000000000014 0.060915276408195503 18.500000000000004 84.500000000000014 0.31375050544738775 0.19253938645124438 50.500000000000007 0.20806276798248294 37.500000000000007 0.31719042360782629
decision_type=2 2 2 2 2 2 2 2 2 2 2 2 2 2 2 2 2 2 2 2 2 2 2 2 2 2 2 2 2 2 2 2 2 2 2 2 2 2 2 2 2 2 2 2 2 2 2 2 2 2 2 2 2 2 2 2 2 2 2 2 2 2
left_child=1 2 13 10 5 40 44 20 16 15 45 24 27 39 42 -4 -7 41 55 28 -5 58 23 -14 25 54 -24 34 -19 61 -25 -11 -28 36 52 -36 -34 -29 47 -1 -2 53 -13 -33 -6 46 -3 -15 -35 -30 -47 -44 -8 -18 -12 -9 59 -49 -17 -40 -41 -20
right_child=4 3 9 7 6 8 12 18 -10 31 11 14 22 38 -16 21 17 19 29 -21 -22 -23 26 30 -26 -27 32 37 49 -31 -32 43 33 48 35 -37 -38 -39 56 60 -42 -43 51 -45 -46 50 -48 57 -50 -51 -52 -53 -54 -55 -56 -57 -58 -59 -60 -61 -62 -63
leaf_value=-0.032372093635438852 -0.028444240074556496 -0.18481942459519599 0.0095885300677683617 -0.0010824614227426927 -0.039059648481348776 0.05232631615944356 0.054423068277189658 -0.079911387347831181 0.29713390236447118 0.0071607952684805279 -0.2689954322225907 -0.050630329150694958 0.063446521298451852 -0.06553846893358875 -0.22128081496396079 0.19839858297574317 0.078556914486383134 0.35499779362570155 -0.027783700418141152 0.1159400582078256 0.12532429306694631 0.30742137019832932 -0.018699816025380806 0.14467081283745556 -0.12365504187086354 -0.36167559290633483 0.0051120105280595667 0.0071254744802483885 0.14969498492777347 -0.07121760468075021 0.30313521263630766 0.055208011604361715 0.082610626121321987 0.0091251548930354736 -0.0086875435709953298 0.11957294024592556 0.16377642921560887 -0.10492312632922855 -0.11421869601172052 0.079778172627768734 0.0818877879373337 0.064465958831076323 -0.062681333663002131 0.16353875970840454 -0.14622591776019808 -0.044472259605074969 -0.058839891163202429 -0.18774591039140504 0.11863266799312371 0.27132266943134475 -0.14011549155501757 -0.1407147350902801 -0.012240551332658042 0.18235893245254245 -0.14561603244078361 -0.17984165016505302 -0.012976854784964499 -0.10117905654025913 0.08968880224753828 -0.03678431297926342 -0.00016342999970502391 0.0467362511351418
leaf_weight=831 192 62 53 360 207 148 213 64 91 243 50 160 87 184 122 58 56 65 134 75 88 62 87 68 68 67 84 260 59 304 56 153 154 114 53 191 205 52 113 65 56 142 92 59 54 317 51 76 51 66 50 246 146 111 58 98 164 145 67 118 244 103
leaf_count=831 192 62 53 360 207 148 213 64 91 243 50 160 87 184 122 58 56 65 134 75 88 62 87 68 68 67 84 260 59 304 56 153 154 114 53 191 205 52 113 65 56 142 92 59 54 317 51 76 51 66 50 246 146 111 58 98 164 145 67 118 244 103
internal_value=7.44481e-05 -0.0438751 -0.00942702 -0.0802524 0.071786 0.12037 0.0469813 -0.0285131 0.158053 0.082976 -0.124541 -0.152073 0.0625845 -0.0425558 -0.122311 0.156389 0.140137 0.162647 -0.0619463 0.223314 0.0239713 0.197723 0.0941501 0.154926 -0.227198 -0.2665 0.0755026 0.0312608 0.26487 -0.0380288 0.218088 0.0439947 0.0889908 0.102402 0.0535365 0.0917913 0.129285 -0.0118248 -0.0760208 -0.0190256 -0.00330174 0.110066 -0.0976701 0.0859829 -0.0617055 -0.0748261 -0.128976 -0.101855 0.0434837 0.215558 -0.057848 -0.119722 0.0273533 0.148226 -0.20468 -0.141095 -0.049342 -0.13166 0.141304 -0.0749925 0.0168559 0.0046629
internal_weight=8272 5129 2635 2494 3143 1061 2082 1151 813 695 1343 863 1821 1940 620 240 722 574 703 265 448 187 906 211 243 175 695 915 190 541 124 455 608 524 603 244 359 312 800 1140 248 309 498 212 261 480 113 405 165 125 367 338 359 167 108 162 395 221 125 231 309 237
internal_count=8272 5129 2635 2494 3143 1061 2082 1151 813 695 1343 863 1821 1940 620 240 722 574 703 265 448 187 906 211 243 175 695 915 190 541 124 455 608 524 603 244 359 312 800 1140 248 309 498 212 261 480 113 405 165 125 367 338 359 167 108 162 395 221 125 231 309 237
is_linear=0
shrinkage=0.03


Tree=24
num_leaves=63
num_cat=0
split_feature=171 8 111 111 8 8 111 20 8 111 8 31 8 111 8 111 238 111 111 109 111 109 194 8 51 114 8 62 8 8 65 111 269 8 31 100 8 111 258 198 211 94 8 274 89 89 148 8 129 46 111 111 80 259 111 111 8 270 131 215 68 111
split_gain=27324.6 6236.55 6194.55 5775.99 5704.38 4683.87 4246.91 3306.92 3201.44 3140.69 2041.45 2002.28 1885.32 1809.42 1790.07 1759.75 1571.88 1300.04 1109.54 1091.36 1076.97 1056.13 981.078 957.273 847.521 820.797 819.424 807.311 771.429 668.867 666.069 662.609 847.614 623.346 611.392 611.054 854.568 604.889 584.905 563.714 546.445 539.701 678.88 503.075 581.79 489.406 482.604 455.182 443.986 443.572 441.379 434.866 430.531 422.798 408.484 388.026 385.086 383.914 382.574 374.933 373.523 498.98
threshold=0.26201373338699346 57.500000000000007 0.30269193649291998 0.23220045864582065 84.500000000000014 67.500000000000014 0.24789856374263766 107.50000000000001 56.500000000000007 0.23697775602340701 76.500000000000014 91.500000000000014 46.500000000000007 0.26483158767223364 73.500000000000014 0.28271847963333135 27.500000000000004 0.26483158767223364 0.34463602304458624 30.500000000000004 0.29120069742202764 62.500000000000007 0.60033372044563305 82.500000000000014 15.500000000000002 0.46433046460151678 45.500000000000007 0.30247858166694647 100.50000000000001 45.500000000000007 0.76469027996063244 0.33227176964282995 37.500000000000007 83.500000000000014 424.50000000000006 5.5000000000000009 59.500000000000007 0.20856226980686191 41.500000000000007 63.500000000000007 0.25834259390830999 0.78824490308761608 72.500000000000014 0.76925027370452892 56.500000000000007 87.500000000000014 5.5000000000000009 53.500000000000007 56.500000000000007 101.50000000000001 0.23345498740673068 0.26791550219058996 13.500000000000002 7.5000000000000009 0.19684550911188128 0.27529583871364599 72.500000000000014 3.5000000000000004 0.21886405348777774 0.15430403500795367 0.10933997482061387 0.1838367357850075
decision_type=2 2 2 2 2 2 2 2 2 2 2 2 2 2 2 2 2 2 2 2 2 2 2 2 2 2 2 2 2 2 2 2 2 2 2 2 2 2 2 2 2 2 2 2 2 2 2 2 2 2 2 2 2 2 2 2 2 2 2 2 2 2
left_child=1 3 5 26 7 9 11 35 27 29 20 -3 24 30 25 33 51 47 43 -19 -8 22 -16 55 -11 -13 54 40 48 37 -7 49 39 -12 -17 -4 -37 -2 -24 -33 -9 -34 -43 44 -6 -25 -38 -14 -20 -10 -27 -5 -21 -36 -1 -15 -51 -26 -31 -35 -28 -62
right_child=2 6 4 16 18 13 10 8 31 12 15 14 17 23 21 34 -18 19 28 52 -22 -23 38 45 57 50 60 -29 -30 58 -32 32 41 59 53 36 46 -39 -40 -41 -42 42 -44 -45 -46 -47 -48 -49 -50 56 -52 -53 -54 -55 -56 -57 -58 -59 -60 -61 61 -63
leaf_value=-0.0261215668886326 -0.018952555247556624 -0.052330594718003186 0.021330900309132594 0.030699728149027283 0.017197735452403624 -0.18031228436529637 -0.017713226556846939 0.31228397933336399 0.05925662832174982 0.089966306881262711 -0.088840098438046924 -0.21573081292555882 0.076239200221879466 -0.043530736476546379 -0.25248265900262973 -0.014017520596761436 0.19987364911333177 0.011365181892476183 0.057630469177361539 0.070800162396404187 0.09311974270003183 -0.29846896728644001 -0.043717538557554544 -0.032396437566388735 0.16804069254709325 -0.11953443715402058 0.011427301484115061 0.38608565108250764 0.0062731840018005591 -0.096586273354153304 -0.067754012935291055 0.17102872145175935 0.15331697635352612 -0.22437549265787787 -0.043208194415484152 0.15965433445014057 0.092755611893293011 0.086757863991674067 -0.16672236181795597 0.031800442360914671 0.17020011690886397 0.33638780118159528 0.17801238149675455 0.019417286861367934 -0.11099606373830687 -0.14534031458903984 -0.027451874789069679 0.0027959668447224586 0.14848689178102892 0.19575087822862525 -0.062975786125562233 0.11244828183079759 0.15018558749058752 -0.15619062947109341 0.02604739452467153 0.02919747077413451 0.10188168510111101 0.28319842512790977 -0.016263105508324303 -0.12130580322816968 -0.096860812443876163 -0.043313727010325355
leaf_weight=644 107 295 152 171 53 79 404 51 104 77 148 64 106 81 81 309 98 93 103 88 97 77 56 98 68 419 61 58 125 85 121 54 87 75 69 109 73 88 95 51 56 52 54 162 78 53 50 262 94 66 182 89 228 53 170 339 108 51 142 63 273 373
leaf_count=644 107 295 152 171 53 79 404 51 104 77 148 64 106 81 81 309 98 93 103 88 97 77 56 98 68 419 61 58 125 85 121 54 87 75 69 109 73 88 95 51 56 52 54 162 78 53 50 262 94 66 182 89 228 53 170 339 108 51 142 63 273 373
internal_value=7.48638e-05 -0.0514919 0.057713 -0.0102324 0.0998493 0.0238334 -0.0826481 0.139984 0.176999 0.056616 -0.0425806 -0.121042 0.0862356 -0.0354779 -0.141777 -0.0750106 0.0980172 0.0651092 0.0263235 0.101859 0.0038882 -0.201553 -0.168244 -0.00821329 0.169231 -0.113741 -0.0357589 0.293489 0.0646757 -0.0117198 -0.11289 0.143178 0.174486 -0.13259 -0.036584 0.0682843 0.0988234 0.0289519 -0.121692 0.104342 0.240187 0.211913 0.258124 -0.0159013 -0.059394 -0.0727344 0.0440635 0.0241001 0.101514 0.109112 -0.10254 0.0590065 0.128371 -0.0931615 -0.0152077 0.0151012 0.138402 0.219343 -0.0466318 -0.178533 -0.0593654 -0.0660575
internal_weight=8272 4366 3906 1879 1740 2166 2487 1125 741 1395 1218 1269 973 771 974 717 358 777 615 409 501 309 232 571 196 665 1521 165 322 422 200 576 298 286 431 384 232 195 151 105 107 193 106 293 131 151 123 368 197 278 601 260 316 122 814 420 174 119 227 138 707 646
internal_count=8272 4366 3906 1879 1740 2166 2487 1125 741 1395 1218 1269 973 771 974 717 358 777 615 409 501 309 232 571 196 665 1521 165 322 422 200 576 298 286 431 384 232 195 151 105 107 193 106 293 131 151 123 368 197 278 601 260 316 122 814 420 174 119 227 138 707 646
is_linear=0
shrinkage=0.03


Tree=25
num_leaves=63
num_cat=0
split_feature=231 171 171 150 100 129 231 171 218 6 5 114 27 269 169 151 114 114 231 1 138 207 11 116 2 229 108 113 112 3 67 67 2 3 251 260 38 213 270 67 192 127 39 158 271 112 274 270 133 131 74 275 114 58 215 116 264 112 19 143 10 6
split_gain=25742.8 4774.03 4109.76 2595.06 1354.29 1878.47 1252.72 1172.1 1059.05 1455.99 1338.78 1025.79 1157.77 1085.6 867.765 859.808 842.748 814.049 701.344 664.926 718.403 611.711 579.992 712.966 556.221 895.922 551.3 546.065 541.429 518.679 514.116 511.798 510.532 505.71 498.447 485.142 536.138 476.048 471.838 501.965 442.671 422.914 439.827 408.221 477.062 452.316 483.618 402.913 400.509 390.427 379.001 375.133 371.879 370.801 367.07 366.746 390.659 363.391 356.438 352.864 346.645 421.819
threshold=0.27622890472412115 0.19399641454219821 0.34698997437953955 4.5000000000000009 9.5000000000000018 48.500000000000007 0.17316342145204547 0.36754386126995092 18.500000000000004 50.500000000000007 68.500000000000014 0.59034696221351635 75.500000000000014 69.500000000000014 16.500000000000004 0.26138089597225195 0.92516335844993602 0.84215614199638378 0.34891304373741155 25.500000000000004 108.50000000000001 10.500000000000002 78.500000000000014 0.095413167029619231 74.500000000000014 23.500000000000004 6.5000000000000009 0.34815546870231634 0.31158185005187994 63.500000000000007 0.04095610789954663 0.054200939834117896 83.500000000000014 58.500000000000007 0.26272648572921758 11.500000000000002 0.090461634099483504 0.16784037649631503 1.0000000180025095e-35 0.029557367786765102 0.38548950850963598 30.500000000000004 0.20311014354228976 34.500000000000007 0.24257134646177295 0.41827458143234258 0.93228769302368175 6.5000000000000009 0.3065591454505921 0.30937239527702337 41.500000000000007 0.22163742780685428 0.71969723701477062 18.500000000000004 0.12422839552164079 0.064611006528139128 1.5000000000000002 0.4194676280021668 25.500000000000004 2.5000000000000004 21.500000000000004 62.500000000000007
decision_type=2 2 2 2 2 2 2 2 2 2 2 2 2 2 2 2 2 2 2 2 2 2 2 2 2 2 2 2 2 2 2 2 2 2 2 2 2 2 2 2 2 2 2 2 2 2 2 2 2 2 2 2 2 2 2 2 2 2 2 2 2 2
left_child=1 3 8 30 21 15 14 11 26 10 17 13 19 48 -5 16 -6 -10 40 20 -13 58 24 -24 25 34 28 29 -2 -8 -1 -26 52 -23 -20 -17 -37 -32 -14 -40 -7 42 -16 44 53 46 -46 51 -3 -33 -44 -29 -11 -41 -22 -54 -57 -36 -4 -50 -21 -62
right_child=2 7 4 6 5 18 27 -9 9 32 -12 12 38 -15 41 35 -18 -19 22 60 54 33 23 -25 31 -27 -28 47 -30 -31 37 49 -34 -35 57 36 -38 -39 39 43 -42 -43 50 -45 45 -47 -48 -49 59 -51 -52 -53 55 -55 -56 56 -58 -59 -60 -61 61 -63
leaf_value=0.0095370618269043916 -0.01419347425766905 -0.088830248700962816 0.06211904389258812 -0.088134843982071956 0.020752154571168562 0.0049762169501326716 -0.055653093525324951 0.066979188334084297 0.098435553500674802 0.00026014270900670333 0.022504699385300388 0.015705756097468458 0.013996169497651097 -0.18426308078438799 -0.17603835108981 0.1364419560607236 0.18735818365069687 0.25906934811788446 0.067241412272980042 -0.023251678396095231 0.17431668951534307 0.14322811238784738 0.13774488926954465 0.019381175088733434 0.17094507537360459 0.2605857778222937 -0.021361463947052305 -0.017197940212636424 0.04862796552024963 -0.15556594244191344 -0.12118468874164166 0.012393194528707822 -0.0126980270837606 0.043051362233338768 0.11943977583472321 0.31188300879562597 0.18668460682244367 -0.031139261686561129 -0.12104069244238685 -0.081981786298514381 0.097258287358887585 -0.21093859240193574 -0.03934916429594159 -0.10562006994034163 0.0026955318751559873 0.076160289156768049 -0.072450762468670465 0.039713925193910572 0.016657853355712217 0.10338388255576497 -0.12461621373543499 -0.10102831641600157 0.13423981077969074 -0.027233947169128168 0.058695252432542686 0.032843917466225135 0.10999601467297626 0.22475637715596419 -0.010446444724815606 -0.066041227976205 0.059260895922304178 -0.021613061750067934
leaf_weight=255 185 109 109 715 50 115 143 148 52 106 67 156 189 58 127 51 60 67 85 306 51 93 72 124 52 56 329 146 368 70 61 76 153 90 81 67 70 368 60 181 78 67 59 63 306 53 102 65 114 96 253 71 56 291 50 250 77 51 136 77 136 100
leaf_count=255 185 109 109 715 50 115 143 148 52 106 67 156 189 58 127 51 60 67 85 306 51 93 72 124 52 56 329 146 368 70 61 76 153 90 81 67 70 368 60 181 78 67 59 63 306 53 102 65 114 96 253 71 56 291 50 250 77 51 136 77 136 100
internal_value=7.72501e-05 -0.0432748 0.0646683 -0.0736349 0.0990246 0.115564 -0.0933227 -0.014683 0.032242 0.0565882 0.130289 -0.0197404 -0.0115197 -0.0665137 -0.109652 0.180752 0.112497 0.190282 0.0934598 0.0166516 0.0562935 0.0531073 0.107548 0.0633402 0.12482 0.153714 0.00934819 -0.0529037 0.0276241 -0.0890618 -0.0241786 0.0890782 0.0350661 0.0944626 0.125065 0.219882 0.249729 -0.044195 -0.029598 -0.0374063 0.0425806 -0.139823 -0.128514 -0.0322517 -0.0271898 -0.0054594 -0.0162222 -0.0253746 -0.0432123 0.0634827 -0.108669 -0.0449639 0.0500062 -0.0483573 0.118215 0.0637375 0.0512912 0.161514 0.0219591 -0.0168519 -0.00221444 0.0250457
internal_weight=8272 4950 3322 2400 1612 1184 1716 2550 1710 828 186 2402 2044 358 1221 298 110 119 886 799 257 428 693 196 497 273 882 495 553 213 684 224 642 183 217 188 137 429 1245 1056 193 506 439 996 933 461 408 282 300 172 312 217 489 472 101 383 327 132 245 191 542 236
internal_count=8272 4950 3322 2400 1612 1184 1716 2550 1710 828 186 2402 2044 358 1221 298 110 119 886 799 257 428 693 196 497 273 882 495 553 213 684 224 642 183 217 188 137 429 1245 1056 193 506 439 996 933 461 408 282 300 172 312 217 489 472 101 383 327 132 245 191 542 236
is_linear=0
shrinkage=0.03


Tree=26
num_leaves=63
num_cat=0
split_feature=111 8 8 111 100 8 111 8 8 8 8 8 109 111 260 31 111 87 65 112 46 33 116 35 48 111 8 256 111 177 187 9 190 78 23 111 8 111 109 36 255 104 130 186 73 149 8 110 273 196 8 8 31 129 8 8 116 88 245 238 8 127
split_gain=24558.9 12241.9 11719.6 7534.85 4036.54 3425.67 2864.8 2521.79 2518.24 2471.9 2266.55 1771.74 2377.51 2360.84 1293.86 1274.57 1187.54 1175.74 1083.42 940.865 912.65 897.471 824.139 796.494 852.368 763.437 743.973 736.966 687.208 672.098 668.137 616.497 611.037 516.667 504.977 820.302 501.194 497.081 582.943 671.6 494.586 475.465 445.106 454.186 444.117 430.083 429.559 424.301 410.697 408.78 406.863 375.962 346.812 340.49 351.921 335.363 333.901 502.029 329.652 326.99 321.178 602.414
threshold=0.27934552729129797 70.500000000000014 65.500000000000014 0.23553323745727542 9.5000000000000018 45.500000000000007 0.31605799496173864 98.500000000000014 51.500000000000007 51.500000000000007 87.500000000000014 80.500000000000014 27.500000000000004 0.24336075037717822 10.500000000000002 297.50000000000006 0.20530383288860324 27.500000000000004 0.77154013514518749 0.42563724517822271 33.500000000000007 0.25734096765518194 0.12135372683405878 0.52876573801040661 0.99124085903167736 0.26103179156780248 37.500000000000007 0.053197510540485389 0.33971422910690313 0.18019481003284457 4.5000000000000009 61.500000000000007 1.0000000180025095e-35 97.500000000000014 6.5000000000000009 0.36749699711799627 63.500000000000007 0.21676707267761233 24.500000000000004 0.76868489384651195 0.069971442222595229 1.0000000180025095e-35 4.5000000000000009 2.5000000000000004 1.5000000000000002 66.500000000000014 71.500000000000014 11.500000000000002 0.32373654842376715 0.12158167362213136 39.500000000000007 92.500000000000014 81.500000000000014 49.500000000000007 72.500000000000014 81.500000000000014 0.037175234407186515 8.5000000000000018 4.5000000000000009 18.500000000000004 90.500000000000014 13.500000000000002
decision_type=2 2 2 2 2 2 2 2 2 2 2 2 2 2 2 2 2 2 2 2 2 2 2 2 2 2 2 2 2 2 2 2 2 2 2 2 2 2 2 2 2 2 2 2 2 2 2 2 2 2 2 2 2 2 2 2 2 2 2 2 2 2
left_child=2 4 3 9 17 -6 10 29 20 16 55 13 -13 15 31 42 50 23 22 36 -5 -22 27 24 30 -10 -18 -14 -9 34 40 32 -7 -30 -8 58 41 38 -11 44 -2 -16 43 56 48 -26 -17 -12 -40 -20 -1 -49 -52 -15 -55 -3 -4 -58 -36 -54 61 -31
right_child=1 6 11 8 5 14 7 28 25 37 47 12 18 53 19 46 26 -19 49 -21 21 -23 -24 -25 45 -27 -28 -29 33 60 -32 -33 -34 -35 35 -37 -38 -39 39 -41 -42 -43 -44 -45 -46 -47 -48 51 -50 -51 52 -53 59 54 -56 -57 57 -59 -60 -61 -62 -63
leaf_value=-0.0083766276488084178 0.019742651570948861 0.029735738547662129 -0.042233118630784494 0.0098147149187597354 0.37129714846961637 0.12356506451087838 0.045477614537244894 -0.09517841520001101 0.0022532847275241025 -0.049232902786370075 -0.029645899169622583 -0.051737370294743568 -0.21512822408671095 -0.0082666541505278194 0.14762996993099267 -0.16190610318116738 0.12035917780867646 0.21790398264830968 -0.17136666390642119 0.28284648049742944 0.10587556848948707 0.21772828592061994 -0.17266113290373161 -0.010351359863230521 0.010809498659294585 0.066110339201986779 0.011303964058386868 -0.37746514964103695 0.039634636211732438 0.026852000461851089 0.19161444724890692 0.15789255951921785 -0.022910869395217068 -0.067853443354711315 0.040430143908146886 0.216884903049469 0.11777140031713958 -0.047258549994359925 -0.19889467774210748 -0.042430185595281666 0.13263364715928053 0.25664089990407229 -0.16756758858417642 -0.0412620845475258 -0.069014325775206081 0.10721819713711739 -0.28126083160346405 -0.06277971156598891 -0.11734867812845651 -0.05928048822455681 -0.012168337434693239 -0.14226108640863383 -0.08045804312473917 -0.035296654115891321 -0.089252232982826071 -0.017320580350700766 -0.15624821194344096 -0.054648149694715223 0.12395887425008986 -0.028441149636599456 0.0073872561132554537 0.11607439279343987
leaf_weight=456 61 428 51 54 84 50 81 82 466 177 93 144 58 170 77 70 69 52 73 92 195 99 97 93 137 263 289 54 136 138 86 92 51 56 61 74 108 305 110 90 82 79 86 116 71 59 52 101 126 51 199 120 273 260 189 199 161 62 150 183 96 135
leaf_count=456 61 428 51 54 84 50 81 82 466 177 93 144 58 170 77 70 69 52 73 92 195 99 97 93 137 263 289 54 136 138 86 92 51 56 61 74 108 305 110 90 82 79 86 116 71 59 52 101 126 51 199 120 273 260 189 199 161 62 150 183 96 135
internal_value=8.06529e-05 0.0659331 -0.0404855 -0.00855308 0.141152 0.193285 0.0194804 0.0545719 0.0571147 -0.0386856 -0.0181649 -0.105005 -0.154058 -0.0856677 0.165423 -0.128146 -0.0148552 0.0830189 -0.198017 0.199407 0.123393 0.144151 -0.239876 0.0690845 0.0864505 0.0253499 0.0325997 -0.296046 -0.0230455 0.0834988 0.125666 0.102033 0.0501025 0.00809481 0.112316 0.131087 0.169372 -0.0784493 -0.0949117 -0.115102 0.0849489 0.204117 -0.105571 -0.091506 -0.1362 0.0402274 -0.214652 -0.0838217 -0.156036 -0.12611 -0.0301623 -0.106383 -0.0452932 -0.0444902 -0.0581563 0.014797 -0.11255 -0.128371 0.100115 -0.0596908 0.0546895 0.0712356
internal_weight=8272 3153 5119 3425 1203 633 1950 1009 1077 2348 941 1694 477 1217 549 598 1469 570 333 356 348 294 209 518 425 729 358 112 274 735 229 193 101 192 366 285 264 879 574 397 143 156 476 390 307 196 122 314 236 124 1111 221 655 619 449 627 274 223 211 456 369 273
internal_count=8272 3153 5119 3425 1203 633 1950 1009 1077 2348 941 1694 477 1217 549 598 1469 570 333 356 348 294 209 518 425 729 358 112 274 735 229 193 101 192 366 285 264 879 574 397 143 156 476 390 307 196 122 314 236 124 1111 221 655 619 449 627 274 223 211 456 369 273
is_linear=0
shrinkage=0.03


Tree=27
num_leaves=63
num_cat=0
split_feature=111 8 8 111 100 8 231 8 8 89 8 260 111 87 111 109 8 194 111 3 111 46 33 8 111 8 111 100 35 49 104 8 111 258 9 190 271 100 10 111 245 216 111 150 165 80 178 8 78 13 145 8 8 8 8 111 57 127 8 32 94 118
split_gain=23123.2 11527.9 11054.8 6945 3800.3 3225.58 2803.48 2752.99 2640.86 1468.18 1346.45 1218.1 1120.63 1107.74 1083.94 1641.48 1276.83 1239.21 1064.21 988.409 880.547 859.075 845.205 792.51 784.091 777.116 903.365 858.266 749.993 743.555 710.047 674.021 633.269 596.398 580.295 575.62 568.999 568.832 566.36 554.794 550.612 561.803 543.79 585.269 526.762 511.732 507.156 501.121 491.913 488.448 457.733 472.507 450.932 433.103 403.039 383.391 360.67 356.972 352.233 347.487 340.102 365.936
threshold=0.27934552729129797 70.500000000000014 67.500000000000014 0.23553323745727542 9.5000000000000018 45.500000000000007 0.31866537034511572 51.500000000000007 51.500000000000007 137.50000000000003 87.500000000000014 10.500000000000002 0.20670914649963382 27.500000000000004 0.24789856374263766 18.500000000000004 86.500000000000014 0.6067393720149995 0.32363522052764898 71.500000000000014 0.26103179156780248 33.500000000000007 0.25734096765518194 74.500000000000014 0.31719042360782629 96.500000000000014 0.31271257996559149 9.5000000000000018 0.52876573801040661 93.500000000000014 1.0000000180025095e-35 37.500000000000007 0.30449178814888006 37.500000000000007 61.500000000000007 1.0000000180025095e-35 0.21073190867900851 4.5000000000000009 42.500000000000007 0.36593337357044226 3.5000000000000004 0.11647287011146547 0.21676707267761233 6.5000000000000009 7.5000000000000009 15.500000000000002 30.500000000000004 98.500000000000014 97.500000000000014 67.500000000000014 47.500000000000007 73.500000000000014 84.500000000000014 84.500000000000014 39.500000000000007 0.30992957949638372 6.5000000000000009 13.500000000000002 59.500000000000007 3.5000000000000004 0.77000313997268688 20.500000000000004
decision_type=2 2 2 2 2 2 2 2 2 2 2 2 2 2 2 2 2 2 2 2 2 2 2 2 2 2 2 2 2 2 2 2 2 2 2 2 2 2 2 2 2 2 2 2 2 2 2 2 2 2 2 2 2 2 2 2 2 2 2 2 2 2
left_child=2 4 3 8 13 -6 10 21 12 14 24 34 54 28 15 -4 50 23 47 30 58 -5 -23 56 -3 26 53 -28 37 -25 49 -14 -32 -19 35 -7 -35 -2 40 52 -39 45 43 60 -38 -42 -45 55 -27 -13 -16 -52 57 -8 -1 -12 -17 -29 -9 -56 61 -10
right_child=1 6 9 7 5 11 25 20 42 -11 18 19 31 -15 16 17 -18 33 -20 -21 -22 22 -24 29 -26 48 27 39 -30 -31 32 -33 -34 36 -36 -37 44 38 -40 -41 41 -43 -44 46 -46 -47 -48 -49 -50 -51 51 -53 -54 -55 59 -57 -58 -59 -60 -61 -62 -63
leaf_value=-0.0074336792135050169 0.017167913383277861 -0.00018936262948385051 -0.031054163615311117 0.009525627744807438 0.36028927826180174 0.11993079963852377 0.043814705111593188 0.021480036256512767 -0.022697166164179102 -0.22068162138660236 -0.086417999876191809 0.17505423562601208 0.11989174944506241 0.21149020469413612 -0.0042139176789509208 -0.19949638317371235 -0.16316022844652511 -0.044267268329858778 0.0022304188933427614 0.27641776746695806 0.060033349540859163 0.10271550682126258 0.21126175588667392 -0.32452919941395519 0.086832970820367339 0.034858854481152127 0.015535369466230707 0.06921254494227469 -0.010044123264069253 -0.16862811570104799 0.14919615739408662 0.012634737865746695 0.29079562265958103 -0.19573608606207099 0.15320671800644167 -0.022236760614010004 -0.14780208033773132 0.015465237626007626 0.16980351646031649 0.16997062243587147 0.213921264231205 0.028504030373361373 -0.047038170562563354 -0.13404390346044645 -0.048327555852931935 0.085322740082779236 -0.034506886087890182 -0.152187528732419 -0.077256530824684061 0.060931934248656033 -0.032360716084376934 -0.097707798244183824 0.050289432324034024 -0.053754165712392554 -0.0013822860077387937 -0.00046248436270451002 -0.095869792327284806 0.16370198838736699 -0.027484932734945362 -0.055043742970643302 0.0076083581873940091 -0.10623351987288164
leaf_weight=463 91 417 141 54 84 50 180 252 73 96 165 63 64 52 137 57 111 95 218 96 302 195 99 63 119 104 102 63 93 56 67 281 55 87 92 51 105 83 83 112 54 53 331 312 90 61 55 74 52 75 186 217 136 52 137 65 71 91 276 524 53 136
leaf_count=463 91 417 141 54 84 50 180 252 73 96 165 63 64 52 137 57 111 95 218 96 302 195 99 63 119 104 102 63 93 56 67 281 55 87 92 51 105 83 83 112 54 53 331 312 90 61 55 74 52 75 186 217 136 52 137 65 71 91 276 524 53 136
internal_value=7.87044e-05 0.0639773 -0.0392839 -0.0107306 0.13697 0.187555 0.0188996 0.0490191 -0.0397159 -0.107348 -0.0141272 0.160518 -0.0144095 0.0805635 -0.0995139 -0.123765 -0.07087 -0.144631 -0.0483777 0.193492 0.0192674 0.11972 0.139859 -0.196996 0.0192566 0.0580445 0.0709202 0.0934389 0.0670381 -0.253181 0.161932 0.0328207 0.214877 -0.109892 0.0990123 0.048629 -0.131765 0.0838895 0.101963 0.113118 0.0789444 0.110029 -0.0783845 -0.0947791 -0.102372 0.147032 -0.119261 -0.0845573 -0.00276698 0.113916 -0.0516327 -0.0677024 0.0906524 0.021809 -0.0289226 -0.0622334 -0.143205 0.125743 -0.00411886 -0.0439407 -0.0601625 -0.0773028
internal_weight=8272 3153 5119 3607 1203 633 1950 1178 2429 1512 1058 549 1469 570 1416 765 651 624 522 356 830 348 294 247 536 892 736 504 518 119 260 345 122 377 193 101 282 425 334 402 251 168 960 629 195 115 367 304 156 138 540 403 290 232 1124 230 128 154 528 661 262 209
internal_count=8272 3153 5119 3607 1203 633 1950 1178 2429 1512 1058 549 1469 570 1416 765 651 624 522 356 830 348 294 247 536 892 736 504 518 119 260 345 122 377 193 101 282 425 334 402 251 168 960 629 195 115 367 304 156 138 540 403 290 232 1124 230 128 154 528 661 262 209
is_linear=0
shrinkage=0.03


Tree=28
num_leaves=63
num_cat=0
split_feature=111 231 231 149 32 267 111 174 31 13 129 131 6 217 9 111 116 177 4 6 30 78 229 231 2 277 131 106 111 159 7 271 111 214 270 231 140 43 209 1 33 270 52 141 92 174 43 212 174 111 251 2 66 98 114 198 266 235 34 61 178 45
split_gain=21771.4 5949.19 4106.26 2631.52 1872.35 1630.56 1574.09 1179.89 982.386 1110.18 955.748 983.124 942.002 843.623 751.238 723.089 698.872 657.805 636.918 787.708 619.198 612.319 575.996 614.88 552.045 551.561 533.957 518.963 515.833 497.774 481.813 474.705 472.317 462.49 546.47 458.782 508.584 427.043 425.915 425.118 421.466 418.68 416.266 429.542 413.204 409.374 408.251 400.757 395.838 395.4 394.785 393.176 501.114 383.953 493.041 437.109 382.479 377.537 370.49 363.452 362.815 448.142
threshold=0.27934552729129797 0.2314560413360596 0.33589744567871099 283.50000000000006 9.5000000000000018 19.500000000000004 0.23345498740673068 0.72741347551345836 82.500000000000014 70.500000000000014 48.500000000000007 0.34307037293910986 46.500000000000007 0.17165178805589679 71.500000000000014 0.19023809581995013 0.025320513173937801 0.14495798945426944 72.500000000000014 53.500000000000007 23.500000000000004 100.50000000000001 7.5000000000000009 0.1679487228393555 78.500000000000014 0.17108014225959781 0.31273855268955236 7.5000000000000009 0.35505092144012457 1.5000000000000002 61.500000000000007 0.13373984396457675 0.32270763814449316 0.66899478435516369 5.5000000000000009 0.28452381491661077 42.500000000000007 0.8169856369495393 52.500000000000007 28.500000000000004 0.27794221043586737 4.5000000000000009 2.5000000000000004 7.5000000000000009 0.35946278274059301 0.97440809011459362 0.57417583465576183 0.32772752642631536 1.1195611357688906 0.24789856374263766 0.25472371280193334 65.500000000000014 0.10268392041325571 25.500000000000004 0.90071058273315441 59.500000000000007 8.5000000000000018 0.15849281847476962 0.32808366417884832 3.5000000000000004 28.500000000000004 143.50000000000003
decision_type=2 2 2 2 2 2 2 2 2 2 2 2 2 2 2 2 2 2 2 2 2 2 2 2 2 2 2 2 2 2 2 2 2 2 2 2 2 2 2 2 2 2 2 2 2 2 2 2 2 2 2 2 2 2 2 2 2 2 2 2 2 2
left_child=1 4 3 5 16 20 60 13 -4 10 11 30 -7 15 17 -6 -1 40 19 27 29 45 -15 56 50 -19 -26 -8 -16 -2 59 -9 -22 -33 -35 36 37 -21 -17 -34 -11 -14 -29 -44 -27 -5 -31 -23 -20 51 -12 -18 -53 -48 58 -56 -24 -25 -55 -10 61 -3
right_child=2 6 8 21 7 12 18 31 9 14 24 -13 41 22 28 38 49 25 48 35 32 47 23 57 26 44 -28 42 -30 46 -32 33 39 34 -36 -37 -38 -39 -40 -41 -42 -43 43 -45 -46 -47 53 -49 -50 -51 -52 52 -54 54 55 -57 -58 -59 -60 -61 -62 -63
leaf_value=0.0023903711403756014 -0.031499672484094812 -0.089628662549000676 0.043399173360010347 -0.027982328390103898 -0.22019783255245004 0.22717340404024491 -4.1016547576240872e-06 0.032886364407939454 0.24985719100425119 0.16461490376073806 0.084400112499673691 0.30503931868534823 0.15115793264964045 -0.038903585425034394 0.095429027995094645 -0.048958215415477749 -0.041052972801388581 -0.057097511167748499 -0.031204505539254364 0.058153811993688576 -0.018286145803784685 -0.13752522284084037 -0.10549104067704997 -0.084712422827627351 -0.013947989344596862 0.10021788054783093 0.10785491674261934 0.040193648506175066 0.20841963170333341 0.032928123170844981 0.096504591180011617 -0.12075025285310718 0.11383971622458805 -0.059409844949342573 0.046170849742367862 0.036161559789689428 -0.054839750119625663 -0.033674804171571482 -0.15447566612981831 -0.0030207386972116571 0.057825797733206008 0.038694044164940711 0.18354440819181037 0.078881350486257745 -7.200596471355386e-05 0.059690556858406692 0.023684301786124705 -0.030856430895290658 0.054574334363816146 0.011879185950802115 0.16851929282590949 -0.13536152554851658 -0.054555937094964847 0.033645298265312845 0.19927543818418469 0.092326703486591569 -0.18015770517289637 -0.019997879094079782 0.11260102191141673 0.13454140612539253 0.0091638154680417343 -0.028525087627892218
leaf_weight=310 58 162 217 223 83 64 68 72 56 60 82 51 50 196 119 64 650 58 270 111 237 68 525 287 52 75 84 84 54 327 79 68 56 167 59 416 138 76 77 55 77 74 63 85 72 60 100 60 58 88 145 105 206 151 55 99 72 114 83 52 120 325
leaf_count=310 58 162 217 223 83 64 68 72 56 60 82 51 50 196 119 64 650 58 270 111 237 68 525 287 52 75 84 84 54 327 79 68 56 167 59 416 138 76 77 55 77 74 63 85 72 60 100 60 58 88 145 105 206 151 55 99 72 114 83 52 120 325
internal_value=7.95955e-05 -0.0381151 0.0620824 0.0327541 -0.0637521 0.0522296 0.00267444 -0.083961 0.102071 0.11343 0.141183 0.188096 0.134272 -0.0963557 0.0808315 -0.149902 -0.0371811 0.0547944 0.0205016 0.0319805 0.0394978 -0.0339767 -0.0861931 -0.0954322 0.109993 0.0205949 0.0615213 0.072913 0.131693 0.0529734 0.15475 -0.0358084 0.00563782 -0.052686 -0.0317648 0.0153328 -0.0113572 0.0208525 -0.107263 0.0564259 0.105449 0.0848889 0.0941936 0.124367 0.0514277 -0.00924971 0.0590162 -0.088151 -0.0159165 -0.0488663 0.138636 -0.0544354 -0.082184 0.0763942 0.0898835 0.131562 -0.114782 -0.0664103 0.0620109 0.196078 -0.0374997 -0.0489931
internal_weight=8272 5119 3153 1820 3143 1409 1976 1784 1333 1116 601 238 188 1418 515 224 1359 342 1369 1041 1221 411 1194 998 363 205 136 300 173 873 187 366 348 294 226 741 325 187 141 111 137 124 232 148 147 283 815 128 328 1049 227 961 311 488 388 154 597 401 234 108 607 487
internal_count=8272 5119 3153 1820 3143 1409 1976 1784 1333 1116 601 238 188 1418 515 224 1359 342 1369 1041 1221 411 1194 998 363 205 136 300 173 873 187 366 348 294 226 741 325 187 141 111 137 124 232 148 147 283 815 128 328 1049 227 961 311 488 388 154 597 401 234 108 607 487
is_linear=0
shrinkage=0.03


Tree=29
num_leaves=63
num_cat=0
split_feature=171 8 111 111 8 111 111 109 111 8 8 229 31 111 8 8 111 31 111 8 217 111 62 111 111 229 151 111 8 111 45 178 256 8 3 139 171 60 236 8 8 8 6 39 8 8 14 277 178 65 267 8 234 8 149 78 92 62 113 33 45 150
split_gain=20617.9 5701.42 6590.01 4749.44 3456.15 3995.55 3011.46 2157.19 1777.17 1774.4 1754.78 1913.3 1695.15 1772.23 1501.84 1401.05 1348.55 1648.85 1348.39 1267.78 1205.78 1090.2 1068.07 1049.65 884.877 810.54 758.291 725.481 642.17 639.801 584.764 578.471 569.395 910.106 565.543 549.14 511.913 577.407 499.686 491.259 468.208 448.444 448.421 453.002 448.284 431.004 430.698 535.662 425.943 405.77 392.677 388.314 382.444 377.691 377.188 369.241 367.227 359.826 348.227 343.303 341.676 338.441
threshold=0.28801843523979193 62.500000000000007 0.23697775602340701 0.26336190104484564 59.500000000000007 0.25568476319313055 0.26483158767223364 19.500000000000004 0.33227176964282995 84.500000000000014 42.500000000000007 16.500000000000004 133.50000000000003 0.21466974169015887 85.500000000000014 80.500000000000014 0.30449178814888006 93.500000000000014 0.29526825249195104 45.500000000000007 0.17165178805589679 0.30195011198520666 0.30247858166694647 0.34597411751747137 0.20530383288860324 10.500000000000002 0.2659753561019898 0.26046043634414678 70.500000000000014 0.20806276798248294 132.50000000000003 27.500000000000004 0.13840996474027636 42.500000000000007 66.500000000000014 19.500000000000004 0.18301435559988025 21.500000000000004 0.11715686321258546 74.500000000000014 50.500000000000007 67.500000000000014 52.500000000000007 0.32080516219139105 100.50000000000001 92.500000000000014 62.500000000000007 0.2722859680652619 26.500000000000004 0.84805405139923107 15.500000000000002 92.500000000000014 0.62569367885589611 74.500000000000014 119.50000000000001 104.50000000000001 0.32133604586124426 0.27461755275726324 0.29948453605175024 0.2449273690581322 211.50000000000003 9.5000000000000018
decision_type=2 2 2 2 2 2 2 2 2 2 2 2 2 2 2 2 2 2 2 2 2 2 2 2 2 2 2 2 2 2 2 2 2 2 2 2 2 2 2 2 2 2 2 2 2 2 2 2 2 2 2 2 2 2 2 2 2 2 2 2 2 2
left_child=1 2 19 12 5 24 53 46 25 21 11 -4 42 20 16 41 28 -18 51 29 -14 -5 -10 50 -2 -9 40 -12 -8 -1 56 34 33 -27 -22 -29 37 -21 -23 48 -26 -15 43 -3 57 -20 -7 -48 -32 61 -16 -11 54 -6 -39 -44 -19 -25 -56 -38 -47 -43
right_child=4 3 10 9 6 7 14 8 22 18 27 -13 13 15 23 -17 17 30 45 36 31 38 -24 44 26 32 -28 35 -30 -31 39 -33 -34 -35 -36 -37 59 52 -40 -41 -42 49 55 -45 -46 60 47 -49 -50 -51 -52 -53 -54 -55 58 -57 -58 -59 -60 -61 -62 -63
leaf_value=-0.017753402973017789 -0.043657192220234058 -0.1675154711958021 0.069352776627224597 -0.0097367488089605356 -0.041814524169631988 0.011453000411044719 0.067639206100255256 0.056683075122244943 0.20139078174318586 -0.099412075040945361 0.014238607458966343 0.28843190849744355 -0.33112971188887108 -0.042338994943016871 -0.011777750386744237 -0.19579741121511759 0.010949947302508506 0.021605699705098992 0.012433069134063094 0.0017343067344174617 -0.25047095549257492 0.036112974183900012 0.37885266178184085 0.021596517887982454 0.064708820197878311 0.30276008626589407 0.1493468432687223 0.058446040607523175 0.0023775821001219902 0.054522890253642264 0.23331711766590554 -0.078868858769254868 0.090013967080284724 0.15607610572283789 -0.11821887735850536 0.15837168007404268 -0.050451519365749313 -0.068167377821435879 0.15865849865807427 0.11313022754627924 -0.019487915303634137 -0.064116501475309395 -0.033916004738410201 -0.045767599361784317 0.0067420390672210994 -0.0041511889844649021 0.16593963638732306 0.035094833487066726 0.12666310602968389 -0.035791490104661053 -0.096667466844831199 -0.19507271242769142 -0.029560688526835289 -0.13181407808173787 -0.17340468813855964 -0.12114704819286569 0.10911435618996619 0.11767617820102033 -0.094083796706288414 0.0038778603964005104 -0.083022425454437832 -0.13978516695173041
leaf_weight=757 109 63 82 487 185 85 259 76 83 133 265 64 52 162 223 126 156 66 136 80 78 69 53 54 151 51 61 191 284 128 82 52 68 168 51 67 301 223 53 194 97 76 317 50 115 76 56 57 65 66 62 56 95 54 82 50 127 102 140 160 141 200
leaf_count=757 109 63 82 487 185 85 259 76 83 133 265 64 52 162 223 126 156 66 136 80 78 69 53 54 151 51 61 191 284 128 82 52 68 168 51 67 301 223 53 194 97 76 317 50 115 76 56 57 65 66 62 56 95 54 82 50 127 102 140 160 141 200
internal_value=8.31309e-05 -0.0369908 -0.00621326 -0.0694929 0.0605759 0.102987 0.0372191 0.14692 0.180142 -0.0247413 0.0750489 0.166696 -0.1078 -0.132944 0.0505837 -0.106497 0.0690297 0.0968435 -0.0641729 -0.0338896 -0.203694 0.0103999 0.272809 0.00962705 0.029554 0.144769 0.0554369 0.0491954 0.0335732 -0.00725014 0.121869 -0.165465 0.167817 0.191456 -0.199497 0.084907 -0.0556722 -0.0734706 0.090207 0.145572 0.031831 -0.0838279 -0.0624094 -0.114519 0.0518034 -0.0293941 0.0627086 0.100825 0.187332 -0.1033 -0.0305184 -0.128633 -0.0845947 -0.0626136 -0.0962509 -0.0460973 0.0794547 0.0847672 -0.124029 -0.0316278 -0.0555451 -0.119256
internal_weight=8272 5129 2635 2494 3143 1115 2028 697 499 1151 669 146 1343 863 1789 630 1233 690 542 1966 233 609 136 556 418 363 309 523 543 885 534 181 287 219 129 258 1081 620 122 341 248 504 480 113 271 353 198 113 147 342 285 189 540 239 445 367 193 156 222 461 217 276
internal_count=8272 5129 2635 2494 3143 1115 2028 697 499 1151 669 146 1343 863 1789 630 1233 690 542 1966 233 609 136 556 418 363 309 523 543 885 534 181 287 219 129 258 1081 620 122 341 248 504 480 113 271 353 198 113 147 342 285 189 540 239 445 367 193 156 222 461 217 276
is_linear=0
shrinkage=0.03


Tree=30
num_leaves=63
num_cat=0
split_feature=111 8 8 111 100 8 231 8 8 8 109 111 8 260 129 111 65 111 3 100 8 261 46 33 8 111 20 111 104 111 8 32 112 111 212 9 65 27 229 231 8 77 8 12 111 92 64 13 111 20 33 187 111 237 111 272 186 208 279 29 35 129
split_gain=19446.8 10086 9754.12 6010.28 3396.93 2868.38 2375.22 2067.62 2061.28 1481.04 2104.94 1963.59 1183.3 1114.79 1088.41 1074.79 984.285 946.888 924.706 795.051 975.314 1081.04 792.693 782.298 691.798 784.676 877.127 678.276 659.869 613.145 597.87 588.809 587.4 564.337 543.117 542.854 529.47 609.464 527.92 490.769 477.29 462.964 458.909 458.235 456.554 455.858 452.373 446.961 385.871 428.672 535.34 399.187 356.614 350.076 350.014 346.057 342.538 321.859 314.054 302.173 299.964 295.52
threshold=0.27934552729129797 70.500000000000014 65.500000000000014 0.23553323745727542 9.5000000000000018 45.500000000000007 0.31866537034511572 51.500000000000007 45.500000000000007 80.500000000000014 27.500000000000004 0.24336075037717822 87.500000000000014 10.500000000000002 88.500000000000014 0.20806276798248294 0.77154013514518749 0.32363522052764898 71.500000000000014 4.5000000000000009 51.500000000000007 2.5000000000000004 33.500000000000007 0.25734096765518194 96.500000000000014 0.3215534389019013 104.50000000000001 0.30195011198520666 1.0000000180025095e-35 0.26103179156780248 57.500000000000007 5.5000000000000009 0.32663163542747503 0.30449178814888006 0.38253450393676763 61.500000000000007 0.77526786923408519 58.500000000000007 17.500000000000004 0.30690738558769232 84.500000000000014 0.99095004796981823 98.500000000000014 62.500000000000007 0.36188553273677831 0.31591360270977026 0.51554444432258617 67.500000000000014 0.20670914649963382 87.500000000000014 0.25260238349437719 6.5000000000000009 0.36749699711799627 0.18581292778253558 0.30992957949638372 0.29874089360237127 2.5000000000000004 3.5000000000000004 215.50000000000003 58.500000000000007 0.38401031494140631 49.500000000000007
decision_type=2 2 2 2 2 2 2 2 2 2 2 2 2 2 2 2 2 2 2 2 2 2 2 2 2 2 2 2 2 2 2 2 2 2 2 2 2 2 2 2 2 2 2 2 2 2 2 2 2 2 2 2 2 2 2 2 2 2 2 2 2 2
left_child=2 4 3 8 19 -6 12 22 15 11 -11 14 27 35 36 60 32 42 28 -2 21 45 -5 -24 25 40 -27 -3 47 -9 48 -32 -12 -30 39 53 37 41 -39 -22 -8 -4 54 -17 -26 -21 -18 -15 49 -10 51 57 -28 -7 -14 -33 -38 -51 -59 -19 -1 -13
right_child=1 6 9 7 5 13 24 29 30 10 16 61 17 18 -16 43 46 59 -20 20 34 -23 23 -25 44 26 52 -29 33 -31 31 55 -34 -35 -36 -37 56 38 -40 -41 -42 -43 -44 -45 -46 -47 -48 -49 -50 50 -52 -53 -54 -55 -56 -57 -58 58 -60 -61 -62 -63
leaf_value=-0.030668040792159377 0.0067125530966690604 -0.010749261638624094 -0.039947252219471215 0.0060315570465543054 0.33764901543364806 0.096355406517843509 0.05129941045514945 0.0022830119436682548 -0.016654644327999624 -0.043493903124640722 -0.27995433394070507 -0.0059128426866638557 -0.081867126737193874 0.16259824728593231 -0.20563487213324097 0.13545153695717452 -0.060975420967951208 0.036582412311958301 0.26094067749288896 0.14311053954637967 0.0095622828744706644 0.2162561103028636 0.095465021462806929 0.19982884638682005 -0.061235597933655683 0.0050774275442195486 0.091209935951287499 0.057736064500735894 0.13938460570924421 0.059511000733949576 -0.016347134940583128 -0.13222073928056721 -0.17434336256980895 0.27298213164721213 -0.024486601771786808 0.14288655015730087 -0.092021130621433245 -0.11831957568973302 -0.24473101217013141 0.11444076375728068 -0.031371231401692436 -0.12901141795245086 -0.14482818488962948 0.032569204812221551 0.041286953153281375 0.022665705922991036 -0.17735024968060581 0.053564538294939616 -0.01986879021978219 -0.15752593609475599 -0.0089402840812746655 -0.036465190554721444 0.15849814310876861 -0.014568592204767115 0.00025100715966387227 -0.072047556656965245 -0.002808206407991174 -0.12108308792114258 -0.024182447431718601 -0.033739108038263035 0.0064069169564699782 -0.052378664129885143
leaf_weight=514 125 316 103 54 84 51 227 466 147 144 90 170 165 63 101 54 70 110 96 51 62 92 195 99 70 85 231 220 67 263 86 187 119 55 63 92 83 79 51 114 86 109 74 137 86 63 54 75 355 96 82 78 107 50 65 168 72 77 50 108 317 449
leaf_count=514 125 316 103 54 84 51 227 466 147 144 90 170 165 63 101 54 70 110 96 51 62 92 195 99 70 85 231 220 67 263 86 187 119 55 63 92 83 79 51 114 86 109 74 137 86 63 54 75 355 96 82 78 107 50 65 168 72 77 50 108 317 449
internal_value=8.24662e-05 0.0586816 -0.0360155 -0.00688381 0.126956 0.174779 0.0165177 0.0517652 -0.033796 -0.0948764 -0.139722 -0.077199 -0.0138813 0.14929 -0.115938 -0.00177151 -0.18108 -0.0459893 0.180822 0.0736356 0.092377 0.140117 0.111822 0.131166 0.0525491 0.0646976 0.0913093 0.0174156 0.150354 0.0229823 -0.0584586 -0.0870039 -0.220938 0.201343 0.0508165 0.0904945 -0.0973336 -0.118185 -0.169401 0.0777577 0.0285572 -0.0861304 -0.0801164 0.0622103 -0.00481377 0.0773248 -0.112668 0.104152 -0.0441521 -0.0603493 -0.0770328 -0.0954919 0.112916 0.0418381 -0.0587592 -0.104027 -0.0508639 -0.115883 -0.0834202 0.00174925 -0.0165344 -0.0396476
internal_weight=8272 3153 5119 3425 1203 633 1950 1077 2348 1694 477 1217 1058 549 598 1022 333 522 356 570 445 206 348 294 892 736 423 536 260 729 1326 441 209 122 239 193 497 342 130 176 313 212 304 191 156 114 124 138 885 530 383 301 338 101 230 355 155 223 127 218 831 619
internal_count=8272 3153 5119 3425 1203 633 1950 1077 2348 1694 477 1217 1058 549 598 1022 333 522 356 570 445 206 348 294 892 736 423 536 260 729 1326 441 209 122 239 193 497 342 130 176 313 212 304 191 156 114 124 138 885 530 383 301 338 101 230 355 155 223 127 218 831 619
is_linear=0
shrinkage=0.03


Tree=31
num_leaves=63
num_cat=0
split_feature=171 111 111 171 32 140 171 258 2 31 6 234 111 1 31 220 57 38 112 31 13 212 60 49 3 3 276 217 232 32 31 229 238 11 9 207 189 2 216 108 257 69 176 268 209 279 233 1 91 157 2 154 192 204 115 234 244 134 6 101 111 118
split_gain=18321.2 4417.63 2347.06 2277.78 1961.59 1874.79 1279.22 1258.76 1589.38 1060.67 1000.6 910.27 782.841 732.795 677.494 671.17 618.892 741.011 657.561 559.535 694.998 541.285 643.866 508.165 497.947 478.456 478.127 486.487 469.729 468.527 463.789 459.359 452.37 597.139 443.455 613.145 462.99 441.022 427.415 422.833 413.605 413.165 544.42 410.55 401.107 389.423 374.106 358.425 373.009 375.972 348.657 338.621 336.915 377.576 333.87 331.102 316.99 311.934 305.384 304.186 302.651 301.976
threshold=0.30368906259536749 0.27934552729129797 0.25568476319313055 0.20761494338512423 5.5000000000000009 58.500000000000007 0.36939570307731634 71.500000000000014 68.500000000000014 93.500000000000014 43.500000000000007 0.65063023567199718 0.19082633405923846 27.500000000000004 247.50000000000003 5.5000000000000009 7.5000000000000009 0.05889579467475415 0.38829240202903753 206.50000000000003 67.500000000000014 0.38253450393676763 65.500000000000014 83.500000000000014 62.500000000000007 65.500000000000014 0.13660287111997607 0.24544852972030642 0.41612553596496588 17.500000000000004 200.50000000000003 17.500000000000004 36.500000000000007 60.500000000000007 62.500000000000007 17.500000000000004 24.500000000000004 77.500000000000014 0.16561181843280795 11.500000000000002 0.13079115748405459 1.0000000180025095e-35 0.057983193546533592 7.5000000000000009 29.500000000000004 206.50000000000003 0.54653680324554454 26.500000000000004 0.22393125295639041 0.24007873982191089 56.500000000000007 0.63281384110450756 0.43288289010524755 1.0000000180025095e-35 0.21635553240776065 0.65063023567199718 1.0000000180025095e-35 0.90776410698890697 56.500000000000007 2.5000000000000004 0.23697775602340701 34.500000000000007
decision_type=2 2 2 2 2 2 2 2 2 2 2 2 2 2 2 2 2 2 2 2 2 2 2 2 2 2 2 2 2 2 2 2 2 2 2 2 2 2 2 2 2 2 2 2 2 2 2 2 2 2 2 2 2 2 2 2 2 2 2 2 2 2
left_child=1 3 21 4 37 7 13 34 -9 40 -11 14 26 15 25 41 -12 18 -18 20 -19 60 -23 -17 30 38 27 -5 39 -7 43 -16 33 -15 58 36 59 -1 47 -13 -8 -4 -43 50 -42 -22 54 -6 49 -49 61 -27 -21 -54 57 -32 -33 -31 -3 -36 -2 -14
right_child=2 5 6 12 11 29 9 8 -10 10 16 28 24 32 31 23 17 19 -20 52 45 22 -24 -25 -26 51 -28 -29 -30 46 55 56 -34 -35 35 -37 -38 -39 -40 -41 44 42 -44 -45 -46 -47 -48 48 -50 -51 -52 -53 53 -55 -56 -57 -58 -59 -60 -61 -62 -63
leaf_value=-0.0093637441343225585 -0.041012273513221099 0.051957065169558378 0.0038859117091182742 -0.16223195193307613 -0.042905087558319788 0.046031194031238551 0.10924348834313843 0.2287033413812308 0.0077367721366531708 0.21463446432822628 0.041662467211056098 -0.0031024363795568131 0.0080297153751360123 0.10413844431891586 -0.093067653825273738 0.18831116062348649 0.11208991998340934 0.19628911112397907 0.25735602781989358 0.059176301851426971 0.14603331219533394 -0.016187383238706859 0.11736112509408722 0.08747848835497439 -0.03095245806238623 -0.17098577135719267 -0.0042983558885197138 -0.055470976240932938 -0.10727863992253939 -0.050560381124559482 -0.059158545150074043 -0.12777814269965784 -0.042476149553937526 0.022088886584190354 0.026562364691923752 -0.016056551659760408 0.15935439170205165 -0.086938908791542049 -0.0035087485466272373 -0.087941484504365633 0.08091897225986093 0.15691498876907503 0.038232996515724635 0.097548717924598918 -0.014019526147842408 0.039401000197166976 0.033314227540537991 -0.17663500669681526 -0.048676346952958804 -0.088459783746292459 -0.017708952442788684 -0.08962843165185358 0.16338227083359064 0.0646598910419664 -0.097106041152030226 -0.00079155816317429183 -0.21107318639250122 0.033493126372204106 -0.010945159524535288 0.11584295629330402 0.014585307905038531 0.080904430674200653
leaf_weight=550 202 98 123 66 239 64 56 70 50 75 138 238 121 98 319 61 63 99 54 290 57 61 68 181 721 62 66 94 71 182 133 177 71 417 100 72 55 74 98 67 58 51 108 58 124 68 52 63 122 153 182 198 73 70 104 252 58 50 232 52 155 88
leaf_count=550 202 98 123 66 239 64 56 70 50 75 138 238 121 98 319 61 63 99 54 290 57 61 68 181 721 62 66 94 71 182 133 177 71 417 100 72 55 74 98 67 58 51 108 58 124 68 52 63 122 153 182 198 73 70 104 252 58 50 232 52 155 88
internal_value=8.10542e-05 -0.0320364 0.0621308 -0.0462374 -0.064768 0.019304 0.07461 0.0490414 0.137459 0.095758 0.109464 -0.0801674 -0.0203186 0.0512059 -0.0907026 0.0769623 0.10059 0.111029 0.180749 0.0983571 0.136967 0.00214398 0.0545715 0.113565 -0.0127124 -0.0749652 -0.0723668 -0.100244 -0.0383171 -0.0286597 0.00307455 -0.11708 0.0280828 0.0378738 0.0314225 0.0591935 0.0853189 -0.0186877 -0.0614781 -0.0219657 0.0386973 0.0452609 0.0770436 0.0237661 0.0165125 0.0887984 -0.0410665 -0.0713008 -0.0911936 -0.114873 0.0126005 -0.10961 0.0781139 0.115841 -0.0526425 -0.0210557 -0.149143 -0.0323794 0.00783543 0.0576632 -0.0169 0.038953
internal_weight=8272 5451 2821 4270 2489 1181 2335 729 120 1225 987 1865 1781 1110 1489 524 912 774 117 657 224 486 129 242 1555 935 226 160 376 452 834 554 586 515 609 279 207 624 675 305 238 282 159 449 182 125 388 577 338 216 391 260 433 143 336 385 235 232 330 152 357 209
internal_count=8272 5451 2821 4270 2489 1181 2335 729 120 1225 987 1865 1781 1110 1489 524 912 774 117 657 224 486 129 242 1555 935 226 160 376 452 834 554 586 515 609 279 207 624 675 305 238 282 159 449 182 125 388 577 338 216 391 260 433 143 336 385 235 232 330 152 357 209
is_linear=0
shrinkage=0.03


Tree=32
num_leaves=63
num_cat=0
split_feature=171 111 111 149 231 111 148 171 149 31 6 157 236 1 114 3 108 206 230 231 158 1 7 271 4 191 64 247 1 172 231 6 26 135 104 91 126 251 229 64 19 279 113 34 239 116 271 22 269 88 191 31 22 105 62 166 214 87 1 269 233 260
split_gain=17282.6 4065.33 2585.22 1899.12 1707.54 1671.85 1397.28 1129.99 1203.77 1141.26 1384.46 995.626 887.62 1179.42 830.04 747.162 710.026 989.788 662.727 613.904 561.608 585.633 553.194 552.39 522.326 503.327 583.927 497.037 493.652 475.039 454.6 445.595 411.303 463.635 580.658 408.073 407.472 443.293 397.394 584.521 442.507 386.898 433.102 384.352 374.94 357.648 354.98 347.394 345.516 432.559 322.485 355.57 442.192 352.215 320.386 316.555 448.689 311.461 310.338 302.554 291.408 337.136
threshold=0.26201373338699346 0.30269193649291998 0.28015151619911199 69.500000000000014 0.1679487228393555 0.23697775602340701 15.500000000000002 0.35599078238010412 290.50000000000006 93.500000000000014 44.500000000000007 0.3014026433229447 0.31414473056793218 25.500000000000004 0.48410755395889288 59.500000000000007 7.5000000000000009 7.5000000000000009 6.5000000000000009 0.30151516199111944 13.500000000000002 24.500000000000004 44.500000000000007 0.20096153765916827 51.500000000000007 0.27842378616333013 0.52970588207244884 1.5000000000000002 26.500000000000004 0.40967366099357611 0.45993590354919439 66.500000000000014 1.0000000180025095e-35 0.11512971669435502 1.0000000180025095e-35 0.29571340978145605 6.5000000000000009 0.32466214895248419 7.5000000000000009 0.24226475507020953 42.500000000000007 213.50000000000003 0.56316259503364574 0.31996783614158636 2.5000000000000004 0.18616051226854327 0.20818126201629641 98.500000000000014 41.500000000000007 10.500000000000002 0.07275132462382318 191.50000000000003 41.500000000000007 20.500000000000004 0.21635553240776065 7.5000000000000009 0.87693905830383312 26.500000000000004 27.500000000000004 26.500000000000004 0.36425061523914343 10.500000000000002
decision_type=2 2 2 2 2 2 2 2 2 2 2 2 2 2 2 2 2 2 2 2 2 2 2 2 2 2 2 2 2 2 2 2 2 2 2 2 2 2 2 2 2 2 2 2 2 2 2 2 2 2 2 2 2 2 2 2 2 2 2 2 2 2
left_child=2 5 3 28 18 36 11 8 12 25 -11 24 13 22 -6 20 17 35 38 44 59 -22 -3 -15 43 -9 -27 -19 -1 -23 45 50 -25 -34 -35 -12 60 46 -5 -40 -41 42 -29 -4 -17 47 -38 -18 -21 -50 -16 52 -52 -53 -20 -31 -57 -8 -46 -7 61 -2
right_child=1 7 6 4 14 15 57 9 -10 10 16 -13 -14 23 31 19 30 27 54 48 21 29 -24 32 -26 26 -28 41 -30 55 -32 -33 33 34 -36 -37 37 -39 39 40 -42 -43 -44 -45 58 -47 -48 -49 49 -51 51 53 -54 -55 -56 56 -58 -59 -60 -61 -62 -63
leaf_value=0.0059286507179394541 -0.037829722893588685 0.2285325778614391 0.019928869636030865 -0.052488934427559759 -0.14296651422896461 0.05602577268378809 -0.037522496108361662 -0.00024890156090259552 -0.036938626523666335 0.24705933736718219 0.10756797282894452 0.14580325072477845 -0.045956771747608267 -0.032550536745180519 -0.081232801675617403 0.017078702614639136 0.13242922826059933 0.25050707972711983 -0.19170123541606712 0.0070733390208976019 0.1334540693030179 0.023746684834269605 0.10575891612037536 0.0043838718372422297 -0.026028582855763999 0.1306164959005334 0.0029773091238278608 0.11655218507457328 -0.036273602517558172 0.032769996644291158 0.12457352721329891 -0.059203456244989364 0.14761216744192335 -0.0091118070881971158 0.10053818132336202 0.0031908071027560666 -0.094524482140207991 0.060096800679927814 -0.15890666703241213 -0.073453176448439794 -0.1504482242329554 0.093444840806935506 0.23575497064619294 0.12095691727474331 0.0017914642313042201 -0.0014301037060659985 -0.00027221368080595647 0.033137432149522104 0.084354214481642389 0.0026792111588888855 -0.0088950247320751779 -0.08447061991205021 0.084678662124005238 -0.020280299314515533 -0.10439176933942795 0.069585210609063516 0.17600059597399728 0.04217765879105119 -0.067155140922155354 -0.028545579481869934 -0.029382234752799073 -0.14695422184964022
leaf_weight=486 50 54 79 317 68 63 333 119 117 68 89 84 55 58 77 262 57 53 76 173 106 223 92 73 100 87 51 56 511 72 98 481 75 70 113 54 50 72 104 605 76 83 61 59 110 85 122 72 202 82 261 97 54 363 85 99 57 50 125 93 152 53
leaf_count=486 50 54 79 317 68 63 333 119 117 68 89 84 55 58 77 262 57 53 76 173 106 223 92 73 100 87 51 56 511 72 98 481 75 70 113 54 50 72 104 605 76 83 61 59 110 85 122 72 202 82 261 97 54 363 85 99 57 50 125 93 152 53
internal_value=8.276e-05 0.0459221 -0.0409281 -0.0510561 -0.0642712 0.0184765 0.0116638 0.0800569 0.0507195 0.100067 0.118212 0.057635 0.0681356 0.0799286 -0.0414196 0.0328933 0.105505 0.132226 -0.0895669 0.0155037 0.0561064 0.0701749 0.152414 0.0524022 0.026037 0.0450357 0.0838063 0.167862 -0.0157163 0.0550399 0.0712771 -0.0361361 0.0673414 0.0850693 0.058774 0.0684487 -0.029655 -0.00190679 -0.0811186 -0.0925984 -0.0822539 0.144824 0.180172 0.0636815 -0.00757228 0.0464044 -0.0280591 0.0776918 0.0405612 0.0608641 -0.0230592 -0.0171821 0.00736339 -0.03397 -0.146535 0.0854095 0.109341 -0.027035 -0.0350114 0.00574755 -0.056095 -0.0948543
internal_weight=8272 3906 4366 3661 2664 2166 705 1740 707 1033 776 322 590 535 1401 1667 708 396 1263 954 713 557 146 389 238 257 138 253 997 451 312 1333 331 258 183 143 499 244 1102 785 681 200 117 138 497 214 172 129 457 284 852 775 315 460 161 228 156 383 235 156 255 103
internal_count=8272 3906 4366 3661 2664 2166 705 1740 707 1033 776 322 590 535 1401 1667 708 396 1263 954 713 557 146 389 238 257 138 253 997 451 312 1333 331 258 183 143 499 244 1102 785 681 200 117 138 497 214 172 129 457 284 852 775 315 460 161 228 156 383 235 156 255 103
is_linear=0
shrinkage=0.03


Tree=33
num_leaves=63
num_cat=0
split_feature=111 8 8 111 138 8 111 8 8 8 267 100 139 8 8 111 109 111 8 64 234 46 151 191 111 129 232 22 111 13 8 160 78 8 62 111 78 111 131 150 191 106 94 111 106 226 110 56 39 135 8 111 10 63 156 277 118 195 260 37 220 279
split_gain=16295.3 9103.8 8955.82 5095.53 2962.7 3313.52 2181.03 2175.74 2158.05 1964.55 1313.82 1283.14 1219.96 1158.28 928.702 874.981 833.317 1349.4 1006.41 993.516 809.412 730.619 739.881 713.969 942.845 695.252 700.95 677.993 669.305 592.027 585.895 530.006 553.987 494.621 467.913 465.178 459.602 453.741 495.613 567.292 442.421 428.943 416.457 407.099 425.064 394.006 384.271 380.549 372.235 350.933 341.55 339.601 339.169 335.805 411.711 331.228 321.515 310.7 310.528 307.591 309.009 298.419
threshold=0.27934552729129797 72.500000000000014 67.500000000000014 0.23553323745727542 66.500000000000014 44.500000000000007 0.33227176964282995 51.500000000000007 51.500000000000007 92.500000000000014 23.500000000000004 10.500000000000002 11.500000000000002 98.500000000000014 57.500000000000007 0.20670914649963382 18.500000000000004 0.24789856374263766 82.500000000000014 0.26975210011005407 0.64103648066520702 33.500000000000007 0.26419982314109808 0.25677657127380377 0.33971422910690313 26.500000000000004 0.45383523404598242 29.500000000000004 0.26103179156780248 62.500000000000007 37.500000000000007 4.5000000000000009 54.500000000000007 84.500000000000014 0.26425938308238989 0.36749699711799627 97.500000000000014 0.21676707267761233 0.31139807403087622 6.5000000000000009 0.22653958946466449 32.500000000000007 0.7012058198451997 0.30195011198520666 25.500000000000004 10.500000000000002 11.500000000000002 28.500000000000004 0.24433103948831561 0.14451137930154803 39.500000000000007 0.30992957949638372 42.500000000000007 0.28509852290153509 0.12517806142568591 0.22961895912885669 50.500000000000007 0.043961353600025184 14.500000000000002 0.17655865103006366 4.5000000000000009 217.50000000000003
decision_type=2 2 2 2 2 2 2 2 2 2 2 2 2 2 2 2 2 2 2 2 2 2 2 2 2 2 2 2 2 2 2 2 2 2 2 2 2 2 2 2 2 2 2 2 2 2 2 2 2 2 2 2 2 2 2 2 2 2 2 2 2 2
left_child=2 4 3 8 25 11 9 21 15 33 16 -6 29 27 34 50 -4 19 56 -18 -12 -5 45 40 41 59 -27 -8 -9 -7 -17 32 47 43 -14 58 -15 38 39 -10 61 49 -20 -3 -45 57 -11 -21 -33 -25 -1 -35 -41 -34 55 -55 -19 -23 -29 60 -2 -16
right_child=1 6 10 7 5 12 13 28 37 46 20 -13 14 36 23 30 17 18 42 31 -22 22 -24 24 -26 26 -28 35 -30 -31 -32 48 53 51 -36 -37 -38 -39 -40 52 -42 -43 -44 44 -46 -47 -48 -49 -50 -51 -52 -53 -54 54 -56 -57 -58 -59 -60 -61 -62 -63
leaf_value=-0.0022693352533729168 -0.0048028351217508317 0.0020397585240799353 -0.021985547560206532 0.0052199514948508951 0.19478036051988601 0.12832815531109062 0.006678645318746566 -0.0029206552806650137 -0.05468054323852993 -0.027361694639796257 -0.24586639051253981 0.37853762368686861 0.13564516957694042 0.023281127670604102 0.12795519683510065 0.11369849333682885 -0.22551341120200818 0.0092333218516135688 -0.18340129151778375 -0.12746038594612707 -0.10629965676424594 0.0095999046357778395 0.20115162963313715 0.1394570437153535 0.25271714955568314 0.032865940681658684 0.1831280864687527 0.040761944816030307 0.053010735304122515 0.010705891209840774 0.013687387358228813 -0.10299705758225172 -0.21949967605727061 -0.04733604054089964 0.24113128535219075 0.13973326877170406 -0.068975023779751996 -0.038435240068994687 0.0031230373759018747 -0.096618804197145122 -0.0052711890024297377 0.17450437434323846 -0.08205546399293577 0.0031755828450238978 0.089621521788974146 0.16790136428440317 -0.11224692291408048 -0.020330815315246581 -0.011076542064547539 0.039710888564586641 -0.035864130681272657 0.015833491453810071 -0.16615086487929026 -0.14947255364779768 -0.20194477947694914 -0.044529935941100121 -0.052329152634572551 0.099257737299477733 0.10735632159528524 -0.023255222395795288 0.091032921388264618 0.042189017681404949
leaf_weight=463 59 326 168 54 89 55 99 528 239 66 77 60 71 158 101 64 78 97 68 64 77 51 83 55 59 63 50 144 302 124 281 95 62 203 96 135 69 331 56 245 50 72 84 85 128 50 183 56 68 76 661 122 89 57 55 53 353 110 114 121 61 59
leaf_count=463 59 326 168 54 89 55 99 528 239 66 77 60 71 158 101 64 78 97 68 64 77 51 83 55 59 63 50 144 302 124 281 95 62 203 96 135 69 331 56 245 50 72 84 85 128 50 183 56 68 76 661 122 89 57 55 53 353 110 114 121 61 59
internal_value=8.53163e-05 0.0537266 -0.0329586 -0.0072593 0.113727 0.140894 0.0104239 0.0439193 -0.0320874 -0.0158837 -0.094221 0.270807 0.116928 0.0511132 0.136311 -0.00921414 -0.0846853 -0.0935112 -0.0617729 -0.125845 -0.177219 0.106773 0.125344 0.114341 0.147411 0.0393287 0.100377 0.0769332 0.0174696 0.047359 0.0325152 -0.11019 -0.131193 0.00554017 0.197358 0.094569 -0.00494102 -0.0670423 -0.0820113 -0.0903225 0.0725779 0.115716 -0.128297 0.0231505 0.0553004 0.0947159 -0.0899467 -0.0780478 -0.0649512 0.0823283 -0.02204 -0.0236473 -0.115587 -0.158822 -0.134837 -0.099766 -0.039068 0.0710914 0.0704883 0.010408 0.0442634 0.0967874
internal_weight=8272 3153 5119 3607 1321 967 1832 1178 2429 1113 1512 149 818 719 639 1469 1358 1190 602 588 154 348 294 472 262 354 113 492 830 179 345 510 347 864 167 393 227 960 629 573 210 203 152 539 213 211 249 120 163 131 1124 325 334 227 165 110 450 161 258 241 120 160
internal_count=8272 3153 5119 3607 1321 967 1832 1178 2429 1113 1512 149 818 719 639 1469 1358 1190 602 588 154 348 294 472 262 354 113 492 830 179 345 510 347 864 167 393 227 960 629 573 210 203 152 539 213 211 249 120 163 131 1124 325 334 227 165 110 450 161 258 241 120 160
is_linear=0
shrinkage=0.03


Tree=34
num_leaves=63
num_cat=0
split_feature=171 231 231 32 111 111 21 114 87 13 171 45 99 111 2 225 111 39 31 38 173 193 9 199 35 258 111 71 3 229 249 267 192 269 39 41 99 144 156 132 92 3 171 2 65 3 5 111 49 236 1 111 2 160 165 4 256 48 25 231 253 97
split_gain=15400 4398.04 1997.38 1353.16 1299.71 1212.36 1266.43 962.195 901.73 892.738 889.012 827.921 801.974 782.942 782.28 1014.4 694.936 616.776 715.029 604.073 577.918 600.022 576.839 571.536 566.869 541.581 517.149 506.388 542.519 485.468 453.451 452.754 443.432 442.504 437.613 412.358 396.379 387.515 380.208 376.723 442.492 362.773 350.508 344.737 477.059 416.778 337.004 422.297 414.734 342.15 380.884 335.641 356.86 330.038 322.51 470.916 359.072 345.07 467.166 317.339 348.751 315.11
threshold=0.30368906259536749 0.22653958946466449 0.33589744567871099 8.5000000000000018 0.28821194171905523 0.23345498740673068 25.500000000000004 0.63774815201759349 29.500000000000004 70.500000000000014 0.17316342145204547 211.50000000000003 5.5000000000000009 0.23447144776582721 78.500000000000014 12.500000000000002 0.24789856374263766 0.20722202211618426 247.50000000000003 0.020980047062039379 0.70710784196853649 0.52440476417541515 71.500000000000014 4.5000000000000009 0.36188623309135443 69.500000000000014 0.37573529779911047 5.5000000000000009 75.500000000000014 17.500000000000004 20.500000000000004 11.500000000000002 0.30583900213241583 72.500000000000014 0.24143268913030627 1.5000000000000002 11.500000000000002 3.5000000000000004 0.068307831883430495 0.24712491780519488 0.25595575571060186 64.500000000000014 0.39339827001094824 69.500000000000014 0.60138550400733959 63.500000000000007 60.500000000000007 0.30195011198520666 103.50000000000001 0.12158167362213136 26.500000000000004 0.32449981570243841 61.500000000000007 6.5000000000000009 12.500000000000002 69.500000000000014 0.10380747169256212 0.98388540744781505 4.5000000000000009 0.27346041798591619 0.4743421077728272 0.28147007524967199
decision_type=2 2 2 2 2 2 2 2 2 2 2 2 2 2 2 2 2 2 2 2 2 2 2 2 2 2 2 2 2 2 2 2 2 2 2 2 2 2 2 2 2 2 2 2 2 2 2 2 2 2 2 2 2 2 2 2 2 2 2 2 2 2
left_child=1 3 13 16 10 -3 8 -4 35 12 17 31 -9 -2 15 -14 19 -5 39 -1 -17 -22 23 -11 25 -12 53 28 54 -20 -29 -6 -16 -30 38 51 -25 -31 -26 40 -19 -18 -34 45 -45 -21 49 59 -49 -8 -51 52 -7 -24 56 -56 57 58 -15 60 -48 -36
right_child=2 5 7 4 11 6 46 9 -10 22 24 -13 14 27 32 20 41 18 29 43 21 -23 26 36 34 -27 -28 30 33 37 -32 -33 42 -35 61 -37 -38 -39 -40 -41 -42 -43 -44 44 -46 -47 47 48 -50 50 -52 -53 -54 -55 55 -57 -58 -59 -60 -61 -62 -63
leaf_value=0.017666639625465243 -0.031414343989209129 -0.035264937092115554 -0.049570108932607312 -0.13500729810152806 0.094525852431077514 0.039725686369625771 -0.0086103354463422741 -0.0074623355025594884 0.14207252567633985 0.11660522469319402 -0.061583386482335897 -0.04963694914900274 0.1007861125811694 0.1446309070449609 -0.014054362685061418 0.25555634225758028 0.077263853934460447 -0.060272749334573744 -0.080865253621938471 -0.019742042574761132 0.07128615875567855 0.20385130819090655 0.02141629377656893 -0.039764830082864827 -0.11956343591000032 -0.16918837940421766 0.17564569165047847 0.038759758785987898 0.013748759573829766 -0.11597044138294277 0.15630199536873862 -0.019527880043651049 0.036053149104373503 -0.082759742989603965 0.016392800544589001 0.09341968110009552 0.038502825919299495 -0.22108821143122279 -0.042536372092108095 -0.069770611958876946 0.059922903793699599 -0.020002540507811608 0.12430005803937091 -0.13415192663669587 -0.043163007905012832 -0.077411498210470497 -0.11301273989914493 0.073638587187425317 -0.037437516631824624 0.11185291065411133 0.011705910237866667 0.089543274865700642 -0.011389260286263921 0.10450885486240698 0.11871218936201537 0.018983340412888624 -0.0045615212941134469 0.027279823574054375 0.026941571312688165 -0.013189025704228988 -0.023910433343687171 -0.039715240290787601
leaf_weight=175 170 504 50 240 79 275 242 54 79 71 138 175 371 64 51 70 83 59 208 526 57 70 73 70 82 61 56 62 180 98 57 51 72 55 157 93 326 50 196 317 50 58 95 79 152 143 87 65 55 54 91 64 221 106 105 72 168 238 58 162 73 209
leaf_count=175 170 504 50 240 79 275 242 54 79 71 138 175 371 64 51 70 83 59 208 526 57 70 73 70 82 61 56 62 180 98 57 51 72 55 157 93 326 50 196 317 50 58 95 79 152 143 87 65 55 54 91 64 221 106 105 72 168 238 58 162 73 209
internal_value=8.56437e-05 -0.0293602 0.0569739 -0.0503993 -0.0645944 0.00514546 0.018207 0.0791476 0.0469351 0.0833507 -0.073979 -0.00715518 0.104243 0.02821 0.111917 0.130483 -0.0250354 -0.092807 -0.0796996 -0.033251 0.185619 0.145375 0.0582386 0.0388092 -0.0510703 -0.0952489 0.0965214 0.0378021 0.0303537 -0.111085 0.0958948 0.0499742 0.0631683 -0.00909331 -0.0372924 0.0352257 0.0246023 -0.152729 -0.0656037 -0.0532725 -0.00509361 0.0373945 0.0866946 -0.0431603 -0.0747245 -0.0321661 -0.00718568 -0.0250579 0.02284 0.0132385 0.0495127 0.0254121 0.0169736 0.0709292 0.0434969 0.0784791 0.0316437 0.0485054 0.0893542 -0.0429235 -0.0727608 -0.015668
internal_weight=8272 5451 2821 3386 2170 2065 1561 1592 732 1542 1865 305 840 1229 786 568 1216 1022 782 1075 197 127 702 467 843 199 235 1059 940 356 119 130 218 235 644 653 396 148 278 426 109 141 167 900 231 669 829 442 120 387 145 560 496 179 705 177 528 360 122 322 160 366
internal_count=8272 5451 2821 3386 2170 2065 1561 1592 732 1542 1865 305 840 1229 786 568 1216 1022 782 1075 197 127 702 467 843 199 235 1059 940 356 119 130 218 235 644 653 396 148 278 426 109 141 167 900 231 669 829 442 120 387 145 560 496 179 705 177 528 360 122 322 160 366
is_linear=0
shrinkage=0.03


Tree=35
num_leaves=63
num_cat=0
split_feature=231 231 220 6 231 268 218 231 109 29 100 21 218 26 110 113 98 113 66 174 1 113 269 267 3 9 240 113 6 172 117 116 108 150 195 7 257 35 48 99 134 65 1 269 43 212 174 191 234 254 118 5 216 114 129 231 2 196 10 219 6 220
split_gain=14498.2 2014.2 1842.98 1599.05 1223.6 1178.16 1173.31 1010.58 993.741 887.287 855.543 816.96 786.787 779.603 688.068 614.741 594.574 763.267 582.563 579.835 537.074 684.931 567.26 536.492 551.911 529.806 576.52 576.072 594.245 512.729 576.529 712.166 505.943 486.899 462.607 568.491 446.466 429.088 416.268 411.728 411.686 402.951 398.514 520.389 397.934 388.315 376.954 347.982 347.865 338.747 338.546 331.777 379.135 465.558 319.114 334.085 318.739 315.252 312.517 306.306 303.272 299.839
threshold=0.2788888961076737 0.22653958946466449 4.5000000000000009 50.500000000000007 0.34891304373741155 10.500000000000002 1.5000000000000002 0.15849281847476962 57.500000000000007 27.500000000000004 9.5000000000000018 27.500000000000004 25.500000000000004 3.5000000000000004 4.5000000000000009 0.56316259503364574 102.50000000000001 0.51075392961502086 0.16990566253662112 0.46069793403148657 25.500000000000004 0.28966437280178076 70.500000000000014 6.5000000000000009 62.500000000000007 38.500000000000007 2.5000000000000004 0.34391801059246069 57.500000000000007 0.43614129722118383 0.18217893689870837 0.1152462661266327 3.5000000000000004 23.500000000000004 0.043961353600025184 58.500000000000007 0.10582306981086732 0.44473022222518926 0.99344620108604442 13.500000000000002 0.86061176657676708 0.68806236982345592 30.500000000000004 69.500000000000014 0.92153847217559826 0.30725525319576269 0.82466527819633495 0.34698997437953955 0.28232322633266455 0.83391606807708751 43.500000000000007 59.500000000000007 0.15655637532472613 0.88186928629875194 57.500000000000007 0.19098278135061267 63.500000000000007 0.056349206715822227 10.500000000000002 2.5000000000000004 75.500000000000014 6.5000000000000009
decision_type=2 2 2 2 2 2 2 2 2 2 2 2 2 2 2 2 2 2 2 2 2 2 2 2 2 2 2 2 2 2 2 2 2 2 2 2 2 2 2 2 2 2 2 2 2 2 2 2 2 2 2 2 2 2 2 2 2 2 2 2 2 2
left_child=1 6 29 5 32 8 46 12 9 18 34 25 14 -14 -8 -11 17 -12 -4 37 40 22 56 60 41 -3 -27 -28 39 44 31 -31 58 -18 -6 -36 -19 -16 48 -29 54 -25 51 -44 -2 57 -1 -32 -21 -10 -30 -13 53 -53 -9 -56 -22 -34 -5 -40 -23 -60
right_child=2 11 3 4 10 -7 7 20 49 15 16 42 13 -15 19 -17 33 36 -20 38 21 23 -24 24 -26 26 27 28 50 30 47 -33 45 -35 35 -37 -38 -39 59 -41 -42 -43 43 -45 -46 -47 -48 -49 -50 -51 -52 52 -54 -55 55 -57 -58 -59 61 -61 -62 -63
leaf_value=-0.011992194115530473 -0.010144142054393887 -0.027253383241163994 0.13527994848568647 0.0089410869190927403 -0.061158231531198204 0.25013342155350576 -0.02124044362336773 0.0051409087203564529 -0.032868561096051158 0.12205355183354445 0.067870241828262803 0.013236079963584583 -0.077111166354857 -0.20811685319651257 -0.10156922653478501 0.24733944071317787 0.008358738875553667 0.21381158407164835 -0.0072874276817969557 0.032397655362761776 -0.026071486630632228 0.050387452608522246 -0.16915272264645015 -0.053181893782457336 -0.068796471244070762 -0.01326027061007205 0.00074643068379018362 0.079350343313641269 -0.024351200547258731 0.18103573058896205 0.00088191867389175434 0.046426963673904538 0.012666319633152947 0.099061527194144822 0.10541427070274949 -0.024185674661084226 0.11845161348763777 -0.034755895465055357 -0.019615927216543171 0.18147090642075789 0.054207081046469249 0.011858230397846658 -0.023355026349118714 -0.13483566370930095 0.045999834516792203 0.023284129018619475 0.056020359433286128 0.070361201140860252 -0.042401235854015111 0.070525877398080555 0.080224084714954749 -0.045996765197063513 -0.10338322536137542 0.047631257275917702 -0.10341026471261508 -0.01115760705304108 -0.10149386788569582 -0.0767897413726467 0.042137676539309957 -0.10627332485287778 -0.036069370096451357 0.13700880016730382
leaf_weight=346 524 155 50 60 51 53 336 206 50 83 284 250 113 65 505 66 131 56 52 70 107 101 57 146 343 156 122 103 58 50 247 119 66 89 65 56 244 106 51 56 86 205 100 60 144 367 92 87 266 64 52 150 56 69 64 78 96 75 58 135 56 64
leaf_count=346 524 155 50 60 51 53 336 206 50 83 284 250 113 65 505 66 131 56 52 70 107 101 57 146 343 156 122 103 58 50 247 119 66 89 65 56 244 106 51 56 86 205 100 60 144 367 92 87 266 64 52 150 56 69 64 78 96 75 58 135 56 64
internal_value=8.5504e-05 -0.0319032 0.0493851 0.0663017 0.0530814 0.118741 -0.0436504 -0.0499666 0.0990305 0.132291 0.0746861 -0.00114978 -0.0663176 -0.125846 -0.0590238 0.178828 0.0876644 0.103506 0.0632334 -0.0702002 -0.0325044 -0.0435511 -0.0860976 -0.0304664 -0.0417855 0.0215787 0.0354405 0.0548552 0.0793016 0.0192482 0.0420924 0.0870827 0.0224577 0.0453343 0.0138643 0.0457275 0.136903 -0.0900538 -0.0468338 0.116227 -0.00419065 -0.0152697 -0.0244399 -0.0657381 0.00200942 0.00703572 0.00238862 0.0191358 -0.0267682 0.025286 0.0253618 -0.0117527 -0.0344354 -0.0164151 -0.0187362 -0.0531687 -0.0620619 -0.0351224 0.0652301 -0.0827444 0.0195162 0.0926154
internal_weight=8272 5017 3255 2084 1666 418 3630 3192 365 251 976 1387 1647 178 1469 149 804 584 102 1133 1545 1111 260 851 694 702 547 391 269 1171 503 169 690 220 172 121 300 611 522 159 434 351 685 160 668 508 438 334 336 114 110 525 275 219 348 142 203 141 182 186 157 122
internal_count=8272 5017 3255 2084 1666 418 3630 3192 365 251 976 1387 1647 178 1469 149 804 584 102 1133 1545 1111 260 851 694 702 547 391 269 1171 503 169 690 220 172 121 300 611 522 159 434 351 685 160 668 508 438 334 336 114 110 525 275 219 348 142 203 141 182 186 157 122
is_linear=0
shrinkage=0.03


Tree=36
num_leaves=63
num_cat=0
split_feature=111 8 8 111 100 8 8 8 111 8 78 89 111 8 8 258 105 49 118 111 31 111 49 258 8 27 8 111 270 8 200 87 190 187 78 133 217 91 253 13 111 131 45 111 49 258 129 278 8 48 235 35 110 118 228 177 8 44 31 111 47 213
split_gain=13915.1 8224.43 8181.93 4375.72 2552.51 3136.03 1955.91 1948.38 1881.6 1469.02 1371.97 1238.12 929.923 898.523 857.22 1073.14 835.283 833.016 786.174 774.905 772.449 1171.16 1128.7 1023.31 1010.44 658.688 609.858 601.63 596.55 541.1 530.591 530.465 516.414 503.998 434.879 424.37 423.328 499.649 411.317 412.017 409.941 460.65 494.246 406.564 356.397 405.122 356.247 348.428 346.456 343.922 349.747 341.784 338.573 337.602 337.049 331.024 313.067 302.877 300.438 454.206 353.321 291.4
threshold=0.27934552729129797 75.500000000000014 67.500000000000014 0.23553323745727542 9.5000000000000018 55.500000000000007 51.500000000000007 51.500000000000007 0.33227176964282995 92.500000000000014 106.50000000000001 137.50000000000003 0.30449178814888006 98.500000000000014 57.500000000000007 54.500000000000007 41.500000000000007 86.500000000000014 35.500000000000007 0.20670914649963382 94.500000000000014 0.24642784148454669 91.500000000000014 37.500000000000007 83.500000000000014 128.50000000000003 83.500000000000014 0.26103179156780248 3.5000000000000004 37.500000000000007 16.500000000000004 10.500000000000002 1.0000000180025095e-35 5.5000000000000009 97.500000000000014 0.59950494766235363 0.20710681378841403 0.23413839191198352 0.49675324559211737 64.500000000000014 0.21676707267761233 0.31139807403087622 260.50000000000006 0.30449178814888006 42.500000000000007 71.500000000000014 27.500000000000004 73.500000000000014 63.500000000000007 0.99131378531456005 0.13245614618062976 0.47068931162357336 11.500000000000002 52.500000000000007 1.5000000000000002 0.18019481003284457 39.500000000000007 1.5000000000000002 72.500000000000014 0.16035714000463488 3.5000000000000004 0.3394541740417481
decision_type=2 2 2 2 2 2 2 2 2 2 2 2 2 2 2 2 2 2 2 2 2 2 2 2 2 2 2 2 2 2 2 2 2 2 2 2 2 2 2 2 2 2 2 2 2 2 2 2 2 2 2 2 2 2 2 2 2 2 2 2 2 2
left_child=2 4 3 6 14 10 19 25 9 43 17 20 48 38 15 18 30 -6 51 56 -4 22 26 -24 53 44 31 -9 -17 -21 57 -22 -33 -32 -15 49 -25 -38 46 -40 41 42 58 -3 -5 54 -10 -44 -7 50 -16 -2 -11 -23 -46 -41 -1 -14 -8 61 -61 -60
right_child=1 8 11 7 5 12 40 27 13 52 -12 -13 16 34 35 28 -18 -19 -20 29 21 24 23 36 -26 -27 -28 -29 -30 -31 33 32 -34 -35 -36 -37 37 -39 39 55 -42 -43 47 -45 45 -47 -48 -49 -50 -51 -52 -53 -54 -55 -56 -57 -58 -59 59 60 -62 -63
leaf_value=-0.00026618283105249403 0.04963323264656698 -0.021164388226385188 -0.034137753441519154 0.012266505137085914 0.2588469475809787 0.11496725841905131 -0.020172281193992368 -0.0028213694021821533 -0.025680239983580329 -0.02771429650429914 0.37157496051968264 -0.19300412238757941 0.02753025750883601 0.020771688570110303 0.01875008516701368 0.089653613800938059 0.25055303962791664 0.11056980425896852 0.14645745813846586 0.11016956700785802 -0.07221963362615616 0.0082422642050997211 0.022357671090534756 -0.16602557773018875 -0.13448714060655662 0.19790906724002627 -0.26654355563796484 0.050206942662393839 0.21678493595123291 0.014052030420465831 0.19963938750875623 -0.10801197220694343 -0.23610565373595332 0.081763615202572609 -0.068971247098142549 -0.063376385752971345 -0.14547862932085989 -0.039054139493052489 0.1681312328165975 0.11261738881873695 -0.034988511270616925 0.0056348023916545668 -0.1785617286860943 0.024540645392283646 0.086216177663077473 0.027039416850985664 0.060501926609640488 -0.077327496691753997 0.048063739962792888 -0.007492888344225482 0.12225898750532756 -0.034121482035556393 -0.1074375264381018 -0.055125490026353967 0.17054763812928983 0.0121244258264888 -0.032425345629277805 0.11410201982627896 -0.17735948771238327 -0.10501000150055675 -0.029964384065539227 -0.07718646279607827
leaf_weight=463 101 418 253 53 73 98 91 528 54 66 52 96 65 158 64 73 50 68 51 64 60 94 62 89 139 53 51 302 64 281 94 52 70 53 69 51 68 96 57 68 331 56 74 300 114 56 205 56 246 106 54 76 183 382 72 52 661 84 59 90 152 51
leaf_count=463 101 418 253 53 73 98 91 528 54 66 52 96 65 158 64 73 50 68 51 64 60 94 62 89 139 53 51 302 64 281 94 52 70 53 69 51 68 96 57 68 331 56 74 300 114 56 205 56 246 106 54 76 183 382 72 52 661 84 59 90 152 51
internal_value=8.59938e-05 0.049655 -0.0304493 -0.00588581 0.0997559 0.132812 -0.0288937 0.0415401 0.00281054 -0.0238704 0.239575 -0.0890049 0.102646 0.0417026 0.0540126 0.0840886 0.137392 0.18862 0.0438909 -0.00711932 -0.0818229 -0.0921582 -0.124069 -0.0865824 -0.0635686 0.101019 -0.174162 0.0165105 0.150184 0.0321494 0.117497 -0.146959 -0.18283 0.15798 -0.00668986 0.0139337 -0.113262 -0.0837956 0.0668554 0.102049 -0.062171 -0.0763971 -0.0844101 -0.00206001 0.0830016 0.0983789 0.0425038 -0.135876 0.0674015 0.0317389 0.0667479 0.0136811 -0.0865015 -0.0426206 0.119598 0.0695305 -0.0191903 0.0767711 -0.0690351 -0.0815743 -0.0581912 -0.132029
internal_weight=8272 3153 5119 3607 1523 883 2429 1178 1630 967 193 1512 690 663 640 365 346 141 228 1469 1416 1163 548 315 615 348 233 830 137 345 296 182 122 147 227 275 253 164 436 177 960 629 573 718 295 242 259 130 344 224 118 177 249 476 186 120 1124 149 443 352 242 110
internal_count=8272 3153 5119 3607 1523 883 2429 1178 1630 967 193 1512 690 663 640 365 346 141 228 1469 1416 1163 548 315 615 348 233 830 137 345 296 182 122 147 227 275 253 164 436 177 960 629 573 718 295 242 259 130 344 224 118 177 249 476 186 120 1124 149 443 352 242 110
is_linear=0
shrinkage=0.03


Tree=37
num_leaves=63
num_cat=0
split_feature=111 8 8 111 100 8 8 8 8 111 111 8 109 111 20 65 258 111 3 87 112 46 33 35 48 257 249 22 114 199 78 111 8 111 111 273 78 99 91 145 47 253 64 245 8 98 111 85 8 8 75 39 165 238 19 111 46 111 8 109 138 154
split_gain=13102.9 7746.49 7731.02 4223.29 2703.21 2289.72 1848.34 1664.9 1578.74 1555.44 1339.23 1228.4 1754.36 1467.65 1095.09 1020.87 944.143 832.53 816.747 783.379 758.38 662.445 687.035 599.672 687.043 606.634 569.952 551.909 542.949 518.004 503.892 498.893 475.881 456.618 433.796 433.219 618.995 416.035 413.434 397.687 415.701 470.657 395.807 383.774 367.496 366.017 360.633 466.182 359.523 358.116 454.221 343.123 336.401 333.846 329.403 321.088 314.016 380.488 307.696 307.23 301.534 299.059
threshold=0.27934552729129797 70.500000000000014 65.500000000000014 0.23553323745727542 9.5000000000000018 45.500000000000007 87.500000000000014 45.500000000000007 51.500000000000007 0.32363522052764898 0.31719042360782629 83.500000000000014 27.500000000000004 0.24336075037717822 308.50000000000006 0.77154013514518749 35.500000000000007 0.20806276798248294 71.500000000000014 27.500000000000004 0.32663163542747503 33.500000000000007 0.25734096765518194 0.52876573801040661 0.99124085903167736 0.24283374845981601 9.5000000000000018 23.500000000000004 0.64029285311698925 5.5000000000000009 99.500000000000014 0.31047543883323675 57.500000000000007 0.26103179156780248 0.35758377611637121 0.3343313485383988 46.500000000000007 5.5000000000000009 0.21160864830017093 30.500000000000004 30.500000000000004 0.3450328409671784 0.41083660721778875 6.5000000000000009 98.500000000000014 53.500000000000007 0.36749699711799627 27.500000000000004 100.50000000000001 60.500000000000007 48.500000000000007 0.25618948042392736 4.5000000000000009 23.500000000000004 27.500000000000004 0.30915072560310369 23.500000000000004 0.19413723051548007 71.500000000000014 42.500000000000007 68.500000000000014 0.75416862964630138
decision_type=2 2 2 2 2 2 2 2 2 2 2 2 2 2 2 2 2 2 2 2 2 2 2 2 2 2 2 2 2 2 2 2 2 2 2 2 2 2 2 2 2 2 2 2 2 2 2 2 2 2 2 2 2 2 2 2 2 2 2 2 2 2
left_child=2 4 3 7 19 -6 10 17 21 44 -3 13 -13 14 35 20 26 61 29 23 -14 -5 -23 24 25 54 -7 -12 -16 -18 34 -20 52 -10 -11 36 -4 -34 -39 -37 41 -41 -27 -36 55 -19 47 -29 -32 50 -31 -26 56 -38 -2 -8 -9 60 -15 -60 -58 -1
right_child=1 6 11 8 5 16 9 32 33 30 27 12 15 58 28 -17 18 45 31 -21 -22 22 -24 -25 51 42 -28 46 -30 49 48 -33 37 -35 43 39 53 38 -40 40 -42 -43 -44 -45 -46 -47 -48 -49 -50 -51 -52 -53 -54 -55 -56 -57 57 -59 59 -61 -62 -63
leaf_value=-0.019883863402719391 -0.001555637638819845 0.0093914752128037883 -0.032336117572018076 0.0014000915993343701 0.29614308580230259 0.12352670860787232 -0.07271914698728002 0.0023194918525110504 0.0025366447193695659 -0.0017854305930239589 -0.010027151960751105 -0.035896380990743638 -0.30680083904947553 -0.013031336569170935 -0.25069641241660484 -0.099386495359394006 0.052784259623369655 0.022534612622139814 0.15114334531542326 0.17051336035413561 -0.16513379327695943 0.082326450021747419 0.17999728673994542 -0.019713205815629756 0.064244904524468363 0.089802244848438656 -0.0086884759764831801 0.028725972264295532 -0.12831589837061261 0.23028969810433583 0.01506048777797183 0.28687412877877555 -0.0030112355947494508 0.051923971205476184 0.01799799894464427 -2.309997292125926e-05 -0.18333066893910821 -0.12296435212881505 -0.058790301598979335 -0.055503003942966457 -0.022011258624218127 -0.16729909163254958 0.20553924695441594 0.10488027168945832 -0.12001482064134619 0.10641861861908292 0.14136552562857879 0.10506885960009056 -0.086943528841948128 0.10792115983510246 0.11039355379933456 -0.01490699374045317 -0.015570315528280533 -0.087402977881760421 0.098415740618393532 -0.0071641966965622621 -0.041097173671933669 -0.03010549585504288 -0.0059763566462472384 -0.069000978773727656 -0.11491571202670058 0.023625520858401944
leaf_weight=650 56 641 62 54 84 53 194 78 466 170 57 119 62 280 51 97 73 109 53 52 86 195 99 93 93 55 64 125 102 72 60 53 64 263 86 84 87 157 220 74 80 64 56 98 88 82 93 172 63 129 52 103 409 57 62 103 78 175 91 298 145 181
leaf_count=650 56 641 62 54 84 53 194 78 466 170 57 119 62 280 51 97 73 109 53 52 86 195 99 93 93 55 64 125 102 72 60 53 64 263 86 84 87 157 220 74 80 64 56 98 88 82 93 172 63 129 52 103 409 57 62 103 78 175 91 298 145 181
internal_value=8.62506e-05 0.0481869 -0.0295445 -0.00361005 0.108021 0.150676 0.0112372 -0.02617 0.0455522 -0.0215628 0.0372199 -0.0819468 -0.130801 -0.0684879 -0.100173 -0.176565 0.127921 0.00260704 0.148385 0.0604712 -0.226142 0.0980307 0.115714 0.0491172 0.0641899 0.0993747 0.0517431 0.077016 -0.170472 0.124152 0.0146401 0.221056 -0.0483348 0.0204007 0.0327991 -0.0787067 -0.112269 -0.0737936 -0.0857699 -0.0555183 -0.076804 -0.108181 0.149506 0.064589 -0.0663384 0.0589143 0.0897308 0.0731422 -0.0374653 0.144456 0.181296 0.0227852 -0.0355796 -0.146224 0.0513573 -0.0500849 -0.0527038 -0.063466 -0.037079 -0.0543106 -0.0893945 -0.0103901
internal_weight=8272 3153 5119 3425 1203 633 1950 2348 1077 862 1088 1694 364 1330 661 245 549 1022 432 570 148 348 294 518 425 229 117 447 153 326 477 106 1326 729 354 508 206 441 377 302 218 138 111 184 385 191 390 297 123 253 124 196 885 144 118 297 476 398 669 389 223 831
internal_count=8272 3153 5119 3425 1203 633 1950 2348 1077 862 1088 1694 364 1330 661 245 549 1022 432 570 148 348 294 518 425 229 117 447 153 326 477 106 1326 729 354 508 206 441 377 302 218 138 111 184 385 191 390 297 123 253 124 196 885 144 118 297 476 398 669 389 223 831
is_linear=0
shrinkage=0.03


Tree=38
num_leaves=63
num_cat=0
split_feature=111 8 8 111 100 8 8 8 111 78 8 89 49 8 111 149 8 227 65 118 226 111 149 191 51 3 111 8 111 49 96 252 8 8 22 240 76 65 78 35 8 32 111 49 158 80 92 274 154 13 231 166 8 111 3 8 138 111 8 111 111 20
split_gain=12348 7224.19 6910.72 4260.56 2683.73 2590.91 2092.49 1821.47 1432.12 1314.92 1285.38 1193.75 1062.77 806.396 799.45 1014.01 795.585 779.233 760.546 751.184 695.868 656.416 695.937 765.489 642.478 636.267 628.383 611.906 528.261 693.168 524.692 537.141 475.489 467.904 452.254 473.749 428.239 426.483 414.965 400.008 396.438 379.792 501.164 649.933 360.505 416.412 368.55 350.561 331.139 325.253 324.991 404.783 308.097 307.217 301.59 297.989 542.955 293.121 292.912 289.864 286.78 396.386
threshold=0.28451779484748846 68.500000000000014 75.500000000000014 0.23553323745727542 9.5000000000000018 55.500000000000007 51.500000000000007 51.500000000000007 0.33227176964282995 106.50000000000001 92.500000000000014 137.50000000000003 86.500000000000014 94.500000000000014 0.26483158767223364 85.500000000000014 82.500000000000014 5.5000000000000009 0.77526786923408519 31.500000000000004 4.5000000000000009 0.32363522052764898 100.50000000000001 0.25677657127380377 16.500000000000004 48.500000000000007 0.26103179156780248 40.500000000000007 0.24642784148454669 95.500000000000014 0.055482262745499618 0.2806250005960465 37.500000000000007 75.500000000000014 29.500000000000004 4.5000000000000009 13.500000000000002 0.73159921169281017 97.500000000000014 0.4409624189138413 78.500000000000014 8.5000000000000018 0.20670914649963382 98.500000000000014 12.500000000000002 15.500000000000002 0.37161172926425939 0.73038786649703991 0.73431625962257396 68.500000000000014 0.28035087883472448 3.5000000000000004 59.500000000000007 0.35758377611637121 55.500000000000007 64.500000000000014 187.50000000000003 0.3195160329341889 102.50000000000001 0.36332502961158758 0.18715659528970721 87.500000000000014
decision_type=2 2 2 2 2 2 2 2 2 2 2 2 2 2 2 2 2 2 2 2 2 2 2 2 2 2 2 2 2 2 2 2 2 2 2 2 2 2 2 2 2 2 2 2 2 2 2 2 2 2 2 2 2 2 2 2 2 2 2 2 2 2
left_child=1 3 4 7 17 9 24 20 10 12 -4 14 -6 34 15 30 -16 19 28 44 60 55 -23 -24 50 -21 52 -26 29 33 -3 -32 48 -17 -10 39 40 -13 53 -36 -20 -9 43 47 -2 49 -47 -43 -22 -46 51 -5 -8 -15 -29 56 -7 -27 -12 -37 61 -1
right_child=2 11 8 6 5 21 26 41 13 -11 58 37 -14 38 16 18 -18 -19 36 25 32 22 23 -25 27 57 -28 54 -30 -31 31 -33 -34 -35 35 59 -38 -39 -40 -41 -42 42 -44 -45 45 46 -48 -49 -50 -51 -52 -53 -54 -55 -56 -57 -58 -59 -60 -61 -62 -63
leaf_value=-0.0054088036955172716 -0.026363947746407893 0.013588304080221119 0.0029421259912008543 0.083547194680342302 0.2656672224051812 0.054997219619341196 0.019481578144896407 -0.034194507108729205 0.0053316821604967113 0.36508906658957985 -0.06039755471215974 -0.24305735211162002 0.094445713269176765 -0.016987211399020687 -0.014863613081985038 -0.15101105234259135 -0.10139988046662922 0.13448256435089334 -0.064181251635029898 0.17960373569937313 0.031007377087010131 0.054674934161634277 0.096126458607614026 0.23155539874275474 0.21796883936150596 -0.0029223299640066484 0.044665302661648067 0.051138202515430747 -0.090071117999127384 -0.10788822040274625 -0.13603035271167754 -0.036764485158026217 0.003801036809921486 -0.26468995823344182 0.096902409113370461 0.085513332709265144 -0.02188818590922488 -0.11592557799930756 -0.05453548954014318 -0.0074541847177726373 -0.16708644929921851 -0.16077515922203561 -0.049691234123432536 -0.032342315234961998 0.12749094825366447 0.040139660328626633 -0.061863174157322579 -0.071611601242520764 0.12630849916953593 0.023082622874241607 0.10704133890356336 -0.032777801139080631 -0.02516763134982699 0.055220863489854714 0.14088912891877162 0.061940183727242207 0.18559318357500534 0.099240766483194673 -0.14127198679653821 0.17019511123949832 0.0032189906763067529 -0.052919501641604326
leaf_weight=270 130 97 643 51 67 59 252 355 79 50 185 50 66 92 318 76 136 85 99 50 86 57 65 96 58 50 385 63 164 130 73 149 403 66 64 91 107 51 82 67 52 133 363 82 57 79 52 60 53 51 69 55 308 123 76 261 57 50 52 65 276 381
leaf_count=270 130 97 643 51 67 59 252 355 79 50 185 50 66 92 318 76 136 85 99 50 86 57 65 96 58 50 385 63 164 130 73 149 403 66 64 91 107 51 82 67 52 133 363 82 57 79 52 60 53 51 69 55 308 123 76 261 57 50 52 65 276 381
internal_value=8.55167e-05 -0.0270228 0.0496328 -0.00455471 0.0983317 0.13515 0.0389804 -0.0278493 0.00597986 0.233765 -0.0190995 -0.0811354 0.182039 0.0392463 -0.0741671 -0.0889981 -0.0409523 0.0507621 -0.109345 0.0368184 -0.00662276 0.104478 0.146011 0.17781 0.0991508 0.0931923 0.0152144 0.13627 -0.13354 -0.159324 -0.044529 -0.0698696 0.0203571 -0.205329 0.0689875 0.0864301 -0.068099 -0.180628 0.00248702 0.0438771 -0.100485 -0.0592127 -0.0730582 -0.103611 0.0137122 0.03553 -0.000511935 -0.133568 0.0679879 0.0788511 0.0568284 0.0234476 -0.00507658 0.0243869 0.100866 0.0801391 0.120207 0.048636 -0.0786612 0.121657 -0.0224023 -0.0332531
internal_weight=8272 5347 2925 3779 1382 778 1317 2462 1543 183 880 1568 133 663 1467 1013 454 604 694 519 1469 595 218 161 372 150 945 197 436 272 319 222 542 142 366 287 258 101 297 131 151 993 638 275 369 239 131 193 139 108 175 106 560 215 139 377 116 100 237 156 927 651
internal_count=8272 5347 2925 3779 1382 778 1317 2462 1543 183 880 1568 133 663 1467 1013 454 604 694 519 1469 595 218 161 372 150 945 197 436 272 319 222 542 142 366 287 258 101 297 131 151 993 638 275 369 239 131 193 139 108 175 106 560 215 139 377 116 100 237 156 927 651
is_linear=0
shrinkage=0.03


Tree=39
num_leaves=63
num_cat=0
split_feature=111 8 8 111 138 8 111 8 8 8 8 109 111 139 100 20 65 8 258 8 111 112 111 27 111 238 129 232 256 13 98 279 13 218 111 9 46 198 65 233 178 8 78 152 257 65 8 75 9 140 179 189 111 31 111 20 110 107 111 145 18 66
split_gain=11636.5 6915.24 6905.53 3721.44 2358.81 2733.14 1595.82 1496.37 1346.27 1304.26 1209.34 1611.43 1555.31 1059.64 1028.04 994.746 947.095 901.531 901.397 832.158 703.645 700.757 687.021 605.419 578.001 549.974 549.432 618.622 547.159 545.729 534.264 460.536 430.026 429.221 418.628 412.088 438.06 403.518 580.09 423.817 406.844 398.132 390.696 352.782 432.994 375.57 352.435 345.236 337.835 329.948 328.561 323.329 323.085 461.431 319.803 403.833 319.494 302.578 289.216 287.955 282.88 373.636
threshold=0.27934552729129797 72.500000000000014 64.500000000000014 0.23447144776582721 66.500000000000014 44.500000000000007 0.33227176964282995 92.500000000000014 45.500000000000007 51.500000000000007 83.500000000000014 27.500000000000004 0.24336075037717822 11.500000000000002 10.500000000000002 308.50000000000006 0.77154013514518749 94.500000000000014 39.500000000000007 61.500000000000007 0.31187728047370916 0.32663163542747503 0.20806276798248294 128.50000000000003 0.22127521038055423 9.5000000000000018 26.500000000000004 0.45383523404598242 0.13182721287012103 62.500000000000007 24.500000000000004 186.50000000000003 67.500000000000014 22.500000000000004 0.26103179156780248 70.500000000000014 113.50000000000001 9.5000000000000018 0.5416771173477174 0.13961039483547213 29.500000000000004 84.500000000000014 97.500000000000014 0.27151675522327429 0.31643131375312811 0.70222300291061412 71.500000000000014 28.500000000000004 59.500000000000007 41.500000000000007 1.5000000000000002 20.500000000000004 0.1838367357850075 129.50000000000003 0.30195011198520666 276.50000000000006 11.500000000000002 21.500000000000004 0.35758377611637121 46.500000000000007 35.500000000000007 0.069136224687099471
decision_type=2 2 2 2 2 2 2 2 2 2 2 2 2 2 2 2 2 2 2 2 2 2 2 2 2 2 2 2 2 2 2 2 2 2 2 2 2 2 2 2 2 2 2 2 2 2 2 2 2 2 2 2 2 2 2 2 2 2 2 2 2 2
left_child=2 4 3 8 26 14 7 41 22 23 12 -12 15 29 -6 35 21 30 25 28 -21 -13 -1 31 -17 -15 -2 -28 51 -7 -8 -5 47 -24 -11 36 43 -10 60 -40 52 54 58 -4 45 -45 -14 -33 -27 -22 -32 -20 53 -41 -3 -56 -9 -26 -19 -48 -39 -62
right_child=1 6 10 9 5 13 17 56 37 34 11 16 46 18 -16 24 -18 42 19 20 49 -23 33 -25 57 48 27 -29 -30 -31 50 32 -34 -35 -36 -37 -38 38 39 40 -42 -43 -44 44 -46 -47 59 -49 -50 -51 -52 -53 -54 -55 55 -57 -58 -59 -60 -61 61 -63
leaf_value=-0.0097699553806145246 0.0056459329788349872 0.000964736467688729 0.012653768812971455 0.14864827564207173 0.17191276747981707 0.11316018438232796 -0.0076914330471807447 -0.022447373205934887 0.020857623476487924 0.0031896603197161858 -0.03277449372597039 -0.29280748690877639 -0.0092254620003759079 0.13078780667535189 0.33629236877941693 -0.23495118498802184 -0.09328005031359439 -0.016483075034714516 0.26365575939416885 0.061642573803627886 0.10691261082887649 -0.15671825774784745 0.025172274795933983 0.1791096034132201 -0.067971228067992162 -0.036486415418711574 0.022344949047546834 0.16331374151522621 0.11024511544033884 0.00032320968389511109 0.030644514041952786 0.030821378802990209 0.015453569651104686 0.12754679491671805 0.052520121742780201 -0.12220836030860099 -0.10676805831137157 -0.060446647981802618 -0.080774015207493374 -0.025272453071140663 0.017955319508240163 -0.022312307187464613 -0.052919136767825441 -0.14138995455069975 0.0052235248413952913 -0.046354126595370061 -0.0010407674891652584 0.1320839940905571 0.070210628627011412 0.21630411459027596 0.10047484375951851 0.16813296505102987 -0.025792844149307187 -0.12789521931455686 -0.0025714892096990764 0.081620833284633099 -0.099793996696610959 -0.16735704059763387 0.053577597444997196 -0.064314233455081263 -0.18006767854878775 -0.067921475976705559
leaf_weight=831 241 326 83 58 89 55 66 66 78 458 119 62 341 57 60 57 97 92 71 157 54 86 129 57 60 54 63 50 68 124 79 50 126 51 233 123 125 134 171 81 138 325 82 65 65 90 82 79 51 52 277 75 442 77 85 128 183 54 123 307 56 54
leaf_count=831 241 326 83 58 89 55 66 66 78 458 119 62 341 57 60 57 97 92 71 157 54 86 129 57 60 54 63 50 68 124 79 50 126 51 233 123 125 134 171 81 138 325 82 65 65 90 82 79 51 52 277 75 442 77 85 128 183 54 123 307 56 54
internal_value=8.62923e-05 0.0454156 -0.0278373 -0.00199577 0.0977086 0.121948 0.00767604 -0.0148263 -0.0239 0.0442689 -0.0748118 -0.123714 -0.0624757 0.100195 0.239907 -0.0936749 -0.167572 0.0424815 0.118253 0.139021 0.10259 -0.215311 0.00175516 0.0896491 -0.156849 0.0566251 0.0313391 0.0856059 0.183108 0.0354298 0.0706105 0.072839 0.0550829 0.0547228 0.0198754 -0.0738205 -0.0596622 -0.0449544 -0.0494208 -0.0383206 -0.0283878 0.00387237 0.00241076 -0.0399418 -0.0597521 -0.0868587 -0.0315325 0.0933739 0.0155113 0.162096 0.085108 0.216063 -0.0390589 -0.0757746 0.019673 0.0481679 -0.0794643 -0.116095 0.0236606 -0.0510133 -0.0904483 -0.126122
internal_weight=8272 3153 5119 3303 1321 967 1832 1113 2242 1061 1816 364 1452 818 149 722 245 719 639 477 263 148 1011 370 171 162 354 113 214 179 422 313 255 180 691 551 428 1231 1153 909 738 864 297 303 220 155 730 129 105 106 356 146 600 158 539 213 249 114 215 389 244 110
internal_count=8272 3153 5119 3303 1321 967 1832 1113 2242 1061 1816 364 1452 818 149 722 245 719 639 477 263 148 1011 370 171 162 354 113 214 179 422 313 255 180 691 551 428 1231 1153 909 738 864 297 303 220 155 730 129 105 106 356 146 600 158 539 213 249 114 215 389 244 110
is_linear=0
shrinkage=0.03


Tree=40
num_leaves=63
num_cat=0
split_feature=171 8 8 231 220 160 229 220 114 114 112 8 203 8 267 34 45 114 36 32 32 171 14 177 131 8 116 171 138 8 112 190 171 112 3 77 119 141 55 155 185 116 112 98 235 30 114 197 249 33 114 217 146 115 277 185 241 112 250 267 177 30
split_gain=11011.1 4035.8 2201.95 2105.49 2007.02 1705.76 1304.63 1097.41 1075.85 942.709 937.207 889.955 985.561 842.21 775.922 729.676 714.001 926.724 688.838 803.87 678.303 633.194 925.243 589.98 574.672 554.059 540.961 524.957 535.473 516.977 510.661 504.754 489.182 464.163 632.707 484.942 515.878 409.766 406.219 378.479 374.562 383.269 454.526 781.64 373.473 369.066 388.288 366.911 366.667 310.187 307.16 306.146 302.983 327.69 300.53 299.226 284.777 305.96 283.49 272.237 272.066 270.065
threshold=0.30368906259536749 57.500000000000007 59.500000000000007 0.19399641454219821 3.5000000000000004 3.5000000000000004 17.500000000000004 9.5000000000000018 0.57717391848564159 0.70102679729461681 0.33632341027259832 42.500000000000007 1.5000000000000002 87.500000000000014 16.500000000000004 0.33063423633575445 112.50000000000001 1.055891275405884 0.62628251314163219 11.500000000000002 9.5000000000000018 0.39009661972522741 61.500000000000007 0.060661764815449722 0.26840560138225561 87.500000000000014 0.066890381276607527 0.19139194488525393 239.50000000000003 40.500000000000007 0.42563724517822271 2.5000000000000004 0.41522988677024847 0.31047543883323675 61.500000000000007 0.99380800127983104 5.5000000000000009 5.5000000000000009 1.5000000000000002 0.1765745207667351 11.500000000000002 0.023392613045871261 0.27961546182632452 23.500000000000004 0.19478319585323337 23.500000000000004 0.86675119400024425 0.19292803853750232 24.500000000000004 0.2449273690581322 0.93902355432510387 0.29758481681346899 23.500000000000004 0.27135480940341955 0.22460445016622546 13.500000000000002 3.5000000000000004 0.31277173757553106 1.5000000000000002 9.5000000000000018 0.11269841343164445 19.500000000000004
decision_type=2 2 2 2 2 2 2 2 2 2 2 2 2 2 2 2 2 2 2 2 2 2 2 2 2 2 2 2 2 2 2 2 2 2 2 2 2 2 2 2 2 2 2 2 2 2 2 2 2 2 2 2 2 2 2 2 2 2 2 2 2 2
left_child=1 4 5 6 27 -2 23 21 20 29 -4 12 -11 16 50 -9 52 26 -8 -20 -5 33 -23 -3 -24 30 -18 28 48 -6 56 45 -19 59 35 36 -35 -32 -29 -37 41 -25 43 -43 -44 -27 -47 -42 60 54 -15 -21 53 -12 -28 -52 57 61 -13 -7 -1 -10
right_child=2 3 10 8 9 7 18 15 25 11 13 58 -14 14 -16 -17 17 32 19 51 -22 22 24 40 -26 31 49 38 -30 -31 37 -33 -34 34 -36 39 -38 -39 -40 -41 47 42 44 -45 -46 46 -48 -49 -50 -51 55 -53 -54 -55 -56 -57 -58 -59 -60 -61 -62 -63
leaf_value=0.0055745577296691393 -0.00084187045809812843 0.018957953686627109 -0.030243607022821209 -0.043100756860491057 0.062024750149084464 0.059227044412620222 -0.21051364455904278 0.11087362557649612 -0.019018680171941645 0.24611499894902389 0.019596039059212089 0.022703889782591531 0.064060279364256484 -0.019989082084518842 -0.10416108643178913 0.27590219787815035 0.12447697354573756 0.074373170719260251 -0.019109323071371989 -0.10914432221361529 -0.18459434639534045 0.05148331300962878 0.12125246717215894 0.0056827131244871348 0.24080959740001573 0.0075483531868237932 0.048605384701719649 -0.00047221406481808405 -0.088871551558778086 -0.010210520595581246 -0.0065406546514067384 -0.11437886351912187 0.19126425774147113 0.15328337268955211 0.14125867574272222 0.060420904572381348 0.037749056152219108 0.10972073950073016 0.0747908211766595 -0.049752223865630531 -0.073107974948578097 -0.03007880613488971 -0.056526090550390672 -0.17490682444007127 -0.14018342667155795 -0.1289237957734328 -0.024470560757746528 0.008162643270567059 0.043705903147528695 0.053025345078861051 0.0097404452004245939 -0.18974479163947858 0.065689372449386399 -0.053147662658440439 -0.039804699945490102 0.076414154930548234 -0.084081488339339983 -0.0032173014347705716 0.088392561194256383 -0.037892985755906383 -0.034963973577449931 -0.084495496623484143
leaf_weight=198 175 88 214 66 134 52 62 50 177 52 208 145 56 137 54 50 79 62 82 210 57 91 90 53 65 121 64 428 110 262 53 86 71 67 118 60 73 55 75 51 85 52 488 96 53 51 85 119 76 456 157 56 81 75 73 98 50 889 100 50 598 83
leaf_count=198 175 88 214 66 134 52 62 50 177 52 208 145 56 137 54 50 79 62 82 210 57 91 90 53 65 121 64 428 110 262 53 86 71 67 118 60 73 55 75 51 85 52 488 96 53 51 85 119 76 456 157 56 81 75 73 98 50 889 100 50 598 83
internal_value=8.58923e-05 -0.024813 0.0481896 -0.046319 0.00616285 0.0841619 -0.073203 0.102348 -0.0243947 0.0461679 0.0286438 0.0817456 0.15317 0.0364608 0.0013795 0.195303 0.0498324 0.0655845 -0.118475 -0.101521 -0.109631 0.0891301 0.128194 -0.0551545 0.172612 -0.0179781 0.0511212 -0.0140323 -0.0267889 0.0143274 -0.00905454 -0.0518563 0.137735 0.068499 0.0841217 0.0568066 0.0937355 0.05313 0.010876 0.00980857 -0.0620615 -0.0719575 -0.0779294 -0.124565 -0.0649652 -0.0305721 -0.0642957 -0.0258916 -0.0188645 0.0411555 0.0161463 -0.12676 0.014912 0.000198415 0.00154929 0.0355625 -0.0146954 -0.0116055 0.0497659 0.0117135 -0.0248859 -0.0401645
internal_weight=8272 5451 2821 3217 2234 992 1444 817 1773 749 1829 353 108 1615 446 100 1169 805 410 348 123 717 246 1034 155 1650 672 1485 982 396 1307 343 133 471 369 251 140 108 503 111 946 742 689 148 541 257 136 204 872 593 392 266 364 283 137 255 1199 1149 245 102 796 260
internal_count=8272 5451 2821 3217 2234 992 1444 817 1773 749 1829 353 108 1615 446 100 1169 805 410 348 123 717 246 1034 155 1650 672 1485 982 396 1307 343 133 471 369 251 140 108 503 111 946 742 689 148 541 257 136 204 872 593 392 266 364 283 137 255 1199 1149 245 102 796 260
is_linear=0
shrinkage=0.03


Tree=41
num_leaves=63
num_cat=0
split_feature=111 8 8 111 31 8 8 8 267 111 60 8 21 227 234 8 65 111 31 8 50 217 220 111 146 51 8 111 118 47 126 279 211 71 66 68 237 259 8 48 115 153 111 131 31 60 45 111 150 238 111 217 214 110 265 8 3 75 8 255 8 177
split_gain=10577.1 6215.15 5896.27 3642.42 2237.13 2129.04 1777.41 1546.67 1273.42 1224.16 1115.89 1092.9 930.63 791.267 723.633 705.014 676.867 670.506 1047.79 873.58 797.559 635.47 626.782 624.411 646.374 579.379 559.881 546.149 518.347 609.598 435.537 377.875 447.394 371.747 381.792 388.251 362.933 536.694 362.173 377.982 355.048 338.137 331.125 424.685 441.224 447.884 415.52 361.217 342.362 322.799 317.965 312.123 311.222 303.712 299.426 276.405 273.57 264.586 264.036 263.202 250.27 248.007
threshold=0.28451779484748846 68.500000000000014 75.500000000000014 0.23553323745727542 104.50000000000001 56.500000000000007 51.500000000000007 51.500000000000007 23.500000000000004 0.33227176964282995 88.500000000000014 92.500000000000014 24.500000000000004 5.5000000000000009 0.64103648066520702 108.50000000000001 0.80544745922088634 0.24642784148454669 133.50000000000003 82.500000000000014 8.5000000000000018 0.20710681378841403 3.5000000000000004 0.32363522052764898 23.500000000000004 16.500000000000004 40.500000000000007 0.25568476319313055 28.500000000000004 9.5000000000000018 14.500000000000002 210.50000000000003 0.20126582682132724 5.5000000000000009 0.20705188065767291 0.21353768557310107 0.17712418735027316 5.5000000000000009 37.500000000000007 0.98838895559310924 0.24452438205480578 0.36642529070377355 0.21676707267761233 0.31139807403087622 72.500000000000014 75.500000000000014 309.50000000000006 0.16035714000463488 8.5000000000000018 34.500000000000007 0.37573529779911047 0.23928353190422061 0.65036925673484813 10.500000000000002 20.500000000000004 102.50000000000001 55.500000000000007 23.500000000000004 58.500000000000007 0.11834733933210374 59.500000000000007 0.13423423469066623
decision_type=2 2 2 2 2 2 2 2 2 2 2 2 2 2 2 2 2 2 2 2 2 2 2 2 2 2 2 2 2 2 2 2 2 2 2 2 2 2 2 2 2 2 2 2 2 2 2 2 2 2 2 2 2 2 2 2 2 2 2 2 2 2
left_child=1 3 4 7 13 10 25 22 17 11 12 49 16 28 -10 33 -6 18 31 -19 57 -22 61 30 59 52 -27 58 36 -30 51 32 -3 34 40 -36 37 -2 39 -24 50 -21 43 44 -9 46 47 -46 -47 -4 -11 -7 -5 -29 -50 -13 -28 -20 -8 -25 -55 -1
right_child=2 8 9 6 5 23 27 42 14 15 -12 55 -14 -15 -16 -17 -18 19 20 41 21 -23 38 24 -26 26 56 53 29 -31 -32 -33 -34 -35 35 -37 -38 -39 -40 -41 -42 -43 -44 -45 45 48 -48 -49 54 -51 -52 -53 -54 60 -56 -57 -58 -59 -60 -61 -62 -63
leaf_value=0.0071306937528606796 -0.014133407928049565 -0.14794365409347746 0.010158182659761412 0.089505055104584799 0.12852662318726865 0.075265647276432923 0.018534770797051261 -0.015051888519211819 -0.22780157799522083 0.017612552152255528 0.085054615925658827 -0.054783301815510756 0.33433153441077784 0.1292521881255545 -0.092533472087234253 -0.038503559556664881 0.27153407110887412 -0.027099288053167137 -0.12600560518841331 -0.16370594410056416 -0.15363507186869782 -0.053292769999243317 0.017795500052494129 0.13480433741415088 0.19245637456466863 0.20488231286153955 0.045679989773780107 0.0047117626027889797 0.012894085584716362 0.14460259910552731 0.1199843359850347 -0.010363808009070117 -0.039384216807552212 0.10874661579176231 0.12776737912281139 0.032170629099283997 -0.024619720319848087 0.099366250420120386 0.0086049822674853331 0.13155452459831449 -0.034776010878009814 -0.075739888141953177 -0.030622353714411576 0.0094113279283046716 -0.14767861639261246 -0.012014488358840798 -0.19007183446603662 -0.065969234707951546 -0.13970100281472234 -0.058074098916458226 0.093098221952500559 0.012605415982758904 0.0095096273544956651 0.090110270119526173 -0.045735511580762798 -0.13325609812759004 0.13106260191697577 -0.2197607981217535 -0.02850554055864218 0.045769882725285635 0.033853277538916419 -0.026856873836397684
leaf_weight=255 79 53 574 91 81 166 177 94 71 187 65 185 56 78 75 96 50 549 51 54 89 159 55 54 90 58 63 181 65 61 104 142 96 80 73 81 168 70 317 50 78 154 343 59 74 98 50 149 54 69 68 126 84 109 72 52 76 75 270 69 208 792
leaf_count=255 79 53 574 91 81 166 177 94 71 187 65 185 56 78 75 96 50 549 51 54 89 159 55 54 90 58 63 181 65 61 104 142 96 80 73 81 168 70 317 50 78 154 343 59 74 98 50 149 54 69 68 126 84 109 72 52 76 75 270 69 208 792
internal_value=8.51518e-05 -0.0250041 0.0459421 -0.00416413 0.0909249 0.120601 0.0360891 -0.0257027 -0.0751955 0.00562017 0.193905 -0.017567 0.231087 0.041745 -0.159417 0.0363766 0.184753 -0.0664424 -0.0884375 -0.0470292 -0.121622 -0.0897751 -0.00614274 0.0900004 0.131456 0.0915447 0.126785 0.0141852 0.026081 0.0772943 0.0674272 -0.045518 -0.0787282 0.0491002 0.0390992 0.0780179 0.00554591 0.0394955 0.0246861 0.0726965 0.0209211 -0.0992512 -0.0546036 -0.0671918 -0.0748422 -0.0860976 -0.111916 -0.0936218 -0.0542741 0.0027574 0.0380271 0.0483626 0.0513795 0.0357615 -0.0867894 -0.0724885 0.0929667 -0.183103 -0.00987905 0.0856301 0.0534197 -0.0185802
internal_weight=8272 5347 2925 3779 1382 861 1317 2462 1568 1543 252 880 187 521 146 663 131 1422 665 757 374 248 1469 609 213 372 197 945 443 126 396 291 149 567 487 154 317 149 422 105 333 208 993 650 591 497 273 223 224 643 255 292 175 498 126 237 139 126 447 123 317 1047
internal_count=8272 5347 2925 3779 1382 861 1317 2462 1568 1543 252 880 187 521 146 663 131 1422 665 757 374 248 1469 609 213 372 197 945 443 126 396 291 149 567 487 154 317 149 422 105 333 208 993 650 591 497 273 223 224 643 255 292 175 498 126 237 139 126 447 123 317 1047
is_linear=0
shrinkage=0.03


Tree=42
num_leaves=63
num_cat=0
split_feature=231 231 220 237 6 268 160 31 109 114 22 6 272 49 174 233 25 38 36 9 43 231 14 54 145 68 77 110 153 275 114 155 165 229 157 75 80 151 43 95 157 178 56 65 169 104 40 109 67 193 255 50 169 174 254 12 132 148 103 259 13 95
split_gain=9695.92 1418.16 1409.29 1296.83 1147.7 994.153 881.376 865.973 791.585 719.846 661.761 659.285 610.293 603.898 560.561 621.439 541.556 523.27 426.962 426.259 443.724 411.709 405.369 399.495 402.934 393.293 390.698 425.419 375.137 373.907 373.442 637.831 617.841 369.743 366.533 366.212 408.324 377.512 357.77 347.97 341.845 338.39 400.664 372.837 307.909 305.874 616.224 304.447 356.863 303.219 622.236 298.175 291.1 286.511 284.78 283.229 272.116 263.767 255.184 243.826 327.45 360.463
threshold=0.28452381491661077 0.19399641454219821 4.5000000000000009 0.067117117345333113 50.500000000000007 10.500000000000002 7.5000000000000009 247.50000000000003 58.500000000000007 0.57717391848564159 20.500000000000004 46.500000000000007 0.29645323753356939 86.500000000000014 0.59128785133361828 0.21132376790046695 4.5000000000000009 0.066590216010808959 0.78748548030853283 54.500000000000007 0.68585526943206798 0.4220647811889649 83.500000000000014 1.5000000000000002 55.500000000000007 0.11695219576358797 0.98534777760505687 4.5000000000000009 0.39747571945190435 0.085960593074560179 1.0825855731964114 0.18705362081527713 11.500000000000002 15.500000000000002 0.20815403014421466 23.500000000000004 16.500000000000004 0.26534536480903631 0.86425063014030468 0.16333200037479403 0.22586002945899966 19.500000000000004 19.500000000000004 0.45446141064167028 19.500000000000004 1.0000000180025095e-35 3.5000000000000004 50.500000000000007 0.055815160274505622 0.53923079371452343 0.19399641454219821 17.500000000000004 22.500000000000004 0.84483805298805248 0.83391606807708751 75.500000000000014 0.33971422910690313 8.5000000000000018 1.0000000180025095e-35 14.500000000000002 70.500000000000014 0.12778327614068988
decision_type=2 2 2 2 2 2 2 2 2 2 2 2 2 2 2 2 2 2 2 2 2 2 2 2 2 2 2 2 2 2 2 2 2 2 2 2 2 2 2 2 2 2 2 2 2 2 2 2 2 2 2 2 2 2 2 2 2 2 2 2 2 2
left_child=1 3 25 53 5 8 21 12 10 23 -4 45 26 -12 22 -16 19 18 -8 -13 33 59 28 -3 -25 -2 29 -28 55 -5 -27 -32 -33 -21 44 -19 -37 -38 52 -31 -23 42 43 -29 -14 46 -11 48 -36 51 -51 58 -39 57 -10 -9 -30 -1 -18 60 -6 -62
right_child=2 9 4 7 6 -7 17 14 54 11 13 16 34 -15 15 -17 49 35 -20 20 -22 40 -24 24 -26 30 27 41 56 39 31 32 -34 -35 47 36 37 38 -40 -41 -42 -43 -44 -45 -46 -47 -48 -49 -50 50 -52 -53 -54 -55 -56 -57 -58 -59 -60 -61 61 -63
leaf_value=0.011218422160875052 0.074869294793034585 -0.086877822206184563 0.033287478201091292 -0.065490630428021251 0.041764563955140152 0.22103453384344499 0.081276351869586969 -0.089695459217228726 -0.037010399129460844 0.025489761844248473 0.18916269264902386 -0.017062364150198912 -0.025295161832609901 0.075647845063358546 0.033514426707813183 -0.072361724688759385 0.036214858469967214 -0.00044639148043408507 0.1827293509078611 0.032039342849914512 0.011257390650419089 0.030840803851582565 -0.15966470624535128 0.016356615058345986 -0.085156654304350321 0.0020319345743699392 -0.030506297309432977 -0.14277758047323336 -0.082842651657766386 0.03995416469988413 0.13448979852009904 -0.052340379422530531 0.087641164571704233 0.14383208236604367 0.060041221629029945 0.0066102469143237957 0.040202049557465702 0.023166126965320315 0.16504114380747567 -0.040611436497420071 0.11940814116163484 -0.05499809508748791 -0.18564586810194528 -0.048689597843095976 -0.1125819109711382 0.0030688165455962286 0.13970579432696104 0.064436472080901946 -0.021233811940217541 0.088545345287831104 -0.016834975551734629 -0.094353475200477988 0.10599649506527929 0.046456563703498793 0.058397495249907172 -0.1749396245858886 -0.014588570508612207 -0.035544131531496527 -0.031775836466565545 -0.032627823183248784 0.036876758460815132 -0.028605225554806338
leaf_weight=249 89 146 70 136 328 53 123 112 50 148 104 211 114 74 72 158 53 92 55 55 194 97 77 104 52 915 177 65 148 95 54 63 50 52 55 88 147 57 60 96 66 169 51 93 53 157 59 54 369 60 290 63 119 102 62 54 82 191 645 86 129 180
leaf_count=249 89 146 70 136 328 53 123 112 50 148 104 211 114 74 72 158 53 92 55 55 194 97 77 104 52 915 177 65 148 95 54 63 50 52 55 88 147 57 60 96 66 169 51 93 53 157 59 54 369 60 290 63 119 102 62 54 82 191 645 86 129 180
internal_value=8.47031e-05 -0.0257846 0.0408538 -0.0402118 0.055907 0.100547 0.0445207 -0.0503238 0.0822454 -0.00830321 0.112045 -0.00173413 -0.0375969 0.142657 -0.0778757 -0.0392163 -0.00992158 0.0686503 0.11347 0.0155853 0.038452 0.0242853 -0.0965517 -0.0513759 -0.017808 0.0146044 -0.0538046 -0.069125 -0.0839085 -0.0276705 0.00958274 0.0506956 0.00982382 0.0871973 -0.0153848 0.0543039 0.0649766 0.078335 0.101817 -0.000540154 0.0672119 -0.0870802 -0.112637 -0.0880512 -0.0535022 0.0346992 0.0585592 -0.00198371 -0.0105746 -0.0216798 0.00143102 -0.0322969 0.0794532 0.00140913 0.0158541 -0.118307 -0.0586771 -0.00911535 -0.0265688 0.0145281 0.0209357 -0.00123731
internal_weight=8272 5061 3211 2772 2040 413 1627 2230 360 2289 248 1987 1527 178 703 230 1623 741 178 512 301 886 473 302 156 1171 882 555 396 327 1082 167 113 107 645 563 471 383 236 191 163 378 209 158 167 364 207 478 424 1111 350 761 176 542 112 166 230 440 698 723 637 309
internal_count=8272 5061 3211 2772 2040 413 1627 2230 360 2289 248 1987 1527 178 703 230 1623 741 178 512 301 886 473 302 156 1171 882 555 396 327 1082 167 113 107 645 563 471 383 236 191 163 378 209 158 167 364 207 478 424 1111 350 761 176 542 112 166 230 440 698 723 637 309
is_linear=0
shrinkage=0.03


Tree=43
num_leaves=63
num_cat=0
split_feature=111 8 8 111 31 8 8 111 8 8 8 109 111 111 20 65 258 49 266 8 112 111 111 94 149 27 111 140 120 279 280 8 145 8 33 57 215 13 218 111 85 178 198 111 149 205 111 88 78 228 46 88 8 8 186 236 73 26 13 107 136 173
split_gain=9572.51 5831.38 5796.63 3074.3 2238.46 1633.63 1396.81 1177.84 1153.79 1082.68 1075.26 1434.17 1296.4 1036.34 885.754 857.39 754.32 690.717 676.875 1160.84 638.184 596.84 595.696 827.588 550.443 542.641 520.781 468.778 453.247 413.917 405.1 404.819 578.905 396.531 397.793 395.314 491.854 392.895 382.251 381.678 435.979 360.652 439.925 469.652 505.165 401.092 354.795 348.779 699.531 330.824 323.879 380.322 301.484 298.691 297.244 293.53 291.37 288.062 280.382 270.92 265.679 265.167
threshold=0.27934552729129797 64.500000000000014 70.500000000000014 0.23447144776582721 104.50000000000001 43.500000000000007 87.500000000000014 0.32270763814449316 45.500000000000007 51.500000000000007 83.500000000000014 27.500000000000004 0.24336075037717822 0.31719042360782629 308.50000000000006 0.77154013514518749 38.500000000000007 92.500000000000014 7.5000000000000009 59.500000000000007 0.32663163542747503 0.20806276798248294 0.32449981570243841 0.78977087140083324 59.500000000000007 128.50000000000003 0.22127521038055423 17.500000000000004 9.5000000000000018 186.50000000000003 1.0000000180025095e-35 61.500000000000007 77.500000000000014 109.50000000000001 0.29136465489864355 5.5000000000000009 0.18588040024042132 67.500000000000014 22.500000000000004 0.36749699711799627 27.500000000000004 29.500000000000004 9.5000000000000018 0.18715659528970721 73.500000000000014 20.500000000000004 0.26425938308238989 8.5000000000000018 58.500000000000007 1.5000000000000002 121.50000000000001 2.5000000000000004 71.500000000000014 51.500000000000007 3.5000000000000004 0.089572194963693633 1.5000000000000002 3.5000000000000004 68.500000000000014 21.500000000000004 0.071022085845470442 0.22902098298072818
decision_type=2 2 2 2 2 2 2 2 2 2 2 2 2 2 2 2 2 2 2 2 2 2 2 2 2 2 2 2 2 2 2 2 2 2 2 2 2 2 2 2 2 2 2 2 2 2 2 2 2 2 2 2 2 2 2 2 2 2 2 2 2 2
left_child=1 3 4 8 18 -6 13 50 21 25 12 -12 14 -4 30 20 17 -7 28 24 -13 -1 31 -24 -20 29 -16 -15 -2 -5 35 32 -18 34 56 -3 -37 49 -23 40 -29 42 -10 44 -44 53 -11 48 55 -31 -8 -52 -14 -46 -36 -32 -9 58 -42 -28 -39 -43
right_child=2 10 6 9 5 16 7 33 41 46 11 15 52 27 26 -17 22 -19 19 -21 -22 38 23 -25 -26 -27 59 39 -30 37 47 -33 -34 -35 54 36 -38 60 -40 -41 57 61 43 -45 45 -47 -48 -49 -50 -51 51 -53 -54 -55 -56 -57 -58 -59 -60 -61 -62 -63
leaf_value=-0.0083971377728067429 -0.0048371261803401731 -0.13787798895735606 0.0073437901957354411 0.13784254357850148 0.24103270891708198 0.092620585131127448 -0.021867003302110263 0.018276251522203288 0.020692613355084499 0.0052944023881525007 -0.028745308803860097 -0.27517215602454687 -0.0079000399892398127 -0.00442075693901156 -0.21892935201076083 -0.085265175542052915 0.095073509023835254 -0.039801632586647484 0.077794664072639796 -0.024614792622882745 -0.14547907291815199 0.023826637713095317 0.099881629922482021 0.24653633812805273 0.20539306487572395 0.16656209919553505 -0.060806719672973034 0.020154951126765339 0.088787875690593807 0.040081981314080105 0.03670800052709499 0.069728539054049174 0.21468384288508316 -0.054005106625632501 0.01963537796586752 -0.016621242280929319 -0.12112077700765164 -0.031311049521542511 0.12043848109610665 0.13590851369985313 0.10882459343263978 -0.058320389716130384 -0.036980153183414508 -0.037141255615989667 -0.088465578726359767 -0.058491738447053139 0.053761214896803716 0.013186640280943651 -0.12002795656317287 0.13682133215616959 -0.012042293829767129 -0.10095946004674972 -0.046546802919958004 -0.18401123815611617 0.09908608295432314 -0.06157943792202894 -0.054616028388743014 0.14515606355387717 0.011240722636610049 -0.15470733685385096 0.055164619017214998 0.021295529587874906
leaf_weight=831 235 106 641 58 96 117 136 179 78 506 119 62 341 70 57 97 107 50 67 57 86 129 67 76 58 57 60 123 57 69 58 159 57 70 89 92 72 64 51 85 56 52 145 615 55 85 185 77 96 60 57 183 389 72 81 50 67 63 50 54 62 129
leaf_count=831 235 106 641 58 96 117 136 179 78 506 119 62 341 70 57 97 107 50 67 57 86 129 67 76 58 57 60 123 57 69 58 159 57 70 89 92 72 64 51 85 56 52 145 615 55 85 185 77 96 60 57 183 389 72 81 50 67 63 50 54 62 129
internal_value=8.44177e-05 -0.0252419 0.0411975 -0.0014952 0.0929565 0.125933 0.00923495 -0.0192782 -0.0214041 0.0405548 -0.0684086 -0.114515 -0.0567795 0.0318223 -0.0852635 -0.155888 0.108124 0.0529723 0.0420815 0.0873255 -0.201292 0.0023457 0.127733 0.178995 0.138161 0.0819011 -0.144861 0.0668298 0.0136796 0.0660022 -0.0665389 0.104556 0.137695 0.0115682 0.0227052 -0.0927695 -0.0629551 0.0491875 0.0517142 0.080036 0.0633634 -0.0408954 -0.0476314 -0.0531298 -0.0804924 -0.10994 0.0183293 -0.0410955 -0.0615487 0.0857834 -0.0590737 -0.0799792 -0.0285295 -0.143648 0.0578494 -0.00894293 -0.00171727 0.0945075 0.0633297 -0.106244 0.0113398 -0.00177232
internal_weight=8272 5119 3153 3303 1203 729 1950 862 2242 1061 1816 364 1452 1088 722 245 633 167 474 182 148 1011 466 143 125 370 171 447 292 313 551 323 164 486 416 270 164 255 180 377 292 1231 1050 972 357 212 691 281 204 129 376 240 730 127 170 108 246 169 106 114 126 181
internal_count=8272 5119 3153 3303 1203 729 1950 862 2242 1061 1816 364 1452 1088 722 245 633 167 474 182 148 1011 466 143 125 370 171 447 292 313 551 323 164 486 416 270 164 255 180 377 292 1231 1050 972 357 212 691 281 204 129 376 240 730 127 170 108 246 169 106 114 126 181
is_linear=0
shrinkage=0.03


Tree=44
num_leaves=63
num_cat=0
split_feature=111 8 8 111 100 8 8 8 267 111 8 26 256 8 138 8 111 111 31 8 50 151 217 46 151 111 106 8 20 8 111 257 12 32 44 95 74 255 8 56 37 279 211 78 117 144 153 238 112 110 85 236 118 233 37 238 280 128 111 107 56 8
split_gain=9039.82 5466.79 5144.3 3109.34 2134.41 2013.3 1550.91 1373.66 1167.26 1048.73 963.277 783.207 645.083 659.865 1251.67 633.068 626.975 591.371 937.816 760.215 732.33 583.587 582.427 549.645 576.395 473.552 463.223 644.5 469.886 421.786 409.88 408.883 378.023 375.998 371.305 381.439 364.341 440.164 640.19 356.538 371.615 350.942 408.322 344.535 334.888 331.941 308.117 305.564 304.943 289.976 282.542 292.366 276.078 378.876 360.109 267.689 348.078 265.424 261.733 305.638 274.704 258.142
threshold=0.28451779484748846 68.500000000000014 75.500000000000014 0.23553323745727542 9.5000000000000018 45.500000000000007 51.500000000000007 45.500000000000007 23.500000000000004 0.33227176964282995 92.500000000000014 2.5000000000000004 0.1649659872055054 51.500000000000007 58.500000000000007 100.50000000000001 0.20806276798248294 0.24642784148454669 133.50000000000003 82.500000000000014 8.5000000000000018 0.31660671532154089 0.20710681378841403 32.500000000000007 0.26419982314109808 0.25568476319313055 23.500000000000004 66.500000000000014 311.50000000000006 57.500000000000007 0.30449178814888006 0.27812939882278448 62.500000000000007 4.5000000000000009 1.5000000000000002 0.17991228401660922 109.50000000000001 0.045804196968674667 42.500000000000007 39.500000000000007 0.12680522352457049 210.50000000000003 0.20126582682132724 97.500000000000014 0.18502956628799441 2.5000000000000004 0.36642529070377355 34.500000000000007 0.32663163542747503 17.500000000000004 25.500000000000004 0.096006143838167204 28.500000000000004 0.46470099687576299 0.17383897304534915 25.500000000000004 1.0000000180025095e-35 7.5000000000000009 0.21595124900341037 3.5000000000000004 18.500000000000004 102.50000000000001
decision_type=2 2 2 2 2 2 2 2 2 2 2 2 2 2 2 2 2 2 2 2 2 2 2 2 2 2 2 2 2 2 2 2 2 2 2 2 2 2 2 2 2 2 2 2 2 2 2 2 2 2 2 2 2 2 2 2 2 2 2 2 2 2
left_child=1 3 4 7 12 -6 23 16 17 10 47 -10 13 14 -2 39 -1 18 41 -19 -20 26 -22 -5 36 -8 34 28 -28 55 -29 -16 -18 -31 35 -7 37 -25 -39 40 -11 42 -3 -17 -41 -36 -21 -4 50 -27 -35 -52 54 -54 -15 58 -57 -48 59 -9 -61 -12
right_child=2 8 9 6 5 21 25 29 11 15 61 -13 -14 52 31 43 32 19 20 46 22 -23 -24 24 -26 49 27 30 -30 33 -32 -33 -34 48 45 -37 -38 38 -40 44 -42 -43 -44 -45 -46 -47 57 -49 -50 -51 51 -53 53 -55 -56 56 -58 -59 -60 60 -62 -63
leaf_value=-0.0081455262658346322 0.024092231944203377 -0.13998065438535479 0.009635690480997057 -0.0030303696935827084 0.25832883660204525 -0.01576670031664492 -0.0092429976010875436 0.0027284687136429858 -0.069469237266748682 0.074841788673062903 -0.051114581856358372 -0.21098684880882501 -0.017599565550944832 0.040283286517316642 0.10721491005558234 0.013919756435365839 0.11849666355956684 -0.024984185258502309 -0.17274690950480034 -0.15377999972552062 -0.14447954424098133 0.19244953221288222 -0.048455705241300162 0.024207978770136834 0.16360735509905122 0.016092990317586462 0.11293280544877052 0.035862201261429152 0.22445241751995954 -0.0034766142411404343 0.12382507450878619 0.22963820017046396 0.025117922603436135 -0.11250005725925603 0.12073127113404822 0.08958046255742802 0.0090360727959107288 0.20756811969555342 0.064332872952406209 0.11817754145398317 0.00092566724621250245 -0.0080002759501233804 -0.036297694352484242 -0.073309241202423131 0.042318693005314496 0.031243410260815702 -0.039019978217856618 -0.05674987171909638 -0.03596208099093471 0.063848650987161193 -0.015080374845940814 -0.10224790668946046 -0.0005246614051215788 0.10894672304561191 -0.052021764294425052 -0.039841508569614006 0.038593316096461043 -0.12080852564424276 -0.0064481790988417022 -0.089495484544230355 -0.03988787593614871 -0.12690989969895694
leaf_weight=831 104 53 574 54 81 78 447 85 63 96 185 83 128 87 51 131 54 549 126 54 89 57 159 53 92 320 79 97 65 82 95 53 137 192 121 50 58 51 64 106 166 142 96 58 106 55 97 69 142 178 75 64 50 65 66 97 105 57 173 167 258 52
leaf_count=831 104 53 574 54 81 78 447 85 63 96 185 83 128 87 51 131 54 549 126 54 89 57 159 53 92 320 79 97 65 82 95 53 137 192 121 50 58 51 64 106 166 142 96 58 106 55 97 69 142 178 75 64 50 65 66 97 105 57 173 167 258 52
internal_value=8.3799e-05 -0.0231107 0.0424775 -0.00356567 0.0844941 0.117326 0.0336254 -0.0234659 -0.0701834 0.00481476 -0.0166464 -0.150809 0.0420796 0.0581311 0.0981116 0.0332824 0.00313442 -0.0618052 -0.0824607 -0.0435753 -0.113853 0.100593 -0.0833577 0.0854272 0.100411 0.0131648 0.0921249 0.116469 0.164472 -0.0423338 0.0798016 0.171197 0.0519979 -0.0628343 0.0649242 0.02576 0.0740773 0.0963456 0.129096 0.0517628 0.028191 -0.0418626 -0.0738655 -0.0130939 0.0806249 0.0931008 -0.0922907 0.00243483 -0.0730956 0.033256 -0.0888697 -0.0556587 0.026852 0.0617563 0.000386175 -0.0294211 0.000918343 -0.0698765 -0.0383824 -0.0491811 -0.0595451 -0.0682081
internal_weight=8272 5347 2925 3779 1382 778 1317 2462 1568 1543 880 146 604 476 208 663 1022 1422 665 757 374 697 248 372 318 945 640 336 144 1440 192 104 191 555 304 128 226 168 115 474 262 291 149 189 212 176 208 643 473 498 331 139 268 115 153 885 202 154 683 510 425 237
internal_count=8272 5347 2925 3779 1382 778 1317 2462 1568 1543 880 146 604 476 208 663 1022 1422 665 757 374 697 248 372 318 945 640 336 144 1440 192 104 191 555 304 128 226 168 115 474 262 291 149 189 212 176 208 643 473 498 331 139 268 115 153 885 202 154 683 510 425 237
is_linear=0
shrinkage=0.03


Tree=45
num_leaves=63
num_cat=0
split_feature=111 8 8 111 31 8 111 8 8 78 8 8 8 109 49 151 111 112 127 86 181 269 111 104 111 48 167 140 20 111 101 57 27 112 78 127 218 105 57 178 29 111 149 232 22 111 169 186 111 91 148 216 1 8 149 27 272 8 239 246 111 231
split_gain=8542.94 5715.31 5284.12 2379.39 1844.89 1505.63 1412.22 1192.9 1125.13 1028.02 1027.93 1005.47 864.449 1307.47 716.638 733.34 690.945 657.167 647.03 615.764 602.728 534.649 757.397 510.719 504.304 425.576 469.745 398.119 389.269 446.202 403.385 386.764 585.56 516.668 380.208 470.177 373.489 371.676 366.905 366.05 411.992 486.68 368.071 343.906 342.941 327.061 320.985 358.754 320.635 303.34 307.487 308.973 301.549 272.734 279.944 264.083 260.01 259.122 257.315 255.86 255.013 249.208
threshold=0.27426491677761083 70.500000000000014 64.500000000000014 0.23345498740673068 104.50000000000001 55.500000000000007 0.31605799496173864 98.500000000000014 84.500000000000014 109.50000000000001 47.500000000000007 45.500000000000007 77.500000000000014 27.500000000000004 96.500000000000014 0.26322452723979956 0.24336075037717822 0.27308239042758947 27.500000000000004 14.500000000000002 1.5000000000000002 37.500000000000007 0.35985612869262701 1.5000000000000002 0.20806276798248294 0.99124085903167736 3.5000000000000004 19.500000000000004 97.500000000000014 0.36749699711799627 2.5000000000000004 12.500000000000002 58.500000000000007 0.28959664702415472 86.500000000000014 19.500000000000004 22.500000000000004 58.500000000000007 13.500000000000002 29.500000000000004 15.500000000000002 0.19023809581995013 73.500000000000014 0.43534001708030706 38.500000000000007 0.31047543883323675 15.500000000000002 1.0000000180025095e-35 0.26103179156780248 0.2026171758770943 22.500000000000004 0.074271079152822508 28.500000000000004 92.500000000000014 188.50000000000003 74.500000000000014 0.29555335640907293 87.500000000000014 1.0000000180025095e-35 4.5000000000000009 0.28867521882057195 0.13714733719825747
decision_type=2 2 2 2 2 2 2 2 2 2 2 2 2 2 2 2 2 2 2 2 2 2 2 2 2 2 2 2 2 2 2 2 2 2 2 2 2 2 2 2 2 2 2 2 2 2 2 2 2 2 2 2 2 2 2 2 2 2 2 2 2 2
left_child=2 4 3 11 19 9 8 28 60 14 20 24 16 -14 15 -6 18 -15 31 25 27 38 44 49 59 26 43 -5 -8 37 -31 32 52 -34 -9 -36 -26 58 -7 40 -13 42 -42 -2 -23 -46 47 -44 -12 -19 51 -51 -4 -10 -55 -29 -54 -32 -30 -1 -3 -41
right_child=1 6 12 10 5 21 7 34 53 -11 48 39 13 17 -16 -17 -18 23 -20 -21 -22 22 -24 -25 36 -27 -28 55 29 30 57 -33 33 -35 35 -37 -38 -39 -40 61 41 -43 46 -45 45 -47 -48 -49 -50 50 -52 -53 56 54 -56 -57 -58 -59 -60 -61 -62 -63
leaf_value=-0.013236780091063952 -0.020205301561615836 -0.013844491532830478 -0.0095739235764178698 0.0093573135989052907 0.11141570686294539 0.073038920841301258 -0.012987581987853172 0.0060047821943047487 -0.034492488187024981 0.2666043307293991 0.004788154990888323 0.0045300870643971295 -0.032422454578372152 -0.22247297563050922 0.040642324073748154 0.25608101093498142 -0.024998881052594946 -0.14205796445526375 -0.16062521543191827 0.12477958854287861 0.16492087289690971 0.018633640083399686 0.21338919981437571 -0.17499501461247827 0.01996402069632932 -0.0028484956869347525 0.1255250752965609 0.14340262492678382 -0.026532173273818831 0.040142488401560553 0.18671837424530702 0.0021322626998163249 -0.17843600418256675 -0.074179940351769946 -0.0061883932410886416 -0.13221604206982782 0.11640236208105788 0.10890399054340694 -0.017735166672256684 -0.053684399566560417 -0.03888014210388064 -0.035041822404152448 -0.089988722339272506 0.073948079483664553 0.081797181216681877 0.15780508121239467 -0.063900275863004175 -0.1969605820769301 0.047787910821646538 -0.099251081487163897 -0.12958662481143557 -0.010198209047923948 -0.11404826858121415 -0.027333480553701519 -0.10709890168248898 0.050666437625885012 -0.023624427336103777 0.088244384077360044 0.042601705595211745 0.043843062352389099 0.025593378345927467 0.023672646435661589
leaf_weight=754 70 257 126 83 81 114 76 168 276 75 538 130 194 56 54 54 469 76 68 65 65 54 50 87 126 219 62 54 55 62 50 72 68 120 56 50 50 68 61 52 127 560 69 68 204 70 105 51 219 59 57 85 68 59 125 59 50 52 372 77 344 127
leaf_count=754 70 257 126 83 81 114 76 168 276 75 538 130 194 56 54 54 469 76 68 65 65 54 50 87 126 219 62 54 55 62 50 72 68 120 56 50 50 68 61 52 127 560 69 68 204 70 105 51 219 59 57 85 68 59 125 59 50 52 372 77 344 127
internal_value=8.36953e-05 0.0368381 -0.0251991 -0.00295085 0.086085 0.113567 0.00585974 0.031254 -0.0182967 0.17252 0.0350266 -0.0203111 -0.068807 -0.0970561 0.133978 0.170739 -0.052068 -0.126763 -0.0741805 0.0395561 0.0862516 0.0851628 0.105225 -0.111469 0.00188288 0.0260696 0.0575916 0.0594576 0.0511515 0.0585569 0.101385 -0.0622223 -0.0729282 -0.112634 -0.0221125 -0.0663155 0.0478641 0.0441916 0.0414767 -0.0386018 -0.0454039 -0.0525189 -0.0801452 0.0263873 0.0881381 0.101718 -0.103162 -0.136704 0.0172746 -0.090959 -0.0710304 -0.047118 -0.0420003 -0.0535551 -0.0818079 0.095852 -0.0762536 0.13786 0.0336557 -0.00790145 0.00873395 0.00102681
internal_weight=8272 3371 4901 3246 1301 817 2070 1009 1061 264 1018 2228 1655 614 189 135 1041 420 572 484 261 553 378 364 1007 419 200 196 735 659 164 504 432 188 274 106 176 495 175 1221 1042 912 352 138 328 274 225 120 757 277 201 144 244 460 184 113 118 102 427 831 601 179
internal_count=8272 3371 4901 3246 1301 817 2070 1009 1061 264 1018 2228 1655 614 189 135 1041 420 572 484 261 553 378 364 1007 419 200 196 735 659 164 504 432 188 274 106 176 495 175 1221 1042 912 352 138 328 274 225 120 757 277 201 144 244 460 184 113 118 102 427 831 601 179
is_linear=0
shrinkage=0.03


Tree=46
num_leaves=63
num_cat=0
split_feature=111 8 8 111 100 8 111 8 8 8 109 8 111 194 8 111 256 100 241 45 227 111 33 78 14 8 233 51 269 111 74 72 32 238 57 110 99 152 180 49 98 8 148 279 79 214 158 111 149 118 255 116 11 74 113 280 63 87 154 8 254 87
split_gain=8068.91 5039.67 4302.31 3286.14 2057.54 1945.52 1264.06 1343.5 1131.86 959.212 904.293 798.715 784.806 685.964 841.014 654.789 638.846 638.549 601.707 590.109 576.356 571.049 561.775 485.429 448.147 499.078 443.115 482.788 476.879 438.408 428.728 422.845 418.089 434.579 414.527 442.625 410.085 395.976 377.567 376.986 374.459 368.851 364.661 334.728 327.798 318.214 419.375 346.686 356.099 316.317 312.984 300.135 299.966 294.931 390.25 288.985 282.102 272.101 263.937 274.255 262.904 283.441
threshold=0.28867521882057195 64.500000000000014 75.500000000000014 0.23697775602340701 9.5000000000000018 45.500000000000007 0.24789856374263766 80.500000000000014 47.500000000000007 45.500000000000007 18.500000000000004 90.500000000000014 0.31719042360782629 0.63309231400489818 83.500000000000014 0.34463602304458624 0.17595459520816806 4.5000000000000009 1.5000000000000002 406.50000000000006 5.5000000000000009 0.20806276798248294 0.24326913058757785 55.500000000000007 61.500000000000007 57.500000000000007 0.65367317199707042 23.500000000000004 41.500000000000007 0.26103179156780248 27.500000000000004 0.63961037993431102 14.500000000000002 18.500000000000004 6.5000000000000009 15.500000000000002 19.500000000000004 0.3148659616708756 10.500000000000002 79.500000000000014 53.500000000000007 70.500000000000014 27.500000000000004 204.50000000000003 13.500000000000002 0.67921295762062084 5.5000000000000009 0.20670914649963382 128.50000000000003 28.500000000000004 0.079473681747913374 0.070751763880252852 70.500000000000014 39.500000000000007 0.36596255004405981 1.0000000180025095e-35 0.31601439416408544 17.500000000000004 0.75416862964630138 37.500000000000007 0.89553925395011913 10.500000000000002
decision_type=2 2 2 2 2 2 2 2 2 2 2 2 2 2 2 2 2 2 2 2 2 2 2 2 2 2 2 2 2 2 2 2 2 2 2 2 2 2 2 2 2 2 2 2 2 2 2 2 2 2 2 2 2 2 2 2 2 2 2 2 2 2
left_child=1 3 4 9 16 -6 10 -8 17 21 55 12 -4 14 30 -13 20 -5 43 23 24 58 37 39 -2 31 28 -28 52 -10 -12 -26 -9 -34 -32 -36 -31 -7 44 -15 -23 57 51 -19 -17 46 -11 48 -48 -27 -25 -14 -24 -52 -55 -3 -35 -30 -1 -60 61 -53
right_child=2 6 11 8 5 22 7 32 29 45 13 15 42 19 -16 38 -18 18 -20 -21 -22 40 26 50 25 49 27 -29 41 36 34 -33 33 56 35 -37 -38 -39 -40 -41 -42 -43 -44 -45 -46 -47 47 -49 -50 -51 53 60 -54 54 -56 -57 -58 -59 59 -61 -62 -63
leaf_value=-0.01658403391372584 0.00044791092658602951 -0.058303569657046618 -0.0023237560140873512 -3.0296502841843501e-05 0.26288284663259981 0.084903800996368392 -0.014378738971464267 -0.0444920799489084 0.0066287458717074355 0.0098858571634872962 -0.024244387192794911 -0.04505573358076314 0.091622142141063997 -0.059777861443849709 -0.22662235001402517 0.024532832367058166 -0.031252944577247539 0.12947712146490814 0.18466757126829841 -0.15464058010373263 0.14327002066091216 0.012655324124191935 -0.010235024413691377 -0.013387794637326466 0.059119958496325974 -0.025317488653319221 0.21142177945607668 0.10856491883031347 0.10531410164483215 0.013985569730542505 -0.16653810396933783 0.16904426584901686 -0.057990424207741795 -0.20115038508718663 -0.047971367590206183 -0.15679454316508096 0.078386304591768888 -0.01919736385345459 0.08987428776919841 0.0519237536035086 0.095588909292529362 0.06286183682084083 0.12384223452479136 0.043555735189546925 -0.055362338285837601 -0.019214467300154938 -0.052941982129490688 -0.030397488168880136 -0.11414395102478088 0.074720440457503381 -0.1435214168557099 0.050201660731519736 0.091487526521086687 -0.10972443495546617 -0.016785864093013712 0.020021266711198468 -0.10485092001522962 0.19465542774934036 0.075521969161477062 -0.0021655165753904576 0.063839078870009294 -0.030206949983505489
leaf_weight=650 148 81 416 53 74 90 813 132 463 94 51 350 89 51 61 148 93 74 76 63 57 113 52 58 76 62 76 98 68 157 103 55 78 54 96 52 206 51 51 56 86 69 60 93 66 594 227 247 140 51 69 67 51 92 73 87 64 64 61 120 109 93
leaf_count=650 148 81 416 53 74 90 813 132 463 94 51 350 89 51 61 148 93 74 76 63 57 113 52 58 76 62 76 98 68 157 103 55 78 54 96 52 206 51 51 56 86 69 60 93 66 594 227 247 140 51 69 67 51 92 73 87 64 64 61 120 109 93
internal_value=8.25758e-05 -0.0204515 0.0428256 0.00194506 0.0839433 0.118164 -0.0566857 -0.0350977 0.0441088 -0.0183515 -0.0814309 0.00774685 0.0268598 -0.0943381 -0.12526 -0.0181737 0.0400512 0.0943528 0.114854 -0.0698244 0.0548568 0.00328135 0.100468 -0.0560793 0.041669 0.0665681 0.115996 0.154442 0.0935557 0.0260114 -0.104106 0.106202 -0.0862531 -0.114009 -0.120172 -0.0870022 0.0506475 0.0473802 0.0173668 -0.00137773 0.0487947 0.120394 0.0558399 0.0821728 -0.000250626 -0.0354544 -0.0490331 -0.0580547 -0.0765355 0.0200918 -0.0760509 0.0441297 0.0405278 -0.0914597 -0.068955 -0.017864 -0.15024 0.149769 -0.00766331 0.0242876 0.0281354 0.00356683
internal_weight=8272 5588 2684 3454 1235 693 2134 1141 1122 2332 993 1449 834 825 363 615 542 296 243 462 449 1030 619 399 392 244 478 174 304 826 302 131 328 196 251 148 363 141 265 107 199 201 418 167 214 1302 708 614 367 113 292 358 103 234 165 168 118 132 831 181 269 160
internal_count=8272 5588 2684 3454 1235 693 2134 1141 1122 2332 993 1449 834 825 363 615 542 296 243 462 449 1030 619 399 392 244 478 174 304 826 302 131 328 196 251 148 363 141 265 107 199 201 418 167 214 1302 708 614 367 113 292 358 103 234 165 168 118 132 831 181 269 160
is_linear=0
shrinkage=0.03


Tree=47
num_leaves=63
num_cat=0
split_feature=111 171 171 31 138 111 247 109 6 111 48 226 6 259 75 60 231 2 74 108 5 22 30 5 231 65 67 110 226 180 95 62 14 229 78 39 159 38 12 34 4 3 67 45 197 31 159 260 6 47 231 32 150 6 33 68 60 71 171 135 194 12
split_gain=7619.72 1753.47 1703.82 1368.23 1063.37 723.244 672.042 546.344 721.919 541.479 531.273 726.252 566.133 463.997 460.615 479.222 455.814 444.007 391.312 485.651 391.148 565.197 409.421 390.466 495.369 389.25 385.32 438.083 378.892 387.319 365.014 580.132 456.317 364.943 347.414 338.147 335.688 328.959 401.499 338.923 328.807 403.696 358.374 321.598 321.378 333.787 315.87 305.244 304.683 298.982 298.671 296.714 333.466 295.271 410.837 286.088 282.527 289.205 281.155 279.501 278.979 340.527
threshold=0.27426491677761083 0.20761494338512423 0.35599078238010412 421.50000000000006 78.500000000000014 0.19082633405923846 10.500000000000002 18.500000000000004 44.500000000000007 0.30449178814888006 0.991184562444687 5.5000000000000009 46.500000000000007 13.500000000000002 15.500000000000002 88.500000000000014 0.15707236528396609 71.500000000000014 50.500000000000007 4.5000000000000009 52.500000000000007 61.500000000000007 10.500000000000002 90.500000000000014 0.43826219439506536 0.59960106015205394 0.10361093282699586 7.5000000000000009 7.5000000000000009 10.500000000000002 0.14326765388250354 0.2196462079882622 70.500000000000014 24.500000000000004 59.500000000000007 0.22963736206293109 6.5000000000000009 0.057409040629863746 66.500000000000014 0.342908725142479 56.500000000000007 62.500000000000007 0.13737745583057406 156.50000000000003 0.15849281847476962 349.50000000000006 7.5000000000000009 11.500000000000002 75.500000000000014 17.500000000000004 0.22653958946466449 22.500000000000004 20.500000000000004 69.500000000000014 0.23413666337728503 0.23317152261734012 59.500000000000007 1.0000000180025095e-35 0.21583850681781772 0.10819418355822565 0.75539451837539684 61.500000000000007
decision_type=2 2 2 2 2 2 2 2 2 2 2 2 2 2 2 2 2 2 2 2 2 2 2 2 2 2 2 2 2 2 2 2 2 2 2 2 2 2 2 2 2 2 2 2 2 2 2 2 2 2 2 2 2 2 2 2 2 2 2 2 2 2
left_child=1 4 3 6 17 26 10 56 -9 -8 14 -12 -13 58 -2 18 33 -1 19 -16 21 47 -22 24 60 -19 27 -3 40 44 31 -20 -33 -6 -17 48 -32 -26 39 -39 41 42 50 -43 46 53 -30 -18 -14 -45 -7 -24 -53 54 -46 -56 57 -4 -5 -36 61 -10
right_child=2 5 7 13 16 28 9 8 23 -11 11 12 35 -15 15 34 20 25 30 -21 22 -23 51 -25 37 -27 -28 -29 29 -31 36 32 -34 -35 59 -37 -38 38 -40 -41 -42 43 -44 49 45 -47 -48 -49 -50 -51 -52 52 -54 -55 55 -57 -58 -59 -60 -61 -62 -63
leaf_value=-0.001494476273202957 -0.0046704757543372328 -0.011753509190919645 0.00038238065583365299 -0.069217922693739331 -0.062959566396270705 -0.027833687640726565 0.030189448364212043 0.15000533179890727 -0.028751905026535192 0.16118025849759576 -0.027555605879875229 0.11845809356123209 0.08826126359101083 -0.11752786780397097 0.14471938283319638 -0.038278146542981263 -0.0078752963949035807 -0.11684546437474988 -0.0026029639430344103 0.050414807105606252 -0.11788601040437413 -0.065837641576161746 -0.025361706383205805 -0.013707497408934708 0.16393160178991301 -0.012700636833906175 -0.013293021116838898 -0.12094870708769921 -0.062510793448600444 0.086560122943483295 -0.051360240852290934 0.17695731010217711 0.049887606659187719 -0.12929470793310419 0.098122744696105227 -0.025650546734886509 0.049704028042833671 0.052471368558266583 0.043441469644167223 0.15045984080982833 -0.025871412651057229 -0.059012900915695353 0.089089924296544443 0.052628512418390637 0.011359937883724894 -0.015009643141125491 0.014935702508751382 0.076620724453632508 0.0049427696837242253 -0.030142778987665809 0.029870830413316063 -0.13477014221517103 -0.034515310758307792 -0.015487618547261637 0.13742470530721432 0.053566608473401403 -0.02576877371002646 0.093177248141018007 -0.0034920060105169269 0.016936585917806012 0.067429564443446 0.048411695796709793
leaf_weight=621 182 50 62 80 862 119 55 92 71 59 339 59 73 53 101 74 90 61 59 98 73 90 307 57 55 68 128 98 95 63 54 52 51 82 50 104 63 50 127 94 627 127 61 67 157 169 93 66 85 92 246 55 66 84 51 133 84 58 212 154 383 181
leaf_count=621 182 50 62 80 862 119 55 92 71 59 339 59 73 53 101 74 90 61 59 98 73 90 307 57 55 68 128 98 95 63 54 52 51 82 50 104 63 50 127 94 627 127 61 67 157 169 93 66 85 92 246 55 66 84 51 133 84 58 212 154 383 181
internal_value=8.25618e-05 -0.023795 0.0347943 0.0177334 -0.0418038 -0.00591564 0.0287171 0.0614683 0.0697566 0.098795 0.0236591 0.00302827 0.0353124 -0.0366964 0.0381568 0.0484597 -0.0549849 -0.012051 0.0666501 0.0987622 -0.0373916 -0.00637364 -0.0525789 0.0623642 0.0668858 -0.0624674 -0.0515818 -0.0843849 -0.000123684 0.0155952 0.0434749 0.0724952 0.115124 -0.0688525 0.0170558 0.0162095 0.00301902 0.0969737 0.0828317 0.117033 -0.0100476 0.00390384 0.0223926 -0.0236174 0.00977486 0.0205896 -0.0243232 0.0281334 0.043751 0.00484663 0.0110329 -0.0411913 -0.0808168 0.0347475 0.0471312 0.0774271 0.0162498 0.0456326 -0.0216739 0.0372167 0.0513109 0.0266434
internal_weight=8272 4901 3371 2057 2441 2460 1712 1314 1110 114 1598 660 321 345 938 756 1691 750 478 199 747 246 501 1018 961 129 276 148 2184 845 279 162 103 944 278 262 117 326 271 144 1339 712 426 286 782 594 188 156 158 159 365 428 121 425 341 184 204 120 292 204 635 252
internal_count=8272 4901 3371 2057 2441 2460 1712 1314 1110 114 1598 660 321 345 938 756 1691 750 478 199 747 246 501 1018 961 129 276 148 2184 845 279 162 103 944 278 262 117 326 271 144 1339 712 426 286 782 594 188 156 158 159 365 428 121 425 341 184 204 120 292 204 635 252
is_linear=0
shrinkage=0.03


Tree=48
num_leaves=63
num_cat=0
split_feature=111 8 8 111 100 8 8 8 269 111 8 111 8 109 171 256 111 238 227 60 177 131 111 113 14 47 8 94 120 111 230 49 120 9 58 111 28 132 8 148 148 78 218 111 31 214 176 30 275 76 1 111 34 111 118 6 9 39 258 219 6 174
split_gain=7181.37 4724.15 3958.21 2938.59 1906.44 1818.43 1694.19 1506.76 1097.58 790.433 738.05 718.525 678.192 646.909 734.266 597.493 596.618 549.596 531.482 484.762 577.171 515.169 456.961 447.431 421.116 475.059 765.049 394.889 525.652 427.124 390.583 384.652 371.381 368.075 356.605 349.446 374.607 347.105 341.587 339.359 335.874 311.869 410.94 303.687 298.787 291.16 289.168 275.198 431.532 271.806 269.86 275.184 269.323 262.717 294.066 261.46 260.158 324.337 256.004 257.284 253.111 251.882
threshold=0.28867521882057195 71.500000000000014 75.500000000000014 0.23553323745727542 9.5000000000000018 45.500000000000007 54.500000000000007 54.500000000000007 85.500000000000014 0.2408523038029671 90.500000000000014 0.31719042360782629 35.500000000000007 18.500000000000004 0.17902930825948718 0.17595459520816806 0.34463602304458624 25.500000000000004 5.5000000000000009 44.500000000000007 0.14495798945426944 0.33813172578811651 0.26202034950256353 0.5204780399799348 60.500000000000007 2.5000000000000004 51.500000000000007 0.78824490308761608 7.5000000000000009 0.20530383288860324 2.5000000000000004 89.500000000000014 27.500000000000004 78.500000000000014 18.500000000000004 0.25074850022792822 37.500000000000007 0.36342196166515356 39.500000000000007 27.500000000000004 8.5000000000000018 93.500000000000014 17.500000000000004 0.16749174892902377 304.50000000000006 0.86368632316589367 0.22902098298072818 15.500000000000002 0.15410428494215014 7.5000000000000009 30.500000000000004 0.245688371360302 0.32023321092128759 0.22127521038055423 23.500000000000004 55.500000000000007 44.500000000000007 0.1955341845750809 36.500000000000007 9.5000000000000018 72.500000000000014 0.53181818127632152
decision_type=2 2 2 2 2 2 2 2 2 2 2 2 2 2 2 2 2 2 2 2 2 2 2 2 2 2 2 2 2 2 2 2 2 2 2 2 2 2 2 2 2 2 2 2 2 2 2 2 2 2 2 2 2 2 2 2 2 2 2 2 2 2
left_child=1 3 4 7 15 -6 12 17 13 -10 11 -4 -5 60 30 18 -12 38 24 -7 23 33 -8 -21 55 -26 -27 28 52 31 -15 -30 45 44 56 -14 37 49 43 -13 -24 42 -18 -1 47 -19 -36 -22 -49 -37 51 -32 -9 54 -40 -2 57 -16 -42 -60 -3 -56
right_child=2 8 10 6 5 19 22 27 9 -11 16 39 35 14 34 -17 41 32 -20 20 21 -23 40 -25 25 26 -28 -29 29 -31 50 -33 -34 -35 46 36 -38 -39 53 -41 58 -43 -44 -45 -46 -47 -48 48 -50 -51 -52 -53 -54 -55 61 -57 -58 -59 59 -61 -62 -63
leaf_value=-0.01795573880093005 -0.036718279500323601 -0.030726796417729931 -0.0027889683053044854 0.16827685745138871 0.25268594806194306 0.0069341319226301629 -0.012017591141416139 -0.049577771343488605 -0.23071341553330421 -0.082367921233177183 -0.043814993006073763 0.04157081349895525 0.029898510798930973 -0.061661584900349987 -0.061335990981462946 -0.031351355239748954 0.002383464136865081 -0.0021276256140827397 0.13681442972401092 0.10252443245156331 0.078417681089043623 0.16371266929829706 -0.017883766508233305 0.20101580138340955 0.0041833779478774348 0.16837672557519828 0.037729509414732458 -0.019396781634279461 -0.16344198691348233 -0.062964352080109323 -0.1834611276511488 -0.063907519414507119 0.10013398363613164 0.130788948690957 -0.014065411408480845 0.11467293588148655 0.15281409227746134 -0.0030606463876637542 -0.0051078931205622482 0.11845497058002187 -0.0084166050590064427 -0.03667212810468029 0.093181543770101918 0.031376638598772433 0.10547500538400241 0.067335892693339172 -0.087651211543586752 0.068606702165170147 -0.043342169623979375 0.041067859900252121 -0.073174649917561077 -0.10260352012522232 0.023071528973764386 0.013264094763220501 -0.067997894875736153 0.045483623728156092 -0.051705499747842547 -0.16365125170744516 0.076651402778033159 0.017118512521897042 0.048649074972189704 -0.026534161181259674
leaf_weight=233 82 95 416 56 74 51 587 225 59 74 350 358 219 146 66 93 122 242 57 93 74 60 110 81 84 68 99 214 98 237 86 57 51 67 284 106 52 54 238 60 72 73 70 215 69 69 57 54 70 81 68 77 57 129 240 59 249 50 178 104 57 296
leaf_count=233 82 95 416 56 74 51 587 225 59 74 350 358 219 146 66 93 122 242 57 93 74 60 110 81 84 68 99 214 98 237 86 57 51 67 284 106 52 54 238 60 72 73 70 215 69 69 57 54 70 81 68 77 57 129 240 59 249 50 178 104 57 296
internal_value=8.30278e-05 -0.0192889 0.0404069 -0.00357854 0.0798459 0.112786 0.028142 -0.0233263 -0.067714 -0.149406 0.00676064 0.0251337 0.069838 -0.0588027 -0.0669299 0.0375988 -0.0181554 -0.00687597 0.0519182 0.0956805 0.103623 0.0831412 0.00556292 0.149261 0.0392568 0.0624862 0.0916128 -0.0550165 -0.0662805 -0.0887351 -0.100734 -0.127483 0.0259049 0.0682218 -0.0487617 0.0587642 0.0801646 0.0639225 -0.0156722 0.0528632 0.0277818 0.0157719 0.0357982 0.00573655 0.052092 0.0134503 -0.026586 0.0330523 0.0055686 0.0831786 -0.125057 -0.146123 -0.0348637 -0.0262883 -0.0328889 -0.00224366 -0.06935 -0.106459 0.0419821 0.0548341 -0.000837426 -0.0451921
internal_weight=8272 5588 2684 4220 1235 693 1619 2601 1368 133 1449 834 568 1235 1083 542 615 1713 449 619 568 394 1051 174 392 251 167 888 674 392 377 155 362 334 706 512 293 241 1351 418 464 265 192 448 267 311 341 198 124 187 231 163 282 903 774 141 365 116 354 282 152 536
internal_count=8272 5588 2684 4220 1235 693 1619 2601 1368 133 1449 834 568 1235 1083 542 615 1713 449 619 568 394 1051 174 392 251 167 888 674 392 377 155 362 334 706 512 293 241 1351 418 464 265 192 448 267 311 341 198 124 187 231 163 282 903 774 141 365 116 354 282 152 536
is_linear=0
shrinkage=0.03


Tree=49
num_leaves=63
num_cat=0
split_feature=111 8 8 111 31 8 111 8 8 238 60 8 8 250 139 181 140 8 36 114 86 6 100 111 111 257 111 104 68 231 155 155 88 107 235 13 33 32 111 111 140 216 148 12 58 232 267 247 78 111 212 98 8 269 116 14 4 156 28 10 8 111
split_gain=6788.35 4713.87 4435.48 1979.72 1586.63 1303.96 1164.27 1078.45 977.58 956.914 946.888 871.341 855.098 850.782 848.762 608.442 565.075 980.481 667.051 641.411 553.323 478.413 472.107 553.822 428.664 427.883 403.862 403.811 419.576 391.081 390.38 590.495 367.934 359.29 393.605 359.017 357.231 417.049 402.84 348.113 327.437 325.44 357.881 332.325 315.872 314.036 305.82 456.806 303.594 292.187 291.404 288.022 274.769 268.577 265.765 263.922 255.106 253.536 272.641 401.145 345.699 304.381
threshold=0.27426491677761083 70.500000000000014 65.500000000000014 0.23294321447610858 104.50000000000001 57.500000000000007 0.30449178814888006 98.500000000000014 47.500000000000007 37.500000000000007 90.500000000000014 45.500000000000007 83.500000000000014 4.5000000000000009 19.500000000000004 1.5000000000000002 20.500000000000004 74.500000000000014 0.70468977093696605 0.59348005056381237 14.500000000000002 52.500000000000007 17.500000000000004 0.31835016608238226 0.24257134646177295 0.21778655797243121 0.33971422910690313 1.5000000000000002 0.23922333866357806 0.4463601559400559 0.18705362081527713 0.15599583834409717 10.500000000000002 18.500000000000004 0.098330035805702223 67.500000000000014 0.2487643584609032 4.5000000000000009 0.19023809581995013 0.20806276798248294 19.500000000000004 0.16561181843280795 9.5000000000000018 70.500000000000014 18.500000000000004 0.29340028762817388 13.500000000000002 3.5000000000000004 100.50000000000001 0.26103179156780248 0.23836579918861392 53.500000000000007 56.500000000000007 43.500000000000007 0.10211529955267908 77.500000000000014 65.500000000000014 0.046927433460950858 32.500000000000007 46.500000000000007 77.500000000000014 0.35021367669105535
decision_type=2 2 2 2 2 2 2 2 2 2 2 2 2 2 2 2 2 2 2 2 2 2 2 2 2 2 2 2 2 2 2 2 2 2 2 2 2 2 2 2 2 2 2 2 2 2 2 2 2 2 2 2 2 2 2 2 2 2 2 2 2 2
left_child=2 4 3 11 20 9 12 29 15 10 14 39 -3 16 25 40 21 24 19 -19 30 -4 35 -24 33 -6 -9 28 45 50 31 46 -14 34 -18 -7 37 -13 41 -1 -5 42 44 -44 -39 -20 47 -2 -28 -10 -8 -41 -40 -30 -37 -38 -51 -52 59 -59 -60 -62
right_child=1 6 13 8 5 22 7 26 49 -11 -12 36 32 -15 -16 -17 17 18 27 -21 -22 -23 23 -25 -26 -27 48 -29 53 -31 -32 -33 -34 -35 -36 54 55 38 52 51 -42 -43 43 -45 -46 -47 -48 -49 -50 56 57 -53 -54 -55 -56 -57 -58 58 60 -61 61 -63
leaf_value=-0.0063009988857223873 -0.0025455208867788313 0.001862332708810113 -0.090131796327199823 0.0078466099050155894 0.047902672843499618 0.082428783328214197 -0.03642948848636527 -0.071772416955832613 0.0022691072555220391 0.27076210526859057 0.021741152195656883 -0.0037352911041428644 -0.043742607224182821 -0.16628040140153655 0.24915077788406051 0.15712587038602896 -0.081095444251359852 -0.24032663420415842 -0.13839759779572486 -0.10825230200391482 0.11520445046099749 -0.011088162779977375 0.078456073640422383 0.19110074992363268 -0.019760434943634355 0.15549438236362259 0.022423209920132036 -0.13615181819668837 0.032055746607768998 0.079284248437075044 -0.01569379113614559 0.13248094055387707 -0.12036393545165254 -0.12247028867865717 0.012762915672501549 0.064210959625871547 0.0044055231867208217 -0.099729296069692913 -0.018496547486642794 0.0046152218285462126 0.085040532108865863 -0.013956859709271652 -0.089717093737094425 -0.19123292232260986 -0.0047160703475986202 -0.048294159922262894 -0.035086071082661228 0.10317192297767509 -0.062304052739189215 0.06211533482158612 0.091748536706311695 0.08323058945628313 -0.066320142715317859 -0.055391056592817657 -0.018432230980514171 -0.069617403971317868 -0.003841270557962931 -0.013667188577015292 0.11080456917036752 0.066679580157995216 0.020108214570309528 0.098074062640468279
leaf_weight=831 83 474 88 85 54 127 56 112 592 50 60 179 248 70 63 67 109 51 74 101 65 307 175 51 309 91 141 83 51 169 157 53 73 85 63 56 260 73 286 91 118 54 76 50 55 68 61 65 51 166 62 77 174 80 90 51 77 219 60 74 278 53
leaf_count=831 83 474 88 85 54 127 56 112 592 50 60 179 248 70 63 67 109 51 74 101 65 307 175 51 309 91 141 83 51 169 157 53 73 85 63 56 260 73 286 91 118 54 76 50 55 68 61 65 51 166 62 77 174 80 90 51 77 219 60 74 278 53
internal_value=8.33818e-05 0.0328467 -0.022454 -0.00313927 0.0775714 0.103056 0.00471329 0.0224729 0.0297454 0.150536 0.127182 -0.0192453 -0.0237616 -0.0646182 0.157348 0.079259 -0.059664 -0.0709481 -0.101193 -0.153848 0.0344289 -0.028881 0.0725582 0.104606 -0.0436717 0.116028 -0.0267738 -0.0783435 -0.0603354 0.0379027 0.0216537 0.0440082 -0.0614871 -0.072233 -0.046842 0.045743 -0.0358459 -0.0449997 -0.0545999 0.00167416 0.0529149 -0.0811417 -0.0953144 -0.13119 -0.0592563 -0.0958889 0.0210485 0.0442653 -0.000288678 0.0136594 0.0290948 0.0409265 -0.036691 -0.0213619 0.0134877 -0.00791751 0.0412854 0.0340557 0.0286999 0.00678295 0.0450645 0.03285
internal_weight=8272 3371 4901 3362 1301 817 2070 1275 1105 318 268 2257 795 1539 208 270 1469 1074 508 152 484 395 499 226 566 145 304 356 273 971 419 262 321 257 172 273 1258 947 768 999 203 308 254 126 128 142 209 148 192 835 802 168 460 131 146 311 243 746 684 293 391 331
internal_count=8272 3371 4901 3362 1301 817 2070 1275 1105 318 268 2257 795 1539 208 270 1469 1074 508 152 484 395 499 226 566 145 304 356 273 971 419 262 321 257 172 273 1258 947 768 999 203 308 254 126 128 142 209 148 192 835 802 168 460 131 146 311 243 746 684 293 391 331
is_linear=0
shrinkage=0.03


Tree=50
num_leaves=63
num_cat=0
split_feature=111 8 8 111 100 8 8 8 267 8 26 111 8 8 109 111 256 33 80 227 275 192 76 8 268 174 125 138 111 26 78 246 152 273 174 151 231 111 8 111 138 277 134 46 218 271 95 49 46 118 46 112 64 158 51 111 31 197 5 110 265 10
split_gain=6409.28 4223.52 3537.38 2532.76 1732.19 1663.47 1296.71 1046.63 967.709 681.581 664.652 658.793 633.611 568.601 1008.64 755.191 553.146 518.253 503.485 493.945 411.415 405.267 398.371 408.9 418.254 391.689 401.574 391.665 372.906 377.009 368.219 379.208 353.409 345.626 335.762 334.062 335.735 327.724 327.888 314.576 407.934 307.673 355.023 300.172 292.671 297.636 280.42 275.876 272.887 264.529 264.373 259.273 258.908 258.811 355.315 370.747 459.975 369.904 302.169 298.324 251.034 245.591
threshold=0.28867521882057195 68.500000000000014 75.500000000000014 0.23553323745727542 9.5000000000000018 45.500000000000007 54.500000000000007 51.500000000000007 23.500000000000004 87.500000000000014 2.5000000000000004 0.34815546870231634 35.500000000000007 83.500000000000014 27.500000000000004 0.26425938308238989 0.17595459520816806 0.24326913058757785 32.500000000000007 5.5000000000000009 0.055300714448094375 0.31866537034511572 2.5000000000000004 51.500000000000007 3.5000000000000004 0.95842933654785167 17.500000000000004 247.50000000000003 0.31719042360782629 2.5000000000000004 46.500000000000007 3.5000000000000004 0.3148659616708756 0.32515059411525732 0.83832237124443065 0.26497863233089453 0.29912281036376959 0.20530383288860324 36.500000000000007 0.26202034950256353 189.50000000000003 0.18430384248495105 0.85368683934211742 199.50000000000003 12.500000000000002 0.24404424428939822 0.14729990810155871 90.500000000000014 98.500000000000014 25.500000000000004 100.50000000000001 0.44865803420543676 0.50221237540245067 5.5000000000000009 17.500000000000004 0.20670914649963382 93.500000000000014 0.19098278135061267 57.500000000000007 8.5000000000000018 13.500000000000002 42.500000000000007
decision_type=2 2 2 2 2 2 2 2 2 2 2 2 2 2 2 2 2 2 2 2 2 2 2 2 2 2 2 2 2 2 2 2 2 2 2 2 2 2 2 2 2 2 2 2 2 2 2 2 2 2 2 2 2 2 2 2 2 2 2 2 2 2
left_child=1 3 4 7 16 -6 12 18 13 28 -10 44 -5 15 49 30 19 32 37 22 -16 -13 61 -24 -25 27 -27 34 -4 -30 -3 33 -7 -32 -19 -14 -37 -1 -39 -8 -41 -22 48 46 -11 47 -35 -46 -43 -15 -33 -31 -48 -9 55 56 58 -58 -55 -59 -56 -2
right_child=2 8 9 6 5 17 39 53 10 11 -12 21 35 14 20 -17 -18 25 -20 -21 41 -23 23 24 -26 26 -28 -29 29 51 31 50 -34 43 -36 36 -38 38 -40 40 -42 42 -44 -45 45 -47 52 -49 -50 -51 -52 -53 -54 54 60 -57 57 59 -60 -61 -62 -63
leaf_value=-0.014815397145332724 -0.020785212140591418 -0.016189816394448279 0.0061213626351091076 0.16115809479042104 0.24065618493556976 0.075041709543911955 -0.0081389481446880272 0.016520933470418376 -0.05732334490646334 0.0061776297225763924 -0.18424234753024987 -0.034163509117296105 0.039318014714236293 0.037082239657640459 -0.18975326451418154 -0.0079735972121084374 -0.031143922594157936 0.081078142290373884 0.086662093613089783 0.13080621848332472 -0.14388339818588325 0.045982650592390976 0.11218397141485423 0.075699148201942443 -0.031701316360769602 0.18112833211930951 0.10313090013040276 0.14087915352841193 0.021941501058055368 0.057704724045378145 -0.12636699857711792 0.0074184642359614375 -0.023238360689809688 0.0071741380385155302 -0.015327104859881931 0.049546590302048658 0.13923305342458697 0.082571720778942106 0.0053410677394737874 -0.0050446663931456156 0.058562198979296015 -0.051710614229086786 -0.0086805380096561021 -0.12795715271642333 -0.13495647756526102 -0.024687087073275295 -0.09413927474804222 -0.048091167901584415 -0.15047165322135078 -0.051291464523923011 -0.069944243148753513 0.14199812716818142 -0.015696298919225995 -0.077866224845250451 0.02664348094413678 -0.034919714141559775 -0.17598192222732104 -0.030698821544647214 0.016766289157687492 -0.12241154809857342 -0.035998187056195334 0.057610285426763927
leaf_weight=1074 121 149 319 56 74 90 490 61 67 132 86 77 359 59 50 428 93 82 53 57 76 209 90 74 57 88 204 51 178 100 124 83 51 57 53 81 72 59 283 171 192 51 56 56 51 238 119 95 52 61 75 50 56 71 71 258 58 56 52 76 290 50
leaf_count=1074 121 149 319 56 74 90 490 61 67 132 86 77 359 59 50 428 93 82 53 57 76 209 90 74 57 88 204 51 178 100 124 83 51 57 53 81 72 59 283 171 192 51 56 56 51 238 119 95 52 61 75 50 56 71 71 258 58 56 52 76 290 50
internal_value=8.1784e-05 -0.0182192 0.0381763 -0.000932792 0.0754599 0.106858 0.0309465 -0.0193378 -0.0575638 0.00636895 -0.129397 -0.0121064 0.0660234 -0.0504036 -0.0809614 -0.0395527 0.0351916 0.0905003 -0.00324873 0.0489702 -0.111592 0.024361 0.036768 0.063277 0.0290815 0.105407 0.127175 0.0707355 0.0292538 0.0516645 -0.0583136 -0.0692773 0.0395803 -0.0844182 0.0433958 0.0553242 0.092382 -0.00667282 0.0188664 0.00753934 0.0286671 -0.0942278 -0.0697421 -0.0659822 -0.032327 -0.0455447 -0.0505378 -0.0791462 -0.102538 -0.00789369 -0.0295133 0.0865568 -0.0692693 -0.0431119 -0.0470285 -0.061749 -0.0836822 -0.112871 -0.0380464 -0.0840265 -0.0236385 0.00233912
internal_weight=8272 5588 2684 3883 1235 693 1421 2462 1705 1449 153 802 568 1552 405 1147 542 619 1469 449 285 286 392 221 131 478 292 186 647 328 719 570 141 412 135 512 153 1416 342 853 363 235 159 288 516 384 232 146 103 120 158 150 175 993 932 571 313 190 123 132 361 171
internal_count=8272 5588 2684 3883 1235 693 1421 2462 1705 1449 153 802 568 1552 405 1147 542 619 1469 449 285 286 392 221 131 478 292 186 647 328 719 570 141 412 135 512 153 1416 342 853 363 235 159 288 516 384 232 146 103 120 158 150 175 993 932 571 313 190 123 132 361 171
is_linear=0
shrinkage=0.03


Tree=51
num_leaves=63
num_cat=0
split_feature=111 8 8 111 138 8 111 8 8 209 22 8 8 250 111 227 215 8 138 2 8 135 195 111 127 46 12 155 10 111 231 5 180 158 265 274 48 146 246 178 269 27 106 111 78 33 32 111 208 46 211 78 136 111 107 269 8 12 125 274 68 100
split_gain=6053.23 4208.47 3970.05 1713.25 1427.02 1668.24 1039.65 985.4 975.442 965.433 784.861 773.271 704.337 701.679 681.519 595.154 518.021 507.709 845.838 526.887 505.808 494.209 455.321 411.071 468.064 400.24 501.694 391.484 373.799 363.53 358.177 345.254 401.919 388.124 346.483 338.017 335.798 327.219 320.885 311.678 410.213 292.035 287.002 325.5 285.75 284.407 372.812 338.169 341.699 278.02 276.162 275.411 268.096 266.891 266.099 262.973 373.574 260.576 265.297 254.331 245.616 242.996
threshold=0.27426491677761083 70.500000000000014 64.500000000000014 0.23108709603548053 66.500000000000014 44.500000000000007 0.30449178814888006 98.500000000000014 36.500000000000007 59.500000000000007 39.500000000000007 92.500000000000014 45.500000000000007 4.5000000000000009 0.31835016608238226 2.5000000000000004 0.1329317316412926 77.500000000000014 90.500000000000014 58.500000000000007 53.500000000000007 0.14232409745454791 0.12973351776599887 0.24404424428939822 27.500000000000004 98.500000000000014 62.500000000000007 0.19061276316642764 31.500000000000004 0.33971422910690313 0.4463601559400559 42.500000000000007 6.5000000000000009 10.500000000000002 27.500000000000004 0.69855841994285595 0.99075293540954601 27.500000000000004 4.5000000000000009 10.500000000000002 43.500000000000007 63.500000000000007 6.5000000000000009 0.25940062105655676 100.50000000000001 0.2487643584609032 4.5000000000000009 0.19023809581995013 4.5000000000000009 100.50000000000001 0.21388442814350131 111.50000000000001 0.10822072252631189 0.18715659528970721 13.500000000000002 37.500000000000007 61.500000000000007 62.500000000000007 12.500000000000002 0.68445840477943432 0.24122536927461627 16.500000000000004
decision_type=2 2 2 2 2 2 2 2 2 2 2 2 2 2 2 2 2 2 2 2 2 2 2 2 2 2 2 2 2 2 2 2 2 2 2 2 2 2 2 2 2 2 2 2 2 2 2 2 2 2 2 2 2 2 2 2 2 2 2 2 2 2
left_child=2 4 3 12 27 9 11 30 -5 21 15 51 38 17 55 16 -7 23 -19 35 42 -6 -16 24 31 26 -21 39 36 -9 50 -4 33 -33 41 -20 -17 -27 53 -2 -41 -35 -10 52 -31 46 -14 48 57 -32 -8 -3 -44 -1 -13 61 -57 -48 -59 -28 -58 -12
right_child=1 6 13 8 5 10 7 29 20 -11 14 54 45 -15 22 28 -18 18 19 25 -22 -23 -24 -25 -26 37 59 -29 -30 44 49 32 -34 34 -36 -37 -38 -39 -40 40 -42 -43 43 -45 -46 -47 47 -49 -50 -51 -52 -53 -54 -55 -56 56 60 58 -60 -61 -62 -63
leaf_value=-0.016364974135438724 -0.018852578709429166 -0.0030095421978689019 -0.10768025081408651 0.15110773204692771 0.1652291068747499 0.0064988822884419388 -0.0094159903957339742 -0.068548600085211533 -0.01105491244699806 0.07595011297199461 -0.013751562862273524 -0.046268664042240587 -0.0015299327247615519 -0.14887293781042099 0.21462164700992645 0.019653057070339427 0.12972850732994265 -0.019202728578990157 -0.21475572568528792 -0.12402857282095486 0.0047110793567309312 0.30388966823325436 0.10327958167903126 -0.020003650569573515 -0.13467064028978348 -0.15261192062262738 0.037429248405730017 -0.022342401834726335 0.058931100384465279 0.021310896914285071 0.034825005494966733 0.020183555206490886 0.016206600729638011 -0.056906861425155685 -0.006392538249492645 -0.10273266834931241 -0.086542900110545898 -0.057942174913893855 0.05078245689196266 0.10668569037771743 0.0093650615733602768 -0.12988314231003031 0.018392751184773855 0.10123684415492144 -0.060888793276479607 -0.0067768321384210134 -0.051257637163688391 -0.033472404250326264 -0.0388230637833476 0.11225824613029953 0.035902787681626337 -0.061039126172794819 0.087438247337316463 0.018160177624766266 -0.1380065783113241 0.12813768236330361 0.090593438099734899 -0.08119691160489928 -0.17859313507513566 -0.051229561922852607 0.013973024623162709 0.079084868371924924
leaf_weight=582 52 596 75 55 52 50 148 112 63 53 50 57 173 74 61 50 79 164 50 53 597 50 79 442 64 88 50 124 55 141 81 53 95 125 63 53 56 55 105 91 68 84 173 109 51 287 57 430 131 88 654 83 71 307 59 127 88 52 54 67 66 50
leaf_count=582 52 596 75 55 52 50 148 112 63 53 50 57 173 74 61 50 79 164 50 53 597 50 79 442 64 88 50 124 55 141 81 53 95 125 63 53 56 55 105 91 68 84 173 109 51 287 57 430 131 88 654 83 71 307 59 127 88 52 54 67 66 50
internal_value=7.94993e-05 0.031018 -0.0212026 -0.00191839 0.0732772 0.0917659 0.00443552 0.0212178 0.0291896 0.181774 0.0743605 -0.0224723 -0.0171788 -0.0590013 0.0963631 0.0346365 0.0823825 -0.0547033 -0.0770534 -0.0997592 0.0224277 0.23549 0.152971 -0.0416892 -0.0587696 -0.0799347 -0.0483758 0.0198491 -0.00389196 -0.0258559 0.0359671 -0.0487045 -0.0379423 -0.0537716 -0.0682031 -0.158655 -0.0367349 -0.116856 0.00144271 0.0446325 0.065383 -0.0867159 0.0477804 0.0582823 -0.000725751 -0.0328002 -0.0411096 -0.0505521 -0.0753344 0.0755684 0.0275384 -0.0101823 0.0387587 -0.00443533 -0.0937092 0.0752163 0.0900732 -0.104262 -0.132019 -0.0133451 0.0580581 0.0329901
internal_weight=8272 3371 4901 3246 1301 966 2070 1275 1068 155 811 795 2178 1655 521 290 129 1581 580 416 1013 102 140 1001 559 313 170 335 161 304 971 495 420 325 272 103 106 143 994 211 159 209 416 353 192 1184 897 724 294 169 802 679 244 889 116 381 281 163 106 117 154 100
internal_count=8272 3371 4901 3246 1301 966 2070 1275 1068 155 811 795 2178 1655 521 290 129 1581 580 416 1013 102 140 1001 559 313 170 335 161 304 971 495 420 325 272 103 106 143 994 211 159 209 416 353 192 1184 897 724 294 169 802 679 244 889 116 381 281 163 106 117 154 100
is_linear=0
shrinkage=0.03


Tree=52
num_leaves=63
num_cat=0
split_feature=111 231 171 138 31 267 111 13 260 131 2 63 22 225 131 37 193 252 72 2 76 137 42 116 67 110 215 65 157 249 34 48 63 169 31 25 258 171 268 67 124 225 218 68 193 173 259 62 3 138 145 38 271 191 174 27 174 196 18 128 126 1
split_gain=5716.64 1695.3 999.542 925.035 742.374 610.349 521.965 510.811 611.266 820.926 668.21 500.681 481.838 535.718 468.609 465.594 449.441 416.332 414.125 387.785 385.964 381.398 373.112 368.533 353.057 399.17 350.326 346.235 329.774 359.798 521.488 327.951 561.983 379.991 315.462 373.544 363.731 483.012 319.843 314.153 409.146 476.68 432.165 338.137 312.361 340.791 300.003 293.757 289.806 284.729 531.697 279.687 281.724 317.37 273.48 269.858 267.468 265.377 263.957 263.66 258.236 245.342
threshold=0.26103179156780248 0.33589744567871099 0.20761494338512423 78.500000000000014 182.50000000000003 23.500000000000004 0.19082633405923846 70.500000000000014 9.5000000000000018 0.36596255004405981 84.500000000000014 0.3233808726072312 39.500000000000007 4.5000000000000009 0.32444286346435552 0.20592220872640613 0.43874999880790716 0.44315245747566229 0.36666667461395269 71.500000000000014 3.5000000000000004 0.30793420970439916 5.5000000000000009 0.08123821392655374 0.10361093282699586 7.5000000000000009 0.15821565687656405 0.59960106015205394 0.14598182588815692 26.500000000000004 0.29276940226554876 0.98296147584915172 0.34729531407356268 17.500000000000004 424.50000000000006 20.500000000000004 86.500000000000014 0.22048611193895343 12.500000000000002 0.08842144533991815 1.0000000180025095e-35 7.5000000000000009 17.500000000000004 0.18564064800739291 0.31866537034511572 0.68585526943206798 10.500000000000002 0.27978494763374334 53.500000000000007 162.50000000000003 40.500000000000007 0.10680714994668962 0.18655367195606234 0.18561584502458575 1.143175005912781 58.500000000000007 0.63788822293281566 0.054804805666208274 36.500000000000007 7.5000000000000009 7.5000000000000009 32.500000000000007
decision_type=2 2 2 2 2 2 2 2 2 2 2 2 2 2 2 2 2 2 2 2 2 2 2 2 2 2 2 2 2 2 2 2 2 2 2 2 2 2 2 2 2 2 2 2 2 2 2 2 2 2 2 2 2 2 2 2 2 2 2 2 2 2
left_child=2 4 3 19 5 12 24 8 15 10 44 16 17 -14 -12 54 58 22 20 -1 -13 39 31 -20 25 -4 -15 -21 -8 56 -31 48 33 -33 35 38 37 -36 -6 40 41 43 -42 -5 45 -10 -32 -48 -2 50 -46 52 -41 -54 -3 -53 -30 -50 -9 -57 -22 -58
right_child=1 7 6 21 34 -7 28 11 9 -11 14 18 13 26 -16 -17 -18 -19 23 27 60 -23 -24 -25 -26 -27 -28 -29 29 30 46 32 -34 -35 36 -37 -38 -39 -40 51 42 -43 -44 -45 49 -47 47 -49 57 -51 -52 55 53 -55 -56 59 61 -59 -60 -61 -62 -63
leaf_value=-9.291762287176928e-06 0.09820168114597759 0.012091114049470877 -0.008520929408533608 -0.12547104893154221 -0.0028097039763945704 0.13166024817583652 -0.056814926768983566 -0.016910644401522242 0.082844155655948659 0.18563592529687725 -0.050639381797407707 -0.082587232146412129 0.0089020018339423194 0.16210935862048675 0.067021097001635416 -0.052670417361353569 0.12922338925890231 -0.041074335064206803 0.1009201596735511 -0.10830295217133337 0.055168833497911685 -0.028710921811590712 0.078249108745275353 0.019512207647293018 -0.0097719925005248821 -0.11269188617892337 0.055893093290407272 -0.010114911768747412 0.024754313819918126 -0.033457137281710111 0.014852757327935912 -0.0068109386114646557 0.055587435680208727 -0.094343455753499464 -0.062980345721090472 0.06463684270997623 -0.083799629295617337 0.011906220149692325 0.069101563505196972 -0.066900260088699204 -0.071524198940992351 0.02490710408426821 -0.15848400562495479 -0.050249365818471864 0.071256701535274913 -0.013789310899491493 0.046282399872609646 0.13891775271471807 0.065174710951146797 0.078471309997714483 0.19507216639323707 -0.022210154258558209 0.06588926738557907 -0.026310558588685171 0.097464066177606584 -0.13088663113650992 -0.0067457064191318939 -0.024639790600963999 0.07480275548296049 -0.058249717310145992 -0.029663504668644494 -0.050681160345730433
leaf_weight=617 61 78 50 75 984 51 92 50 90 60 62 59 83 56 58 56 75 104 63 61 59 497 94 233 128 98 58 68 210 87 109 160 95 61 111 90 74 251 58 69 124 55 91 194 61 51 82 50 55 194 67 105 51 94 59 66 906 62 63 148 69 130
leaf_count=617 61 78 50 75 984 51 92 50 90 60 62 59 83 56 58 56 75 104 63 61 59 497 94 233 128 98 58 68 210 87 109 160 95 61 111 90 74 251 58 69 124 55 91 194 61 51 82 50 55 194 67 105 51 94 59 66 906 62 63 148 69 130
internal_value=7.69001e-05 0.0257536 -0.0241405 -0.0374509 0.0106347 0.0316997 -0.0082625 0.0508914 0.0665413 0.0805811 0.06947 0.0313231 0.0258237 0.0670995 0.00631375 0.0195919 0.0727297 0.0139933 0.0150893 -0.009931 -0.0197955 -0.0505209 0.0237864 0.0371204 -0.0463959 -0.0777924 0.109025 -0.0570209 -0.00192105 0.00132152 0.0292274 0.0132859 -0.00507717 -0.0312876 -0.00200575 0.00634721 -0.0236577 -0.0111665 0.00125545 -0.0605963 -0.076779 -0.0551989 -0.108894 -0.071609 0.0857899 0.0480407 0.051901 0.0821522 0.0457317 0.10212 0.137076 -0.0441183 -0.0174711 0.00634753 0.0492974 -0.061884 -0.00604204 0.0177752 0.0344292 -0.0811563 0.00956345 -0.0123024
internal_weight=8272 4015 4257 2315 2508 940 1942 1507 836 643 583 671 889 197 120 193 188 692 483 746 187 1569 588 296 276 148 114 129 1666 1574 328 494 316 221 1568 1132 436 362 1042 1072 539 324 215 269 463 141 241 132 178 322 128 533 214 145 137 319 1246 117 113 214 128 1036
internal_count=8272 4015 4257 2315 2508 940 1942 1507 836 643 583 671 889 197 120 193 188 692 483 746 187 1569 588 296 276 148 114 129 1666 1574 328 494 316 221 1568 1132 436 362 1042 1072 539 324 215 269 463 141 241 132 178 322 128 533 214 145 137 319 1246 117 113 214 128 1036
is_linear=0
shrinkage=0.03


Tree=53
num_leaves=63
num_cat=0
split_feature=171 8 8 220 231 158 229 114 8 249 220 267 234 34 118 45 114 117 256 256 8 142 177 33 8 105 192 41 174 62 31 215 114 8 108 171 8 114 4 3 153 251 235 285 100 114 26 31 241 147 69 161 223 174 116 114 178 234 35 260 63 256
split_gain=5296.87 2383.25 1370.89 1162.33 1090.35 1065.45 881.453 711.625 640.758 675.338 614.935 556.383 580.863 528.225 586.632 511.3 616.08 486.835 481.005 681.734 476.669 453.406 448.205 443.524 438.132 422.511 399.777 370.308 348.332 341.694 340.912 327.859 318.374 365.798 356.828 342.855 313.753 400.856 303.984 301.022 292.71 288.632 286.972 278.782 298.355 278.329 270.088 265.762 257.336 256.437 250.987 246.863 246.325 257.117 325.381 237.827 225.722 270.495 343.845 225.364 222.954 217.941
threshold=0.30368906259536749 57.500000000000007 59.500000000000007 3.5000000000000004 0.19399641454219821 13.500000000000002 17.500000000000004 0.54156136512756359 40.500000000000007 30.500000000000004 9.5000000000000018 20.500000000000004 0.84553572535514843 0.27944387495517736 37.500000000000007 105.50000000000001 1.055891275405884 0.34982517361640936 0.1145199052989483 0.082650274038314833 84.500000000000014 1.5000000000000002 0.060661764815449722 0.26443375647068029 87.500000000000014 29.500000000000004 0.43288289010524755 1.0000000180025095e-35 1.3061868548393252 0.2587221115827561 121.50000000000001 0.21767000854015353 0.57717391848564159 34.500000000000007 1.5000000000000002 0.19399641454219821 98.500000000000014 0.97377020120620739 82.500000000000014 72.500000000000014 0.44280262291431433 0.38585607707500463 0.14415584504604342 1.0000000180025095e-35 15.500000000000002 0.31109854578971868 4.5000000000000009 78.500000000000014 3.5000000000000004 37.500000000000007 3.5000000000000004 1.5000000000000002 1.0000000180025095e-35 0.22306763380765918 0.066890381276607527 0.70102679729461681 21.500000000000004 0.38489142060279852 0.39524281024932867 10.500000000000002 0.30979683995246893 0.1649659872055054
decision_type=2 2 2 2 2 2 2 2 2 2 2 2 2 2 2 2 2 2 2 2 2 2 2 2 2 2 2 2 2 2 2 2 2 2 2 2 2 2 2 2 2 2 2 2 2 2 2 2 2 2 2 2 2 2 2 2 2 2 2 2 2 2
left_child=1 3 5 32 6 17 22 -6 9 42 18 15 -13 -8 -15 61 20 28 19 21 50 27 -3 55 25 -18 31 30 47 -22 -7 -20 34 -34 -1 -35 37 41 45 59 -25 48 -5 46 -45 -24 -16 -2 -9 -38 -17 -14 53 -47 -55 -10 57 -56 -59 -39 -36 -4
right_child=2 4 11 8 7 10 13 36 23 -11 -12 12 51 14 43 16 24 -19 26 -21 29 -23 38 40 -26 -27 -28 -29 -30 -31 -32 -33 33 35 60 -37 49 39 -40 -41 -42 -43 -44 44 -46 52 -48 -49 -50 -51 -52 -53 -54 54 56 -57 -58 58 -60 -61 -62 -63
leaf_value=0.0019684397583024219 -0.04695296073475709 0.0262772003192915 0.0075995257335476751 0.096595699743678168 -0.10902607495015537 0.1453455371896808 -0.16992963400203734 -0.017651912239286579 -0.017227824520474919 0.16416698304080074 0.15086608156934381 -0.10840268915891647 0.043772274775101858 0.0133659764183195 -0.025701460008494027 0.028317644430653134 0.061612147505466758 -0.05790208278474078 0.038939974575489755 0.15819793030773241 -0.067541257752024603 0.13833767141913994 -0.1185989900897531 0.11871117102945673 0.034715649903893975 0.17443289943954957 0.088745389684386874 0.01539417998245751 0.088075985598747852 0.0088220802430129999 0.041003402291295621 -0.059084746860540834 0.077343483123991447 -0.02226814581666187 -0.054380240026461399 0.021309971698181652 -0.01286463212234115 -0.03925509621933946 0.0028369336825880137 0.093557492434405351 0.022909075203746306 0.02114885292300845 0.014016776566844332 -0.18009351540643434 -0.088968157859124014 -0.086163503756125762 -0.10949181767104224 0.036818300472770002 -0.085269456370470093 -0.10040844790637493 0.07693816935820183 -0.043067889954321655 -0.086426315603071235 0.010888922822778114 -0.033586536845148993 0.028115818382365935 -0.021218611236238343 -0.042184913435743911 -0.14944228936182824 0.044696322166848754 -0.010037081305465548 -0.041781172538442268
leaf_weight=326 51 88 343 62 73 51 63 1193 215 61 99 59 67 56 82 560 64 66 74 96 68 63 50 57 117 58 68 139 72 223 64 51 58 327 297 321 56 52 109 51 58 169 96 51 98 89 60 98 52 65 115 51 115 127 128 200 219 53 56 62 156 104
leaf_count=326 51 88 343 62 73 51 63 1193 215 61 99 59 67 56 82 560 64 66 74 96 68 63 50 57 117 58 68 139 72 223 64 51 58 327 297 321 56 52 109 51 58 169 96 51 98 89 60 98 52 65 115 51 115 127 128 200 219 53 56 62 156 104
internal_value=7.67241e-05 -0.0171925 0.0334403 0.00661035 -0.0337191 0.0618216 -0.0530656 -0.0179415 0.0370539 0.0801069 0.0816364 0.0180217 -0.0323999 -0.0902642 -0.0753537 0.0234403 0.0335983 0.0130332 0.0700967 0.0883507 0.0228819 0.0667672 -0.0382427 0.0191468 0.0766366 0.11623 0.030781 0.0485426 0.0343829 -0.00919247 0.0881309 -0.00120562 -0.00875931 0.00582903 -0.0219711 -0.000681265 -0.0139684 -0.0103798 -0.0442659 0.033737 0.0710076 -0.015548 0.0468249 -0.0924142 -0.121151 -0.050396 -0.0616239 0.00802305 -0.0205423 -0.0603298 0.0367027 0.00619315 -0.0459179 -0.0388676 -0.0315123 0.00463959 -0.0433194 -0.0635666 -0.0981472 0.00639433 -0.0391655 -0.00395711
internal_weight=8272 5451 2821 2234 3217 992 1444 1773 749 219 705 1829 177 410 347 1652 1205 287 606 413 966 317 1034 530 239 122 193 254 221 291 115 125 1485 706 779 648 1700 1579 946 165 115 1414 158 291 149 837 142 149 1245 121 675 118 787 672 583 415 456 237 109 114 453 447
internal_count=8272 5451 2821 2234 3217 992 1444 1773 749 219 705 1829 177 410 347 1652 1205 287 606 413 966 317 1034 530 239 122 193 254 221 291 115 125 1485 706 779 648 1700 1579 946 165 115 1414 158 291 149 837 142 149 1245 121 675 118 787 672 583 415 456 237 109 114 453 447
is_linear=0
shrinkage=0.03


Tree=54
num_leaves=63
num_cat=0
split_feature=111 171 231 149 78 157 110 111 48 63 78 38 12 6 180 258 98 171 4 110 155 45 113 3 151 59 69 13 114 117 200 152 211 111 126 112 60 217 216 231 115 33 256 92 216 158 21 113 226 152 135 110 113 192 231 256 128 1 224 134 157 49
split_gain=5271.97 1587.18 896.753 824.345 1188.89 916.615 819.828 660.322 651.431 500.719 476.647 465.302 518.784 459.136 442.845 417.65 406.539 403.115 395.33 433.226 390.279 360.54 369.709 338.744 519.083 732.245 328.914 383.382 340.775 326.753 313.563 307.16 359.356 532.405 319.953 295.404 302.694 290.812 279.402 342.812 366.863 279.315 388.095 276.545 276.467 271.47 270.755 289.556 345.512 285.534 256.744 254.963 253.029 251.389 250.28 278.821 243.612 367.63 239.247 337.295 238.418 233.659
threshold=0.28867521882057195 0.20761494338512423 0.4463601559400559 288.50000000000006 111.50000000000001 0.25526374578475958 4.5000000000000009 0.21756661683321002 0.99155864119529735 0.32019416987895971 100.50000000000001 0.05889579467475415 66.500000000000014 68.500000000000014 7.5000000000000009 82.500000000000014 13.500000000000002 0.32305502891540533 48.500000000000007 2.5000000000000004 0.060042917728424079 112.50000000000001 0.57962778210639965 62.500000000000007 0.2659753561019898 7.5000000000000009 3.5000000000000004 75.500000000000014 0.87364766001701366 0.26639786362648016 19.500000000000004 0.39613300561904913 0.31929668784141546 0.32947862148284918 8.5000000000000018 0.21778655797243121 90.500000000000014 0.12024096399545671 0.031498016789555557 0.22653958946466449 0.3233808726072312 0.29212158918380743 0.079156223684549346 0.22933743149042132 0.11173533275723459 19.500000000000004 38.500000000000007 0.2703810334205628 10.500000000000002 0.29547677934169775 0.13906469941139224 10.500000000000002 0.26209992170333868 0.40682870149612432 0.28452381491661077 0.093274217098951354 3.5000000000000004 28.500000000000004 1.0000000180025095e-35 0.80740389227867138 0.28360033035278326 107.50000000000001
decision_type=2 2 2 2 2 2 2 2 2 2 2 2 2 2 2 2 2 2 2 2 2 2 2 2 2 2 2 2 2 2 2 2 2 2 2 2 2 2 2 2 2 2 2 2 2 2 2 2 2 2 2 2 2 2 2 2 2 2 2 2 2 2
left_child=1 6 3 4 16 8 56 9 -6 15 17 -4 21 46 -14 -3 -2 -5 19 -18 -15 -13 -23 24 53 29 27 41 -29 -26 -12 32 38 -34 -33 -22 43 -25 -20 -40 44 42 51 -37 45 -41 47 49 -49 60 -7 -21 -45 -9 55 -39 -1 -58 59 -48 -8 -47
right_child=2 7 11 10 5 50 13 23 -10 -11 30 12 14 20 -16 -17 18 -19 31 26 35 22 -24 37 25 -27 -28 28 -30 -31 -32 34 33 -35 -36 36 -38 54 39 40 -42 -43 -44 52 -46 61 58 48 -50 -51 -52 -53 -54 -55 -56 -57 57 -59 -60 -61 -62 -63
leaf_value=0.0039505579152123637 -0.046178270774101145 -0.039130937375266003 0.14160042138165468 -0.016273207075777466 0.096212708096831065 0.21364151004415291 -0.034593086819409542 0.00041499197734205909 -0.034287426620721817 -0.0020133439959963708 -0.093351660445332524 0.037195138455326876 0.061677958010410767 -0.13226556499089512 -0.037588359397714551 -0.13121923558132828 0.12921834241768176 0.058553628743959397 -0.034427129745579745 0.095234095630320634 -0.1254506580619251 0.064765412186582882 0.17306191558864983 -0.057984809249639509 -0.033097702649506656 0.1497084924094379 0.099596609366062558 0.027433080840541201 -0.072811648065869053 0.070850747840272052 -0.0094856645748382668 -0.064573629299638322 0.014785116974458987 0.14205615252256393 0.030781161967251038 -0.084920727908611285 -0.086543460620442408 0.0043821967029326926 -0.018590368890891905 0.024318043756587752 -0.015347999036312102 0.098298396564235807 -0.015328063643537461 0.032603863854892549 0.012788281962275504 0.11702265115082264 -0.065507032966241246 -0.019817514653968412 0.061702750062241275 -0.015825578396336411 0.11399464623859296 0.017893190670359348 -0.035628992548862995 0.033620330787639624 0.016561919519617822 -0.036812583005129032 0.0044705254925148825 -0.097936290723496466 -0.097510813275708805 0.0076023732885978244 -0.10007331220684824 0.039218183674595571
leaf_weight=535 66 283 76 159 92 51 94 800 54 337 79 66 97 69 68 52 54 108 86 87 50 53 65 89 54 59 72 73 51 53 81 76 66 53 53 74 138 331 137 86 101 75 95 63 126 104 169 570 50 152 51 69 208 275 403 266 69 57 93 85 110 54
leaf_count=535 66 283 76 159 92 51 94 800 54 337 79 66 97 69 68 52 54 108 86 87 50 53 65 89 54 59 72 73 51 53 81 76 66 53 53 74 138 331 137 86 101 75 95 63 126 104 169 570 50 152 51 69 208 275 403 266 69 57 93 85 110 54
internal_value=7.47522e-05 -0.0165232 0.0346245 0.0270802 0.0358257 0.0967833 -0.0337449 -0.00168175 0.0480406 -0.0278578 -0.0104377 0.0745671 0.0596067 -0.0436387 0.0207882 -0.0537732 0.0262268 0.0140994 0.0294032 0.0489666 -0.0653648 0.0941162 0.125373 0.00587645 0.0165859 0.0657969 0.0404335 0.0307675 -0.0140493 0.0185701 -0.0512171 0.0174016 0.0242256 0.0721803 -0.0254614 -0.0564726 -0.0490876 -0.00633182 0.0159108 0.0230759 0.035209 0.0478052 0.0323874 -0.0338985 0.0490139 0.067592 -0.0337108 -0.0255729 -0.0131545 -0.0471031 0.165409 0.0613575 -0.0197052 0.00893273 -0.00168137 -0.0140035 -0.00490917 -0.0422627 -0.0564609 -0.0411074 -0.070217 0.0908451
internal_weight=8272 5588 2684 2259 1832 248 2586 3002 146 672 427 425 349 1925 165 335 1584 267 1518 576 602 184 118 2330 1241 166 522 450 124 107 160 942 813 119 129 533 483 1089 694 608 471 326 251 345 370 244 1323 976 620 356 102 156 271 1075 1000 597 661 126 347 254 204 158
internal_count=8272 5588 2684 2259 1832 248 2586 3002 146 672 427 425 349 1925 165 335 1584 267 1518 576 602 184 118 2330 1241 166 522 450 124 107 160 942 813 119 129 533 483 1089 694 608 471 326 251 345 370 244 1323 976 620 356 102 156 271 1075 1000 597 661 126 347 254 204 158
is_linear=0
shrinkage=0.03


Tree=55
num_leaves=63
num_cat=0
split_feature=111 8 8 111 100 8 8 8 269 234 8 111 109 8 114 8 256 238 151 33 227 14 8 232 260 8 233 192 4 111 108 32 272 111 152 113 13 111 26 43 60 151 60 175 8 216 166 229 117 111 98 151 111 229 111 234 30 271 61 246 258 8
split_gain=4964.28 3589.6 2918.37 2073.6 1537.34 1438.28 1230.97 1138.47 888.599 977.604 577.031 548.594 547.801 538.989 500.363 492.934 489.099 466.078 582.924 457.972 440.712 387.659 397.43 482.47 374.404 573.747 381.955 368.177 364.099 361.488 463.658 334.024 341.141 326.873 321.068 308.474 303.211 302.609 338.972 326.514 293.877 289.707 294.175 287.772 282.513 268.525 283.594 263.165 253.095 356.255 253.088 250.287 247.543 246.843 246.424 233.643 305.24 241.593 233.401 229.131 270.091 228.899
threshold=0.28867521882057195 71.500000000000014 75.500000000000014 0.23553323745727542 9.5000000000000018 45.500000000000007 54.500000000000007 54.500000000000007 85.500000000000014 0.64433762431144725 87.500000000000014 0.34815546870231634 18.500000000000004 35.500000000000007 0.48992826044559484 86.500000000000014 0.17595459520816806 25.500000000000004 0.26242114603519445 0.24326913058757785 5.5000000000000009 61.500000000000007 57.500000000000007 0.44862772524356848 10.500000000000002 57.500000000000007 0.65367317199707042 0.31866537034511572 62.500000000000007 0.26589012145996099 11.500000000000002 11.500000000000002 0.30517394840717321 0.25568476319313055 0.3148659616708756 0.56773442029953014 78.500000000000014 0.31719042360782629 2.5000000000000004 0.75931033492088329 39.500000000000007 0.26497863233089453 51.500000000000007 0.1863425895571709 39.500000000000007 0.046693313866853721 4.5000000000000009 10.500000000000002 0.20846114307641986 0.18715659528970721 19.500000000000004 0.29117402434349066 0.16749174892902377 11.500000000000002 0.20419135689735415 0.8078865408897401 22.500000000000004 0.24404424428939822 4.5000000000000009 3.5000000000000004 37.500000000000007 107.50000000000001
decision_type=2 2 2 2 2 2 2 2 2 2 2 2 2 2 2 2 2 2 2 2 2 2 2 2 2 2 2 2 2 2 2 2 2 2 2 2 2 2 2 2 2 2 2 2 2 2 2 2 2 2 2 2 2 2 2 2 2 2 2 2 2 2
left_child=1 3 4 7 16 -6 13 17 12 -10 37 47 -3 -5 -14 29 20 44 -19 34 21 43 23 -23 26 -26 -21 -13 -17 30 59 32 36 -8 -7 -27 50 -4 58 -40 -15 42 -42 -2 52 46 -33 -12 -46 -50 -9 -43 -1 -44 -52 56 -49 -58 -39 60 -16 -29
right_child=2 8 10 6 5 19 33 31 9 -11 11 27 14 40 15 28 -18 18 -20 24 -22 22 -24 -25 25 35 -28 61 -30 -31 -32 45 -34 -35 -36 -37 -38 38 39 -41 41 51 53 -45 48 -47 -48 55 49 -51 54 -53 -54 -55 -56 -57 57 -59 -60 -61 -62 -63
leaf_value=-0.014656840357153365 -0.051090242123939617 0.0030868154041030827 0.0049319780962541696 0.14758444149243205 0.22143686870783569 0.067817356853367206 -0.014481487194570618 -0.006244539956633861 -0.21790425408454167 -0.05450756844133138 0.0055907918213963957 -0.03477325911132189 -0.13932597127000917 -0.0048251857383078646 -0.012393731573639913 -0.13018216908310673 -0.032815532850775313 0.0074448586229912258 0.10546871911289531 0.020629251994418375 0.11977543995812022 0.036559377495352534 0.01272677715279554 0.15243327874317766 0.20132243590527457 0.071407695941972341 0.11911680215171405 0.060039771720767021 -0.053872143356990414 -0.018263599666494795 -0.12626539803557582 -0.057914306641979649 0.0043502610719810099 0.019357099475118478 -0.025815164153822338 0.13991294801956222 0.013034575895259255 -0.015739764516930217 0.044098925086620604 0.13587565142857402 0.10567653605070981 0.12751888496034286 -0.023369806783814583 0.032142226016974147 0.005582072354339029 -0.051738668388232566 -0.15829148455577738 -0.014019501430735196 -0.054213229685124972 -0.010813568184278657 -0.11134803711257588 0.042285198234021659 0.029884396990269631 0.045786301610555413 -0.036108956919475028 -0.017237304881473497 -0.13105058285133803 -0.051014104604829504 0.052651191153986886 -5.9041427793326201e-05 -0.076256310681587655 -0.011434492993761192
leaf_weight=233 70 152 319 56 74 90 444 51 62 71 133 77 63 75 85 111 93 296 66 98 57 72 113 59 56 177 55 155 118 348 76 54 176 607 51 92 56 91 94 56 54 84 61 78 220 333 50 72 323 360 103 51 215 187 65 172 67 72 87 80 202 54
leaf_count=233 70 152 319 56 74 90 444 51 62 71 133 77 63 75 85 111 93 296 66 98 57 72 113 59 56 177 55 155 118 348 76 54 176 607 51 92 56 91 94 56 54 84 61 78 220 333 50 72 323 360 103 51 215 187 65 172 67 72 87 80 202 54
internal_value=7.447e-05 -0.0160319 0.0336008 -0.00233755 0.0674654 0.0970424 0.0243083 -0.0189263 -0.0582435 -0.131735 0.00471104 -0.0122874 -0.0502289 0.05985 -0.0577077 -0.0525351 0.0295393 -0.00462794 0.0255579 0.0818382 0.0424989 0.030986 0.0541456 0.0895063 0.095847 0.114104 0.0565769 0.020993 -0.091266 -0.0412211 -0.0591737 -0.0464724 -0.0282636 0.00506165 0.034007 0.0952684 -0.0490766 0.0257682 0.0459561 0.0790352 0.049985 0.0593814 0.0428089 -0.00730316 -0.0127292 -0.0651572 -0.107221 -0.0307385 -0.022384 -0.0313871 -0.0649459 0.0958672 0.00673793 0.0287506 -0.0826236 -0.0433358 -0.0644287 -0.0902534 0.0177947 -0.0449747 -0.057451 0.0416062
internal_weight=8272 5588 2684 4220 1235 693 1619 2601 1368 133 1449 802 1235 568 1083 1020 542 1713 362 619 449 392 244 131 478 325 153 286 229 791 443 888 451 1051 141 269 275 647 328 150 512 437 302 148 1351 437 104 516 903 683 219 135 448 248 168 383 211 139 178 367 287 209
internal_count=8272 5588 2684 4220 1235 693 1619 2601 1368 133 1449 802 1235 568 1083 1020 542 1713 362 619 449 392 244 131 478 325 153 286 229 791 443 888 451 1051 141 269 275 647 328 150 512 437 302 148 1351 437 104 516 903 683 219 135 448 248 168 383 211 139 178 367 287 209
is_linear=0
shrinkage=0.03


Tree=56
num_leaves=63
num_cat=0
split_feature=174 8 220 112 8 220 8 33 78 95 98 114 160 160 114 72 177 139 114 64 112 6 34 87 35 113 71 3 13 118 8 114 14 237 60 67 52 274 172 2 131 7 12 8 144 153 176 5 107 116 112 87 276 246 271 63 199 77 6 172 243 5
split_gain=3357.9 2172.69 1679.7 1019.6 934.516 1100.58 913.836 885.144 696.956 681.596 656.221 715.867 579.744 553.267 530.958 517.463 614.305 480.715 918.072 462.007 546.882 447.898 411.714 405.358 399.659 399.052 380.204 371.275 584.647 355.387 349.668 467.718 344.993 334.226 319.514 312.008 311.244 303.565 290.137 287.806 284.266 282.477 280.927 280.173 275.501 793.895 274.123 269.603 266.881 249.883 288.261 248.723 267.834 250.616 246.44 281.751 240.055 239.133 301.401 237.518 235.063 234.983
threshold=0.89316436648368847 54.500000000000007 3.5000000000000004 0.32366947829723364 59.500000000000007 9.5000000000000018 86.500000000000014 0.25695519149303442 102.50000000000001 0.14729990810155871 19.500000000000004 0.3502978533506394 6.5000000000000009 3.5000000000000004 0.88186928629875194 0.86190477013587963 0.14087302237749103 17.500000000000004 0.54156136512756359 0.38762754201889044 0.38377965986728674 49.500000000000007 0.32922822237014776 10.500000000000002 0.29738283157348638 0.42124059796333319 3.5000000000000004 55.500000000000007 70.500000000000014 40.500000000000007 38.500000000000007 0.79275494813919078 88.500000000000014 0.12060606107115747 80.500000000000014 0.18933144211769107 6.5000000000000009 0.64653629064559948 0.41421362757682806 55.500000000000007 0.27876733243465429 50.500000000000007 74.500000000000014 77.500000000000014 2.5000000000000004 0.43676789104938513 0.19722222536802295 64.500000000000014 4.5000000000000009 0.083602152764797225 0.36965656280517584 11.500000000000002 0.11297335103154184 1.0000000180025095e-35 0.26008129119873052 0.37300783395767217 5.5000000000000009 0.99139782786369335 76.500000000000014 0.44913792610168463 1.0000000180025095e-35 49.500000000000007
decision_type=2 2 2 2 2 2 2 2 2 2 2 2 2 2 2 2 2 2 2 2 2 2 2 2 2 2 2 2 2 2 2 2 2 2 2 2 2 2 2 2 2 2 2 2 2 2 2 2 2 2 2 2 2 2 2 2 2 2 2 2 2 2
left_child=1 2 44 10 5 15 13 30 46 -9 -3 -12 23 35 -10 16 25 21 -19 -17 39 42 -7 59 -23 -2 32 48 38 -27 56 -32 33 -14 -11 51 -28 47 -29 -21 54 -39 -13 -20 -1 -46 -8 -25 -18 50 -15 -5 53 -53 -35 -56 -4 58 -26 60 -6 -50
right_child=4 3 7 6 12 22 8 9 14 34 11 17 26 49 -16 19 27 18 43 20 -22 24 -24 37 57 29 36 28 -30 -31 31 -33 -34 40 -36 -37 -38 41 -40 -41 -42 -43 -44 -45 45 -47 -48 -49 61 -51 -52 52 -54 -55 55 -57 -58 -59 -60 -61 -62 -63
leaf_value=-0.014249061288983908 0.0099505615155947823 0.0073832380315344004 0.12094018503461243 0.004878655992696916 0.023583742102316344 0.08075094833396948 -0.015513223095133333 0.16551870444292824 -0.15702820826746239 0.1020438902648656 -0.15892989099025726 -0.13423260042071342 0.06075889788829443 0.017818910847418008 -0.034840660512979543 -0.010291159231873119 -0.071738118705780882 -0.1778323910711333 -0.045132857957997451 0.0011992898839907568 0.14348441944420337 -0.081329689247461104 0.20395591022337184 -0.01981055579613894 0.036780661838189246 0.053383748357494668 0.087687248727967654 0.034038009293950525 -0.023262655334919689 0.16528023356141952 -0.0016015677682876791 0.095289714717358906 -0.054860822568243407 -0.053410324512458432 -0.00077611035755220442 -0.088437378921958271 0.013693161686309255 0.037433037641284826 0.13426653429154645 0.08790817093397317 0.035279756145408514 -0.021812492636433225 -0.036498967260122299 -0.10400293423231323 -0.0097735292862010433 0.12383444154037619 -0.068822660980125266 -0.11066679907430495 0.050337491338363002 0.0035185606319578441 0.09633810781128703 -0.10849226938052611 0.00057797457145894102 -0.035161840796110129 0.046588362839326942 -0.033450875850394371 0.030714696022728926 -0.030884510597802308 -0.046131512909987064 0.045003113766200836 -0.057774561457335949 -0.01679127564142539
leaf_weight=1047 56 168 52 265 82 51 340 89 78 56 57 54 170 143 55 50 56 63 386 60 99 76 50 63 154 53 154 51 74 51 291 52 52 81 52 60 77 93 54 80 233 315 53 90 163 52 116 55 62 737 59 54 136 185 87 71 55 189 52 179 51 183
leaf_count=1047 56 168 52 265 82 51 340 89 78 56 57 54 170 143 55 50 56 63 386 60 99 76 50 63 154 53 154 51 74 51 291 52 52 81 52 60 77 93 54 80 233 315 53 90 163 52 116 55 62 737 59 54 136 185 87 71 55 189 52 179 51 183
internal_value=7.36774e-05 -0.0135728 0.0122576 -0.0273847 0.0268391 0.0495297 -0.0149307 0.0515194 -0.0469467 0.104404 -0.0480345 -0.0559643 0.013562 -0.00340369 -0.107137 0.0392089 0.0240983 -0.0505725 -0.0709481 0.0724735 0.089759 -0.0314821 0.143145 -0.00451195 -0.0188017 0.0748104 0.0299232 0.00707387 0.0411663 0.109308 0.0281875 0.0133218 0.0187759 0.0248163 0.052985 -0.0235734 0.0631879 -0.0205679 0.0863645 0.0510193 0.0117698 -0.00824949 -0.0866087 -0.0564585 -0.007896 0.0229647 -0.0291953 -0.0627329 -0.0132696 0.0116414 0.0411143 -0.0173639 -0.0330532 -0.0521132 -0.0112014 0.0106372 0.0752764 -0.00659602 0.0157296 0.0225359 -0.00781214 0.000331981
internal_weight=8272 5479 1909 3570 2793 1030 2228 647 589 197 1342 1174 1763 1639 133 929 640 1117 539 289 239 578 101 838 471 160 925 480 179 104 450 343 694 642 108 700 231 526 105 140 472 408 107 476 1262 215 456 118 301 939 202 640 375 239 239 158 107 395 206 312 133 245
internal_count=8272 5479 1909 3570 2793 1030 2228 647 589 197 1342 1174 1763 1639 133 929 640 1117 539 289 239 578 101 838 471 160 925 480 179 104 450 343 694 642 108 700 231 526 105 140 472 408 107 476 1262 215 456 118 301 939 202 640 375 239 239 158 107 395 206 312 133 245
is_linear=0
shrinkage=0.03


Tree=57
num_leaves=63
num_cat=0
split_feature=111 231 231 149 110 267 94 13 131 214 217 63 61 72 2 20 131 48 62 218 138 231 111 77 94 2 218 254 6 97 265 176 211 108 97 153 111 98 153 172 69 34 78 6 249 74 178 45 216 35 43 152 231 215 271 147 172 129 237 110 267 231
split_gain=4537.1 951.596 902.21 790.87 623.745 598.85 603.939 517.595 560.736 492.091 522.935 441.362 599.304 458.373 438.121 494.818 458.757 434.673 474.041 425.974 398.992 398.304 397.685 395.239 377.111 363.025 351.019 345.289 343.116 385.486 336.406 335.328 322.937 318.129 312.002 346.144 310.517 309.669 308.123 302.394 295.472 345.978 285.568 282.162 409.711 281.078 271.736 314.785 306.373 267.283 266.652 256.294 248.987 242.536 242.056 238.904 357.965 232.763 227.402 221.06 220.847 297.855
threshold=0.27426491677761083 0.2314560413360596 0.33589744567871099 290.50000000000006 8.5000000000000018 21.500000000000004 0.68190240859985363 70.500000000000014 0.36596255004405981 0.69058522582054149 0.17165178805589679 0.32019416987895971 3.5000000000000004 0.36666667461395269 83.500000000000014 108.50000000000001 0.32444286346435552 0.991184562444687 0.2587221115827561 31.500000000000004 162.50000000000003 0.4629120826721192 0.23345498740673068 0.95571896433830272 0.90486070513725292 58.500000000000007 18.500000000000004 0.57935681939125072 72.500000000000014 0.28629976511001592 19.500000000000004 0.086335405707359328 0.32282878458499914 1.0000000180025095e-35 0.27426491677761083 0.50431066751480114 0.13397436589002612 20.500000000000004 0.48141238093376165 0.38013136386871343 2.5000000000000004 0.34122756123542791 98.500000000000014 53.500000000000007 31.500000000000004 69.500000000000014 28.500000000000004 143.50000000000003 0.10157209262251855 0.42537660896778112 0.84262126684188854 0.3786695003509522 0.18544973433017733 0.25782012939453131 0.18379075825214389 17.500000000000004 0.32466214895248419 68.500000000000014 0.32554347813129431 16.500000000000004 5.5000000000000009 0.22086720913648608
decision_type=2 2 2 2 2 2 2 2 2 2 2 2 2 2 2 2 2 2 2 2 2 2 2 2 2 2 2 2 2 2 2 2 2 2 2 2 2 2 2 2 2 2 2 2 2 2 2 2 2 2 2 2 2 2 2 2 2 2 2 2 2 2
left_child=1 4 3 5 33 17 -7 8 14 10 54 12 -9 21 15 25 -16 24 31 60 30 -13 46 -12 40 -4 49 -20 29 -11 -17 -19 -15 -1 35 -22 37 -35 43 -33 -2 -42 59 44 -24 -40 47 48 -3 -25 -49 -29 58 55 -6 56 -45 -38 -28 -30 -5 -62
right_child=2 22 7 19 9 6 -8 11 -10 28 23 13 -14 32 16 20 -18 18 27 -21 34 -23 38 26 -26 -27 52 51 42 -31 -32 39 -34 36 -36 -37 57 -39 45 -41 41 -43 -44 53 -46 -47 -48 50 -50 -51 -52 -53 -54 -55 -56 -57 -58 -59 -60 -61 61 -63
leaf_value=0.013138749282807111 0.029772811772434838 -0.10206050751047829 -0.033682501362769734 0.027330298931250031 -0.069283238077769052 0.00095101249455050981 0.12661575307187281 0.14092193207072634 0.133346906426278 0.010068806758885942 0.019173417515750673 -0.060509170851316949 0.019985057855806041 0.0078586624916327195 -0.050385671361632967 0.074490629040249959 0.05941446962875916 0.0086395757645368575 0.08907348092945834 -0.09154906050927604 0.050250289672613142 0.035884930432356639 0.02454744932792605 -0.047461637907672855 -0.013706552168204836 0.066461178220686368 -0.13374550517610054 0.027855493365931586 -0.070385025654407865 -0.040446772428352283 0.16409432366000196 -0.10001177795231342 0.073074766024947169 -0.014227915834478971 -0.004685522048123952 0.13842991011050929 -0.0087528822562721806 -0.080134060324864906 -0.046366822967378825 -0.020720552227326803 0.034334293548619658 0.12190765299986545 -0.11285918431893242 -0.02484414925908341 0.11856966371045392 0.018365473542921243 0.019308120676524133 -0.030378485001122748 -0.019034714991025423 0.016180120980086393 0.030513049211167324 -0.046666444529712726 -0.047107918102848381 0.06459969012644784 -0.15382108870205971 -0.0088443326767154787 0.077848859962995176 -0.068589799113216859 -0.057469876773655414 0.0055098846576669639 -0.066745760409121807 1.4982004483629551e-05
leaf_weight=302 524 89 69 105 63 54 94 61 87 320 73 115 92 176 68 81 67 134 61 66 149 57 234 327 136 60 96 160 70 235 75 74 111 118 57 55 829 141 152 104 87 77 58 50 50 99 120 237 73 72 88 55 120 57 64 500 76 62 59 67 93 167
leaf_count=302 524 89 69 105 63 54 94 61 87 320 73 115 92 176 68 81 67 134 61 66 149 57 234 327 136 60 96 160 70 235 75 74 111 118 57 55 829 141 152 104 87 77 58 50 50 99 120 237 73 72 88 55 120 57 64 500 76 62 59 67 93 167
internal_value=7.25428e-05 -0.0183526 0.0268578 0.0139254 -0.0285321 0.0238614 0.0810792 0.0454925 0.0618878 -0.0413023 -0.056596 0.0248506 0.0688037 0.0100818 0.0525765 0.0645221 0.00414392 0.017811 -0.00189513 -0.0220101 0.0803762 -0.0285418 -0.00118891 -0.0469104 0.0318584 0.0130489 -0.0540857 0.026693 -0.0234284 -0.0113549 0.11834 -0.0271891 0.0332478 -0.0142307 0.0573201 0.0745835 -0.0214233 -0.0502775 0.00869664 -0.0540589 0.0408722 0.0759407 -0.0575579 0.016383 0.0414586 -0.0208634 -0.0210068 -0.0309599 -0.064994 -0.0359657 -0.0138479 0.00866395 -0.0801506 0.00591094 -0.112754 0.000472568 0.0372229 -0.0129888 -0.105266 -0.0334976 -0.00922014 -0.0240291
internal_weight=8272 4901 3371 1991 3076 1560 148 1380 768 1624 874 612 153 459 681 546 135 1412 588 431 417 172 1825 747 824 129 674 276 750 555 156 312 287 1452 261 204 1150 259 1218 178 688 164 195 967 284 251 607 487 162 399 325 215 275 683 127 626 126 891 155 137 365 260
internal_count=8272 4901 3371 1991 3076 1560 148 1380 768 1624 874 612 153 459 681 546 135 1412 588 431 417 172 1825 747 824 129 674 276 750 555 156 312 287 1452 261 204 1150 259 1218 178 688 164 195 967 284 251 607 487 162 399 325 215 275 683 127 626 126 891 155 137 365 260
is_linear=0
shrinkage=0.03


Tree=58
num_leaves=63
num_cat=0
split_feature=111 8 8 111 100 8 8 8 267 26 8 140 111 46 111 8 8 256 238 151 207 151 105 111 139 221 11 153 232 41 237 8 118 194 38 38 111 276 192 278 180 51 75 118 273 111 197 110 193 151 8 177 249 91 237 78 89 156 238 117 111 111
split_gain=4281.31 3249.16 2591.32 1816.49 1401.04 1291.29 1079.02 997.367 808.027 676.06 519.491 504.401 664.426 987.029 504.307 498.969 494.159 449.75 423.548 531.143 418.014 406.394 481.82 384.49 362.262 360.04 527.927 359.9 455.025 358.386 439.645 342.423 328.321 355.648 323.146 509.709 487.001 301.618 349.768 344.791 301.367 290.189 402.844 319.006 328.775 287.144 273.41 386.523 292.248 271.016 261.551 252.557 330.067 354.778 250.717 250.121 249.955 262.014 239.736 236.62 324.2 226.047
threshold=0.28867521882057195 71.500000000000014 75.500000000000014 0.23553323745727542 9.5000000000000018 45.500000000000007 54.500000000000007 54.500000000000007 22.500000000000004 3.5000000000000004 90.500000000000014 21.500000000000004 0.21595124900341037 80.500000000000014 0.32663163542747503 80.500000000000014 35.500000000000007 0.17595459520816806 25.500000000000004 0.26242114603519445 10.500000000000002 0.31660671532154089 42.500000000000007 0.34463602304458624 35.500000000000007 1.0000000180025095e-35 65.500000000000014 0.48686674237251287 0.4252659678459168 1.5000000000000002 0.26975052058696752 67.500000000000014 66.500000000000014 0.89782747626304638 0.11456079035997392 0.092795465141534819 0.20670914649963382 0.094742555171251311 0.31072796881198889 72.500000000000014 10.500000000000002 17.500000000000004 13.500000000000002 65.500000000000014 0.33834841847419744 0.25568476319313055 0.20256410539150241 7.5000000000000009 0.44913792610168463 0.26675303280353552 39.500000000000007 0.24621212482452395 12.500000000000002 0.26278449594974523 0.087337911128997817 93.500000000000014 53.500000000000007 0.072939019650220885 34.500000000000007 0.20846114307641986 0.18715659528970721 0.16749174892902377
decision_type=2 2 2 2 2 2 2 2 2 2 2 2 2 2 2 2 2 2 2 2 2 2 2 2 2 2 2 2 2 2 2 2 2 2 2 2 2 2 2 2 2 2 2 2 2 2 2 2 2 2 2 2 2 2 2 2 2 2 2 2 2 2
left_child=1 3 4 7 17 -6 16 18 11 -10 14 37 13 -13 58 -14 -5 20 50 -20 27 22 29 -12 54 -22 -27 28 -2 30 32 -31 33 -7 35 41 -37 39 -39 -3 55 42 -9 44 -44 -8 47 -18 -49 -48 61 52 -17 -54 -16 -25 -56 -58 -4 -52 -61 -1
right_child=2 8 10 6 5 21 45 34 9 -11 23 12 15 -15 24 51 46 -19 19 -21 25 -23 -24 40 -26 26 -28 -29 -30 31 -32 -33 -34 -35 -36 36 -38 38 -40 -41 -42 -43 43 -45 -46 -47 49 48 -50 -51 59 -53 53 -55 56 -57 57 -59 -60 60 -62 -63
leaf_value=-0.013440428821023745 -0.0069019372412003578 -0.04402132294717289 0.0080361792074316856 0.14035565747242226 0.20921328430175778 0.053914859950309618 -0.013255761587571123 0.016215118467807769 -0.067826352474745361 -0.20619284634021195 -0.037516167425415199 -0.045240551785511125 -0.028654375333405854 -0.21676559916564395 0.088612055120796979 -0.039348942859676377 -0.036894571085770926 -0.032871397743199735 0.0074828975471771418 0.10105362268248157 0.020114773246977063 0.15691040317826677 0.13284732013613312 0.014193097029678536 0.11503143275156617 0.033617631560665065 0.15634475659736446 -0.042878077614146311 0.092252419774194017 0.13535186707765301 -0.014606500079029614 0.043720468982835027 0.014583920515034089 0.15314325573251528 -0.017750137028999108 -0.15841482137304705 -0.052777824922972776 -0.092942759239510314 -0.00038405441790819166 0.04386966673204222 0.075106143272266931 -0.0064889477277701758 -0.083518841026290758 -0.12709536601419316 0.0099295023414823751 0.018460004895593893 0.046357098283513518 -0.0027130652333681397 0.092539987857662015 0.10804626509050527 0.0060241538213515371 -0.046474098783325063 -0.16729947000741957 -0.063021822111571535 -0.028552597505705695 -0.058653354434103799 0.093670458788017052 0.009806150936882101 -0.056295778632669123 -0.051494137663221744 -0.010093953022346355 0.029123751313632561
leaf_weight=233 95 62 447 56 74 95 444 53 79 54 350 67 469 55 57 57 71 93 296 66 80 52 90 157 59 58 70 73 73 84 96 67 85 50 300 73 87 72 74 110 51 158 92 72 53 607 235 51 66 89 220 142 77 50 69 57 52 92 58 323 360 215
leaf_count=233 95 62 447 56 74 95 444 53 79 54 350 67 469 55 57 57 71 93 296 66 80 52 90 157 59 58 70 73 73 84 96 67 85 50 300 73 87 72 74 110 51 158 92 72 53 607 235 51 66 89 220 142 77 50 69 57 52 92 58 323 360 215
internal_value=7.11792e-05 -0.0148863 0.031206 -0.00185757 0.0631167 0.0913513 0.0230816 -0.017384 -0.0550463 -0.125125 0.0039834 -0.0474043 -0.0586866 -0.123701 0.0193988 -0.0485667 0.0563575 0.0269142 -0.00400116 0.0247741 0.039343 0.0769464 0.0693495 -0.0169189 0.04824 0.0703982 0.101426 0.01236 0.0364739 0.0571159 0.0392157 0.0952493 0.0616465 0.0889461 -0.0431666 -0.056082 -0.101659 -0.0147882 -0.0463512 0.0121167 0.0103238 -0.0388465 -0.0576878 -0.0757295 -0.0495278 0.00506166 0.0469145 0.0180037 0.0513483 0.0635829 -0.0117241 -0.0770382 -0.100247 -0.127058 0.0332743 -0.00539249 0.0181207 0.0405276 0.000550904 -0.021014 -0.0297193 0.00700595
internal_weight=8272 5588 2684 4220 1235 693 1619 2601 1368 133 1449 1235 917 122 834 795 568 542 1713 362 449 619 567 615 329 208 128 241 168 477 326 151 230 145 888 588 160 318 146 172 265 428 270 217 145 1051 512 188 117 324 1351 326 184 127 270 214 213 144 505 903 683 448
internal_count=8272 5588 2684 4220 1235 693 1619 2601 1368 133 1449 1235 917 122 834 795 568 542 1713 362 449 619 567 615 329 208 128 241 168 477 326 151 230 145 888 588 160 318 146 172 265 428 270 217 145 1051 512 188 117 324 1351 326 184 127 270 214 213 144 505 903 683 448
is_linear=0
shrinkage=0.03


Tree=59
num_leaves=63
num_cat=0
split_feature=111 8 8 31 111 8 249 49 139 111 8 8 250 8 8 99 151 86 140 8 2 92 66 46 29 100 111 4 155 155 135 159 273 179 231 260 178 109 33 8 277 111 26 138 110 196 173 111 35 111 89 120 20 111 217 34 58 177 89 31 8 117
split_gain=4059.21 3102.13 3025.4 1228.03 1227.2 915.452 837.317 1042.49 882.363 752.827 765.922 722.878 665.881 635.246 633.581 613.898 498.82 468.751 435.716 714.354 577.942 454.761 421.331 549.957 402.317 385.056 419.932 335.221 317.55 523.435 351.365 325.358 314.679 305.339 366.202 350.33 294.337 320.11 422.964 369.227 293.587 287.16 283.303 281.353 275.516 273.994 257.778 255.057 252.221 248.37 265.523 245.789 244.467 244.191 243.685 453.478 240.52 234.957 232.423 232.389 229.405 346.38
threshold=0.27426491677761083 70.500000000000014 65.500000000000014 104.50000000000001 0.22711154073476794 57.500000000000007 31.500000000000004 105.50000000000001 19.500000000000004 0.30449178814888006 98.500000000000014 45.500000000000007 4.5000000000000009 45.500000000000007 92.500000000000014 14.500000000000002 0.26975214481353765 14.500000000000002 20.500000000000004 74.500000000000014 58.500000000000007 0.31262065470218664 0.10268392041325571 98.500000000000014 65.500000000000014 17.500000000000004 0.31835016608238226 68.500000000000014 0.18705362081527713 0.15599583834409717 0.057831661775708205 4.5000000000000009 0.45910002291202551 1.5000000000000002 0.4629120826721192 14.500000000000002 29.500000000000004 24.500000000000004 0.20246665924787524 58.500000000000007 0.25815314054489141 0.24257134646177295 2.5000000000000004 221.50000000000003 19.500000000000004 0.045983087271451957 0.23205128312110904 0.31464603543281561 0.38401031494140631 0.33227176964282995 83.500000000000014 12.500000000000002 168.50000000000003 0.25568476319313055 0.29442724585533148 0.28973613679409033 18.500000000000004 0.18019481003284457 111.50000000000001 277.50000000000006 37.500000000000007 0.34435337781906133
decision_type=2 2 2 2 2 2 2 2 2 2 2 2 2 2 2 2 2 2 2 2 2 2 2 2 2 2 2 2 2 2 2 2 2 2 2 2 2 2 2 2 2 2 2 2 2 2 2 2 2 2 2 2 2 2 2 2 2 2 2 2 2 2
left_child=2 3 4 17 13 6 7 8 16 14 33 15 18 48 58 32 -5 28 54 41 21 -21 -22 42 -25 27 -27 47 29 30 -2 -32 45 35 -35 40 37 -15 -39 52 -11 44 51 -12 -20 -6 -38 -7 57 -45 -51 -24 -40 -13 56 -56 -4 -1 -3 -16 61 -50
right_child=1 9 12 5 11 25 -8 -9 -10 10 43 53 -14 36 59 -17 -18 -19 19 20 22 -23 23 24 -26 26 -28 -29 -30 -31 31 -33 -34 34 -36 -37 46 38 39 -41 -42 -43 -44 49 -46 -47 -48 -49 60 50 -52 -53 -54 -55 55 -57 -58 -59 -60 -61 -62 -63
leaf_value=0.016186724601474207 -0.045579806216718519 -0.0039786356474799563 -0.018985929768363184 0.042986324796181044 0.0096154900378762516 0.024654634129952665 0.22659115142741446 -0.016906092823229052 0.22178610322827641 0.0031255346379365839 0.018699627753565127 -0.00070786202249884672 -0.14208199467772331 -0.011844023017447839 -0.035844191287715849 0.12302880999238158 0.15953979944189389 0.098076058124954055 -0.041413096647353514 -0.19249382883967722 -0.12543416975293217 -0.076016652200181598 -0.081015544369564221 -0.14630830993706528 -0.042560284902962542 0.064743847581637301 0.16275021802920561 -0.027251593994517476 -0.021636614151581933 0.11545964184527595 0.091265286603721518 -0.00064595396729076615 -0.031256227646866495 0.030468789632092541 0.089573688940810303 0.048790110251442947 -0.047546551013892553 -0.09637348514133029 0.028725665825818265 -0.081168538217000138 -0.083459752019283906 -0.014870192362498792 0.044359849000518967 -0.094296080207512262 -0.11757614223117178 0.10816086215131422 0.033119870895912888 0.091725327646167101 0.099485894844097936 0.0086496012001001134 -0.073061371654079388 0.0074346610307693475 -0.033100929564410228 0.029794542227285881 -0.11886095994019082 -0.0031427009140743926 0.051158839158036491 -0.024250169902180249 -0.0683144878799265 -0.12207746813243087 0.0035609184749357935 0.0056568231325709838
leaf_weight=196 67 625 219 88 51 126 58 54 65 105 93 647 70 308 51 103 53 65 203 67 81 58 58 65 71 175 51 61 157 53 58 84 52 616 111 87 52 134 69 126 52 309 54 61 54 50 108 86 68 93 57 54 327 371 55 67 54 376 54 65 251 73
leaf_count=196 67 625 219 88 51 126 58 54 65 105 93 647 70 308 51 103 53 65 203 67 81 58 58 65 71 175 51 61 157 53 58 84 52 616 111 87 52 134 69 126 52 309 54 61 54 50 108 86 68 93 57 54 327 371 55 67 54 376 54 65 251 73
internal_value=7.0333e-05 0.0254057 -0.0173574 0.0616874 -0.001406 0.0841044 0.12388 0.100188 0.130816 0.00258375 0.0168651 0.0217878 -0.0521803 -0.0155615 -0.0203127 0.0667495 0.0876122 0.0237517 -0.0478026 -0.0577086 -0.0835208 -0.139481 -0.0649414 -0.0483561 -0.0928517 0.0585591 0.0874799 0.0343856 0.0120156 0.0321868 0.0106206 0.0372709 0.0283093 0.0298693 0.0396037 0.000822325 -0.0308754 -0.0371243 -0.0489576 -0.0366247 -0.0258991 -0.0344351 -0.0115642 -0.0246331 -0.0578099 0.0589824 0.0067708 0.0521655 0.00230772 -0.0437304 -0.0226788 -0.0386815 -0.0222829 0.0104268 -0.0207906 -0.055853 -0.00497507 -0.0103901 -0.00918812 -0.084795 0.0208155 0.0512897
internal_weight=8272 3371 4901 1301 3362 817 318 260 206 2070 1275 1274 1539 2088 795 256 141 484 1469 1074 508 125 383 302 136 499 226 273 419 262 209 142 153 971 727 244 1124 964 656 522 157 566 166 304 257 101 160 212 964 211 150 112 396 1018 395 122 273 572 679 116 392 141
internal_count=8272 3371 4901 1301 3362 817 318 260 206 2070 1275 1274 1539 2088 795 256 141 484 1469 1074 508 125 383 302 136 499 226 273 419 262 209 142 153 971 727 244 1124 964 656 522 157 566 166 304 257 101 160 212 964 211 150 112 396 1018 395 122 273 572 679 116 392 141
is_linear=0
shrinkage=0.03


Tree=60
num_leaves=63
num_cat=0
split_feature=111 8 8 111 139 8 226 234 111 8 8 8 177 4 86 31 114 8 91 3 48 127 215 13 131 209 8 111 137 32 13 257 190 8 178 174 115 11 158 160 111 156 209 179 260 149 111 14 259 37 87 138 22 111 8 30 42 111 78 259 20 269
split_gain=3831.18 3247.14 2609.41 1078.99 969.12 1131.65 942.806 830.662 793.381 1102.79 723.078 721.106 670.261 635.058 632.203 580.92 943.782 694.924 474.714 675.022 499.38 450.57 428.503 409.194 412.024 407.365 380.848 380.34 364.181 363.468 349.485 355.52 400.106 337.784 328.896 323.601 317.776 315.573 336.579 412.185 312.488 313.75 301.872 287.428 329.916 279.047 339.748 397.83 273.834 273.282 270.065 264.973 250.493 424.703 254.985 289.958 249.43 233.912 256.045 227.865 334.897 227.491
threshold=0.26103179156780248 70.500000000000014 61.500000000000007 0.30449178814888006 11.500000000000002 55.500000000000007 5.5000000000000009 0.85034722089767467 0.21756661683321002 36.500000000000007 82.500000000000014 98.500000000000014 0.14495798945426944 68.500000000000014 15.500000000000002 133.50000000000003 0.48410755395889288 73.500000000000014 0.22504612058401111 64.500000000000014 0.97401297092437755 3.5000000000000004 0.17607313394546512 66.500000000000014 0.25362622737884527 60.500000000000007 45.500000000000007 0.28451779484748846 0.18528921902179721 10.500000000000002 67.500000000000014 0.21010186523199084 1.0000000180025095e-35 93.500000000000014 29.500000000000004 0.95011311769485485 0.29108561575412756 53.500000000000007 5.5000000000000009 1.5000000000000002 0.2286924943327904 0.068307831883430495 62.500000000000007 1.5000000000000002 14.500000000000002 73.500000000000014 0.1838367357850075 66.500000000000014 4.5000000000000009 0.18631310760974887 11.500000000000002 221.50000000000003 29.500000000000004 0.36332502961158758 87.500000000000014 35.500000000000007 7.5000000000000009 0.33227176964282995 97.500000000000014 4.5000000000000009 101.50000000000001 67.500000000000014
decision_type=2 2 2 2 2 2 2 2 2 2 2 2 2 2 2 2 2 2 2 2 2 2 2 2 2 2 2 2 2 2 2 2 2 2 2 2 2 2 2 2 2 2 2 2 2 2 2 2 2 2 2 2 2 2 2 2 2 2 2 2 2 2
left_child=2 4 8 10 13 6 -6 -8 26 -10 -3 43 35 14 21 37 -17 40 19 -19 -20 49 -9 24 -14 -24 -1 -26 -22 -12 31 -23 -33 61 45 -7 -25 -4 -39 -40 56 -42 59 44 50 -28 47 -47 -32 -2 -5 -13 -45 54 55 -54 -18 -53 -59 -41 -61 -31
right_child=1 3 15 11 5 12 7 22 9 -11 29 51 23 -15 -16 16 17 18 20 -21 28 30 25 36 27 -27 34 -29 -30 33 48 32 -34 -35 -36 -37 -38 38 39 42 41 -43 -44 52 -46 46 -48 -49 -50 -51 -52 57 53 -55 -56 -57 -58 58 -60 60 -62 -63
leaf_value=-0.00059866003336192844 0.013230923233726591 -0.0035923754425333642 -0.091996208378779032 0.0054978962378068406 0.033028381794188794 0.051068100263111538 0.25408171042378219 0.060441000992059707 0.14115899460656303 0.011346175855930746 0.0028323019477652337 0.018144606951787632 0.018759567642318353 -0.046937069665909423 0.13699230662163564 -0.18718809633884789 -0.043982102904150167 -0.2024475709137632 0.018427884317934511 -0.072280561062620902 -0.15394980585750412 0.003822010432285341 0.21450985536807113 0.022533122043113737 0.048077165627852081 0.09532474311334746 -0.011310660608256093 0.15945496923393671 -0.055402667308661425 -0.03356297985797152 0.041995342564210295 0.035771461056975214 0.13509044556370514 -0.11759178599762311 0.018895543733100709 0.12698451090697199 -0.057391943603754041 0.054706337852754958 -0.08726969761938988 0.0091786305209000905 -0.068649282182679697 -0.0072514354515099714 0.034309678469049303 -0.0080565658257768045 0.047343039514327591 -0.13260799669573317 -0.029777983851046314 -0.041375655519593615 -0.037493069926276802 -0.070052114222198716 -0.075266667426563794 -0.091512825430160566 0.032267510868749232 0.093989382458967152 0.0052640704418809034 0.098247890006060948 -0.11210695867771155 0.0091788179707157636 -0.07080211052757153 -0.010440021316920008 -0.10002291593862615 -0.098307332874021741
leaf_weight=901 96 602 55 98 88 91 52 74 62 909 81 93 104 96 50 52 151 66 53 81 50 54 53 240 59 55 259 53 106 196 99 64 87 90 112 119 54 52 78 89 98 309 94 91 87 79 282 96 63 55 59 61 238 127 191 80 72 92 58 83 68 65
leaf_count=901 96 602 55 98 88 91 52 74 62 909 81 93 104 96 50 52 151 66 53 81 50 54 53 240 59 55 259 53 106 196 99 64 87 90 112 119 54 52 78 89 98 309 94 91 87 79 282 96 63 55 59 61 238 127 191 80 72 92 58 83 68 65
internal_value=6.82923e-05 0.0210884 -0.0197572 -0.00210488 0.0524625 0.0705043 0.117216 0.148601 -0.00191662 0.0197716 -0.0248647 0.0163579 0.0494803 0.0240864 0.0361518 -0.0506736 -0.0636282 -0.0569288 -0.0904073 -0.131696 -0.0608782 0.026173 0.117239 0.0308002 0.0620505 0.155245 -0.014101 0.101727 -0.0877677 -0.0544314 0.044085 0.0700161 0.0935073 -0.0676166 -0.0287754 0.0944853 0.00770822 -0.0246917 -0.0165332 -0.0256352 -0.0378975 -0.0221672 -0.011024 0.028976 0.000793792 -0.0362483 -0.0503259 -0.08308 0.0110428 -0.0173653 -0.0251374 -0.0239079 0.0384205 0.0450728 0.0327073 0.0491223 -0.0663799 -0.042441 -0.0220112 -0.0288484 -0.0511746 -0.0500007
internal_weight=8272 4015 4257 2309 1706 1042 322 234 2700 971 1034 1275 720 664 568 1557 1038 986 356 147 209 518 182 510 216 108 1729 112 156 432 367 205 151 351 828 210 294 519 464 412 630 407 334 971 244 716 457 175 162 151 157 304 727 636 509 318 223 211 150 240 151 261
internal_count=8272 4015 4257 2309 1706 1042 322 234 2700 971 1034 1275 720 664 568 1557 1038 986 356 147 209 518 182 510 216 108 1729 112 156 432 367 205 151 351 828 210 294 519 464 412 630 407 334 971 244 716 457 175 162 151 157 304 727 636 509 318 223 211 150 240 151 261
is_linear=0
shrinkage=0.03


Tree=61
num_leaves=63
num_cat=0
split_feature=231 8 220 112 8 249 8 33 158 109 261 8 114 79 261 39 43 112 67 112 269 191 209 114 46 106 249 235 112 115 151 11 251 105 108 194 237 26 77 18 112 255 114 30 114 129 276 4 8 160 59 89 108 239 7 57 4 87 74 254 215 216
split_gain=3208.44 1858.53 848.316 811.686 780.662 1024.62 614.257 796.529 595.012 554.604 553.116 515.878 490.577 520.751 562.497 484.281 433.701 460.03 383.928 445.281 445.355 372.977 376.701 391.427 371.275 339.039 391.323 552.5 323.937 330.693 321.99 318.878 313.807 306.889 304.38 461.82 392.625 497.291 340.747 366.808 349.443 302.837 300.499 295.981 293.78 288.65 266.208 262.37 262.308 273.998 345.305 260.225 259.26 258.985 254.67 252.805 250.165 248.442 237.889 235.333 234.913 221.082
threshold=0.30368906259536749 57.500000000000007 3.5000000000000004 0.33105586469173437 62.500000000000007 31.500000000000004 37.500000000000007 0.27416574954986578 12.500000000000002 13.500000000000002 3.5000000000000004 77.500000000000014 0.3502978533506394 21.500000000000004 5.5000000000000009 0.24512966722249988 0.92153847217559826 0.39402852952480322 0.10425724461674692 0.34182624518871313 35.500000000000007 0.3366666734218598 52.500000000000007 0.98984745144844066 129.50000000000003 28.500000000000004 22.500000000000004 0.13003220409154895 0.43641386926174169 0.30048544704914099 0.28198309242725378 87.500000000000014 0.21778655797243121 32.500000000000007 3.5000000000000004 0.59348693490028392 0.19098278135061267 3.5000000000000004 0.97660738229751598 36.500000000000007 0.27716808021068579 0.14854215830564502 1.1285634040832522 25.500000000000004 0.58403870463371288 64.500000000000014 0.074179895222187056 59.500000000000007 34.500000000000007 2.5000000000000004 7.5000000000000009 63.500000000000007 1.5000000000000002 2.5000000000000004 44.500000000000007 6.5000000000000009 61.500000000000007 11.500000000000002 98.500000000000014 0.41069793701171881 0.086688138544559493 0.13906469941139224
decision_type=2 2 2 2 2 2 2 2 2 2 2 2 2 2 2 2 2 2 2 2 2 2 2 2 2 2 2 2 2 2 2 2 2 2 2 2 2 2 2 2 2 2 2 2 2 2 2 2 2 2 2 2 2 2 2 2 2 2 2 2 2 2
left_child=1 2 44 9 5 8 10 -8 54 -3 -4 28 -11 14 34 -7 18 -18 19 -10 -21 22 43 46 32 45 -27 -28 29 55 -25 42 53 56 38 36 -36 59 41 -40 -41 -14 -23 -6 52 -26 58 -32 -46 -50 -51 -22 -1 -13 -2 57 61 -5 -24 -38 -57 -20
right_child=4 3 6 11 21 15 7 -9 16 12 -12 24 13 -15 -16 -17 17 -19 33 20 51 31 23 30 25 26 27 -29 -30 -31 47 -33 -34 -35 35 -37 37 -39 39 40 -42 -43 -44 -45 48 -47 -48 -49 49 50 -52 -53 -54 -55 -56 60 -58 -59 -60 -61 -62 -63
leaf_value=0.0032388970316310339 0.037741617813291078 0.025501538369083594 0.039736023508788396 0.0079594551291056834 -0.0083831721326812752 0.057074203327130008 0.0087788223428651689 0.10931302939797184 0.018619750774291864 -0.12914337873458862 0.16789711573057703 -0.018355856605699196 0.039634894467506211 -0.13456718734220452 0.038121715384721748 0.17844982041177193 0.046348275140345348 0.13903065194101893 -0.026180932199349628 0.0072796162699331644 0.15648416839894794 0.032144542479546553 0.00042396427856551276 0.083708420224591254 -0.045624367882546625 -0.0082636049324098758 -0.0038104575550691648 -0.12035961460322141 0.057018732826214238 -0.060520325110390266 0.064209793600169096 -0.032917396407408109 0.010666443964005025 0.063869283491324993 -0.038129126626949804 -0.03850902610744994 -0.036144626139012995 -0.19612829185194439 -0.017765756324896138 -0.12937585801972698 -0.037325663697905839 -0.045682795814192684 0.10080261583561483 -0.077350450162530726 0.07237999791042371 -0.12476844136107276 -0.023160071270763874 -0.020942064084112644 -0.015361867299935685 0.052720005029349482 -0.008184781098978286 0.075905837643107307 -0.031536356221346568 -0.096365435494539825 -0.030277493391931053 0.062279084565470343 -0.059625850130817781 -0.049062327529945583 0.064538495271623905 -0.12782166059841127 0.0049123945225182236 0.054357804444192317
leaf_weight=330 73 92 71 128 214 53 527 81 176 67 53 148 96 56 74 70 115 84 63 52 62 354 161 107 94 254 65 83 82 86 54 55 274 61 76 311 52 53 178 71 79 60 68 75 54 76 249 79 326 172 162 94 463 51 149 73 66 147 76 50 489 58
leaf_count=330 73 92 71 128 214 53 527 81 176 67 53 148 96 56 74 70 115 84 63 52 62 354 161 107 94 254 65 83 82 86 54 55 274 61 76 311 52 53 178 71 79 60 68 75 54 76 249 79 326 172 162 94 463 51 149 73 66 147 76 50 489 58
internal_value=6.59996e-05 -0.0128253 0.00835247 -0.0269149 0.0271382 0.0454076 0.0348245 0.0223299 0.0357617 -0.0453046 0.0954195 -0.0151022 -0.0506474 -0.0459902 -0.0413627 0.127032 0.0474057 0.08597 0.0351462 0.0538989 0.0835185 0.0127174 0.002425 0.0139543 -0.0298501 -0.0460915 -0.0309402 -0.0695416 0.000247075 -0.00485281 0.0452145 0.0345676 -0.0101535 0.00601002 -0.0471271 -0.0625714 -0.0946614 -0.121958 -0.0297387 -0.0470553 -0.0814643 0.00673843 0.0434201 -0.0264863 -0.00452041 -0.0815292 -0.00154388 0.013852 0.00943218 0.0041802 0.0232431 0.108723 -0.0170791 -0.0387301 -0.0078419 0.000932304 -0.0131032 -0.0225886 0.0211687 -0.081889 0.0124613 0.0125535
internal_weight=8272 5604 2239 3365 2668 1176 732 608 1053 1315 124 2050 1223 1156 1100 123 831 199 632 384 208 1492 1015 726 1045 572 402 148 1005 923 240 477 473 248 1026 542 231 155 484 328 150 156 422 289 1507 170 486 133 714 660 334 156 793 199 222 837 187 275 237 102 562 121
internal_count=8272 5604 2239 3365 2668 1176 732 608 1053 1315 124 2050 1223 1156 1100 123 831 199 632 384 208 1492 1015 726 1045 572 402 148 1005 923 240 477 473 248 1026 542 231 155 484 328 150 156 422 289 1507 170 486 133 714 660 334 156 793 199 222 837 187 275 237 102 562 121
is_linear=0
shrinkage=0.03


Tree=62
num_leaves=63
num_cat=0
split_feature=111 171 149 171 87 32 236 1 6 216 111 6 135 189 219 156 247 172 228 225 98 78 90 234 173 216 6 39 271 118 75 223 191 155 135 35 187 229 156 226 33 21 145 110 29 156 109 31 111 19 253 236 155 211 211 93 116 279 213 11 101 9
split_gain=3527.45 733.739 868.888 731.294 717.589 609.638 442.302 553.089 463.651 561.214 424.723 402.206 627.861 457.587 379.318 372.931 475.518 472.201 377.582 399.541 347.378 337.964 322.549 310.925 328.642 309.75 307.289 298.696 315.909 284.612 280.065 278.98 269.103 260.105 258.371 353.497 258.287 301.352 281.714 276.587 309.238 255.145 279.095 279.036 253.372 243.219 240.551 238.536 298.06 236.091 233.834 230.607 297.747 273.245 305.581 242.928 223.467 386.989 247.683 228.454 222.858 221.644
threshold=0.27426491677761083 0.35599078238010412 290.50000000000006 0.20294117927551272 38.500000000000007 5.5000000000000009 0.23205128312110904 26.500000000000004 79.500000000000014 0.095564253628253951 0.19082633405923846 44.500000000000007 0.02649122849106789 20.500000000000004 13.500000000000002 0.078168645501136794 1.5000000000000002 0.45773810148239141 1.5000000000000002 7.5000000000000009 23.500000000000004 60.500000000000007 1.5000000000000002 0.53303033113479625 0.15894736349582675 0.121416874229908 56.500000000000007 0.2021567299962044 0.30461293458938604 60.500000000000007 26.500000000000004 1.0000000180025095e-35 0.30662393569946295 0.17569725960493091 0.17373338341712954 0.39136645197868353 1.5000000000000002 11.500000000000002 0.10209567844867708 7.5000000000000009 0.26753722131252294 38.500000000000007 68.500000000000014 16.500000000000004 87.500000000000014 0.15630681812763217 93.500000000000014 140.50000000000003 0.20064935088157657 27.500000000000004 0.26352339982986456 0.18983269482851031 0.20240505039691928 0.21294035762548449 0.25735931098461157 0.34894689917564398 0.096894558519124999 220.50000000000003 0.44136746227741247 76.500000000000014 6.5000000000000009 91.500000000000014
decision_type=2 2 2 2 2 2 2 2 2 2 2 2 2 2 2 2 2 2 2 2 2 2 2 2 2 2 2 2 2 2 2 2 2 2 2 2 2 2 2 2 2 2 2 2 2 2 2 2 2 2 2 2 2 2 2 2 2 2 2 2 2 2
left_child=3 2 4 5 6 -1 7 8 9 22 25 13 -13 -3 46 17 32 -14 19 -19 -18 -11 -2 27 -25 29 -26 47 41 -5 -8 -23 -17 -32 35 -24 37 -12 -39 61 60 42 -29 -43 51 56 -4 -7 -49 -48 -44 52 53 -9 55 -55 -22 58 -58 -60 -41 -38
right_child=1 11 14 10 -6 23 30 44 -10 21 36 12 15 -15 -16 16 20 18 -20 -21 45 31 34 24 26 -27 -28 28 -30 -31 33 -33 -34 -35 -36 -37 39 38 -40 40 -42 43 50 -45 -46 -47 49 48 -50 -51 -52 -53 -54 54 -56 -57 57 -59 59 -61 -62 -63
leaf_value=-0.0022675427774139769 -0.029083026466044513 0.046952100432181093 0.037385601321665136 -0.028324078811362726 0.12253911522607649 -0.028144444162430969 0.027281317524317641 -0.021667955599452376 -0.018966722961206842 0.044117885305071776 0.0064876741948811439 -0.046448649147737629 0.027170595328076457 0.15888756517320871 -0.10171361155807972 0.026151038756874825 -0.055566342921927567 0.065922120392206129 0.048362878318630939 0.17007603055685758 0.061770877047357238 0.18892900723784875 0.034739985149353746 0.037245413412021686 -0.0021166998103410465 0.0057140935386490567 -0.046301188054086083 -0.041920214110313166 0.030360897740251136 -0.10320673326916813 -0.0042796538499268611 0.087941537607047288 0.10606438003480434 -0.076039250971639855 0.015582047107163814 0.13986567900726959 -0.0024188409838301755 -0.084269474188194554 -0.00098242196222317639 0.013764277590308177 0.051443001930677405 -0.12957650472359222 -0.030938934782253846 -0.050718070345408303 0.071931597748854464 0.073584743475760606 -0.046473278662846104 -0.14937702295929192 -0.065004139925051177 0.0076227468615159 0.057883531753631201 0.059342851339077407 -0.034942194912755103 0.01347362716610615 0.0062874986086859843 0.099108318789441083 -0.022640137077738227 -0.068146022762787542 0.065523079032344472 -0.011176587197015871 -0.042911965478060796 -0.059902353317738743
leaf_weight=623 54 90 64 104 61 68 88 156 73 52 135 78 195 52 51 67 59 63 113 74 65 51 65 78 242 91 341 531 56 82 98 53 89 84 95 52 1066 101 57 518 184 54 55 163 55 67 192 59 110 116 50 65 161 51 248 72 88 58 104 52 70 63
leaf_count=623 54 90 64 104 61 68 88 156 73 52 135 78 195 52 51 67 59 63 113 74 65 51 65 78 242 91 341 531 56 82 98 53 89 84 95 52 1066 101 57 518 184 54 55 163 55 67 192 59 110 116 50 65 161 51 248 72 88 58 104 52 70 63
internal_value=6.43442e-05 0.023682 0.0124855 -0.0161818 0.0224047 -0.0278642 0.0184462 0.0256851 0.0506248 0.0626795 -0.00468666 0.0411867 0.035351 0.088767 -0.0257937 0.0412203 0.0266503 0.0623622 0.089594 0.123005 0.012143 0.107716 0.0359627 -0.0366831 -0.0202522 -0.0396205 -0.0279955 -0.0461343 -0.0382373 -0.0617122 -0.0164538 0.138792 0.0721278 -0.037634 0.0525897 0.0822519 -0.000260105 -0.0264291 -0.054418 0.00378507 0.0176117 -0.0427711 -0.0330959 -0.0708462 0.0103627 0.0214543 -0.0151405 -0.0761347 -0.0951652 -0.0261407 0.0115045 0.00577619 0.000636601 0.0115516 0.0255407 0.0639963 0.0117632 0.000831606 0.0174392 0.0400482 0.00695571 -0.00567668
internal_weight=8272 3371 2057 4901 1634 2430 1573 1303 495 422 2471 1314 1172 142 423 1094 649 445 250 137 493 156 266 1807 661 277 583 1146 909 186 270 104 156 182 212 117 2194 293 158 1901 772 853 636 217 808 434 372 237 169 308 105 753 688 527 371 123 367 302 244 156 588 1129
internal_count=8272 3371 2057 4901 1634 2430 1573 1303 495 422 2471 1314 1172 142 423 1094 649 445 250 137 493 156 266 1807 661 277 583 1146 909 186 270 104 156 182 212 117 2194 293 158 1901 772 853 636 217 808 434 372 237 169 308 105 753 688 527 371 123 367 302 244 156 588 1129
is_linear=0
shrinkage=0.03


Tree=63
num_leaves=63
num_cat=0
split_feature=171 8 8 249 33 160 112 171 21 114 8 256 225 8 192 267 195 179 225 45 114 46 273 108 9 8 114 88 21 8 62 178 180 8 105 90 152 38 214 271 109 104 97 135 31 7 112 208 177 114 134 140 48 251 177 116 112 112 96 74 75 249
split_gain=2999.61 1627.06 986.055 877.81 1193.95 813.539 687.246 521.108 518.059 583.029 501.507 492.406 553.681 809.404 535.755 459.662 458.106 563.737 472.309 453.396 456.832 452.228 447.657 437.54 414.352 385.108 383.771 505.129 419.672 369.11 352.383 342.872 356.207 341.462 360.108 337.206 310.738 306.706 297.357 291.272 278.476 269.471 267.146 256.366 249.904 240.429 477.706 373.902 235.927 283.476 235.779 226.03 223.744 232.094 222.495 216.885 586.27 213.311 225.625 206.812 199.054 224.647
threshold=0.30368906259536749 57.500000000000007 59.500000000000007 24.500000000000004 0.26074059307575231 3.5000000000000004 0.33105586469173437 0.18301435559988025 11.500000000000002 0.46433046460151678 72.500000000000014 0.13840996474027636 12.500000000000002 40.500000000000007 0.43288289010524755 20.500000000000004 0.060915276408195503 3.5000000000000004 7.5000000000000009 105.50000000000001 1.055891275405884 101.50000000000001 0.43276406824588781 7.5000000000000009 59.500000000000007 82.500000000000014 0.96048119664192211 13.500000000000002 28.500000000000004 84.500000000000014 0.22961895912885669 8.5000000000000018 5.5000000000000009 87.500000000000014 29.500000000000004 3.5000000000000004 0.31432443857192999 0.10449533909559251 0.65487483143806469 0.18780940771102908 72.500000000000014 1.0000000180025095e-35 0.27792632579803472 0.31605799496173864 419.50000000000006 58.500000000000007 0.32818463444709783 4.5000000000000009 0.23431372642517093 0.67581272125244152 0.84359610080719005 34.500000000000007 0.99057871103286754 0.1490740776062012 0.31142240762710577 0.075134411454200759 0.35424868762493139 0.29645323753356939 0.081322673708200469 113.50000000000001 42.500000000000007 13.500000000000002
decision_type=2 2 2 2 2 2 2 2 2 2 2 2 2 2 2 2 2 2 2 2 2 2 2 2 2 2 2 2 2 2 2 2 2 2 2 2 2 2 2 2 2 2 2 2 2 2 2 2 2 2 2 2 2 2 2 2 2 2 2 2 2 2
left_child=1 3 5 7 36 -2 8 40 35 -10 52 12 16 -14 37 19 -7 24 -19 -4 29 -15 -17 43 -18 31 27 28 -25 55 -27 -11 41 34 -22 54 -5 -13 -31 -37 -1 -33 -38 50 -28 46 -9 -48 -43 -50 -12 -34 60 -54 -3 56 -21 -53 -59 -40 61 -8
right_child=2 6 15 4 -6 11 10 45 9 25 23 14 13 21 -16 22 17 18 -20 20 33 -23 -24 26 -26 30 44 -29 -30 38 -32 32 51 -35 -36 39 42 -39 59 -41 -42 48 -44 -45 -46 -47 47 -49 49 -51 -52 57 53 -55 -56 -57 -58 58 -60 -61 -62 -63
leaf_value=-0.01272222330998697 -0.009416432941480625 0.048425914875464514 -0.0087660207291316624 0.00093389921056776317 0.14496634955840795 0.011213877294611718 0.042246360988268311 0.0091274501050689384 -0.12469697237642187 0.030304273577620749 -0.012191553629390828 0.031980122592714093 0.22076620413100018 0.14518127433127825 0.081449416112154713 -0.076242440798968969 0.066215874394029386 0.095353804555009386 -0.024413601954690584 0.020002279821948139 0.048366404888721612 0.031396456237416714 0.01931549600791186 -0.11656094453007472 0.15661441299520182 -0.14852016822135045 0.021096740757288821 -0.12850649414711618 -0.031820461739588413 -0.076662780614021944 -0.048885712306443098 -0.040967520635734361 0.014189001480323484 0.026686469580409891 0.15224629787096783 -0.099134843120208149 0.010334865031588191 -0.065177469458431003 0.020655297018544523 -0.0082580936314111727 -0.066991850492985616 -0.040791435874367163 0.10242414545445215 -0.069282016981966218 -0.058378818507361062 -0.0024035854897062692 0.027858769700560771 0.1282956143755179 -0.16479781050235032 -0.068524405173957345 0.035462793583743449 -0.080277035872762401 -0.052168492533785013 0.0025553040767329776 -0.023986093449977135 0.019785551404842009 0.14056921854615212 0.020601098573484626 -0.058829539181443596 -0.040460167695369038 0.05792226891964674 -0.013103678361858639
leaf_weight=826 175 99 447 241 85 139 105 321 94 60 338 53 50 53 75 98 99 50 70 112 64 77 79 60 88 58 117 72 395 50 73 227 112 117 58 51 52 63 172 82 94 58 62 51 50 419 70 64 55 59 128 71 96 248 61 510 53 70 58 69 95 174
leaf_count=826 175 99 447 241 85 139 105 321 94 60 338 53 50 53 75 98 99 50 70 112 64 77 79 60 88 58 117 72 395 50 73 227 112 117 58 51 52 63 172 82 94 58 62 51 50 419 70 64 55 59 128 71 96 248 61 510 53 70 58 69 95 174
internal_value=6.46041e-05 -0.012931 0.0251716 0.00673593 0.0446566 0.0492408 -0.0265863 -0.00258428 -0.0435494 -0.0538656 -0.0152432 0.0618012 0.0746534 0.119049 0.019509 0.0120974 0.0565098 0.0769154 0.0258651 0.0170242 0.0265905 0.0785398 -0.0337234 -0.0270139 0.109363 -0.0463459 -0.0425611 -0.0550987 -0.0432261 0.0173658 -0.0937896 -0.0381631 -0.0439835 0.0636473 0.0985882 -0.00845231 0.0202991 -0.0208926 -0.0108515 -0.0435853 -0.0183339 -0.0627186 0.0608736 -0.00610213 -0.00290419 0.0139963 0.0290707 0.0764236 -0.0910222 -0.116001 0.000945961 -0.0198233 0.00461952 -0.0128234 0.0208413 0.0295287 0.0593433 -0.0389411 -0.0155679 0.00306262 0.0206547 0.00780347
internal_weight=8272 5451 2821 2234 440 992 3217 1794 1288 995 1929 817 626 180 191 1829 446 307 120 1652 1205 130 177 1211 187 901 694 527 455 966 131 770 710 239 122 293 355 116 291 133 920 399 114 517 167 874 455 134 172 114 466 311 718 344 160 675 165 199 128 241 374 279
internal_count=8272 5451 2821 2234 440 992 3217 1794 1288 995 1929 817 626 180 191 1829 446 307 120 1652 1205 130 177 1211 187 901 694 527 455 966 131 770 710 239 122 293 355 116 291 133 920 399 114 517 167 874 455 134 172 114 466 311 718 344 160 675 165 199 128 241 374 279
is_linear=0
shrinkage=0.03


Tree=64
num_leaves=63
num_cat=0
split_feature=171 8 8 238 160 114 112 151 3 119 100 134 109 8 114 39 267 45 114 273 108 73 144 152 152 171 156 149 214 177 69 112 116 283 114 88 21 8 200 8 8 105 136 214 140 257 175 109 62 188 221 237 116 112 114 7 109 112 213 277 97 13
split_gain=2824.58 1532.32 928.726 880.447 766.104 677.5 647.264 532.654 499.52 660.824 679.076 635.59 487.819 472.19 464.829 467.769 432.761 426.807 430.328 421.477 411.935 410.538 467.091 412.517 402.058 397.819 396.049 378.183 505.634 443.302 472.238 385.66 372.698 367.976 363.673 394.688 463.305 347.614 324.108 340.529 321.671 339.197 309.876 280.092 276.909 262.418 248.127 247.677 211.722 220.996 220.374 209.165 204.364 552.31 198.426 272.925 338.748 387.514 257.64 223.052 207.443 195.961
threshold=0.30368906259536749 57.500000000000007 59.500000000000007 27.500000000000004 3.5000000000000004 0.80188685655593883 0.33105586469173437 0.2530267089605332 55.500000000000007 7.5000000000000009 17.500000000000004 0.71513187885284435 13.500000000000002 72.500000000000014 0.3502978533506394 0.13596116751432422 20.500000000000004 105.50000000000001 1.055891275405884 0.43276406824588781 7.5000000000000009 1.5000000000000002 2.5000000000000004 0.30086621642112737 0.34248287975788122 0.18301435559988025 0.055617421865463264 52.500000000000007 0.60740441083908092 0.12701612710952762 1.0000000180025095e-35 0.35691538453102117 0.12018518522381784 650.50000000000011 1.0279224514961245 13.500000000000002 26.500000000000004 84.500000000000014 6.5000000000000009 67.500000000000014 87.500000000000014 29.500000000000004 0.066445916891098036 0.65487483143806469 42.500000000000007 0.20550528168678286 0.087595909833908095 71.500000000000014 0.25728431344032293 2.5000000000000004 1.0000000180025095e-35 0.07275132462382318 0.075134411454200759 0.35424868762493139 0.54156136512756359 58.500000000000007 16.500000000000004 0.36180344223976141 0.49358868598937994 0.24414026737213138 0.35495558381080633 67.500000000000014
decision_type=2 2 2 2 2 2 2 2 2 2 2 2 2 2 2 2 2 2 2 2 2 2 2 2 2 2 2 2 2 2 2 2 2 2 2 2 2 2 2 2 2 2 2 2 2 2 2 2 2 2 2 2 2 2 2 2 2 2 2 2 2 2
left_child=1 3 4 25 -2 7 12 -5 27 11 -11 33 -3 48 -14 -16 17 61 37 -18 51 22 23 26 -12 47 45 -6 -29 -30 31 -31 -32 -10 35 36 -22 52 -28 -40 41 -20 -24 -39 -23 -17 -44 -1 -8 -50 -51 -15 53 -19 -27 56 -56 58 -58 -57 -61 -4
right_child=2 6 16 5 8 -7 13 -9 9 10 24 -13 14 20 15 21 19 18 40 -21 34 44 42 -25 -26 54 38 28 29 30 32 -33 -34 -35 -36 -37 -38 43 39 -41 -42 -43 46 -45 -46 -47 -48 -49 49 50 -52 -53 -54 -55 55 59 57 -59 -60 60 -62 -63
leaf_value=-0.01098956923343722 -0.0091355451577030851 0.024478361981961391 0.009201237458400428 0.0058491417029156133 -0.030863603616044632 0.12999317546755496 -0.0076813682149369988 0.088294790401363496 0.016746317865327001 -0.0314291520879737 0.038093230309693707 0.18028832869361275 -0.12369451398358626 0.048315525352954865 -0.12510044169375453 0.029526215815230419 -0.073978271518241268 0.019407522278895552 0.046937735754709976 0.018743273369036615 -0.1234239118458289 0.015481318250298502 -0.047918696748615985 -0.0097257463780787926 0.15030928280423669 -0.020333462148390966 -0.025836198180913924 0.12627133062730234 0.10400444334072451 0.020052734267327094 0.010566465589953096 -0.090881756819211512 0.1152377483048118 0.12369417977669545 0.013116429881192743 -0.11122908019483453 -0.030419582668502015 -0.074407993046676418 -0.059015223858419986 -0.1573268007300794 0.025892659848934765 0.14775632216516188 -0.17223020700137848 0.0029682885170413931 -0.045465143685377088 -0.056437736722092104 -0.076835396656731378 -0.061452627972015464 0.0026689877849540963 0.1034751109042778 0.017333069375078926 -0.012600518467582084 0.019193146636275801 0.13643023619221314 -0.031366629004478452 0.031261934667029451 0.049485647681359088 0.12411148218547596 -0.020875286686493723 -0.036241837191310793 0.023707008132416951 -0.030703186811551677
leaf_weight=828 175 91 249 259 62 70 461 96 55 69 68 91 67 56 58 56 98 112 64 79 53 179 88 282 50 144 55 62 61 61 75 51 51 61 95 81 465 50 60 71 117 58 51 241 106 72 52 97 150 51 56 461 510 53 56 130 205 50 60 164 75 198
leaf_count=828 175 91 249 259 62 70 461 96 55 69 68 91 67 56 58 56 98 112 64 79 53 179 88 282 50 144 55 62 61 61 75 51 51 61 95 81 465 50 60 71 117 58 51 241 106 72 52 97 150 51 56 461 510 53 56 130 205 50 60 164 75 198
internal_value=6.34333e-05 -0.0125473 0.024427 0.00653844 0.047786 0.0453401 -0.0257991 0.0283297 0.0599747 0.0842722 0.0430541 0.121122 -0.0422614 -0.014791 -0.0473514 -0.0427195 0.0117385 0.0165189 0.0258005 -0.0327213 -0.0262124 -0.0381498 -0.0493105 -0.03612 0.0865059 -0.0025975 -0.0597182 0.0371976 0.0489398 0.032537 0.0138612 -0.0308193 0.0535072 0.0735627 -0.0412979 -0.0499353 -0.0401549 0.0168475 -0.087563 -0.113087 0.0617663 0.0956795 -0.0900678 -0.0105359 -0.0072662 -0.0188912 -0.125272 -0.016342 0.0044825 0.0262469 0.0589694 -0.00592173 0.0286509 0.0575921 0.0117867 0.0180561 0.0361894 0.0482606 0.0335363 -0.000223938 -0.017409 -0.00850363
internal_weight=8272 5451 2821 2234 992 425 3217 355 817 394 187 207 1288 1929 1197 1130 1829 1652 1205 177 1211 1072 787 596 118 1809 314 423 361 299 238 112 126 116 694 599 518 966 186 131 239 122 191 291 285 128 103 925 718 257 107 517 675 165 884 740 371 315 265 369 239 447
internal_count=8272 5451 2821 2234 992 425 3217 355 817 394 187 207 1288 1929 1197 1130 1829 1652 1205 177 1211 1072 787 596 118 1809 314 423 361 299 238 112 126 116 694 599 518 966 186 131 239 122 191 291 285 128 103 925 718 257 107 517 675 165 884 740 371 315 265 369 239 447
is_linear=0
shrinkage=0.03


Tree=65
num_leaves=63
num_cat=0
split_feature=171 8 8 171 220 160 132 8 112 3 13 123 139 214 20 118 120 112 267 234 45 35 113 260 256 231 215 120 134 11 146 113 8 173 231 112 181 215 277 12 158 256 64 48 172 195 25 60 8 253 161 112 134 4 148 100 250 178 194 30 250 6
split_gain=2659.72 1458.78 874.727 800.867 796.046 721.438 605.484 528.623 473.864 470.374 633.78 769.034 646.095 583.006 457.456 453.958 422.978 417.132 407.437 422.332 401.812 399.333 471.153 390.49 528.346 378.988 350.163 343.603 331.29 395.969 330.557 321.933 398.032 381.664 346.921 319.2 700.325 310.855 304.347 296.333 293.553 277.332 248.577 238.047 301.114 235.507 231.295 304.255 327.136 244.399 223.848 218.727 217.222 214.999 213.804 211.463 210.947 209.378 215.681 205.788 200 210.979
threshold=0.30368906259536749 48.500000000000007 59.500000000000007 0.17316342145204547 6.5000000000000009 3.5000000000000004 0.21760653704404834 77.500000000000014 0.27599073946475988 55.500000000000007 68.500000000000014 2.5000000000000004 30.500000000000004 0.86920776963233959 202.50000000000003 78.500000000000014 12.500000000000002 0.33423423767089849 20.500000000000004 0.84553572535514843 105.50000000000001 0.48877663910388952 0.62208673357963573 20.500000000000004 0.093274217098951354 0.19399641454219821 0.095564253628253951 18.500000000000004 0.75147879123687755 69.500000000000014 3.5000000000000004 0.57097071409225475 90.500000000000014 0.83602148294448864 0.45227272808551794 0.329607903957367 1.5000000000000002 0.19895833730697635 0.216108113527298 65.500000000000014 26.500000000000004 0.11733416840434076 0.25143678486347204 0.991184562444687 0.3442887961864472 0.037749288603663451 5.5000000000000009 74.500000000000014 57.500000000000007 0.5604878067970277 1.5000000000000002 0.40063694119453436 0.75335106253623974 77.500000000000014 8.5000000000000018 17.500000000000004 1.5000000000000002 38.500000000000007 0.51582574844360363 49.500000000000007 1.5000000000000002 46.500000000000007
decision_type=2 2 2 2 2 2 2 2 2 2 2 2 2 2 2 2 2 2 2 2 2 2 2 2 2 2 2 2 2 2 2 2 2 2 2 2 2 2 2 2 2 2 2 2 2 2 2 2 2 2 2 2 2 2 2 2 2 2 2 2 2 2
left_child=1 4 5 6 35 -2 -3 17 15 21 11 13 16 -11 -6 26 -12 42 20 -20 -4 22 28 25 -25 27 30 -9 45 -30 -8 32 33 -22 38 55 60 54 -33 -36 59 -40 -5 44 56 -7 49 48 -48 52 -21 -34 -44 -46 -28 -1 -19 58 -27 -10 61 -37
right_child=2 3 18 7 14 9 8 23 40 10 12 -13 -14 -15 -16 -17 -18 43 19 50 31 -23 -24 24 -26 57 37 -29 29 -31 -32 34 51 -35 39 36 -38 -39 41 -41 -42 -43 46 -45 53 -47 47 -49 -50 -51 -52 -53 -54 -55 -56 -57 -58 -59 -60 -61 -62 -63
leaf_value=-0.0038069405780440354 -0.008863036253500137 0.007033199103218828 -0.0082499580788342949 -0.072288532829420132 0.14623906639267187 -0.041909474488032061 -0.04930211636755201 -0.097933445570164729 -0.023256613839530964 0.10142638869073292 0.046879025055095551 0.038822279678915203 0.1145686816232545 0.23013452753668923 0.026903417600612892 -0.14854525567212309 -0.066043648426147059 0.03411343398503959 -0.096553336188197142 0.037013158603735705 0.031218706399811769 -0.026918742442131043 0.13201398607694878 -0.13979725301469442 -0.018499247458443713 -0.043728912199730983 0.033838446274880439 -0.020242074665084882 0.014669962642448289 0.11904884763913494 -0.15662742877343916 0.066186943369926782 -0.080329533659798252 -0.043469481146072637 0.13697235488017359 0.031974870934060255 0.13516817865320122 -0.087089943105266202 0.040083226438972254 0.039334149244758816 -0.079954026589790977 -0.050395631283521647 0.0020439014534262118 -0.0049586710025400754 0.021604270438223327 0.032508888035465817 -0.010966071300208569 -0.0085661416726338681 -0.098041457949439054 -0.053190773063743452 -0.045673211711243937 -0.0026896981287585649 0.060205094886629229 -0.03957408051599156 -0.049089661468477805 0.05779558367324325 0.10283504539337314 -0.065376774378948746 0.0061925349430661403 -0.074873986934813175 0.06179132775256508 -0.034204876895831973
leaf_weight=932 175 214 447 65 60 58 53 96 665 72 71 72 69 60 56 65 50 123 59 67 663 74 52 63 66 95 61 110 62 69 52 100 50 67 61 81 51 62 61 53 116 59 232 376 238 108 70 318 87 52 51 91 76 65 50 52 60 53 412 77 56 91
leaf_count=932 175 214 447 65 60 58 53 96 665 72 71 72 69 60 56 65 50 123 59 67 663 74 52 63 66 95 61 110 62 69 52 100 50 67 61 81 51 62 61 53 116 59 232 376 238 108 70 318 87 52 51 91 76 65 50 52 60 53 412 77 56 91
internal_value=6.26591e-05 -0.0121745 0.0237045 -0.0212047 0.0144865 0.0463742 -0.0394289 -0.0114882 -0.0477067 0.0582023 0.0817803 0.118421 0.0420255 0.161221 0.0893511 -0.0774994 5.78995e-05 -0.0019466 0.0113904 -0.0317489 0.0160289 0.0360997 0.0495005 -0.0302497 -0.0783575 -0.0220563 -0.0604151 -0.056746 0.0346592 0.0701335 -0.10343 0.0250346 0.0154003 0.0243137 0.0500377 0.00754528 0.0358069 -0.0338635 0.0278113 0.0923159 -0.0357203 -0.00445106 -0.0162231 0.0129607 0.026806 0.00641203 -0.0117774 -0.0255018 -0.0595332 0.00635155 0.00119233 -0.0305934 0.0165438 0.0083932 -0.00362133 -0.000496152 0.0570815 -0.00921712 -0.00322925 -0.0287067 0.0130882 -0.00303416
internal_weight=8272 5451 2821 4072 1379 992 1415 2657 1201 817 394 204 190 132 116 343 121 1762 1829 177 1652 423 349 895 129 766 278 206 297 131 105 1205 871 730 334 1263 279 173 220 114 858 120 900 862 486 166 835 475 157 360 118 141 308 303 111 984 183 560 507 742 228 172
internal_count=8272 5451 2821 4072 1379 992 1415 2657 1201 817 394 204 190 132 116 343 121 1762 1829 177 1652 423 349 895 129 766 278 206 297 131 105 1205 871 730 334 1263 279 173 220 114 858 120 900 862 486 166 835 475 157 360 118 141 308 303 111 984 183 560 507 742 228 172
is_linear=0
shrinkage=0.03


Tree=66
num_leaves=63
num_cat=0
split_feature=111 8 8 147 111 8 8 99 32 245 111 8 5 198 3 8 8 48 216 118 8 142 35 10 149 19 255 48 4 258 198 35 56 39 256 238 38 9 22 8 131 13 32 80 246 10 48 213 179 10 275 111 45 51 10 151 111 31 253 10 48 8
split_gain=3044.45 2306.15 2276.13 1009.41 905.626 889.013 729.554 669.426 600.083 594.737 571.188 609.509 557.376 559.807 526.478 523.56 510.358 505.317 475.083 470.187 426.406 403.151 400.378 374.192 399.6 392.596 388.876 358.128 323.131 317.847 602.919 407.551 546.238 454.245 404.587 316.535 316.312 403.613 311.702 310.782 303.709 302.738 293.479 291.809 279.602 347.244 277.061 264.755 252.616 250.864 246.751 244.612 240.661 236.794 218.499 211.908 210.477 226.195 208.887 196.696 195.75 193.319
threshold=0.27426491677761083 72.500000000000014 67.500000000000014 20.500000000000004 0.21756661683321002 43.500000000000007 44.500000000000007 14.500000000000002 14.500000000000002 8.5000000000000018 0.33227176964282995 92.500000000000014 53.500000000000007 54.500000000000007 56.500000000000007 89.500000000000014 50.500000000000007 0.98296147584915172 0.19006568193435672 31.500000000000004 114.50000000000001 1.0000000180025095e-35 0.53220829367637645 4.5000000000000009 87.500000000000014 28.500000000000004 0.22150072455406192 0.99204930663108837 43.500000000000007 38.500000000000007 60.500000000000007 0.41433888673782354 52.500000000000007 0.26179134845733648 0.1145199052989483 20.500000000000004 0.10641277953982355 68.500000000000014 29.500000000000004 91.500000000000014 0.30937239527702337 56.500000000000007 8.5000000000000018 32.500000000000007 4.5000000000000009 16.500000000000004 0.96237933635711681 0.42146381735801702 1.5000000000000002 11.500000000000002 0.17867118865251544 0.25568476319313055 285.50000000000006 23.500000000000004 9.5000000000000018 0.2942016869783402 0.29526825249195104 212.50000000000003 0.3450328409671784 35.500000000000007 0.98649662733078014 84.500000000000014
decision_type=2 2 2 2 2 2 2 2 2 2 2 2 2 2 2 2 2 2 2 2 2 2 2 2 2 2 2 2 2 2 2 2 2 2 2 2 2 2 2 2 2 2 2 2 2 2 2 2 2 2 2 2 2 2 2 2 2 2 2 2 2 2
left_child=2 3 4 12 16 9 7 47 23 -5 11 43 13 19 17 -16 44 -10 29 28 38 -9 27 24 -4 41 36 -14 -2 30 58 34 33 35 -31 -33 37 -27 -12 48 42 -25 -18 56 -1 -46 -43 -6 -40 -50 52 -8 -44 60 -35 59 -3 -58 -7 -41 -48 -59
right_child=1 10 8 5 6 18 51 21 14 -11 20 -13 22 -15 15 -17 40 -19 -20 -21 -22 -23 -24 25 -26 26 -28 -29 -30 31 -32 32 -34 54 -36 -37 -38 -39 39 55 -42 46 50 -45 45 -47 53 -49 49 -51 -52 -53 -54 -55 -56 -57 57 61 -60 -61 -62 -63
leaf_value=-0.0091622279531620825 -0.05387374053950663 -0.011823758232879782 -0.023080413344774998 0.083209946830907183 0.051529173377862912 0.013698086216342898 -0.0037925867322704965 0.17215283771265638 -0.059412054701708253 0.22217047111855612 -0.018571541057899592 -0.052163034041137014 0.052953962687312103 0.10686877858765582 -0.044456063259716599 -0.14660615637241042 -0.01851756586077177 -0.18087594253394534 0.13839159363082479 0.071133445423780653 -0.06182159770499257 0.05949991372064687 -0.084689227146537677 -0.056153816438432952 -0.12636100690002025 -0.053238267302513118 0.0086270360596039722 -0.031631874883174892 0.035958564313558428 0.060062129723529013 -0.059613350659120275 0.19067933323708447 0.0035048229180154253 0.015561844582827587 -0.029782354425748479 0.093319894614230306 -0.020425948084491056 -0.16141665223126228 0.0033538582458578305 -0.033456396051496265 0.022732464673263685 0.076594397507186204 -0.057480594012528079 -0.058765336523453393 0.09636407073376313 -0.0080977137364624512 -0.065830846889054065 -0.024163219522659297 0.12147491228367599 0.052010712367114853 -0.028684149202593462 0.023963906169519759 -0.12352130115424331 0.056557594818564559 0.095718417240943945 0.046110630285663486 -0.017135564268877107 0.051047309994717814 0.096476168965889231 0.031847212830899467 0.0039627945506572719 0.0067625867392910868
leaf_weight=1112 80 407 67 61 96 52 912 54 59 53 107 263 81 93 417 50 256 67 62 97 50 63 56 66 68 81 84 99 64 134 60 65 60 52 67 62 81 51 57 99 69 52 155 71 52 62 50 72 69 151 140 415 75 51 75 116 125 183 58 70 124 172
leaf_count=1112 80 407 67 61 96 52 912 54 59 53 107 263 81 93 417 50 256 67 62 97 50 63 56 66 68 81 84 99 64 134 60 65 60 52 67 62 81 51 57 99 69 52 155 71 52 62 50 72 69 151 140 415 75 51 75 116 125 183 58 70 124 172
internal_value=6.09883e-05 0.0220022 -0.015032 0.0508792 -0.00230618 0.0713653 0.0142698 0.0577301 -0.0478721 0.149185 0.000686521 -0.0118025 0.0198634 0.0447471 -0.0705788 -0.0556828 -0.016216 -0.124916 0.0593057 0.0204323 0.0218823 0.112512 -0.0153935 -0.0304292 -0.0756498 -0.0207873 -0.045976 0.00651402 -0.0139756 0.0519563 0.0162671 0.0636828 0.0850069 0.10417 0.0301148 0.14425 -0.0674492 -0.0959339 0.0282211 0.0371472 -0.0367339 0.00109351 -0.0433143 -0.000679506 -0.00456432 0.0399751 0.0148866 0.0191385 0.0597244 0.0742483 -0.0603748 0.00489936 -0.0794571 0.000349429 0.0632764 0.0150715 0.00403092 0.017471 0.0578207 -0.00637934 -0.0163544 0.0296703
internal_weight=8272 3371 4901 1431 3533 861 1612 285 1368 114 1940 1221 570 334 593 467 1921 126 747 241 719 117 236 775 135 640 297 180 144 685 170 515 314 254 201 127 213 132 669 562 695 343 626 958 1226 114 277 168 277 220 370 1327 230 225 127 285 887 480 110 169 174 355
internal_count=8272 3371 4901 1431 3533 861 1612 285 1368 114 1940 1221 570 334 593 467 1921 126 747 241 719 117 236 775 135 640 297 180 144 685 170 515 314 254 201 127 213 132 669 562 695 343 626 958 1226 114 277 168 277 220 370 1327 230 225 127 285 887 480 110 169 174 355
is_linear=0
shrinkage=0.03


Tree=67
num_leaves=63
num_cat=0
split_feature=171 8 8 238 33 160 171 79 115 256 88 71 34 217 91 31 259 243 231 177 212 263 171 258 77 63 93 12 268 229 36 105 189 13 8 117 197 63 157 151 100 151 2 114 76 110 194 178 117 154 207 171 177 217 94 234 46 125 4 12 230 99
split_gain=2363.27 1152.86 1059.9 720.602 617.722 588.959 522.37 519.731 853.432 479.072 509.814 477.645 401.452 397.022 418.313 512.179 540.304 585.815 394.549 414.002 383.338 509.621 363.18 348.513 344.638 346.238 338.151 356.329 340.484 301.61 432.061 464.541 411.232 296.634 289.801 291.175 283.942 283.863 275.688 285.713 264.445 267.324 269.964 248.515 245.051 273.929 272.625 279.082 295.36 237.211 230.793 225.487 234.177 224.957 224.611 212.895 212.756 201.057 234.624 237.723 234.489 195.103
threshold=0.26201373338699346 57.500000000000007 57.500000000000007 25.500000000000004 0.26105305552482611 3.5000000000000004 0.36515152454376226 20.500000000000004 0.14339827001094821 0.14142857491970065 12.500000000000002 5.5000000000000009 0.26854497194290167 0.18405928462743762 0.32824160158634191 180.50000000000003 6.5000000000000009 1.0000000180025095e-35 0.19399641454219821 0.060661764815449722 0.32903064787387853 1.5000000000000002 0.34549072384834295 70.500000000000014 0.98653182387352001 0.36596255004405981 0.60097089409828197 64.500000000000014 6.5000000000000009 17.500000000000004 0.63053610920906078 16.500000000000004 23.500000000000004 46.500000000000007 92.500000000000014 0.13655789196491244 0.2674796879291535 0.30979683995246893 0.2180169150233269 0.24629811197519305 17.500000000000004 0.27729183435440069 76.500000000000014 0.89851310849189769 37.500000000000007 8.5000000000000018 0.95661765336990368 17.500000000000004 0.30320054292678839 0.81670936942100536 14.500000000000002 0.18301435559988025 0.11269841343164445 0.29758481681346899 0.70543259382247936 0.69700035452842724 150.50000000000003 67.500000000000014 73.500000000000014 41.500000000000007 1.5000000000000002 15.500000000000002
decision_type=2 2 2 2 2 2 2 2 2 2 2 2 2 2 2 2 2 2 2 2 2 2 2 2 2 2 2 2 2 2 2 2 2 2 2 2 2 2 2 2 2 2 2 2 2 2 2 2 2 2 2 2 2 2 2 2 2 2 2 2 2 2
left_child=1 3 5 51 38 43 12 18 -9 10 13 26 -4 20 15 16 17 -15 19 -3 -7 -22 56 -18 -11 -26 28 -28 40 32 -31 -32 61 -20 35 54 49 -36 -5 -40 41 42 -8 -2 45 -35 47 -47 50 -30 55 52 -1 -33 -14 -49 -17 58 59 -37 -60 -21
right_child=2 7 6 4 -6 9 11 8 -10 24 -12 -13 34 14 -16 22 23 -19 33 29 21 -23 -24 -25 25 -27 27 -29 36 30 31 53 -34 44 37 57 -38 -39 39 -41 -42 -43 -44 -45 -46 46 -48 48 -50 -51 -52 -53 -54 -55 -56 -57 -58 -59 60 -61 -62 -63
leaf_value=0.010737783388877419 -0.015311615697337666 0.025392679514409461 -0.074276051778878471 -0.0378503491776064 0.11799018134769629 0.030571818267468544 0.047140471904084651 -0.17561003464189442 -0.0059736171645938226 -0.029720633441483547 0.14430690047286807 0.081845681692606642 -0.00097793481026131374 -0.0092454411734772084 -0.035085579476736739 -0.062259160612399375 0.18068264587172145 0.11802990995488076 -0.075046561743531914 -0.062794162332962603 0.18211753260344266 0.056739504898065014 0.063029910806347331 0.07033061858923996 -0.0014872925386399678 0.097365542124956836 0.10715881872436274 0.015653239808241116 -0.039145250841224145 -0.14443200148068941 0.012680226719077628 -0.054467564748827128 0.0011458372532576323 0.0077237058737248711 -0.088103153411362128 -0.053162121676885693 -0.077242798738515195 -0.01268176804389317 0.017086014223811952 0.0894132170134357 0.039748651667298483 -0.037463570960473071 -0.034341699525995077 0.052737783087151387 0.019424156685065672 0.0016605096512607165 0.015725148251837063 -0.026568238743907444 -0.11634337256694662 0.047292593738310178 -9.4465145042964385e-05 0.0073955490320051489 -0.02533995802966886 -0.12395446391089966 0.065100345546058536 -0.098295739272714122 0.017568099293036057 0.044502464098234967 0.023949572842140665 0.0084621298343995656 -0.042716969140728409 -0.028997375499518391
leaf_weight=212 206 90 69 59 70 60 118 54 52 98 62 111 77 84 57 53 57 52 62 284 63 56 84 50 68 59 68 87 61 51 78 174 249 279 58 60 66 190 227 62 279 111 52 62 227 104 96 76 57 52 83 571 678 56 115 74 67 80 60 737 217 341
leaf_count=212 206 90 69 59 70 60 118 54 52 98 62 111 77 84 57 53 57 52 62 284 63 56 84 50 68 59 68 87 61 51 78 174 249 279 58 60 66 190 227 62 279 111 52 62 227 104 96 76 57 52 83 571 678 56 115 74 67 80 60 737 217 341
internal_value=6.07531e-05 -0.0151045 0.0170116 0.00263112 0.0373149 0.0399413 0.00636078 -0.0285 -0.0932257 0.0508077 0.0623824 0.0234252 -0.0039596 0.0547455 0.0409731 0.0507285 0.0800663 0.039925 -0.0255806 -0.0364971 0.0930809 0.124081 0.0155618 0.130245 0.012376 0.0448384 0.0160883 0.0562272 0.00760479 -0.0410316 -0.0641832 -0.0504708 -0.0314594 -0.0119081 -0.000871132 0.00462572 -0.0283098 -0.0306036 0.0207955 0.0328574 0.0191146 -0.00144083 0.0221614 0.000568684 -0.00790647 -0.0159889 -0.0294788 -0.0405049 -0.05558 0.000697385 -0.0402815 -0.00731083 -0.0167438 -0.0718495 0.0387324 -0.0623704 -0.0179121 -0.0010775 -0.0045109 0.00376211 -0.0282424 -0.0444304
internal_weight=8272 4366 3906 1879 418 1238 2668 2487 106 970 745 1005 1663 683 504 447 243 136 2381 1323 179 119 204 107 225 127 894 155 739 1233 359 308 874 1058 1594 1346 179 248 348 289 560 281 170 268 996 769 490 394 290 113 233 1461 890 230 192 150 120 1154 1074 797 277 625
internal_count=8272 4366 3906 1879 418 1238 2668 2487 106 970 745 1005 1663 683 504 447 243 136 2381 1323 179 119 204 107 225 127 894 155 739 1233 359 308 874 1058 1594 1346 179 248 348 289 560 281 170 268 996 769 490 394 290 113 233 1461 890 230 192 150 120 1154 1074 797 277 625
is_linear=0
shrinkage=0.03


Tree=68
num_leaves=63
num_cat=0
split_feature=111 8 8 111 8 100 8 160 34 8 269 234 46 181 46 8 71 111 14 112 191 103 251 237 258 157 8 154 272 4 4 169 151 177 198 214 137 64 156 48 100 8 111 237 256 111 169 98 234 111 252 276 25 135 108 113 269 111 208 172 116 118
split_gain=2803.13 2151.64 1738.23 1176.4 755.011 720.719 1295.84 661.175 660.589 648.004 606.012 775.87 439.759 465.885 400.367 445.744 395.131 387.917 371.073 360.313 354.927 416.509 397.206 352.235 346.82 499.198 339.113 334.225 373.429 326.113 577.642 414.744 314.054 308.436 289.952 321.05 281.525 277.894 273.48 262.726 260.917 257.703 255.809 255.367 361.765 253.87 309.866 362.308 335.299 253.465 252.99 246.445 242.003 240.185 236.558 235.189 231.564 227.627 227.184 271.887 214.465 212.713
threshold=0.28867521882057195 71.500000000000014 84.500000000000014 0.23553323745727542 47.500000000000007 9.5000000000000018 55.500000000000007 5.5000000000000009 0.33680564165115362 45.500000000000007 85.500000000000014 0.64433762431144725 33.500000000000007 1.5000000000000002 45.500000000000007 83.500000000000014 3.5000000000000004 0.34463602304458624 72.500000000000014 0.30992957949638372 0.25677657127380377 5.5000000000000009 0.19909910112619403 0.19098278135061267 37.500000000000007 0.29828247427940374 70.500000000000014 0.92126795649528515 0.37791328132152563 38.500000000000007 53.500000000000007 10.500000000000002 0.24915219098329547 0.14495798945426944 9.5000000000000018 0.65868180990219127 0.21181455999612811 0.41083660721778875 0.093800567090511336 0.98851397633552562 19.500000000000004 104.50000000000001 0.26103179156780248 0.20722186565399173 0.10487038642168046 0.20670914649963382 15.500000000000002 19.500000000000004 0.33293461799621588 0.25500200688838964 0.29805897176265722 0.088335335254669203 5.5000000000000009 0.21409472823143008 1.5000000000000002 0.56197428703308117 36.500000000000007 0.30992957949638372 3.5000000000000004 0.29217478632926946 0.12773956358432773 30.500000000000004
decision_type=2 2 2 2 2 2 2 2 2 2 2 2 2 2 2 2 2 2 2 2 2 2 2 2 2 2 2 2 2 2 2 2 2 2 2 2 2 2 2 2 2 2 2 2 2 2 2 2 2 2 2 2 2 2 2 2 2 2 2 2 2 2
left_child=1 3 5 9 12 27 7 -7 -9 40 14 -12 -5 18 32 24 20 41 39 -17 22 33 -8 -24 -16 49 -18 28 29 -2 31 -31 -3 -22 -11 45 -34 -35 54 -14 -1 57 -6 -39 -45 46 47 -36 -49 -26 51 -19 -37 55 -32 -52 -48 -4 59 -54 -50 -44
right_child=2 10 17 4 42 6 16 8 -10 34 11 -13 13 -15 15 19 26 50 -20 -21 21 -23 23 -25 25 -27 -28 -29 -30 30 38 -33 36 37 35 52 -38 43 -40 -41 -42 -43 61 44 -46 -47 56 48 60 -51 53 -53 58 -55 -56 -57 -58 -59 -60 -61 -62 -63
leaf_value=0.00076012700086357655 -0.033856921621321971 0.018626139594112023 -0.037155606608693943 -0.013982983061979558 -0.0033001150287433959 0.21823476011383122 0.041562594968495487 0.015111664437378445 0.16520958171155795 0.025496050380771199 -0.18210984315190995 -0.036815619920186386 0.12878676846091236 0.14604529647684811 0.0011235841606532671 -0.14598826938892825 0.13206963503488192 0.024109901443410377 -0.016461841972435221 -0.061687048818916075 0.076768022011006798 0.1322915400915286 0.023246373046528209 -0.071600901223719121 -0.062675920843062075 -0.11888876450359821 0.050454586050296624 -0.025680165171740561 0.082396417351145487 0.01060515191595433 -0.023150335223628922 0.11345632685737295 -0.080331076633233522 0.072092762028993063 -0.022707176680688734 0.0062538627165180825 0.0054764290242677637 -0.050717957725085444 -0.056612290885532275 0.042736962968601452 0.063323039624956431 -0.079057883995194589 -0.018480554448981439 0.072427025860683489 -0.032923164165244906 -0.020615239649356066 0.021348701193928718 -0.051698572705858023 -0.17797776175869834 -0.013911680212396934 0.016518642912805078 -0.068805222037960509 -0.025683084178961358 -0.0029132867766783967 0.067445437197501845 0.089354786597700284 -0.0503859394824221 0.0016930204702461241 -0.016391282979942239 -0.11592252605594694 -0.091140724441100801 0.030984316445410293
leaf_weight=959 90 171 232 57 720 57 157 53 52 92 62 71 55 66 180 58 75 51 50 219 135 50 65 75 164 74 121 126 94 58 51 90 76 66 76 285 62 58 63 78 63 61 92 65 52 272 59 77 53 231 74 50 73 100 51 87 125 325 359 51 57 501
leaf_count=959 90 171 232 57 720 57 157 53 52 92 62 71 55 66 180 58 75 51 50 219 135 50 65 75 164 74 121 126 94 58 51 90 76 66 76 285 62 58 63 78 63 61 92 65 52 272 59 77 53 231 74 50 73 100 51 87 125 325 359 51 57 501
internal_value=5.97708e-05 -0.0120432 0.0252528 -0.00144089 0.0186289 0.0435531 0.0583571 0.136379 0.0903032 -0.0139357 -0.044724 -0.1054 0.0609861 0.078135 -0.0381097 -0.0479685 0.0444703 -0.0065794 0.0529822 -0.0798002 0.0341435 0.0516638 0.00892444 -0.0277121 -0.0342805 -0.0478419 0.0821967 0.0178136 0.0288696 0.0162114 0.03067 0.0734915 -0.00850575 0.0406195 -0.0259767 -0.0291763 -0.0420178 0.0201368 -0.00795085 0.079017 0.00467487 -0.0210128 0.00871846 0.00024373 0.0257225 -0.0435744 -0.0574679 -0.0783254 -0.100689 -0.0342652 0.018051 -0.0221113 -0.0156577 0.0336179 0.0223626 0.0561859 -0.027393 -0.0145257 -0.0285731 -0.0634282 -0.134207 0.023292
internal_weight=8272 5588 2684 4220 1619 1704 1081 162 105 2601 1368 133 306 249 1235 926 919 980 183 277 723 426 297 140 649 469 196 623 497 403 313 148 309 376 1579 1487 138 241 165 133 1022 618 1313 175 117 719 447 263 187 395 362 101 768 261 102 161 184 557 483 124 110 593
internal_count=8272 5588 2684 4220 1619 1704 1081 162 105 2601 1368 133 306 249 1235 926 919 980 183 277 723 426 297 140 649 469 196 623 497 403 313 148 309 376 1579 1487 138 241 165 133 1022 618 1313 175 117 719 447 263 187 395 362 101 768 261 102 161 184 557 483 124 110 593
is_linear=0
shrinkage=0.03


Tree=69
num_leaves=63
num_cat=0
split_feature=111 231 57 231 7 149 87 32 197 65 78 259 13 4 13 12 111 279 231 1 133 151 194 211 43 238 66 77 65 269 231 165 3 255 185 216 180 61 115 111 157 97 251 172 117 200 131 211 246 42 43 157 228 174 186 33 47 10 5 48 174 1
split_gain=2639.62 601.285 577.706 517.763 578.531 501.855 990.362 428.114 395.023 386.693 384.698 381.981 352.678 337.645 341.912 326.269 314.282 311.431 434.028 559.659 330.143 300.658 299.73 370.124 373.192 311.035 302.591 299.728 344.461 299.195 339.599 298.55 284.5 281.982 281.63 276.673 275.938 266.953 265.792 263.387 248.498 354.617 287.111 362.96 245.068 241.618 241.241 241.164 237.003 235.06 227.756 270.68 245.069 227.435 218.95 218.164 216.826 216.804 263.33 200.968 200.56 197.865
threshold=0.28867521882057195 0.2314560413360596 1.5000000000000002 0.4463601559400559 39.500000000000007 283.50000000000006 38.500000000000007 8.5000000000000018 0.28759399056434637 0.77674826979637157 100.50000000000001 13.500000000000002 66.500000000000014 64.500000000000014 82.500000000000014 62.500000000000007 0.26103179156780248 207.50000000000003 0.41522988677024847 24.500000000000004 0.42572893202304846 0.26497863233089453 0.60987782478332531 0.19586530327796939 0.57417583465576183 26.500000000000004 0.24698620289564135 0.96684980392456066 0.43860629200935369 36.500000000000007 0.18090909719467166 13.500000000000002 68.500000000000014 0.039230769500136382 18.500000000000004 0.079772725701332106 7.5000000000000009 5.5000000000000009 0.1814263314008713 0.23345498740673068 0.23818119615316394 0.28629976511001592 0.26043477654457098 0.29679679870605474 0.2798601388931275 19.500000000000004 0.2408523038029671 0.27042925357818609 1.5000000000000002 1.5000000000000002 0.78679654002189647 0.21216993033885959 3.5000000000000004 0.96677017211914074 2.5000000000000004 0.20246665924787524 24.500000000000004 4.5000000000000009 50.500000000000007 0.98145693540573131 1.1251598596572878 30.500000000000004
decision_type=2 2 2 2 2 2 2 2 2 2 2 2 2 2 2 2 2 2 2 2 2 2 2 2 2 2 2 2 2 2 2 2 2 2 2 2 2 2 2 2 2 2 2 2 2 2 2 2 2 2 2 2 2 2 2 2 2 2 2 2 2 2
left_child=1 7 -2 5 -5 6 17 16 12 11 53 27 15 14 39 -6 49 22 19 20 -19 -16 33 -24 32 26 -26 48 55 54 59 57 35 46 50 -25 -14 -33 -27 -3 42 56 -11 -44 -36 -12 -4 -35 -9 -1 60 -52 -53 -7 -30 -29 -42 -21 -59 -31 -15 -51
right_child=2 13 3 4 8 10 -8 9 -10 40 45 -13 36 34 21 -17 -18 18 -20 31 -22 -23 23 24 25 38 -28 28 29 30 -32 37 -34 47 44 -37 -38 -39 -40 -41 41 -43 43 -45 -46 -47 -48 -49 -50 61 51 52 -54 -55 -56 -57 -58 58 -60 -61 -62 -63
leaf_value=0.00053983283757375782 -0.074581901904267181 -0.0080618352001463923 0.063368342204864106 0.14985250169095002 0.15550249214231407 -0.0066963277059465141 0.14367329104221424 -0.025688207530176008 -0.01623447279009638 -0.0010897208893050751 -0.079770013496412759 -0.1040125443165501 0.067375676037792695 -0.044045745653511013 -0.0036595651285503713 0.052405150210665115 0.057227571482089026 0.028773085737600922 -0.056163001352990113 0.024350999350974102 0.13206306867301462 -0.082995591573417182 -0.032355082104603451 0.011943246161653882 0.016031585171385559 0.050035215388677674 0.097461773095762025 -0.13308921699340526 -0.026569297009406564 -0.10467177135677172 -0.019584326712732854 0.088910375049481016 0.048416539572534105 0.13678786791740885 0.062966988278397668 -0.081242488261382528 -0.0079029102160072893 0.0028846050671894438 0.14246239171308631 0.023506631655351492 0.0027026583622028299 -0.020724600025065494 -0.12317886615980346 -0.014725564766675232 -0.019249382747337222 -0.0074988310784101482 -0.01682898339948484 0.053928619134638991 0.035395488073320491 -0.018006953735537616 -0.054735381761422522 0.03395107318026324 -0.037498093616154235 0.049928178079426289 0.023468199694665882 -0.053313749419996538 0.071384362471056464 0.026383609314010861 -0.035043801629438626 -0.052050717715367983 0.011120080770547568 -0.072338729879423358
leaf_weight=751 51 323 85 52 52 176 63 150 78 134 83 71 94 375 152 61 66 59 80 150 53 59 89 62 214 66 50 51 283 86 258 64 62 61 71 52 81 65 50 897 76 177 52 59 59 83 55 69 91 355 64 161 58 99 108 82 90 84 241 287 70 72
leaf_count=751 51 323 85 52 52 176 63 150 78 134 83 71 94 375 152 61 66 59 80 150 53 59 89 62 214 66 50 51 283 86 258 64 62 61 71 52 81 65 50 897 76 177 52 59 59 83 55 69 91 355 64 161 58 99 108 82 90 84 241 287 70 72
internal_value=5.82908e-05 -0.0116864 0.0245055 0.0264524 0.0570479 0.0206554 0.0277721 -0.0198816 0.0434901 -0.0282871 -0.00797062 -0.0365219 0.0596658 0.000128447 0.00904837 0.100796 -0.00598474 0.0234231 0.00968275 0.0171079 0.0783875 -0.0261304 0.0353529 0.0241798 0.0332713 0.0499614 0.0317636 -0.0330174 -0.0393622 -0.0333891 -0.0461541 0.00563399 -0.00284286 0.0618565 -0.0147417 -0.0308994 0.0326855 0.0459197 0.0907516 0.015149 -0.00771481 0.00876483 -0.0307282 -0.0661787 0.0257913 -0.0438957 0.0319663 0.0935561 -0.00257246 -0.00957188 -0.0220052 -0.000951104 0.014944 0.0137955 -0.0127236 -0.0846693 0.0401442 -0.00538024 -0.0191349 -0.0644306 -0.0353625 -0.0273159
internal_weight=8272 5588 2684 2633 418 2215 1774 3299 366 2055 441 1467 288 2289 1431 113 1244 1711 796 716 112 211 915 645 556 380 264 1396 1155 1022 631 604 176 270 858 114 175 129 116 1220 588 343 245 111 130 166 140 130 241 1178 728 283 219 275 391 133 166 475 325 373 445 427
internal_count=8272 5588 2684 2633 418 2215 1774 3299 366 2055 441 1467 288 2289 1431 113 1244 1711 796 716 112 211 915 645 556 380 264 1396 1155 1022 631 604 176 270 858 114 175 129 116 1220 588 343 245 111 130 166 140 130 241 1178 728 283 219 275 391 133 166 475 325 373 445 427
is_linear=0
shrinkage=0.03


Tree=70
num_leaves=63
num_cat=0
split_feature=111 8 8 139 8 196 12 111 34 229 111 8 8 5 135 112 32 111 147 8 257 8 11 97 269 8 11 8 68 22 8 97 111 6 191 19 156 155 8 197 8 210 259 189 29 246 135 29 180 144 197 111 253 212 77 7 29 37 249 28 111 11
split_gain=2485.99 2066.28 1883.2 758.18 800.962 755.815 1027.22 596.821 585.382 671.756 584.354 815.696 554.589 541.927 602.2 517.196 482.963 588.853 448.25 409.646 399.198 388.575 349.152 347.562 428.666 339.368 319.023 316.803 294.578 284.842 282.965 279.106 277.944 276.65 496.107 350.523 352.664 349.821 347.788 276.271 273.911 270.107 256.332 352.677 256.266 249.503 248.77 245.972 239.38 238.796 235.739 259.467 229.633 210.368 196.909 191.492 190.582 219.186 185.831 201.447 324.727 185.478
threshold=0.26483158767223364 72.500000000000014 64.500000000000014 10.500000000000002 57.500000000000007 0.057983193546533592 67.500000000000014 0.33227176964282995 0.33539734780788427 13.500000000000002 0.21756661683321002 36.500000000000007 103.50000000000001 53.500000000000007 0.038817536085844047 0.43353414535522466 14.500000000000002 0.19684550911188128 20.500000000000004 81.500000000000014 0.21778655797243121 114.50000000000001 67.500000000000014 0.13569784164428714 37.500000000000007 39.500000000000007 53.500000000000007 84.500000000000014 0.10933997482061387 29.500000000000004 52.500000000000007 0.09732417389750482 0.30992957949638372 49.500000000000007 0.21132376790046695 28.500000000000004 0.070467680692672743 0.1509819030761719 74.500000000000014 0.20761494338512423 91.500000000000014 1.5000000000000002 10.500000000000002 21.500000000000004 38.500000000000007 4.5000000000000009 0.19650488346815112 116.50000000000001 10.500000000000002 2.5000000000000004 0.1863425895571709 0.25074850022792822 0.59787234663963329 0.32672683894634252 0.99498742818832409 42.500000000000007 108.50000000000001 0.11044728383421899 31.500000000000004 33.500000000000007 0.29855927824974066 71.500000000000014
decision_type=2 2 2 2 2 2 2 2 2 2 2 2 2 2 2 2 2 2 2 2 2 2 2 2 2 2 2 2 2 2 2 2 2 2 2 2 2 2 2 2 2 2 2 2 2 2 2 2 2 2 2 2 2 2 2 2 2 2 2 2 2 2
left_child=2 3 10 13 5 6 -5 12 -7 -10 25 -12 27 14 -2 18 26 -18 61 47 -15 29 -22 31 41 45 -4 55 -27 -9 50 -6 56 34 -28 36 -35 38 -37 -38 49 -25 44 -44 -26 -1 -43 -19 -42 52 -13 -52 54 -30 -31 -3 57 -29 59 -57 -61 -16
right_child=1 7 16 4 23 8 -8 21 9 -11 11 30 -14 20 15 -17 17 19 -20 -21 22 -23 -24 24 42 28 33 32 53 40 -32 -33 -34 35 -36 37 39 -39 -40 -41 48 46 43 -45 -46 -47 -48 -49 -50 -51 51 -53 -54 -55 -56 58 -58 -59 -60 60 -62 -63
leaf_value=0.0006247384818270803 -0.034234526262096152 0.039305782667116117 -0.082796843408564608 0.22448653207203006 0.035751040919738658 -0.0018315782930169787 0.065167738722264765 -0.01890788787251545 0.016428211080400566 0.15188198770361916 0.11597565952521652 -0.0088202527135370235 -0.10559645681396911 -0.066295239785403914 -0.018197037916224779 0.11922822431243699 -0.15827451201731507 -0.032749324302331372 0.10858037925818387 -0.11420002677562562 0.055679090185598891 -0.060133854041204735 -0.037627322489724439 0.045691164148124783 0.12136052712662654 0.025346427990083135 -0.11502734796262122 -0.086702472695436031 -0.033501529991152613 0.044192748515401038 -0.0038452297130915671 0.13343729866251092 0.0012715154856264795 0.045708049808163197 0.0049149219199482877 -0.018182797895963575 -0.058440470129636851 0.0012401523796516821 -0.11014427245860653 0.010886416118592023 0.0003842368679193084 0.0015846687578277227 -0.02405742477745779 0.058601289765248372 0.048813701484074934 0.066247078412512345 -0.084994496613850487 -0.090667166202156632 0.070516411780069274 0.091884516883388306 0.025691121102689288 0.090208405731245861 0.085484384000818758 -0.0066956387094885186 -0.032079734260526793 -0.020837928211605811 -0.083074261586253459 -0.019117185081326836 -0.053676584539461433 -0.0054177776790307877 0.056588632443747601 0.050687185608678388
leaf_weight=449 81 113 87 73 50 90 74 107 56 80 66 123 56 98 100 86 54 372 50 87 76 50 67 54 54 114 70 51 824 69 690 57 218 127 55 67 86 108 83 127 232 72 92 92 234 58 50 80 53 102 261 71 53 388 53 205 77 261 58 210 118 53
leaf_count=449 81 113 87 73 50 90 74 107 56 80 66 123 56 98 100 86 54 372 50 87 76 50 67 54 54 114 70 51 824 69 690 57 218 127 55 67 86 108 83 127 232 72 92 92 234 58 50 80 53 102 261 71 53 388 53 205 77 261 58 210 118 53
internal_value=5.81057e-05 0.0177887 -0.0151931 0.0419281 0.0564987 0.0924379 0.145267 -0.00234564 0.0575867 0.0966339 -0.00193535 0.0142291 -0.0139805 0.0149801 0.0377424 0.0579644 -0.0439357 -0.0645021 0.031553 -0.0548317 -0.0199777 0.0197639 0.0120044 0.0386445 0.0302814 -0.0126166 -0.028818 -0.00998959 -0.0205942 0.0258161 0.00826816 0.0885432 -0.0258529 -0.0222173 -0.0626326 -0.0136788 0.00633364 -0.0399744 -0.0694606 -0.017247 0.0343497 -0.00963856 0.0451557 0.0173653 0.0627891 0.00824746 -0.0343011 -0.0431778 0.0136273 0.0555448 0.0266061 0.039718 0.0339622 -0.0249327 0.0110666 0.00370528 -0.041018 -0.0304065 -0.00315648 0.00243124 0.0169936 0.00583901
internal_weight=8272 3825 4447 1739 1128 373 147 2086 226 136 3044 1211 1367 611 370 289 1403 593 203 539 241 719 143 755 648 1833 810 1311 1326 669 1145 107 607 723 125 598 340 258 150 213 562 176 472 184 288 507 122 452 285 277 455 332 175 1212 122 704 389 312 591 533 328 153
internal_count=8272 3825 4447 1739 1128 373 147 2086 226 136 3044 1211 1367 611 370 289 1403 593 203 539 241 719 143 755 648 1833 810 1311 1326 669 1145 107 607 723 125 598 340 258 150 213 562 176 472 184 288 507 122 452 285 277 455 332 175 1212 122 704 389 312 591 533 328 153
is_linear=0
shrinkage=0.03


Tree=71
num_leaves=63
num_cat=0
split_feature=171 8 229 8 151 60 171 250 132 192 130 256 69 225 210 8 231 71 267 56 77 169 267 189 137 87 114 140 151 13 114 3 206 46 132 145 55 91 195 226 177 186 49 131 52 237 114 152 48 154 60 155 114 197 8 216 48 165 270 64 253 256
split_gain=1851.96 1143.59 737.568 700.961 637.315 593.74 591.141 515.425 499.111 472.504 597.771 508.781 433.326 489.422 435.953 387.118 381.08 369.849 457.126 384.834 350.7 347.113 327.855 323.76 314.466 297.837 289.691 738.473 318.015 280.695 275.315 272.402 265.631 258.844 255.898 398.345 254.341 249.592 242.68 238.83 235.231 263.952 230.783 230.397 301.494 234.154 295.474 283.242 226.433 223.91 213.741 227.823 412.647 211.809 197.954 197.197 285.728 188.434 188.148 186.018 320.459 277.468
threshold=0.30368906259536749 46.500000000000007 16.500000000000004 59.500000000000007 0.25584430992603308 43.500000000000007 0.17316342145204547 5.5000000000000009 0.21760653704404834 0.45773810148239141 2.5000000000000004 0.13840996474027636 3.5000000000000004 12.500000000000002 2.5000000000000004 77.500000000000014 0.22086720913648608 5.5000000000000009 20.500000000000004 41.500000000000007 0.99452048540115368 15.500000000000002 6.5000000000000009 17.500000000000004 0.26031449437141424 18.500000000000004 0.48992826044559484 23.500000000000004 0.17487864196300509 77.500000000000014 0.82311251759529125 72.500000000000014 7.5000000000000009 32.500000000000007 0.31930242478847509 58.500000000000007 1.5000000000000002 0.29150262475013738 0.080540537834167494 11.500000000000002 0.1863425895571709 1.5000000000000002 112.50000000000001 0.32984206080436712 4.5000000000000009 0.077935222536325469 1.0053114295005801 0.40549990534782415 0.98531568050384533 0.87010604143142711 77.500000000000014 0.13301622122526172 0.78186079859733593 0.17712418735027316 86.500000000000014 0.11884584277868272 0.99296393990516674 4.5000000000000009 3.5000000000000004 0.37987340986728674 0.45857843756675726 0.054299755021929748
decision_type=2 2 2 2 2 2 2 2 2 2 2 2 2 2 2 2 2 2 2 2 2 2 2 2 2 2 2 2 2 2 2 2 2 2 2 2 2 2 2 2 2 2 2 2 2 2 2 2 2 2 2 2 2 2 2 2 2 2 2 2 2 2
left_child=1 2 36 5 25 22 8 15 -3 11 -11 12 13 14 38 31 34 18 29 -20 -15 -16 57 -13 -23 -4 27 28 -10 33 -19 50 -28 -5 35 -17 40 -31 -7 -27 41 -1 -18 45 -45 46 -35 48 58 -50 51 52 -8 -34 -32 -52 -57 -2 -47 61 -61 -53
right_child=3 6 4 17 -6 9 7 -9 26 10 -12 23 -14 20 21 16 42 30 19 -21 -22 24 -24 -25 -26 39 32 -29 -30 37 54 -33 53 43 -36 -37 -38 -39 -40 -41 -42 -43 -44 44 -46 47 -48 -49 49 -51 55 59 -54 -55 -56 56 -58 -59 -60 60 -62 -63
leaf_value=0.0013975281069022521 -0.0053081423736044339 0.0069871332920716754 0.083923538733560302 -0.018282802006466925 0.11719821346749086 0.014423671182124845 -0.011356837287464219 -0.10276413360359862 -0.099452697522235359 0.16810492177578534 0.037599731257983611 0.036284916358178147 0.119798125950736 0.13980677960002247 -0.071159626337965673 -0.1461744204338859 0.0023059470221030373 -0.0068990437674801798 -0.090318736599551308 0.0039385601113501346 0.0375268712796663 0.067757987780180773 -0.042611329896845719 -0.056306108528960438 -0.034035621600992542 -0.0067520697986973187 -0.026376683907512386 -0.16344939897928773 -0.010401314828706824 0.0081991350679406112 0.098051539452636949 0.024477063953228618 -0.11518994026684334 0.019060684929858764 -0.02689362883674613 -0.040747375305458577 0.044365151023012722 -0.040739591416566391 0.092742793436708118 0.066840793101403562 -0.017761763075998582 0.079222344431807007 -0.048793281367694841 0.015461905261036009 0.09228245491782823 -0.031997190609781276 0.10435540976623693 -0.057270003739548353 0.016964778234064577 0.082078679646444261 -0.0032629591892655956 -0.012485122958036219 0.080772438622437978 -0.044352991279419954 0.028509651196791844 0.055776295658300758 -0.020484200817174635 0.070531829739255564 0.028076150581861536 0.00962248436262759 -0.052147092582801209 -0.095119910208508365
leaf_weight=170 62 240 64 160 95 61 275 51 52 65 62 67 79 67 55 50 422 63 80 75 56 58 102 67 50 167 852 57 114 215 84 344 55 115 217 91 100 165 86 51 503 50 97 95 89 134 53 56 249 58 498 68 51 126 67 139 64 55 71 180 129 79
leaf_count=170 62 240 64 160 95 61 275 51 52 65 62 67 79 67 55 50 422 63 80 75 56 58 102 67 50 167 852 57 114 215 84 344 55 115 217 91 100 165 86 51 503 50 97 95 89 134 53 56 249 58 498 68 51 126 67 139 64 55 71 180 129 79
internal_value=5.79136e-05 -0.0101534 0.0157 0.0197857 0.05039 0.0400788 -0.0174534 -0.00920384 -0.0326293 0.0524184 0.105185 0.0418982 0.0554963 0.0435156 0.0232793 -0.00740187 -0.0237731 0.0087634 0.00384005 -0.0449775 0.0939185 -0.0105063 -0.00351635 -0.0100847 0.0207514 0.0275491 -0.0401989 -0.0711929 -0.0387254 0.00904998 0.0457279 0.000465394 -0.0334456 0.016849 -0.0475389 -0.078899 -0.000232684 -0.0131017 0.0605601 0.0106912 -0.00645388 0.0193634 -0.00731986 0.0229721 0.0529176 0.0154241 0.0464274 0.00618859 0.0132275 0.029493 -0.00511715 -0.0158912 0.00325896 -0.0663927 0.0675858 0.0069074 0.031751 0.0306387 -0.011156 -0.0295591 -0.0162498 -0.0572369
internal_weight=8272 5451 1200 2821 377 992 4251 2755 1496 773 127 646 512 433 310 2704 877 1829 1615 155 123 163 219 134 108 282 1256 223 166 1460 214 1827 1033 1080 358 141 823 380 147 218 723 220 519 920 184 736 168 568 512 307 1483 782 326 181 151 701 203 117 205 456 309 147
internal_count=8272 5451 1200 2821 377 992 4251 2755 1496 773 127 646 512 433 310 2704 877 1829 1615 155 123 163 219 134 108 282 1256 223 166 1460 214 1827 1033 1080 358 141 823 380 147 218 723 220 519 920 184 736 168 568 512 307 1483 782 326 181 151 701 203 117 205 456 309 147
is_linear=0
shrinkage=0.03


Tree=72
num_leaves=63
num_cat=0
split_feature=111 8 8 111 100 8 8 8 267 26 216 116 32 68 8 131 186 78 89 35 265 13 127 77 265 45 8 49 94 8 3 9 9 193 245 94 134 253 155 105 13 107 114 77 251 111 169 118 220 13 95 152 114 179 107 62 226 147 94 105 185 74
split_gain=2305.62 1849.68 1480.21 980.637 637.371 1148.75 635.042 563.12 554.358 565.496 465.12 397.93 374.996 383.22 369.623 338.513 323.835 322.502 487.236 310.754 360.076 305.747 483.031 298.813 298.795 296.564 400.28 292.385 316.026 288.131 314.108 349.905 292.631 287.33 317.782 271.201 344.102 373.741 287.249 315.32 255.15 249.625 249.005 245.647 241.721 240.007 400.768 450.04 254.282 238.645 221.576 301.933 302.92 232.642 218.851 216.994 216.788 301.187 248.149 215.074 213.117 207.01
threshold=0.28867521882057195 71.500000000000014 84.500000000000014 0.23553323745727542 9.5000000000000018 45.500000000000007 35.500000000000007 51.500000000000007 22.500000000000004 3.5000000000000004 0.19586530327796939 0.093637589365243926 3.5000000000000004 0.11695219576358797 60.500000000000007 0.32984206080436712 1.0000000180025095e-35 99.500000000000014 99.500000000000014 0.52876573801040661 29.500000000000004 78.500000000000014 12.500000000000002 0.97765293717384349 43.500000000000007 112.50000000000001 64.500000000000014 27.500000000000004 0.77721711993217479 84.500000000000014 73.500000000000014 47.500000000000007 75.500000000000014 0.53708791732788097 7.5000000000000009 0.89384359121322643 0.99556368589401256 0.48074074089527136 0.12912286818027499 10.500000000000002 70.500000000000014 18.500000000000004 0.89326822757720958 0.99524936079978954 0.41522988677024847 0.20670914649963382 15.500000000000002 20.500000000000004 2.5000000000000004 74.500000000000014 0.21886405348777774 0.36808574199676519 0.92516335844993602 2.5000000000000004 3.5000000000000004 0.26013697683811193 7.5000000000000009 38.500000000000007 0.75005376338958751 11.500000000000002 11.500000000000002 59.500000000000007
decision_type=2 2 2 2 2 2 2 2 2 2 2 2 2 2 2 2 2 2 2 2 2 2 2 2 2 2 2 2 2 2 2 2 2 2 2 2 2 2 2 2 2 2 2 2 2 2 2 2 2 2 2 2 2 2 2 2 2 2 2 2 2 2
left_child=1 3 4 7 19 -6 -5 24 12 -10 11 16 -3 -14 21 17 -7 60 -19 20 35 44 -23 -15 -1 -18 -27 -9 45 30 31 -25 -33 50 -35 36 37 38 54 -40 -36 43 -20 -30 56 46 47 -29 -49 -48 51 52 53 -13 -2 -31 61 58 -58 -47 -4 -8
right_child=2 8 15 6 5 10 14 27 9 -11 -12 33 13 23 -16 -17 25 18 42 -21 -22 22 -24 29 -26 26 -28 28 41 55 -32 32 -34 34 40 -37 -38 -39 39 -41 -42 -43 -44 -45 -46 59 49 48 -50 -51 -52 -53 -54 -55 -56 -57 57 -59 -60 -61 -62 -63
leaf_value=-0.0029046410850053889 -0.0019517801926560597 0.017835873475650677 -0.017648297285445588 0.11560843094399099 0.16709393529593944 0.0012709224008722231 0.0048276869369049871 0.034018415655009446 -0.047114326758775853 -0.17327049692720173 0.12113539894275806 -0.0016275251183756872 -0.11148822425398976 -0.012537120555511169 -0.0025604998836653856 0.026514184941802549 0.021881252791579452 -0.10893992898389697 -0.06408960368197697 -0.029727084038812402 0.089234526601174605 -0.065926016557216638 0.029032290233920018 -0.094061108143026123 0.068364515448835761 0.1557260557458951 0.06793623166354322 -0.016279918068931216 0.044386233095587653 -0.099118997213741136 0.0038900718964794846 -0.010897086048355469 -0.082523389220237733 0.11695778552944269 0.060771947824235617 0.068378569259218966 -0.064200073453513057 0.089801033161721139 0.014640630483627319 -0.077392579771223519 -0.023383251774626284 -0.044183097066199203 0.020062967055839383 -0.026064116447418927 -0.020296235624395434 0.015901815869400034 -0.055343207123532759 -0.084602057400646566 -0.1679376301344703 0.010238787084817886 -0.033080210917618834 0.076324094932197648 -0.038829639774192584 0.079163368402847212 0.074914607593128749 -0.035081177889913703 0.058570072476361548 0.032921401846620554 0.14989536208264967 -0.037000945322810015 0.021109194511377494 0.050546791534870864
leaf_weight=1415 72 110 362 56 74 63 179 63 79 54 67 75 63 341 700 217 72 74 51 111 68 74 134 108 54 64 180 62 109 134 140 194 69 51 86 72 54 52 71 62 51 93 80 74 60 91 112 108 50 89 88 67 88 55 61 76 61 128 50 281 196 177
leaf_count=1415 72 110 362 56 74 63 179 63 79 54 67 75 63 341 700 217 72 74 51 111 68 74 134 108 54 64 180 62 109 134 140 194 69 51 86 72 54 52 71 62 51 93 80 74 60 91 112 108 50 89 88 67 88 55 61 76 61 128 50 281 196 177
internal_value=5.74655e-05 -0.010919 0.0229057 -0.00108888 0.0397933 0.0537145 0.0172351 -0.0124969 -0.04122 -0.0992464 0.0452253 0.0396917 -0.0348958 -0.040063 0.0136388 -0.00646869 0.063414 -0.0158716 -0.0479517 0.0155905 0.025454 0.0267662 -0.00490475 -0.0357251 -0.000240084 0.0757602 0.0915047 -0.0283884 -0.0320946 -0.0466593 -0.0343862 -0.0488017 -0.0299302 0.0235811 0.0537198 0.0155072 0.00511815 0.0170535 0.00254913 -0.0285195 0.0295017 -0.00442431 -0.0129361 0.0159113 0.0368157 -0.0417074 -0.0572141 -0.0851225 -0.111864 -0.0263975 0.00828748 0.0211317 0.0038978 0.0328966 0.0335987 -0.0762195 0.0425993 0.0646786 0.100679 -0.0240517 -0.00402115 0.0276367
internal_weight=8272 5588 2684 4220 1704 1081 1619 2601 1368 133 1007 940 1235 1125 1563 980 379 763 205 623 512 863 208 1062 1469 316 244 1132 1069 721 511 371 263 561 188 444 372 318 266 133 137 276 131 183 655 793 421 220 158 201 373 285 218 130 133 210 595 239 111 372 558 356
internal_count=8272 5588 2684 4220 1704 1081 1619 2601 1368 133 1007 940 1235 1125 1563 980 379 763 205 623 512 863 208 1062 1469 316 244 1132 1069 721 511 371 263 561 188 444 372 318 266 133 137 276 131 183 655 793 421 220 158 201 373 285 218 130 133 210 595 239 111 372 558 356
is_linear=0
shrinkage=0.03


Tree=73
num_leaves=63
num_cat=0
split_feature=231 8 238 33 267 8 238 33 218 112 7 191 8 109 114 8 128 68 19 112 174 101 2 114 151 8 211 256 267 153 60 61 78 39 257 116 42 116 115 8 232 191 209 185 106 113 194 155 177 3 229 113 231 116 11 58 3 148 50 28 211 42
split_gain=1620.35 1156.64 578.792 757.056 493.762 480.442 677.72 815.832 424.439 402.911 388.905 392.984 361.097 358.571 365.126 357.464 328.908 313.295 363.95 310.108 306.554 276.411 273.458 262.14 268.354 258.832 266.177 254.356 318.959 498.704 369.671 617.487 458.534 344.433 594.388 268.861 250.197 328.092 301.834 300.607 265.375 243.328 309.127 254.064 250.703 243.741 263.088 233.417 226.921 295.104 226.324 269.232 226.294 236.309 218.126 216.849 227.233 211.687 243.937 210.884 209.496 209.326
threshold=0.30368906259536749 57.500000000000007 25.500000000000004 0.26074059307575231 24.500000000000004 67.500000000000014 35.500000000000007 0.25794352591037756 28.500000000000004 0.33105586469173437 77.500000000000014 0.26201373338699346 93.500000000000014 13.500000000000002 0.3502978533506394 36.500000000000007 5.5000000000000009 0.11242977529764177 51.500000000000007 0.3975131362676621 0.52702921628952037 3.5000000000000004 42.500000000000007 0.56612598896026622 0.33289007842540747 32.500000000000007 0.31929668784141546 0.1145199052989483 5.5000000000000009 0.39294597506523138 43.500000000000007 3.5000000000000004 82.500000000000014 0.24368418008089068 0.29340028762817388 0.1434285715222359 1.5000000000000002 0.096269693225622191 0.076436221599578871 75.500000000000014 0.19399641454219821 0.3366666734218598 52.500000000000007 4.5000000000000009 16.500000000000004 0.54358378052711498 0.82154762744903576 0.10147651657462121 0.17519181966781619 59.500000000000007 21.500000000000004 0.44405320286750799 0.196574941277504 0.17059312760829928 79.500000000000014 25.500000000000004 82.500000000000014 7.5000000000000009 6.5000000000000009 18.500000000000004 0.32373654842376715 4.5000000000000009
decision_type=2 2 2 2 2 2 2 2 2 2 2 2 2 2 2 2 2 2 2 2 2 2 2 2 2 2 2 2 2 2 2 2 2 2 2 2 2 2 2 2 2 2 2 2 2 2 2 2 2 2 2 2 2 2 2 2 2 2 2 2 2 2
left_child=1 2 20 15 9 6 8 -8 17 13 11 16 19 -3 -15 -4 -6 -2 23 -11 48 57 -16 -19 27 -22 -27 28 29 -25 -30 33 35 -32 -35 61 47 39 -39 -38 -41 42 43 -7 59 46 -46 -24 49 -1 51 -14 -23 -54 -43 56 -47 -21 -59 -44 -29 -33
right_child=5 4 3 -5 10 41 7 -9 -10 12 -12 -13 50 14 22 -17 -18 18 -20 21 25 52 36 24 -26 26 -28 60 30 -31 31 32 -34 34 -36 -37 37 38 -40 40 -42 54 44 -45 45 55 -48 -49 -50 -51 -52 -53 53 -55 -56 -57 -58 58 -60 -61 -62 -63
leaf_value=-0.0080853054899655812 0.082606912338558366 0.026124672223363191 0.074737291867818897 0.10906583931818604 -0.065796252655632353 0.0092538627690680504 0.01924432624350576 0.16551569699716401 0.093278585909130546 -0.010742142513773088 -0.00083341203617385109 -0.035376519955945818 -0.075593993073329327 -0.10438085438654972 -0.0846685058892339 0.0050899199621610184 -0.1756765485741198 -0.04379178457910364 -0.060539321145921386 0.051370268180195626 0.075817860957736571 -0.0032351909739510069 -0.054706040825416788 0.069850198202195388 -0.035512746190079131 0.00081548364909174095 0.053125855426558038 -0.005246305802857943 -0.021186324471029742 -0.047947602781904748 0.17044180763118408 0.11091411458328367 -0.029838310416929328 0.0023074885173277422 0.13798912608907335 -0.0015953875558737376 -0.0058360866907105294 -0.0052788463585516981 -0.090500627492368216 -0.10827233741252586 -0.023814892448121454 0.036258695093624359 -0.00031385804172411248 -0.056554841043389571 0.017651417371721902 0.084272936457871553 -0.047794118055275503 0.0081947187220794138 -0.026116342901884304 0.070557088183963459 -0.089862428709864606 -0.0069644127762401283 0.12061724214431117 0.034168955802040941 -0.016112577306870979 -0.011275422457816466 0.0096155631463778653 -0.06916303218254502 0.0045278364446079515 -0.07506059612863912 0.057664111184662782 0.032805472223295107
leaf_weight=209 67 92 80 99 50 82 67 70 75 1140 73 88 69 64 78 367 51 54 52 57 51 52 66 52 64 757 98 266 57 82 50 77 78 54 62 51 300 50 149 57 81 326 98 146 195 107 76 255 525 53 59 195 50 67 91 52 56 52 170 51 57 53
leaf_count=209 67 92 80 99 50 82 67 70 75 1140 73 88 69 64 78 367 51 54 52 57 51 52 66 52 64 757 98 266 57 82 50 77 78 54 62 51 300 50 149 57 81 326 98 146 195 107 76 255 525 53 59 195 50 67 91 52 56 52 170 51 57 53
internal_value=5.66803e-05 -0.00910456 0.00760201 0.0344303 -0.0202197 0.0192956 0.0315147 0.0946393 0.0245317 -0.0168681 -0.0596995 -0.0823121 -0.00832298 -0.0305491 -0.0353085 0.0176938 -0.122459 0.0200718 0.0162228 -0.00243246 -0.00106547 0.0186895 -0.0309449 0.0200528 0.0235303 0.010827 0.00686635 0.027588 0.03888 -0.00205623 0.0502413 0.0598483 0.0307023 0.104867 0.0753866 0.0568123 -0.026487 -0.0373567 -0.0692216 -0.0227546 -0.0592275 0.00603124 -0.00306507 -0.0329497 0.00770012 0.0181345 -0.000810549 -0.00486788 -0.0147526 0.00803106 -0.0371863 -0.0251193 0.0488441 0.0718218 0.0248187 0.0419073 0.0588388 0.000314625 -0.0129658 -0.0262282 0.00599924 0.0795633
internal_weight=8272 5604 2239 546 3365 2668 1388 137 1251 3103 262 189 1911 1192 1100 447 101 1176 1109 1588 1693 448 1036 1057 1003 906 855 939 616 134 482 425 259 166 116 181 958 637 199 438 138 1280 863 228 635 486 271 321 787 262 323 264 169 117 417 215 163 279 222 149 323 130
internal_count=8272 5604 2239 546 3365 2668 1388 137 1251 3103 262 189 1911 1192 1100 447 101 1176 1109 1588 1693 448 1036 1057 1003 906 855 939 616 134 482 425 259 166 116 181 958 637 199 438 138 1280 863 228 635 486 271 321 787 262 323 264 169 117 417 215 163 279 222 149 323 130
is_linear=0
shrinkage=0.03


Tree=74
num_leaves=63
num_cat=0
split_feature=111 8 8 147 8 111 42 8 50 32 3 237 48 94 62 8 48 111 8 8 111 140 33 11 177 52 8 157 8 145 257 19 255 114 129 48 99 177 111 111 131 180 23 32 275 112 216 86 236 61 269 8 246 256 97 133 32 228 134 275 223 58
split_gain=2135.28 1666.93 1632.14 822.001 777.822 651.258 603.802 599.224 545.302 497.346 482.356 441.529 500.305 443.4 466.893 437.106 433.925 418.021 425.85 387.044 370.088 493.803 391.407 348.204 337.358 333.336 329.65 327.735 283.517 439.219 308.73 276.374 317.413 336.731 465.253 299.237 252.005 253.746 259.433 247.625 244.662 242.895 279.22 229.405 225.013 234.092 224.299 218.791 205.099 195.437 191.619 195.916 187.47 186.685 189.678 184.068 181.24 177.28 177.115 176.173 175.424 172.456
threshold=0.27426491677761083 75.500000000000014 67.500000000000014 21.500000000000004 43.500000000000007 0.21676707267761233 5.5000000000000009 36.500000000000007 9.5000000000000018 14.500000000000002 55.500000000000007 0.18581292778253558 0.98296147584915172 0.70543259382247936 0.32885724306106573 89.500000000000014 0.98115745186805736 0.32270763814449316 92.500000000000014 50.500000000000007 0.32793442904949194 47.500000000000007 0.26753722131252294 53.500000000000007 0.23431372642517093 6.5000000000000009 114.50000000000001 0.19611614197492602 64.500000000000014 75.500000000000014 0.19478319585323337 28.500000000000004 0.22150072455406192 0.71598473191261303 35.500000000000007 0.95839104056358349 9.5000000000000018 0.18019481003284457 0.36332502961158758 0.25568476319313055 0.30937239527702337 3.5000000000000004 4.5000000000000009 8.5000000000000018 0.17867118865251544 0.31158185005187994 0.030076888389885429 15.500000000000002 0.085960593074560179 4.5000000000000009 71.500000000000014 54.500000000000007 3.5000000000000004 0.1145199052989483 0.28539109230041509 0.45478595793247228 13.500000000000002 2.5000000000000004 0.8254142999649049 0.16601049900054934 1.0000000180025095e-35 16.500000000000004
decision_type=2 2 2 2 2 2 2 2 2 2 2 2 2 2 2 2 2 2 2 2 2 2 2 2 2 2 2 2 2 2 2 2 2 2 2 2 2 2 2 2 2 2 2 2 2 2 2 2 2 2 2 2 2 2 2 2 2 2 2 2 2 2
left_child=2 3 5 6 8 19 11 -7 -5 23 16 13 -13 -2 27 52 -11 18 46 47 25 22 -22 -4 -14 28 36 -15 29 53 -30 35 33 34 -33 -25 -19 38 -38 -9 43 42 -37 -21 45 -45 -3 -1 -48 -39 51 -41 57 54 -6 -27 -20 -12 -58 -40 -46 -43
right_child=1 17 9 4 20 7 -8 39 -10 10 15 12 24 14 -16 -17 -18 26 56 40 21 -23 -24 31 -26 55 -28 -29 30 -31 -32 32 -34 -35 -36 41 37 49 59 50 -42 61 -44 44 60 -47 48 -49 -50 -51 -52 -53 -54 -55 -56 -57 58 -59 -60 -61 -62 -63
leaf_value=-0.006776154894413456 -0.020633938570045727 -0.052953881374620766 -0.086915246587093556 0.20465403609416064 0.026710890893076284 0.092056896675378072 0.083829150510595196 -7.9725166801482518e-06 0.067793241042386862 -0.049038893965266221 -0.037270742848904276 0.031166689876408783 -0.11644917252990934 0.044256667910052123 -0.010964109016171956 -0.13053112519137999 -0.16583881852453325 -0.037938171774148939 -0.0047851144029846179 -0.015575524960013645 0.0070331680117861218 0.16357325637569795 0.10471691105438218 0.060275791215710334 -0.027318347440825567 0.030562802844171254 -0.058807745212689042 0.14721141782071856 0.061902979298061885 0.12410576693671808 0.0038544474824359926 -0.033281343528854382 0.0094076519883398348 0.0035956682088011402 -0.13548769745826722 0.0025092226039555112 0.020921786690103302 -0.020208397473754552 0.04029836777597666 0.061333738708574517 0.022992014939134772 -0.029451454137697029 -0.08735662261274324 -0.093996815179683724 -0.053480213159499197 -0.029192623397972007 0.021937549797005403 0.049000348166020502 -0.01239669332587668 0.027205686142668127 -0.015397426768073014 0.017797393831004555 -0.0083588297972860548 -0.0041306350593056001 0.10601501582738231 -0.04618620946444571 -0.091694648893406755 -0.092005144956832138 -0.027048590405001526 0.10852802020092696 0.014040917814709246 0.026689999625186568
leaf_weight=1145 102 76 72 50 60 79 93 1092 57 52 217 95 53 60 58 50 66 62 55 247 75 51 72 59 134 52 51 53 141 88 197 88 86 58 74 58 202 144 71 151 65 75 66 146 75 78 258 66 395 169 83 243 137 55 50 59 103 71 62 68 63 139
leaf_count=1145 102 76 72 50 60 79 93 1092 57 52 217 95 53 60 58 50 66 62 55 247 75 51 72 59 134 52 51 53 141 88 197 88 86 58 74 58 202 144 71 151 65 75 66 146 75 78 258 66 395 169 83 243 137 55 50 59 103 71 62 68 63 139
internal_value=5.58365e-05 0.0184311 -0.0125842 0.0399027 0.0568515 -0.00180803 0.0135171 0.0119635 0.13305 -0.0403931 -0.061061 0.00160551 -0.0246793 0.0287478 0.0581523 -0.047395 -0.115212 -0.00228847 -0.0155926 -0.013848 0.0476548 0.0838425 0.0552625 -0.0245204 -0.0530651 0.0373432 0.0141715 0.0934129 0.0462899 0.0702765 0.0281811 -0.0180157 -0.0393909 -0.058423 -0.080513 -0.00148244 0.0194445 0.024934 0.0427984 0.00787465 -0.0320517 -0.0124087 -0.0456388 -0.0379547 -0.0531395 -0.0716611 -0.00452701 -0.00369839 0.00118155 0.00539729 0.0258827 0.0345957 -0.0373308 0.0409929 0.0633886 -0.0102799 -0.0520736 -0.051036 -0.0677127 0.0742137 -0.0227761 0.00696879
internal_weight=8272 3371 4901 1655 1007 3533 648 1648 107 1368 593 555 282 273 171 475 118 1716 949 1885 900 198 147 775 187 702 767 113 591 253 338 703 306 220 162 397 716 654 341 1569 674 338 124 609 362 224 729 1211 653 313 477 394 425 165 110 111 220 288 165 139 138 214
internal_count=8272 3371 4901 1655 1007 3533 648 1648 107 1368 593 555 282 273 171 475 118 1716 949 1885 900 198 147 775 187 702 767 113 591 253 338 703 306 220 162 397 716 654 341 1569 674 338 124 609 362 224 729 1211 653 313 477 394 425 165 110 111 220 288 165 139 138 214
is_linear=0
shrinkage=0.03


Tree=75
num_leaves=63
num_cat=0
split_feature=111 8 8 138 8 255 60 111 8 81 111 8 27 8 63 112 30 97 6 258 198 27 8 8 259 154 108 277 238 8 144 179 3 8 159 22 8 8 111 5 236 179 10 110 234 112 77 138 111 40 180 127 251 5 68 111 15 116 2 39 238 20
split_gain=2013.09 1635.52 1497.48 718.218 913.382 729.493 866.355 504.22 518.957 522.657 479.329 493.758 475.89 598.743 455.158 434.289 432.04 405.329 363.769 343.675 485.081 355.376 337.594 332.456 311.699 320.536 475.839 319.049 300.937 295.35 294.231 259.042 292.274 256.918 247.283 245.192 239.303 237.715 235.998 233.109 260.667 221.569 234.917 218.331 216.924 245.335 215.554 229.748 215.306 214.005 213.573 212.842 201.074 196.651 192.82 243.468 202.889 187.339 181.761 179.138 178.795 179.337
threshold=0.26483158767223364 72.500000000000014 61.500000000000007 66.500000000000014 43.500000000000007 0.079473681747913374 77.500000000000014 0.23220045864582065 42.500000000000007 2.5000000000000004 0.33227176964282995 103.50000000000001 55.500000000000007 83.500000000000014 0.34498016536235815 0.27308239042758947 50.500000000000007 0.24082840979099276 49.500000000000007 39.500000000000007 63.500000000000007 39.500000000000007 35.500000000000007 114.50000000000001 10.500000000000002 0.79483348131179821 6.5000000000000009 0.19707640260457995 29.500000000000004 39.500000000000007 2.5000000000000004 5.5000000000000009 56.500000000000007 84.500000000000014 2.5000000000000004 29.500000000000004 91.500000000000014 68.500000000000014 0.30992957949638372 47.500000000000007 0.099019609391689314 1.5000000000000002 11.500000000000002 5.5000000000000009 1.0323527455329897 0.36127844452857977 0.98653182387352001 59.500000000000007 0.22264957427978518 3.5000000000000004 10.500000000000002 3.5000000000000004 0.23013871163129809 66.500000000000014 0.10933997482061387 0.18715659528970721 62.500000000000007 0.078541532158851637 83.500000000000014 0.28689375519752508 18.500000000000004 80.500000000000014
decision_type=2 2 2 2 2 2 2 2 2 2 2 2 2 2 2 2 2 2 2 2 2 2 2 2 2 2 2 2 2 2 2 2 2 2 2 2 2 2 2 2 2 2 2 2 2 2 2 2 2 2 2 2 2 2 2 2 2 2 2 2 2 2
left_child=2 3 7 22 5 -5 -7 29 9 -9 11 33 18 15 -15 17 19 -14 -4 20 43 -21 -2 35 25 27 -27 -23 51 30 -1 32 37 -3 -34 -12 41 -17 -35 40 -20 -37 -43 -6 45 -26 -41 -48 49 -36 58 -24 -45 -49 -31 56 60 -29 -38 -59 61 -56
right_child=1 10 12 4 16 6 -8 8 -10 -11 23 -13 13 14 -16 31 -18 -19 39 21 -22 24 28 -25 44 26 -28 57 -30 54 -32 -33 34 38 48 36 50 -39 -40 46 -42 42 -44 52 -46 -47 47 53 -50 -51 -52 -53 -54 -55 55 -57 -58 59 -60 -61 -62 -63
leaf_value=0.00088726836638646867 -0.070326325683032764 0.0037671774046574816 -0.067880714667470823 0.032246827509865829 0.084586092862817971 0.24194824070270574 0.071645209012383762 0.012120018296915551 0.0087348331597763059 0.1271615596614778 -0.0179824883552889 -0.098774071455393964 -0.15061860865668247 -0.14813438660625755 -0.041372152644325977 -0.03346904976812156 0.11009527949799953 -0.032758726722506043 0.0020167493612267252 -0.021392264552414417 -0.047432308240234852 0.090225285267773667 -0.031274101266921574 -0.055990211166003168 -0.0054211464383692115 0.14384045145893981 0.038197800512223136 0.063292204091059318 0.074047397231146436 0.021674542103599918 0.058405880987375355 0.0110562109015882 0.0350032716187147 -0.03682480370855102 -0.027823280869768215 -0.0014736814745541275 0.023206493277675832 -0.10527890611277974 0.0021390410637074746 0.037882551800281009 -0.075249936459458447 0.11047016015116658 0.043398308609367206 -0.014895698366866958 -0.016539602362518682 0.078823283578861841 0.041426519368671706 -0.062140813794317122 -0.023720985184024483 -0.11463001873133316 0.065796446789366497 0.021360793090509082 0.049799113505416444 0.011950535936789079 0.0032609745827705964 -0.0067718824213096407 -0.078078226870612083 -0.019928585034484664 -0.030003322009909496 0.045737021237873703 -0.0041770327280104998 -0.051711448083522342
leaf_weight=458 50 704 94 66 53 55 54 68 582 74 107 56 56 86 63 78 70 50 85 67 99 105 117 50 52 90 68 83 58 120 96 111 51 389 51 57 129 91 218 145 72 69 151 92 86 76 53 78 398 52 53 166 80 54 68 780 75 89 103 63 212 246
leaf_count=458 50 704 94 66 53 55 54 68 582 74 107 56 56 86 63 78 70 50 85 67 99 105 117 50 52 90 68 83 58 120 96 111 51 389 51 57 129 91 218 145 72 69 151 92 86 76 53 78 398 52 53 166 80 54 68 780 75 89 103 63 212 246
internal_value=5.48305e-05 0.0160101 -0.0136693 0.0374864 0.0478631 0.111648 0.158996 -0.000179555 0.0213321 0.0725412 -0.00190302 -0.01233 -0.0361306 -0.0478397 -0.10357 -0.0388861 0.03826 -0.0958501 -0.0141794 0.0336055 0.00760876 0.0443944 0.00168128 0.0179109 0.0506063 0.0636055 0.0989002 0.0469619 0.0124143 -0.00776506 0.0109417 -0.0315224 -0.0380837 -0.00856506 -0.0274262 0.0235095 0.0314272 -0.0725277 -0.0228507 -0.00369624 -0.0336697 0.0512373 0.0648392 0.0319295 0.0202006 0.0448223 0.0106225 -0.0108323 -0.0338384 -0.0723289 0.0120612 -0.000433421 0.0153088 -0.0319688 -0.0146722 -0.0178439 -0.0321784 0.0273311 -0.000444212 0.00740913 -0.025498 -0.039834
internal_weight=8272 3825 4447 1739 1348 175 109 2779 724 142 2086 1367 1668 1087 149 938 1173 106 581 1103 324 779 391 719 712 498 158 340 341 2055 554 832 721 1311 552 669 562 169 607 487 157 277 220 225 214 128 330 185 501 103 285 283 172 132 1501 1381 601 235 232 152 526 314
internal_count=8272 3825 4447 1739 1348 175 109 2779 724 142 2086 1367 1668 1087 149 938 1173 106 581 1103 324 779 391 719 712 498 158 340 341 2055 554 832 721 1311 552 669 562 169 607 487 157 277 220 225 214 128 330 185 501 103 285 283 172 132 1501 1381 601 235 232 152 526 314
is_linear=0
shrinkage=0.03


Tree=76
num_leaves=63
num_cat=0
split_feature=171 8 8 256 238 34 11 89 271 89 112 68 10 89 139 20 133 131 100 197 37 232 177 195 38 1 77 97 58 113 6 155 107 25 62 205 62 258 152 78 34 259 8 8 48 236 197 96 238 29 37 87 179 34 146 129 34 126 132 128 141 139
split_gain=1394.05 911.259 660.861 601.739 627.503 793.035 599.45 465.004 475.183 461.652 446.872 434.226 403.289 392.703 383.894 699.939 473.541 380.141 349.058 345.963 368.203 348.408 460.263 338.616 296.123 293.596 285.12 281.222 271.868 269.391 260.256 249.908 279.031 275.062 249.519 247.378 242.659 240.018 267.276 267.097 248.705 237.843 242.387 236.187 289.721 294.966 281.07 233.216 230.469 229.284 313.144 251.75 228.906 227.097 226.129 221.168 233.105 288.982 205.303 263.543 204.609 200.966
threshold=0.22792208194732669 60.500000000000007 71.500000000000014 0.12973351776599887 34.500000000000007 0.310854122042656 70.500000000000014 118.50000000000001 0.24602774530649188 137.50000000000003 0.40226674079895025 0.11242977529764177 4.5000000000000009 96.500000000000014 12.500000000000002 197.50000000000003 0.40394327044487005 0.2006289288401604 19.500000000000004 0.23861283808946612 0.17729790508747104 0.38315603137016302 0.22653958946466449 0.26568628847599035 0.059432700276374824 26.500000000000004 0.97609522938728344 0.37557339668273931 22.500000000000004 0.61400774121284496 67.500000000000014 0.064309347420930876 3.5000000000000004 5.5000000000000009 0.1602469086647034 25.500000000000004 0.29649980366230017 42.500000000000007 0.29273785650730139 61.500000000000007 0.3284223228693009 15.500000000000002 92.500000000000014 109.50000000000001 0.98414269089698803 0.051956815645098693 0.17445652186870578 0.05115123093128205 18.500000000000004 47.500000000000007 0.18191327899694446 15.500000000000002 6.5000000000000009 0.3284223228693009 14.500000000000002 105.50000000000001 0.3158386498689652 8.5000000000000018 0.36478537321090704 2.5000000000000004 14.500000000000002 53.500000000000007
decision_type=2 2 2 2 2 2 2 2 2 2 2 2 2 2 2 2 2 2 2 2 2 2 2 2 2 2 2 2 2 2 2 2 2 2 2 2 2 2 2 2 2 2 2 2 2 2 2 2 2 2 2 2 2 2 2 2 2 2 2 2 2 2
left_child=2 3 7 4 11 -6 -7 25 -9 26 12 -2 13 47 19 16 35 -5 23 20 36 -21 -23 30 -12 55 58 41 60 -19 -17 32 -27 54 -28 -16 -13 38 -36 -39 -40 42 -14 44 46 -46 -26 -3 -44 -35 -51 -52 61 -49 -33 56 -1 -58 59 -4 -20 -47
right_child=1 10 9 17 5 6 -8 8 -10 -11 24 14 27 -15 15 18 -18 29 28 21 -22 22 -24 -25 43 31 34 -29 -30 -31 -32 33 -34 49 37 -37 -38 39 40 -41 -42 -43 48 -45 45 52 -48 53 -50 50 51 -53 -54 -55 -56 -57 57 -59 -60 -61 -62 -63
leaf_value=-0.0027506395118503269 0.11169517088267539 0.023804321747640488 0.024948165553468689 -0.045107475858266376 0.019571923091798352 0.20944147455339718 0.065414333565590468 0.00086486216859666851 0.10880814401132444 -0.1217258613814528 0.067738115527378073 -0.024317197390985718 0.0061522424351126278 -0.10164518334788003 0.0074836726095832756 -1.2079114826877465e-05 0.15035125192092813 0.0039717968328502667 0.119910448003753 -0.004440508536747931 -0.080426361807755059 0.0088474748022854335 0.13021968763735559 -0.052980491584992108 0.024894929135769184 0.0043111183713855491 -0.097319483902482767 -0.072343426438267605 0.00056390979140996938 0.076602847342783539 0.070989797709598429 -0.0040761414703861156 -0.076601451982167501 -0.063703189221914952 0.046578161192351371 0.091486037758304106 0.054683633710978161 -0.1120999492880176 -0.078180276287783831 -0.038688151250316875 -0.00023314189713667419 -0.048215301442012352 0.0085778999372440219 -0.047698344264179467 0.082511475822084568 0.0059686151059577235 -0.02935036498714674 -0.079265284602971456 -0.077227823722350875 -0.041652838277115828 0.048623280506147892 -0.017861476372340767 0.078360863284995919 -0.0079860061163018487 0.060038372092439146 -0.05095451831129881 0.013274479295884697 0.089781759293621477 0.039097880624079456 -0.043292103208756691 0.040512152257419769 0.068188122124052966
leaf_weight=687 53 70 78 131 88 55 51 90 61 51 86 102 1266 72 60 177 68 347 57 135 69 59 53 78 141 55 62 50 59 52 62 376 125 122 57 66 52 50 57 383 101 88 50 59 72 463 217 75 63 227 85 126 51 86 56 64 192 57 71 143 62 51
leaf_count=687 53 70 78 131 88 55 51 90 61 51 86 102 1266 72 60 177 68 347 57 135 69 59 53 78 141 55 62 50 59 52 62 376 125 122 57 66 52 50 57 383 101 88 50 59 72 463 217 75 63 227 85 126 51 86 56 64 192 57 71 143 62 51
internal_value=5.41797e-05 0.0102801 -0.0147745 0.0262778 0.0365403 0.0865239 0.141404 -0.00583235 0.0449 -0.0344773 -0.000188616 0.0284749 -0.00941232 -0.0409504 0.0245763 0.0388202 0.0869759 -0.000964314 0.0198098 0.00365715 -0.0233763 0.0280597 0.0669267 0.000895435 0.0145323 -0.00937837 -0.0299195 -0.00309018 0.0533012 0.0136053 0.0186259 -0.0195601 -0.0519909 -0.0136291 -0.0401704 0.0518588 0.0025391 -0.0345609 -0.00859585 -0.047404 -0.0286682 -0.000682138 0.0023839 0.0101309 0.0136044 0.0257262 -0.00797576 -0.021676 -0.0395185 -0.0274851 -0.0172748 0.0090245 0.0183569 -0.041475 0.00435446 0.00256227 0.00627201 0.0310773 -0.00494236 -0.0192034 0.0792256 0.0122626
internal_weight=8272 4896 3376 1936 1406 194 106 2323 151 1053 2960 1212 1820 303 1159 689 194 530 495 470 223 247 112 317 1140 2172 1002 1517 178 399 239 1172 180 992 710 126 154 648 215 433 158 1467 1379 1054 995 637 358 231 113 560 438 211 565 161 432 1000 936 249 292 221 119 514
internal_count=8272 4896 3376 1936 1406 194 106 2323 151 1053 2960 1212 1820 303 1159 689 194 530 495 470 223 247 112 317 1140 2172 1002 1517 178 399 239 1172 180 992 710 126 154 648 215 433 158 1467 1379 1054 995 637 358 231 113 560 438 211 565 161 432 1000 936 249 292 221 119 514
is_linear=0
shrinkage=0.03


Tree=77
num_leaves=63
num_cat=0
split_feature=111 8 8 147 8 227 5 47 111 8 250 2 111 104 8 8 111 140 128 29 5 135 52 13 144 191 2 149 15 47 271 217 98 134 8 145 257 2 178 45 257 111 219 6 13 249 217 177 6 272 77 214 111 138 47 211 111 114 7 269 111 148
split_gain=1863.12 1435.81 1405.07 750.509 671.497 663.621 566.008 659.054 563.246 539.375 415.989 440.214 367 355.714 351.695 348.974 334.909 459.713 367.439 330.122 337.964 326.155 310.986 297.908 272.858 326.471 272.689 258.826 341.168 303.844 280.892 258.701 278.601 256.39 248.951 412.977 286.996 241.549 235.483 344.358 227.953 217.207 213.853 210.273 206.461 205.245 258.74 204.736 291.328 203.004 198.988 303.072 345.491 187.149 302.063 205.931 184.324 178.477 231.169 178.114 176.695 188.287
threshold=0.27426491677761083 75.500000000000014 67.500000000000014 21.500000000000004 43.500000000000007 4.5000000000000009 53.500000000000007 49.500000000000007 0.21676707267761233 36.500000000000007 4.5000000000000009 40.500000000000007 0.36332502961158758 1.0000000180025095e-35 93.500000000000014 50.500000000000007 0.32793442904949194 47.500000000000007 3.5000000000000004 117.50000000000001 46.500000000000007 0.27192398905754095 6.5000000000000009 70.500000000000014 2.5000000000000004 0.2674796879291535 60.500000000000007 92.500000000000014 38.000000000000007 1.5000000000000002 0.23785950243473056 0.17165178805589679 83.500000000000014 0.57463043928146373 65.500000000000014 75.500000000000014 0.19478319585323337 63.500000000000007 29.500000000000004 260.50000000000006 0.21010186523199084 0.25568476319313055 6.5000000000000009 50.500000000000007 71.500000000000014 27.500000000000004 0.26488307118415838 0.19399641454219821 52.500000000000007 0.29172568023204809 0.96730220317840587 0.66074928641319286 0.23447144776582721 95.500000000000014 6.5000000000000009 0.21020142734050754 0.28742815554142004 0.88036608695983898 46.500000000000007 71.500000000000014 0.29526825249195104 32.500000000000007
decision_type=2 2 2 2 2 2 2 2 2 2 2 2 2 2 2 2 2 2 2 2 2 2 2 2 2 2 2 2 2 2 2 2 2 2 2 2 2 2 2 2 2 2 2 2 2 2 2 2 2 2 2 2 2 2 2 2 2 2 2 2 2 2
left_child=2 3 8 6 5 -5 7 13 15 -10 11 -4 14 26 60 45 22 18 -18 20 37 23 34 40 25 -14 33 47 29 30 -29 32 -31 -2 35 43 -36 -13 39 53 -8 -11 49 -6 -41 -1 -47 -22 -49 -39 -33 52 -52 -17 55 -55 -37 58 -16 -43 -3 -62
right_child=1 12 10 4 16 -7 21 -9 9 41 -12 19 24 -15 57 38 17 -19 -20 -21 27 -23 -24 -25 -26 -27 -28 28 -30 31 -32 50 -34 -35 36 56 -38 42 -40 44 -42 59 -44 -45 -46 46 -48 48 -50 -51 51 -53 -54 54 -56 -57 -58 -59 -60 -61 61 -63
leaf_value=-0.0079289137098620486 0.027029485636774229 -0.016448588948453191 -0.11263671161820654 0.050075795619881576 0.075488953366350961 0.20005972370786484 -0.024743712853926878 0.12447657210486275 0.087041349635459481 -0.000208297665695313 -0.11234396739397197 -0.0021575847416149697 -0.04683108507813169 0.068293356110652279 -0.011373949199669846 -0.0070099035231005243 0.092355009050930248 0.15613108229178649 -0.0031972495350055395 -0.08822179907251422 0.04129426663703456 -0.07884745053269647 -0.01100368644277166 -0.048981737437156524 0.072914248778116558 0.032699647319733106 0.04158968674363913 -0.018926594221386418 -0.097019166082964611 -0.10137921185039406 -0.1143615810464729 0.043662088062418128 -0.0035691422266217899 -0.056804816871881478 0.059454323185877941 0.069647624409542627 0.0015407701554965782 -0.061891780258579693 0.01166090540334727 -0.041432466901117751 0.055482011972870449 0.032440979929912031 -0.026509184495412879 0.0081602837376802857 -0.11960602156090316 0.071669377927269254 -0.0074564624628983434 -0.072523351804568217 0.011428327880344773 -0.14278954619225465 -0.10395754806275638 0.015320118374643877 -0.0060607304450343629 -0.12473437106953217 -0.010596141650879737 -0.039194953706607499 0.15246930447908549 -0.0173312541332366 -0.08974661730679459 -0.015751527978905611 0.0019407920728697879 0.041669251678718461
leaf_weight=1063 50 343 60 55 70 52 51 62 79 1092 63 52 64 89 56 237 84 51 63 81 97 65 111 77 85 162 80 57 58 52 54 75 52 92 130 51 187 65 102 61 82 394 55 102 63 69 79 51 130 52 52 178 84 51 108 52 51 261 86 83 525 134
leaf_count=1063 50 343 60 55 70 52 51 62 79 1092 63 52 64 89 56 237 84 51 63 81 97 65 111 77 85 162 80 57 58 52 54 75 52 92 130 51 187 65 102 61 82 394 55 102 63 69 79 51 130 52 52 178 84 51 108 52 51 261 86 83 525 134
internal_value=5.45272e-05 0.0172189 -0.0117525 0.0371465 0.0533411 0.124143 0.0119363 0.0359702 -0.00175402 0.0110532 -0.0375546 -0.0338608 -0.00201079 0.0179834 -0.00854137 -0.0129509 0.0447952 0.0792179 0.0516591 -0.029977 -0.0258516 -0.0206745 0.0349873 -0.00238029 0.0274252 0.0100706 -0.0024017 -0.017923 -0.0281121 -0.0213458 -0.065961 -0.0111874 -0.0529739 -0.0273031 0.0436292 0.0645466 0.0254031 -0.0588959 -0.0302361 -0.0377146 0.0247637 0.00717413 -0.0759377 0.0358395 -0.0817888 -0.00331355 0.0296667 0.00635389 -0.0124951 -0.0987517 9.15583e-05 -0.010421 -0.0439775 -0.0253605 -0.045842 -0.0823415 0.112137 -0.0321709 -0.0591348 0.0240399 0.000984936 0.01007
internal_weight=8272 3371 4901 1655 1007 107 648 373 3533 1648 1368 1305 1716 311 1405 1885 900 198 147 1245 1164 275 702 210 311 226 222 940 662 604 111 493 104 142 591 274 317 224 674 572 133 1569 172 172 124 1211 148 278 181 117 389 314 136 448 211 103 102 403 142 477 1002 659
internal_count=8272 3371 4901 1655 1007 107 648 373 3533 1648 1368 1305 1716 311 1405 1885 900 198 147 1245 1164 275 702 210 311 226 222 940 662 604 111 493 104 142 591 274 317 224 674 572 133 1569 172 172 124 1211 148 278 181 117 389 314 136 448 211 103 102 403 142 477 1002 659
is_linear=0
shrinkage=0.03


Tree=78
num_leaves=63
num_cat=0
split_feature=111 8 8 111 30 8 229 267 166 8 105 227 147 277 66 267 32 68 8 135 129 149 105 6 125 254 77 131 78 254 8 111 45 12 38 177 66 152 121 174 161 238 8 4 42 158 176 236 111 60 257 98 236 277 131 123 6 272 37 236 91 5
split_gain=1763.19 1399.72 1146.44 737.202 554.844 536.903 563.826 459.054 454.61 491.813 732.414 596.536 619.086 496.115 538.697 433.904 306.84 376.079 304.966 396.628 338.567 480.917 384.105 328.021 300.981 522.176 292.89 291.238 292.586 379.949 287.071 263.665 373.273 315.169 257.956 254.343 312.786 324.116 242.999 365.136 285.872 241.754 282.697 427.298 241.284 238.539 291.044 312.759 263.039 319.144 408.726 392.802 206.918 203.411 200.201 198.774 192.137 189.982 189.113 186.88 182.721 223.67
threshold=0.28867521882057195 71.500000000000014 84.500000000000014 0.24452438205480578 50.500000000000007 52.500000000000007 34.500000000000007 23.500000000000004 1.5000000000000002 56.500000000000007 21.500000000000004 4.5000000000000009 21.500000000000004 0.28856065869331365 0.14048793911933902 29.500000000000004 3.5000000000000004 0.1231822967529297 54.500000000000007 0.31021116673946386 31.500000000000004 123.50000000000001 25.500000000000004 48.500000000000007 9.5000000000000018 0.38264410197734838 0.97765293717384349 0.32984206080436712 99.500000000000014 0.85130393505096447 94.500000000000014 0.24698620289564135 215.50000000000003 69.500000000000014 0.04287629388272763 0.14495798945426944 0.17411248385906222 0.36872881650924688 3.5000000000000004 0.9411110281944276 1.5000000000000002 15.500000000000002 36.500000000000007 52.500000000000007 9.5000000000000018 5.5000000000000009 0.14087302237749103 0.18118686974048617 0.20419135689735415 86.500000000000014 0.35160160064697271 29.500000000000004 0.24357284605503085 0.20842198282480243 0.22253968566656115 2.5000000000000004 69.500000000000014 0.31225000321865087 0.17383897304534915 0.03637566231191159 0.29516004025936132 64.500000000000014
decision_type=2 2 2 2 2 2 2 2 2 2 2 2 2 2 2 2 2 2 2 2 2 2 2 2 2 2 2 2 2 2 2 2 2 2 2 2 2 2 2 2 2 2 2 2 2 2 2 2 2 2 2 2 2 2 2 2 2 2 2 2 2 2
left_child=1 3 4 5 8 6 41 16 -2 10 11 13 -13 14 -10 -9 56 -18 19 20 23 -22 -23 -5 25 -11 53 28 -4 55 31 32 33 -28 -26 38 37 57 39 -36 -40 -1 43 -43 60 -7 48 -48 49 50 51 -47 -49 -19 -20 -30 -3 -37 -27 -55 61 -38
right_child=2 7 27 18 -6 45 -8 15 9 24 -12 12 -14 -15 -16 -17 17 26 54 -21 21 22 -24 -25 34 58 30 -29 29 -31 -32 -33 -34 -35 35 36 44 -39 40 -41 -42 42 -44 -45 -46 46 47 52 -50 -51 -52 -53 -54 59 -56 -57 -58 -59 -60 -61 -62 -63
leaf_value=-0.012209165774982966 -0.048662729449269748 -0.019371534007082341 -0.0032539647140799252 0.061274704026139298 0.11313184569661433 0.032648683946047509 0.092010253302752976 -0.15641230747947152 -0.013027052375867865 0.069815541937162995 0.14372839746218691 0.029047448124925969 0.16767699234566447 -0.04009261565178298 0.093881666753249063 -0.039499763971911024 -0.098867431111060652 -0.037740595570206641 -0.015335599244442357 -0.041271487413083806 0.12251542844368438 -0.021935767276482956 0.075066667842668494 -0.026562958656008853 0.089775472285580776 -0.01001214136183262 -0.070617617188962464 0.02477434398840318 0.017225724077224728 -0.10252766075017659 -0.10309753502418677 -0.019964425364411922 -0.11006921665006598 0.0086690784657702715 -0.03152653195318722 0.0508335469992688 0.0021280948657255903 0.10677002198555889 0.11822320836782456 0.061318743239665768 0.025001017375684834 -0.0014567559957504271 0.001866919786464645 0.10191966493108442 0.051205770327813094 -0.047342584402788247 0.025704052729426687 -0.061862880896889801 -0.024825289965834524 -0.0022974575730040666 -0.016484677264494683 -0.14677954650661917 -0.0079704488016179072 0.057528787464169513 0.016492727559018705 -0.054801722575211896 0.059180203429781468 -0.0064538099771099429 -0.076949294911276903 -0.0062195733948698581 0.012960164078644344 -0.072476608905806594
leaf_weight=882 61 60 558 68 77 62 59 52 75 56 78 58 58 88 96 64 77 124 250 50 94 61 90 85 62 99 96 217 74 68 61 401 85 84 62 103 64 50 74 96 50 74 586 69 53 62 158 98 462 63 66 88 183 55 610 63 51 104 61 158 97 82
leaf_count=882 61 60 558 68 77 62 59 52 75 56 78 58 58 88 96 64 77 124 250 50 94 61 90 85 62 99 96 217 74 68 61 401 85 84 62 103 64 50 74 96 50 74 586 69 53 62 158 98 462 63 66 88 183 55 610 63 51 104 61 158 97 82
internal_value=5.2175e-05 -0.00954665 0.0200327 -0.000995334 0.0348949 -0.0093985 0.0017121 -0.0359057 0.031125 0.034262 0.0605936 0.0429653 0.0992029 0.0174932 0.0471888 -0.0927978 -0.0305647 -0.0351955 0.0177055 0.0377477 0.0477533 0.0695529 0.0359937 0.0126204 0.0235001 -0.00826076 -0.0304992 -0.0058185 -0.0145403 -0.0450961 -0.0412043 -0.0353893 -0.0585676 -0.0337737 0.0311489 0.0266936 0.0148236 0.0389702 0.0498358 0.0249166 0.0811343 -0.00164993 0.0111247 0.0487856 -0.0062021 -0.0243272 -0.027346 -0.00796374 -0.0388027 -0.0617767 -0.0790343 -0.106265 -0.0269184 -0.0073517 0.00723324 -0.0160535 0.016926 0.0221588 -0.0358514 0.0104332 -0.0188817 -0.0399812
internal_weight=8272 5588 2684 4220 1704 2912 1670 1368 1627 1566 453 375 116 259 171 116 1252 1141 1308 448 398 245 151 153 1113 216 1064 980 763 205 727 666 265 180 897 835 553 257 282 158 124 1611 729 143 296 1242 1180 439 741 279 216 150 281 337 860 137 111 207 160 213 243 146
internal_count=8272 5588 2684 4220 1704 2912 1670 1368 1627 1566 453 375 116 259 171 116 1252 1141 1308 448 398 245 151 153 1113 216 1064 980 763 205 727 666 265 180 897 835 553 257 282 158 124 1611 729 143 296 1242 1180 439 741 279 216 150 281 337 860 137 111 207 160 213 243 146
is_linear=0
shrinkage=0.03


Tree=79
num_leaves=63
num_cat=0
split_feature=111 8 8 139 5 8 196 4 111 207 258 8 250 257 34 177 111 8 66 120 129 246 89 46 132 71 26 8 212 177 254 92 13 12 8 247 10 158 279 85 237 8 135 199 115 216 124 8 217 236 46 75 206 8 132 156 66 233 9 103 173 189
split_gain=1669.14 1293.6 1264.61 655.945 662.925 655.591 736.354 526.479 507.925 470.35 468.484 441.353 437.675 418.387 388.52 357.124 339.818 349.608 336.013 331.946 387.827 310.034 340.315 334.797 330.897 297.138 289.496 277.865 266.585 262.304 244.984 235.342 280.446 235.045 226.461 222.56 220.24 223.41 369.258 263.66 240.18 218.65 287.098 219.214 211.766 210.703 202.956 224.438 228.978 190.746 189.866 183.933 181.026 179.582 177.06 175.533 241.664 278.704 349.384 215.906 185.569 175.543
threshold=0.27426491677761083 75.500000000000014 65.500000000000014 10.500000000000002 53.500000000000007 55.500000000000007 0.057983193546533592 37.500000000000007 0.21756661683321002 10.500000000000002 45.500000000000007 36.500000000000007 4.5000000000000009 0.18561584502458575 0.34530760347843176 0.14495798945426944 0.32270763814449316 92.500000000000014 0.19371296465396884 30.500000000000004 70.500000000000014 3.5000000000000004 91.500000000000014 97.500000000000014 0.30238230526447302 3.5000000000000004 3.5000000000000004 110.50000000000001 0.32274864614009863 0.31339286267757421 1.1167635917663576 0.33788444101810461 69.500000000000014 64.500000000000014 73.500000000000014 3.5000000000000004 47.500000000000007 24.500000000000004 215.50000000000003 26.500000000000004 0.10990338027477266 67.500000000000014 0.15635628998279574 9.5000000000000018 0.11915683746337892 0.030076888389885429 1.0000000180025095e-35 52.500000000000007 0.27216610312461859 0.085960593074560179 101.50000000000001 46.500000000000007 10.500000000000002 54.500000000000007 0.36198686063289648 0.022857889533042911 0.041885966435074813 0.33095239102840429 68.500000000000014 1.0000000180025095e-35 0.10620300844311716 19.500000000000004
decision_type=2 2 2 2 2 2 2 2 2 2 2 2 2 2 2 2 2 2 2 2 2 2 2 2 2 2 2 2 2 2 2 2 2 2 2 2 2 2 2 2 2 2 2 2 2 2 2 2 2 2 2 2 2 2 2 2 2 2 2 2 2 2
left_child=2 3 8 4 7 6 -5 -2 19 33 -8 -10 21 -6 -12 41 17 45 -15 20 26 22 55 -23 -24 28 46 30 50 34 36 -30 52 -9 -25 -28 37 38 40 -39 -18 42 -7 -43 -22 -3 -1 48 -48 -47 -17 -51 -33 -13 -41 -4 -57 59 61 60 -58 -59
right_child=1 16 12 5 13 15 10 9 11 -11 14 53 -14 18 -16 25 27 -19 -20 -21 44 23 24 29 -26 -27 35 -29 31 -31 -32 32 -34 -35 -36 -37 -38 39 -40 54 -42 43 -44 -45 -46 49 47 -49 -50 51 -52 -53 -54 -55 -56 56 57 58 -60 -61 -62 -63
leaf_value=-0.005462693582492394 -0.028379860486321407 -0.050860405268885391 0.023273763647850821 0.15580691083657497 -0.085474383944197541 0.052689975837050977 -0.019866494572322282 -0.014179147092509083 0.08169182198963916 0.11074350892546329 0.030101587176322938 0.019863242159334316 -0.10646902254349748 0.035993626031183425 0.14624235009273082 0.0028878684341907498 0.052102135123400874 -0.047004380430267674 -0.052127720998294311 0.050603974786400795 -0.071289620989042776 0.024912292593103996 -0.13152280154346954 -0.021249555227182367 -0.04114619667275568 0.06366545047223568 -0.0042728438138961789 -0.047518899992463136 -0.048611831636551542 0.022866526134996949 0.055999660178666977 0.0060483471641228307 -0.033337706482332002 0.056745934215188025 -0.10422081196577185 0.069004463335871694 0.039405250123974569 -0.026725432623563139 -0.081080566232594159 0.011252342765577711 -0.020969945563349961 0.072442800172489802 0.14775442919078863 -0.0067518029162394154 -0.023039333439811849 0.021624001848608486 0.017473717424630497 -0.080925085621220721 -0.046467773084731198 0.0048041729449961375 0.066950623471160764 -0.037119158715396734 0.081664899621369705 -0.0015296035233352866 0.087828920660382601 -0.084010015480220315 -0.046269317702032055 -0.05931879695164613 -0.10114596002593473 -0.033737709146582195 0.017381693750769648 -0.0053688764742008694
leaf_weight=1030 86 76 50 97 78 66 55 72 77 93 53 657 70 92 51 71 58 220 66 74 137 169 63 67 88 124 74 62 84 50 126 62 75 99 53 74 163 57 64 51 128 72 52 55 205 258 89 69 114 242 100 153 52 762 58 79 51 103 91 293 198 114
leaf_count=1030 86 76 50 97 78 66 55 72 77 93 53 657 70 92 51 71 58 220 66 74 137 169 63 67 88 124 74 62 84 50 126 62 75 99 53 74 163 57 64 51 128 72 52 55 205 258 89 69 114 242 100 153 52 762 58 79 51 103 91 293 198 114
internal_value=5.16411e-05 0.0162979 -0.0111239 0.0352129 0.00968097 0.0491867 0.0909986 0.0358415 -0.000810873 0.0567902 0.0507348 0.0122077 -0.0336378 -0.0291039 0.0879056 0.0359253 -0.00195468 -0.01395 -0.000912894 -0.011249 -0.01383 -0.0300972 -0.0376404 -0.0049165 -0.0794702 0.0227974 -0.00703865 0.0128859 0.0112664 -0.0345421 0.0182578 -0.00714009 0.0114506 0.0269739 -0.0584537 0.032583 0.00996221 -0.0016412 -0.0195272 0.0252512 0.00197274 0.0661441 0.0954724 0.0383611 -0.0425192 -0.00392407 -0.011564 -0.0345638 -0.0184861 0.00160807 0.0405229 -0.0114872 0.0409503 0.00838234 0.0524275 -0.0311141 -0.0340632 -0.0293278 -0.0520777 -0.0163277 0.00421181 -0.0311311
internal_weight=8272 3371 4901 1655 586 1069 256 350 3362 264 159 1496 1539 236 104 813 1716 949 158 1866 1792 1469 1130 339 151 568 1450 767 444 170 705 273 189 171 120 148 579 416 250 166 186 245 118 127 342 729 1302 272 203 653 171 395 114 1419 109 979 929 850 308 542 249 217
internal_count=8272 3371 4901 1655 586 1069 256 350 3362 264 159 1496 1539 236 104 813 1716 949 158 1866 1792 1469 1130 339 151 568 1450 767 444 170 705 273 189 171 120 148 579 416 250 166 186 245 118 127 342 729 1302 272 203 653 171 395 114 1419 109 979 929 850 308 542 249 217
is_linear=0
shrinkage=0.03


Tree=80
num_leaves=63
num_cat=0
split_feature=111 8 8 111 30 8 140 112 159 8 8 105 227 147 277 66 8 77 78 125 86 80 156 111 60 13 118 131 78 89 214 35 144 166 35 43 8 92 91 8 94 120 33 65 67 111 4 217 111 13 1 114 209 104 217 86 1 185 13 170 140 117
split_gain=1580.59 1265.76 1030.53 669.883 520.318 469.502 437.19 771.219 432.576 415.925 386.227 704.051 535.562 565.47 519.273 503.334 332.525 331.629 363.51 305.113 303.768 313.575 469.267 313.549 281.768 268.532 294.542 265.147 274.467 455.604 264.567 256.058 281.699 251.062 248.724 243.002 223.821 223.85 347.232 220.2 259.426 380.885 287.353 303.23 268.774 264.826 219.662 276.719 214.924 246.683 221.645 213.676 195.927 190.619 372.569 260.072 188.269 185.667 175.34 174.678 196.772 174.097
threshold=0.28867521882057195 71.500000000000014 84.500000000000014 0.23553323745727542 50.500000000000007 35.500000000000007 21.500000000000004 0.25105042755603796 1.5000000000000002 39.500000000000007 57.500000000000007 21.500000000000004 4.5000000000000009 21.500000000000004 0.28856065869331365 0.14048793911933902 83.500000000000014 0.97952196002006542 109.50000000000001 58.500000000000007 6.5000000000000009 15.500000000000002 0.10093948245048524 0.36749699711799627 21.500000000000004 72.500000000000014 30.500000000000004 0.32984206080436712 99.500000000000014 99.500000000000014 0.32129463553428655 0.36304681003093725 2.5000000000000004 15.500000000000002 0.27187840640544897 0.7124060094356538 52.500000000000007 0.3270129412412644 0.30738946795463568 57.500000000000007 0.78824490308761608 6.5000000000000009 0.20874343067407611 0.60828492045402538 0.099549550563097014 0.20530383288860324 73.500000000000014 0.24062354117631915 0.24336075037717822 73.500000000000014 28.500000000000004 0.89326822757720958 60.500000000000007 1.0000000180025095e-35 0.25694981217384344 10.500000000000002 28.500000000000004 12.500000000000002 66.500000000000014 2.5000000000000004 15.500000000000002 0.34435337781906133
decision_type=2 2 2 2 2 2 2 2 2 2 2 2 2 2 2 2 2 2 2 2 2 2 2 2 2 2 2 2 2 2 2 2 2 2 2 2 2 2 2 2 2 2 2 2 2 2 2 2 2 2 2 2 2 2 2 2 2 2 2 2 2 2
left_child=1 3 4 9 8 -5 34 -8 -2 31 11 12 14 -14 15 -10 48 -18 35 20 23 22 -22 -12 -11 36 -27 28 57 -30 -26 -1 61 46 -3 -19 37 -7 -39 56 41 44 -43 -44 -41 -45 53 -48 49 50 -9 -31 59 54 -23 -55 -32 -4 -57 -36 -61 -33
right_child=2 6 27 5 -6 25 7 16 10 24 19 -13 13 -15 -16 -17 17 18 -20 -21 21 33 -24 -25 30 26 -28 -29 29 51 39 32 -34 -35 52 -37 -38 38 -40 40 -42 42 43 45 -46 -47 47 -49 -50 -51 -52 -53 -54 55 -56 58 -58 -59 -60 60 -62 -63
leaf_value=-0.0071019599930488156 -0.048415112191390608 -0.057525058183819054 -0.013566529555016842 0.098822768769766145 0.10881900105338829 0.018657159979322126 -0.15112765600806788 -0.064710186078045212 -0.010433407027653798 0.021463549089508118 0.028931706750934774 0.13174691142937678 0.024645430418800133 0.15538147195428609 -0.042180429550353435 0.091828641341404713 -0.017298969587253542 -0.10030200356323467 -0.15490953289848916 0.091522031733935527 0.014507834010150121 -0.02223729022373927 -0.080524647956407513 0.10580893074534832 -0.07368098893026008 -0.058972029842460819 0.0038078200062199568 0.02364872014143081 -0.10242861037431283 -0.057020234849590519 -0.00077836457044333821 0.042717247857577412 0.091356455653400739 0.079203565297969458 0.027398126699306347 -0.025197386450997394 0.012157795106247938 0.1170827852593114 0.015572001213828721 -0.039931727723807701 0.00042048645746743603 -0.12735804295764777 -0.0050781579391005333 -0.12875669403208628 0.035821169802063221 -0.045922206799105671 0.023846181945980718 -0.072768530026078221 -0.01487242996858827 -0.094090978334863462 0.016968834089525674 0.020924068661751571 0.051060207924792461 0.00051388223655521867 0.068291332749159717 0.036324111165131547 -0.025897645343735207 0.025120968670393765 0.11168899163204644 0.0025538737337066704 -0.074432280015419516 -0.011145101257608932
leaf_weight=292 61 63 405 56 77 139 56 60 80 160 241 87 60 59 95 93 96 75 50 54 114 144 78 59 78 75 584 217 74 51 748 113 58 57 80 81 641 71 53 97 166 52 88 53 73 103 52 53 481 76 58 80 70 71 56 58 418 153 55 72 50 102
leaf_count=292 61 63 405 56 77 139 56 60 80 160 241 87 60 59 95 93 96 75 50 54 114 144 78 59 78 75 584 217 74 51 748 113 58 57 80 81 641 71 53 97 166 52 88 53 73 103 52 53 481 76 58 80 70 71 56 58 418 153 55 72 50 102
internal_value=5.0318e-05 -0.00903789 0.018968 -0.000906081 0.0330588 0.0142387 -0.0341039 -0.0437538 0.0294088 -0.0103349 0.0324692 0.0550683 0.0375354 0.0902188 0.0138939 0.0447516 -0.0374511 -0.0635892 -0.0849735 0.0226182 0.018949 0.00857647 -0.0243163 0.0443522 -0.0166531 0.011147 -0.00341561 -0.0055416 -0.0138635 -0.043458 -0.0199137 0.0124222 0.0332549 0.0201665 -0.00430564 -0.0617143 0.0217549 0.0450108 0.0741668 -0.0175415 -0.0317899 -0.0432404 -0.0637397 -0.0497173 -0.00738329 -0.0747055 0.0131372 -0.0251477 -0.02568 -0.0522624 -0.0247576 -0.00962275 0.00818648 0.0236439 0.00332437 0.045593 -0.00979787 -0.0029327 0.0736641 -0.00684909 -0.0293465 0.0172307
internal_weight=8272 5588 2684 4220 1704 1619 1368 1033 1627 2601 1566 474 387 119 268 173 977 302 206 1092 1038 738 192 300 2036 1563 659 980 763 205 1876 565 273 546 335 156 904 263 124 1798 632 466 296 244 170 156 489 105 675 194 118 131 272 384 200 184 1166 558 113 202 122 215
internal_count=8272 5588 2684 4220 1704 1619 1368 1033 1627 2601 1566 474 387 119 268 173 977 302 206 1092 1038 738 192 300 2036 1563 659 980 763 205 1876 565 273 546 335 156 904 263 124 1798 632 466 296 244 170 156 489 105 675 194 118 131 272 384 200 184 1166 558 113 202 122 215
is_linear=0
shrinkage=0.03


Tree=81
num_leaves=63
num_cat=0
split_feature=111 8 8 139 8 196 271 272 111 111 8 257 13 46 85 213 105 49 66 78 8 127 33 174 97 269 61 68 8 131 261 68 277 117 97 241 211 111 22 177 237 111 178 81 13 8 33 114 170 275 34 8 111 238 1 48 95 8 7 29 37 75
split_gain=1502.92 1212.71 1146.8 574.988 466.073 640.787 592.273 525.314 453.999 376.278 421.606 366.584 539.168 630.807 539.787 405.074 360.753 353.669 420.55 410.189 353.637 309.063 366.26 293.366 284.746 340.314 287.447 284.653 277.269 244.765 242.668 237.727 406.921 232.458 230.406 224.706 273.211 309.101 219.803 222.339 226.404 220.894 217.492 285.526 244.193 210.781 327.089 209.59 197.743 197.641 193.75 191.264 196.12 185.451 180.734 179.232 178.317 177.451 171.667 171.402 194.961 169.624
threshold=0.26483158767223364 72.500000000000014 58.500000000000007 10.500000000000002 57.500000000000007 0.057983193546533592 0.26106540858745581 0.37858313322067266 0.23220045864582065 0.33227176964282995 103.50000000000001 0.2336879447102547 68.500000000000014 30.500000000000004 24.500000000000004 0.35811682045459753 21.500000000000004 14.500000000000002 0.041885966435074813 175.50000000000003 37.500000000000007 21.500000000000004 0.22502114623785022 0.83359456062316906 0.13569784164428714 37.500000000000007 2.5000000000000004 0.16291709244251254 114.50000000000001 0.19239798188209536 5.5000000000000009 0.15203631669282916 0.15034247189760211 0.22406896948814395 0.09732417389750482 2.5000000000000004 0.30407263338565832 0.31605799496173864 29.500000000000004 0.17752101272344592 0.19292803853750232 0.36332502961158758 21.500000000000004 3.5000000000000004 75.500000000000014 35.500000000000007 0.23044372349977496 0.65084379911422741 3.5000000000000004 0.16601049900054934 0.34467601776123052 84.500000000000014 0.30992957949638372 12.500000000000002 27.500000000000004 0.98796790838241588 0.20280062407255176 66.500000000000014 42.500000000000007 108.50000000000001 0.11044728383421899 27.500000000000004
decision_type=2 2 2 2 2 2 2 2 2 2 2 2 2 2 2 2 2 2 2 2 2 2 2 2 2 2 2 2 2 2 2 2 2 2 2 2 2 2 2 2 2 2 2 2 2 2 2 2 2 2 2 2 2 2 2 2 2 2 2 2 2 2
left_child=2 3 8 11 5 6 -5 16 45 10 51 15 13 -13 -15 23 -7 -4 33 21 -10 27 -23 -2 34 26 -26 31 38 -14 42 32 -20 -19 -6 36 37 -27 -11 41 -41 -40 43 -29 -44 46 -1 55 53 -43 -28 58 59 -17 -46 -22 -38 -24 -3 60 -53 -59
right_child=1 9 17 4 24 7 -8 -9 20 28 -12 12 29 14 -16 48 -18 18 19 -21 47 22 57 -25 25 35 50 30 -30 -31 -32 -33 -34 -35 -36 -37 56 -39 39 40 -42 49 44 -45 54 -47 -48 -49 -50 -51 -52 52 -54 -55 -56 -57 -58 61 -60 -61 -62 -63
leaf_value=-0.0028540152322530823 -0.019806322653231949 0.036997791029218782 0.04678685730488117 0.19104600249301817 0.02867774831898072 -0.033834724273601111 0.068329363803400892 0.10229896459635347 0.099539531841874113 -0.018200005332732364 -0.090706454931121117 -0.0078935312819869621 -0.065494724790064185 0.045808736284573874 0.17657043854395549 0.018990034401150685 0.06047357619157992 -0.039254464079015727 -0.061898539977647903 -0.099741103445344106 0.0148204264890116 -0.10777686369982925 -0.0082476981229090193 0.075349742326632899 0.044626035414902225 0.043678878887281329 -0.0014805878183016409 -0.014963192416887197 -0.051521991685251976 0.017174817160648458 0.048342916656096101 -0.10490223697003197 0.034622123093697534 -0.12267079537484184 0.11730711139224725 -0.011179667822009808 0.044240146467054729 0.11694380549794953 0.02276429024045867 -0.045049329462804294 0.022812543073104638 0.038857787544392557 -0.016033261273199973 -0.067137820188654579 -0.0073081908071482623 -0.0094154435059279184 0.068751672358218441 0.0081331970334400094 -0.089173551592333561 0.11157836412841624 -0.077208121954623996 -0.075448593835418035 0.0030999229974687506 -0.055082110322233459 0.05222118827818989 0.093588049478001062 -0.030820370367888747 -0.017868889268440536 -0.0032061667123186475 -0.072256351620531997 -0.01176548598782081 -0.075272312818620443
leaf_weight=186 57 113 53 62 50 84 85 79 51 107 56 68 51 62 53 55 63 57 122 67 51 73 142 58 55 219 64 363 50 84 58 50 57 66 57 73 55 68 172 56 197 72 336 127 80 1646 82 427 57 65 57 51 218 66 106 53 57 78 591 77 261 116
leaf_count=186 57 113 53 62 50 84 85 79 51 107 56 68 51 62 53 55 63 57 122 67 51 73 142 58 55 219 64 363 50 84 58 50 57 66 57 73 55 68 172 56 197 72 336 127 80 1646 82 427 57 65 57 51 218 66 106 53 57 78 591 77 261 116
internal_value=4.86995e-05 0.0138348 -0.0118096 0.032328 0.0450157 0.0724345 0.121029 0.0404329 0.00166077 -0.00159018 -0.0108286 0.00886924 0.0311293 0.064544 0.107075 -0.0153138 0.00671863 -0.0290348 -0.0311756 -0.027425 0.0248396 -0.0245315 -0.0472522 0.0284213 0.0313918 0.0238302 -0.0117246 -0.0173469 0.0159651 -0.0143078 -0.0108268 -0.0476324 -0.0311413 -0.0846428 0.0765405 0.0370847 0.0459209 0.0613836 0.0210783 0.0285756 0.00767351 0.0456097 -0.0142623 -0.0285952 -0.000779169 -0.00539663 0.0192293 0.0174914 -0.0435705 0.0739188 -0.0374943 -0.00735008 -0.019676 -0.0215333 0.026715 0.0554706 0.00610502 -0.0338217 0.00329035 -0.0324151 -0.022383 -0.0524026
internal_weight=8272 3825 4447 1739 1128 373 147 226 2496 2086 1367 611 318 183 115 293 147 1951 1898 1775 582 1708 409 115 755 648 176 1299 719 135 1070 229 179 123 107 472 399 287 669 562 253 309 1012 490 522 1914 268 531 178 137 121 1311 607 121 186 104 112 336 704 389 312 194
internal_count=8272 3825 4447 1739 1128 373 147 226 2496 2086 1367 611 318 183 115 293 147 1951 1898 1775 582 1708 409 115 755 648 176 1299 719 135 1070 229 179 123 107 472 399 287 669 562 253 309 1012 490 522 1914 268 531 178 137 121 1311 607 121 186 104 112 336 704 389 312 194
is_linear=0
shrinkage=0.03


Tree=82
num_leaves=63
num_cat=0
split_feature=111 8 8 139 111 8 8 229 115 238 20 112 8 21 31 44 47 68 39 13 13 105 106 8 49 107 49 46 111 111 226 273 195 193 155 194 48 133 269 109 141 35 27 8 66 87 49 111 125 269 43 269 111 177 46 129 11 10 195 179 75 13
split_gain=1423.52 1132.89 799.957 852.065 734.813 708.28 566.295 485.232 449.644 450.257 402.062 441.99 399.496 360.313 351.917 373.969 457.888 327.952 429.157 349.221 316.792 413.558 368.893 489.641 290.337 490.323 401.584 288.848 401.921 264.923 422.802 454.083 264.645 318.018 278.272 246.203 290.27 253.471 235.632 234.489 229.562 223.891 221.789 218.664 277.5 392.996 273.764 227.668 208.115 298.688 226.549 205.266 202.826 209.561 199.403 198.316 196.542 194.88 193.362 232.607 183.459 213.225
threshold=0.30195011198520666 77.500000000000014 84.500000000000014 29.500000000000004 0.24452438205480578 69.500000000000014 53.500000000000007 34.500000000000007 0.29256787896156317 36.500000000000007 104.50000000000001 0.27308239042758947 60.500000000000007 34.500000000000007 82.500000000000014 4.5000000000000009 47.500000000000007 0.31605799496173864 0.22583957016468051 67.500000000000014 69.500000000000014 26.500000000000004 7.5000000000000009 41.500000000000007 89.500000000000014 23.500000000000004 26.500000000000004 133.50000000000003 0.24642784148454669 0.20530383288860324 5.5000000000000009 0.3343313485383988 0.17519181966781619 0.22401433438062671 0.1214079260826111 0.91637530922889721 0.98894688487052929 0.36393739283084875 37.500000000000007 18.500000000000004 5.5000000000000009 0.46540984511375433 48.500000000000007 107.50000000000001 0.20603395998477939 18.500000000000004 98.500000000000014 0.35021367669105535 44.500000000000007 65.500000000000014 0.66025641560554515 40.500000000000007 0.22264957427978518 0.19139194488525393 29.500000000000004 35.500000000000007 56.500000000000007 67.500000000000014 0.086335405707359328 3.5000000000000004 24.500000000000004 65.500000000000014
decision_type=2 2 2 2 2 2 2 2 2 2 2 2 2 2 2 2 2 2 2 2 2 2 2 2 2 2 2 2 2 2 2 2 2 2 2 2 2 2 2 2 2 2 2 2 2 2 2 2 2 2 2 2 2 2 2 2 2 2 2 2 2 2
left_child=1 4 3 8 6 -5 7 52 9 13 -3 -12 20 14 41 16 35 18 -10 -20 22 32 -6 -24 26 38 -8 42 -29 30 31 39 33 -22 -35 36 -16 -38 -26 -28 -14 54 -13 44 45 57 -47 -46 49 50 -44 -33 53 -1 -2 -31 -40 60 -58 -60 -4 -62
right_child=2 10 43 5 12 -7 24 -9 17 -11 11 27 40 -15 15 -17 -18 -19 19 -21 21 -23 23 -25 25 -27 29 28 -30 55 -32 51 -34 34 -36 -37 37 -39 56 -41 -42 -43 48 -45 47 46 -48 -49 -50 -51 -52 -53 -54 -55 -56 -57 58 -59 59 -61 61 -63
leaf_value=0.011082287603880624 -0.014041726075369737 0.01252199184831599 -0.041493727826036331 0.17998419163812851 -0.0087333949552527781 0.057147201730704013 0.034400320535196975 0.081041133535433227 -0.040642534109528165 0.10641042627096176 -0.11118482832453754 -0.074288588935702018 -0.021544954432593497 -0.047159305876837324 0.066132516509493477 -0.023496743205346556 0.11594526330047507 -0.06110365596648893 0.098496396414569157 -0.0033841629338557601 -0.051003584962970805 0.049363412366062398 0.13426735074682669 0.043118954327829341 0.044926739553792762 -0.062656931786573139 -0.030099496407023928 -0.12642729536519717 -0.041717524201090095 0.0083172078817886751 -0.12546505686354964 -0.03489733304566061 -0.053766032690482753 0.089004428511342173 -0.0057238052370118305 0.080704311429325382 0.036334346109202935 -0.04499272050774273 -0.054553121519504026 -0.10718509337340948 0.0096924318713718094 -0.038385639907075809 -0.053432520792892804 -0.03978887764068368 0.0083965658811995612 -0.10883127876969341 -0.012973478522739912 0.068662505212627095 -0.054673846973865119 0.060849223206269322 0.0047444468100161794 0.042309513230892749 0.022740903250106116 -0.013957550609604744 0.062627748425190255 -0.038144626542712085 -0.028568906260281798 0.060316419908229044 0.059928162565587882 -0.0083549246157413899 0.05074678110123812 -0.0098952965770981137
leaf_weight=432 57 141 81 57 86 162 67 65 82 74 75 57 288 51 87 56 96 75 60 60 52 149 65 281 108 115 58 58 365 113 72 70 92 51 60 98 69 67 60 95 791 77 88 116 155 51 56 88 80 57 186 54 254 985 64 304 99 50 83 96 78 153
leaf_count=432 57 141 81 57 86 162 67 65 82 74 75 57 288 51 87 56 96 75 60 60 52 149 65 281 108 115 58 58 365 113 72 70 92 51 60 98 69 67 60 95 791 77 88 116 155 51 56 88 80 57 186 54 254 985 64 304 99 50 83 96 78 153
internal_value=4.84677e-05 -0.0072574 0.0212427 0.0359862 -0.00122447 0.0897913 -0.0101789 0.00125742 0.0249312 0.0363757 -0.0347257 -0.0416279 0.0134089 0.0290604 0.0349151 0.0489465 0.0587081 -0.00796893 0.0119631 0.0479491 0.0289624 0.00982755 0.046793 0.0605798 -0.0244117 -0.00770869 -0.0356379 -0.0356549 -0.0536034 -0.0418008 -0.0610722 -0.0439436 -0.0133764 0.00960907 0.0382061 0.0412835 0.0236766 -0.00376716 0.00656806 -0.0783483 0.00134251 0.00131811 -0.0193526 -0.00177855 0.00446127 -0.00902116 -0.0592474 0.0304132 -0.0115719 -0.00102117 -0.0140665 -0.0012055 -0.00189269 -0.00632124 0.0266917 -0.0255645 -0.00578494 0.00594703 0.00489838 0.0234641 -0.00293088 0.0107117
internal_weight=8272 6152 2120 1292 5045 219 3130 1736 1073 796 1107 966 1915 722 671 473 417 277 202 120 836 404 432 346 1394 561 833 891 423 766 349 277 255 163 111 321 223 136 446 153 1079 198 468 828 712 469 107 243 411 331 274 124 1671 1417 121 417 338 362 278 179 312 231
internal_count=8272 6152 2120 1292 5045 219 3130 1736 1073 796 1107 966 1915 722 671 473 417 277 202 120 836 404 432 346 1394 561 833 891 423 766 349 277 255 163 111 321 223 136 446 153 1079 198 468 828 712 469 107 243 411 331 274 124 1671 1417 121 417 338 362 278 179 312 231
is_linear=0
shrinkage=0.03


Tree=83
num_leaves=63
num_cat=0
split_feature=171 8 249 33 112 8 226 20 8 78 33 276 201 265 234 214 45 114 129 57 75 268 68 257 265 105 213 151 155 132 196 152 10 213 74 18 275 8 64 147 65 214 2 112 146 37 207 227 240 94 105 218 194 8 218 42 11 179 143 257 171 20
split_gain=940.798 736.906 499.54 745.636 460.878 399.657 461.371 366.886 357.002 421.921 398.901 355.785 321.053 447.483 314.202 295.499 286.307 275.228 256.139 627.061 527.52 490.946 343.425 441.569 367.283 339.151 441.939 323.478 269.072 265.188 322.361 262.41 262.324 242.143 236.622 257.931 314.845 268.496 258.246 249.064 229.429 265.264 222.322 220.178 678.245 378.472 329.787 237.756 216.256 215.038 204.375 204.277 201.504 210.459 326.528 200.914 199.335 284.292 195.577 244.388 207.626 193.406
threshold=0.20638945698738101 57.500000000000007 31.500000000000004 0.2592956423759461 0.3031544983386994 40.500000000000007 4.5000000000000009 318.50000000000006 87.500000000000014 97.500000000000014 0.23241339623928073 0.079772725701332106 1.0000000180025095e-35 14.500000000000002 0.89333397150039684 1.0000000180025095e-35 319.50000000000006 0.97066417336463939 49.500000000000007 11.500000000000002 55.500000000000007 5.5000000000000009 0.14222503453493121 0.22150072455406192 15.500000000000002 23.500000000000004 0.61257407069206249 0.26905441284179693 0.19604586064815524 0.31835016608238226 0.11483516544103624 0.3269901722669602 9.5000000000000018 0.35665363073349005 9.5000000000000018 36.500000000000007 0.099504951387643828 71.500000000000014 0.38913471996784216 66.500000000000014 0.7442329227924348 0.88245883584022533 77.500000000000014 0.44865803420543676 24.500000000000004 0.17527253925800326 10.500000000000002 2.5000000000000004 4.5000000000000009 0.59934410452842724 22.500000000000004 9.5000000000000018 0.39552940428256994 61.500000000000007 15.500000000000002 8.5000000000000018 56.500000000000007 2.5000000000000004 1.0000000180025095e-35 0.17902930825948718 0.16064515709877017 616.50000000000011
decision_type=2 2 2 2 2 2 2 2 2 2 2 2 2 2 2 2 2 2 2 2 2 2 2 2 2 2 2 2 2 2 2 2 2 2 2 2 2 2 2 2 2 2 2 2 2 2 2 2 2 2 2 2 2 2 2 2 2 2 2 2 2 2
left_child=5 2 12 33 7 6 -1 40 10 48 16 -8 13 51 55 -7 -6 34 19 22 21 28 -14 24 -24 31 29 32 -21 -27 -31 -20 -25 -4 -17 39 52 -38 -39 56 49 -42 -16 61 45 46 -45 -47 -10 -3 -40 -2 -37 -54 -55 -11 57 -36 -58 60 -60 -12
right_child=1 4 3 -5 8 15 11 -9 9 14 43 -13 18 -15 42 17 -18 -19 25 20 -22 -23 23 27 -26 26 -28 -29 -30 30 -32 -33 -34 -35 35 36 37 38 50 -41 41 -43 -44 44 -46 47 -48 -49 -50 -51 -52 -53 53 54 -56 -57 58 -59 59 -61 -62 -63
leaf_value=-0.00612798446132682 -0.024751094274774746 0.0031194063129190066 0.074732753488973805 0.14454498552600853 -0.0046362363230095273 0.022323039558673059 0.12012671143378852 -0.093769997962533616 -0.017203834215780863 -0.04793661678682512 0.0076863404972077054 0.015826043963213177 0.089380408296934694 -0.090052118498299805 0.032009246619242537 -0.070056100331712501 -0.063362998341584625 0.028794949955997927 0.00028281586296828598 0.049865579920656537 0.13445187817194632 0.10984309097846685 0.013973041844635622 -0.048680970046450105 -0.066620568979236447 -0.019178828033937577 0.1050795255581705 0.078395228042871079 -0.047115768380463122 0.072962498366244521 -0.0086742155198697695 -0.071815276131914602 0.028659454444476536 -0.0035012687550437065 -0.0078078619278101023 -0.091850413138216194 -0.0023491075582390913 -0.0042787870376681291 -0.11995303919503711 -0.041491854318883269 0.053918897482065055 -0.033582246862351894 -0.053378814898039161 -0.0082197719910797069 0.10494455613436238 0.013546507284045219 0.095678653151824555 -0.077008878406551157 0.019662726026581367 -0.075650249730795621 -0.03486079924166776 0.043283183741598168 -0.014305479940193801 -0.02138128774318223 -0.11306326665197099 -0.12845236880376057 -0.042220780733826915 -0.086576469894193236 -0.046419546597230271 0.01825409452298983 0.016881858820652032 0.056006208834453265
leaf_weight=350 80 51 57 71 326 145 52 72 324 66 1707 67 51 55 52 95 96 92 133 50 83 58 102 50 100 145 51 90 51 94 80 68 174 92 128 98 325 71 52 215 64 59 56 52 92 50 57 53 255 79 51 77 133 71 69 50 82 60 118 472 76 77
leaf_count=350 80 51 57 71 326 145 52 72 324 66 1707 67 51 55 52 95 96 92 133 50 83 58 102 50 100 145 51 90 51 94 80 68 174 92 128 98 325 71 52 215 64 59 56 52 92 50 57 53 255 79 51 77 133 71 69 50 82 60 118 472 76 77
internal_value=4.7404e-05 0.00732736 0.0229524 0.0652313 -0.000459274 -0.0140097 0.0112595 -0.0344946 0.00288893 -0.0145106 0.00845896 0.0620241 0.0170726 -0.0172379 -0.049373 -0.019049 -0.0181141 -0.0217747 0.0223521 0.033201 0.0735301 0.0410867 0.015889 0.00846651 -0.0260564 0.00695017 0.02397 0.0306877 0.000912986 0.0107147 0.0355933 -0.0243434 0.0112563 0.0267259 -0.023986 -0.0217868 -0.0341081 -0.0184883 -0.0484477 -0.0124521 -0.0173229 0.0120145 -0.0123496 0.0138357 0.0373966 0.0077282 0.0464883 -0.0333424 -0.000961359 -0.0449604 -0.0785603 0.0086788 -0.0550108 -0.0414993 -0.0670488 -0.0834429 -0.00574444 -0.0332718 0.0012094 0.00661194 -0.0216617 0.0098021
internal_weight=8272 5450 1812 220 3638 2822 469 325 3313 803 2510 119 1592 212 224 2353 422 2208 1380 809 242 159 567 516 202 571 370 314 101 319 174 201 224 149 2116 2021 870 499 174 1151 253 123 108 2088 304 212 109 103 579 130 103 157 371 273 140 116 936 188 748 666 194 1784
internal_count=8272 5450 1812 220 3638 2822 469 325 3313 803 2510 119 1592 212 224 2353 422 2208 1380 809 242 159 567 516 202 571 370 314 101 319 174 201 224 149 2116 2021 870 499 174 1151 253 123 108 2088 304 212 109 103 579 130 103 157 371 273 140 116 936 188 748 666 194 1784
is_linear=0
shrinkage=0.03


Tree=84
num_leaves=63
num_cat=0
split_feature=111 8 8 147 111 22 140 112 5 47 8 245 117 111 27 125 51 8 45 104 193 111 135 8 111 8 148 48 11 2 35 144 191 134 156 209 141 93 212 103 200 196 114 8 237 8 170 33 149 168 5 68 37 185 255 108 1 271 146 269 167 180
split_gain=1315.57 1020.08 1017.67 605.777 569.051 708.521 559.486 560.804 476.979 575.103 364.115 558.609 686.06 416.05 349.662 334.5 332.229 512.448 322.717 322.252 298.136 287.211 282.221 280.823 267.636 254.018 364.697 355.21 306.277 253.634 247.387 246.58 289.789 245.309 241.429 221.035 215.614 215.323 602.831 212.775 447.276 279.679 262.752 205.081 194.34 193.8 185.975 185.779 183.57 178.828 163.806 165.662 161.495 156.359 155.29 192.724 156.995 157.246 153.431 153.21 152.689 145.048
threshold=0.27426491677761083 71.500000000000014 75.500000000000014 21.500000000000004 0.32947862148284918 63.500000000000007 21.500000000000004 0.25105042755603796 53.500000000000007 49.500000000000007 37.500000000000007 8.5000000000000018 0.34435337781906133 0.25568476319313055 81.500000000000014 11.500000000000002 24.500000000000004 48.500000000000007 343.50000000000006 1.0000000180025095e-35 0.53708791732788097 0.36332502961158758 0.27192398905754095 93.500000000000014 0.29716350138187414 82.500000000000014 31.500000000000004 0.97469419240951549 72.500000000000014 60.500000000000007 0.27187840640544897 2.5000000000000004 0.2674796879291535 0.57463043928146373 0.052545297890901572 60.500000000000007 8.5000000000000018 0.3948992937803269 0.39547662436962133 1.0000000180025095e-35 15.500000000000002 0.08856209367513658 0.47626727819442755 61.500000000000007 0.2806250005960465 65.500000000000014 2.5000000000000004 0.19897096604108813 194.50000000000003 3.5000000000000004 90.500000000000014 0.34591643512248998 0.23146126419305804 13.500000000000002 0.21320346742868426 6.5000000000000009 28.500000000000004 0.18138528615236285 6.5000000000000009 71.500000000000014 5.5000000000000009 9.5000000000000018
decision_type=2 2 2 2 2 2 2 2 2 2 2 2 2 2 2 2 2 2 2 2 2 2 2 2 2 2 2 2 2 2 2 2 2 2 2 2 2 2 2 2 2 2 2 2 2 2 2 2 2 2 2 2 2 2 2 2 2 2 2 2 2 2
left_child=1 10 3 8 16 14 30 -8 9 19 11 36 -13 39 15 -6 17 -5 24 29 44 23 37 50 -18 26 34 -27 -29 33 -3 32 -23 -2 -9 46 -1 -10 -39 40 48 -42 -41 47 -19 -22 -32 -44 54 60 51 -4 59 -34 55 56 -12 -58 -48 -15 -36 -25
right_child=2 6 21 4 5 -7 7 25 22 -11 13 12 -14 52 -16 -17 18 20 -20 -21 45 31 -24 61 -26 27 -28 28 -30 -31 35 -33 53 -35 49 -37 -38 38 -40 42 41 -43 43 -45 -46 -47 58 -49 -50 -51 -52 -53 -54 -55 -56 -57 57 -59 -60 -61 -62 -63
leaf_value=-0.0099727358284350757 0.023666744766866459 -0.055031709959730502 0.0074794984486546709 0.11720004861302012 0.026492471224383304 0.18454264195492634 -0.14192709800444153 -0.07664081203581935 -0.041606158273560657 0.11333602452561968 0.008461433265639362 0.13110188770394487 -0.010212719773228924 0.031657436543697473 -0.0091075827340211923 0.1224335437612953 0.016677047560047922 0.035514107854625145 0.06008104977910133 0.061761713171998654 0.11323377802454192 -0.045768764988734174 -0.07544541627168655 -0.03782392883487045 -0.056648649920868439 -0.010502710856852077 -0.094303865759797836 -0.13658220480066502 -0.048290382805417351 0.036928656835936838 0.032476994226808137 0.067559953094568359 0.005172335989773273 -0.058364965002382953 0.020053600904955105 0.059092069007456303 0.054281038832115498 0.073368644487935217 -0.05889154058272162 -0.079839644922778522 0.010123544052243232 0.10085036530396191 -0.038012360142933764 -0.032118052160598695 -0.013673451484646647 0.039138563501834867 0.0077830978943144568 -0.0045905427660291208 -0.058387329880211308 -0.0524403959444978 -0.042583982311189178 -0.047136721717158582 -0.02171232238957068 0.065238518816777141 -0.032337278748901799 0.05543963616447789 -0.051644444528501483 -0.0020615684410621379 -0.063789064971537413 -0.012580313871419706 -0.028881135277280753 0.0064017321240595155
leaf_weight=267 50 63 879 78 56 51 56 54 83 62 423 77 51 398 50 80 98 204 67 89 57 64 65 319 81 62 67 78 67 80 68 85 98 92 164 63 56 76 51 57 64 58 171 462 111 74 50 1157 58 65 71 52 81 64 141 55 95 144 57 85 87 84
leaf_count=267 50 63 879 78 56 51 56 54 83 62 423 77 51 398 50 80 98 204 67 89 57 64 65 319 81 62 67 78 67 80 68 85 98 92 164 63 56 76 51 57 64 58 171 462 111 74 50 1157 58 65 71 52 81 64 141 55 95 144 57 85 87 84
internal_value=4.55029e-05 -0.009876 0.0144687 0.0312456 0.0457946 0.086382 -0.0368752 -0.0515648 0.00860049 0.0306658 -0.00293853 0.022381 0.0751542 -0.0062549 0.0586241 0.0834101 0.0332063 0.0466871 0.00441842 0.0138745 0.0341206 -0.0017205 -0.0213308 -0.00749776 -0.0166342 -0.0434993 -0.0304148 -0.0708433 -0.0963955 -0.00551442 -0.0026558 0.0243197 0.00783082 -0.029517 -0.0186227 0.0113807 0.00130039 -0.0043028 0.0202111 -0.0108622 6.66901e-06 0.0537252 -0.0169672 -0.0149216 0.0181929 0.0719921 -0.00603361 -0.00891947 -0.00719877 -0.00849767 0.00101462 0.00438167 0.0172903 0.0291568 -0.00367453 0.00199927 -0.00251757 -0.0219033 -0.0305817 0.0238624 0.00304486 -0.0286126
internal_weight=8272 4901 3371 1655 1007 237 1001 700 648 373 3900 451 128 3449 186 136 770 524 246 311 446 1716 275 1405 179 644 437 207 145 222 301 311 226 142 370 238 323 210 127 2885 1038 122 1847 1790 315 131 175 1328 916 316 1002 931 564 162 858 717 662 239 107 483 251 403
internal_count=8272 4901 3371 1655 1007 237 1001 700 648 373 3900 451 128 3449 186 136 770 524 246 311 446 1716 275 1405 179 644 437 207 145 222 301 311 226 142 370 238 323 210 127 2885 1038 122 1847 1790 315 131 175 1328 916 316 1002 931 564 162 858 717 662 239 107 483 251 403
is_linear=0
shrinkage=0.03


Tree=85
num_leaves=63
num_cat=0
split_feature=111 8 8 139 8 111 115 113 256 8 140 111 46 8 4 227 14 111 8 66 55 47 131 156 208 35 40 12 46 111 200 8 111 131 89 115 38 10 77 277 2 75 137 150 192 100 69 8 251 66 114 230 256 179 146 251 109 14 46 136 128 116
split_gain=1250.35 1009.7 811.953 770.464 739.208 521.053 442.741 427.233 406.341 386.62 377.174 653.926 570.77 383.246 373.842 510.067 350.066 347.585 335.184 283.601 260.32 245.667 245.4 241.29 262.006 225.296 222.677 229.039 335.695 287.04 216.492 214.736 241.624 213.595 210.481 208.895 207.964 356.064 329.245 207.94 207.375 210.723 212.891 200.29 198.228 196.782 192.365 181.499 204.441 199.74 242.318 201.982 262.772 214.65 198.159 195.077 190.457 178.639 177.973 177.854 239.637 217.115
threshold=0.28867521882057195 71.500000000000014 79.500000000000014 29.500000000000004 64.500000000000014 0.23553323745727542 0.28959664702415472 0.62208673357963573 0.027907580137252811 35.500000000000007 21.500000000000004 0.21466974169015887 81.500000000000014 86.500000000000014 54.500000000000007 5.5000000000000009 60.500000000000007 0.31187728047370916 45.500000000000007 0.2240092679858208 1.0000000180025095e-35 49.500000000000007 0.32984206080436712 0.083042979240417494 2.5000000000000004 0.27187840640544897 3.5000000000000004 61.500000000000007 253.50000000000003 0.20064935088157657 16.500000000000004 98.500000000000014 0.30992957949638372 0.29617446660995489 79.500000000000014 0.16141439229249957 0.064019706100225462 42.500000000000007 0.99012339115142833 0.28327505290508276 73.500000000000014 113.50000000000001 0.17825619876384738 7.5000000000000009 0.40682870149612432 19.500000000000004 3.5000000000000004 60.500000000000007 0.41522988677024847 0.077296491712331786 0.65084379911422741 3.5000000000000004 0.10487038642168046 3.5000000000000004 13.500000000000002 0.217028982937336 57.500000000000007 76.500000000000014 133.50000000000003 0.14246682822704318 2.5000000000000004 0.1152462661266327
decision_type=2 2 2 2 2 2 2 2 2 2 2 2 2 2 2 2 2 2 2 2 2 2 2 2 2 2 2 2 2 2 2 2 2 2 2 2 2 2 2 2 2 2 2 2 2 2 2 2 2 2 2 2 2 2 2 2 2 2 2 2 2 2
left_child=1 5 3 6 -5 18 7 14 19 -7 25 12 -12 40 15 21 -10 -6 45 -8 -15 36 31 24 -16 -3 27 33 -29 -30 -25 32 44 -20 35 -33 -2 38 -38 -18 41 42 -13 -23 -4 -1 57 48 49 -11 -51 53 55 54 -52 -53 -57 -28 -22 60 61 -27
right_child=2 10 22 4 17 9 8 -9 16 47 11 13 -14 20 23 -17 39 -19 26 -21 58 43 -24 30 -26 59 46 28 29 -31 -32 34 -34 -35 -36 -37 37 -39 -40 -41 -42 -43 -44 -45 -46 -47 -48 -49 -50 50 51 52 -54 -55 -56 56 -58 -59 -60 -61 -62 -63
leaf_value=0.0008926998741953866 -0.019255499846508935 -0.053406555438414216 -0.010025357398061223 0.17685659831220452 0.022237980776681349 0.089336317793319089 -0.011016468598562128 0.10111925529837608 0.011437729606083755 -0.011997516801011217 -0.039073595385018145 -0.080135076055830382 -0.15761135103155488 -0.10561256159610789 -0.015060797680805368 0.10747857036968964 -0.0292650376333565 0.10335213161514777 -0.00010613384319746746 0.089333863608977368 0.0046047732536241689 0.10873240454860453 0.023895168834962219 -0.057525450206065379 0.058591057567691965 0.04482026516670181 -0.032180259820490963 -0.01007948925952732 -0.11905976762885556 -0.027939277887568774 0.018504335157573222 -0.05900554166891827 0.013085182065421168 0.065889012778506562 -0.067628180116930225 0.015147215198725464 -0.053517018991029432 0.099074619694981922 0.040816740952432158 -0.1106977666806091 -0.0016984740213956684 -0.090001277870164723 -0.014202932670759559 0.026000903850251975 -0.076122856635381195 0.055225311008180143 -0.0046582275031444931 -0.0015760398439408016 -0.02741987690042991 0.080449482779949899 -0.018712801601116855 0.02294056706703626 0.0022472653775773149 -0.030714036137103398 0.041077735458568833 0.13193391944555674 0.050639321789916217 -0.078869740122130938 -0.073071174621582025 0.053804635234297279 -0.054188806319334468 -0.028425834219902753
leaf_weight=959 107 63 207 54 129 56 50 74 86 120 75 52 72 86 81 88 60 75 328 50 52 52 277 87 92 92 258 564 50 82 54 51 463 50 93 99 50 52 95 54 325 52 266 54 50 63 143 700 77 75 71 64 93 93 163 50 57 104 53 61 60 59
leaf_count=959 107 63 207 54 129 56 50 74 86 120 75 52 72 86 81 88 60 75 328 50 52 52 277 87 92 92 258 564 50 82 54 51 463 50 93 99 50 52 95 54 325 52 266 54 50 63 143 700 77 75 71 64 93 93 163 50 57 104 53 61 60 59
internal_value=4.46405e-05 -0.0080386 0.0168704 0.0321528 0.0790456 -0.000775742 0.0218939 0.0325505 -0.00958231 0.0125812 -0.0304261 -0.0393892 -0.0978056 -0.0295977 0.0261849 0.0423224 -0.0342212 0.052418 -0.00909142 0.0395464 -0.0671359 0.0281101 -0.000937771 0.000538037 0.0242183 -0.00275272 -0.0177515 -0.0100098 -0.0202094 -0.0630903 -0.0284824 -0.00809817 0.000144223 0.0087742 -0.0324206 -0.0102885 0.0142964 0.0325252 0.0081441 -0.0684656 -0.0191999 -0.0345267 -0.0252017 0.0672231 -0.02313 0.00429268 -0.0341636 0.00977577 0.0189747 0.0235487 0.0299619 0.0234297 0.0428985 0.00762899 0.0229337 0.0648654 0.0894973 -0.0457741 -0.0349226 0.00913225 -0.00397539 0.0162022
internal_weight=8272 5588 2684 1444 258 4220 1186 886 300 1619 1368 1033 147 886 812 498 200 204 2601 100 191 410 1240 314 173 335 1579 1074 696 132 141 963 720 378 243 150 304 197 145 114 695 370 318 106 257 1022 505 1563 863 786 666 591 264 327 234 171 107 362 105 272 211 151
internal_count=8272 5588 2684 1444 258 4220 1186 886 300 1619 1368 1033 147 886 812 498 200 204 2601 100 191 410 1240 314 173 335 1579 1074 696 132 141 963 720 378 243 150 304 197 145 114 695 370 318 106 257 1022 505 1563 863 786 666 591 264 327 234 171 107 362 105 272 211 151
is_linear=0
shrinkage=0.03


Tree=86
num_leaves=63
num_cat=0
split_feature=111 8 8 139 8 140 112 4 207 188 8 125 35 271 114 48 173 6 12 8 245 117 111 62 114 8 111 23 15 157 161 216 195 108 114 276 278 4 2 5 45 111 31 22 270 214 112 229 132 141 46 60 73 111 44 65 275 118 8 151 256 68
split_gain=1180.42 918.154 911.2 617.055 815.686 501.841 513.418 460.895 476.441 518.172 612.65 477.862 353.873 529.93 417.341 359.962 343.685 342.891 341.217 331.927 520.39 640.157 377.72 286.882 276.27 273.332 283.332 246.356 239.092 238.202 234.969 234.273 240.991 228.6 224.087 221.263 290.983 274.367 218.297 331.794 225.272 222.942 222.616 243.563 212.22 239.904 210.934 201.851 256.864 200.194 198.689 197.594 229.921 246.795 240.188 237.93 250.988 201.768 200.908 190.184 188.938 185.522
threshold=0.27426491677761083 72.500000000000014 71.500000000000014 29.500000000000004 62.500000000000007 21.500000000000004 0.25105042755603796 49.500000000000007 11.500000000000002 1.5000000000000002 51.500000000000007 9.5000000000000018 0.53456813097000133 0.28271847963333135 0.97377020120620739 0.98719996213912975 0.44222222268581396 45.500000000000007 70.500000000000014 37.500000000000007 8.5000000000000018 0.34435337781906133 0.25568476319313055 0.25789822638034826 0.93228670954704296 93.500000000000014 0.32663163542747503 7.5000000000000009 38.000000000000007 0.26674680411815649 1.5000000000000002 0.033150184899568565 0.15504807978868487 9.5000000000000018 0.93604674935340892 0.084926072508096709 72.500000000000014 67.500000000000014 58.500000000000007 52.500000000000007 70.500000000000014 0.26103179156780248 297.50000000000006 48.500000000000007 8.5000000000000018 0.65868180990219127 0.41152751445770269 16.500000000000004 0.36478537321090704 8.5000000000000018 49.500000000000007 21.500000000000004 1.5000000000000002 0.22127521038055423 4.5000000000000009 0.5224159061908723 0.11342195793986322 50.500000000000007 48.500000000000007 0.23597753047943118 0.061862245202064521 0.35329985618591314
decision_type=2 2 2 2 2 2 2 2 2 2 2 2 2 2 2 2 2 2 2 2 2 2 2 2 2 2 2 2 2 2 2 2 2 2 2 2 2 2 2 2 2 2 2 2 2 2 2 2 2 2 2 2 2 2 2 2 2 2 2 2 2 2
left_child=2 3 19 7 -5 35 -7 8 11 10 -10 60 13 15 -15 24 -13 -17 59 20 49 -22 44 -11 -9 26 31 50 38 -14 -6 32 -3 46 -35 36 -4 -37 41 -40 -41 -8 43 -42 51 -46 -27 -29 -49 -1 -28 -21 53 55 57 56 58 -54 -53 -19 -2 -33
right_child=1 25 5 4 30 6 28 12 9 23 -12 16 29 14 -16 17 -18 18 -20 22 21 -23 -24 -25 -26 33 27 47 -30 -31 -32 61 -34 34 -36 37 -38 -39 39 40 42 -43 -44 -45 45 -47 -48 48 -50 -51 -52 52 54 -55 -56 -57 -58 -59 -60 -61 -62 -63
leaf_value=-0.0098309463001231643 0.0061337237603524145 0.004252627352969004 -0.032584454554956975 0.15209271429443214 0.066360788775628871 -0.13524052676401641 -0.094673781324374054 0.061604622618178832 0.19673022239962043 -0.026454787054920898 0.063056520067424654 0.10619906946762719 -0.09014363660835302 0.025365061683595671 0.12256302856653929 0.032889286742128175 0.018447017048086437 -0.041085122132076407 0.0096987911230987968 0.016455297188851796 0.12635664951629363 -0.010143809987303729 0.016470348265458852 0.072442297632044003 -0.019387970605776423 -0.021606121011218934 -0.044804592515741072 0.021650257282146423 -0.102930719812329 0.0015342508124954559 -0.0088827283577277115 0.0071391333041355889 -0.085067366143238954 -0.079448976340005181 -0.019483358278521337 -0.059650987691067629 0.056128841934785727 0.020266263146292079 -0.064673238302469807 -0.066020543272880955 -0.025612319904678271 -0.016537170878683144 -0.028683200708341169 0.054064526832103728 -0.019706649724394083 0.062080238461494436 0.030477594032585622 0.034419399748245878 0.12241110156096939 0.052082551656977123 0.025325499375372432 -0.03472648648059809 0.0047818220741952279 -0.0066788766671345215 -0.015860392993845798 -0.02170165958678253 0.0023488025476827339 0.05927839574016882 -0.10199179412683053 -0.12229978586326945 -0.064940723074334003 -0.050841128137665531
leaf_weight=267 84 51 51 82 88 56 94 95 50 50 82 65 51 120 59 57 104 52 53 201 77 51 564 54 62 158 62 168 51 50 64 790 57 79 191 93 92 65 133 50 52 51 114 99 56 74 124 71 52 56 85 70 196 804 326 923 50 88 97 54 55 52
leaf_count=267 84 51 51 82 88 56 94 95 50 50 82 65 51 120 59 57 104 52 53 201 77 51 564 54 62 158 62 168 51 50 64 790 57 79 191 93 92 65 133 50 52 51 114 99 56 74 124 71 52 56 85 70 196 804 326 923 50 88 97 54 55 52
internal_value=4.36264e-05 0.0137059 -0.00935444 0.0319266 0.0763933 -0.0348722 -0.0487844 0.0231774 0.0435465 0.0755361 0.114789 0.0188698 0.00616766 0.0156291 0.0579053 -0.00475958 0.052624 -0.029828 -0.0523767 -0.00279763 0.0213769 0.0723127 -0.00596403 0.0250965 0.0297 0.000256306 0.00735773 0.0272897 -0.0410685 -0.0451885 0.0348283 -0.00185099 -0.0432364 -0.0175812 -0.0372573 -0.00246367 0.0244833 -0.026853 -0.0355838 -0.0251288 -0.00828043 -0.0674928 0.00282117 0.0266382 -0.010354 0.0269675 0.00132271 0.0432359 0.0723063 0.0010309 -0.00435606 -0.0121242 -0.014379 -0.0194189 0.00168813 -0.0283903 -0.05661 0.0218168 -0.0741713 -0.083215 -0.0222522 0.00350234
internal_weight=8272 3371 4901 1431 234 1001 700 1197 544 236 132 308 653 552 179 373 169 216 159 3900 451 128 3449 104 157 1940 1388 438 644 101 152 950 108 552 270 301 143 158 593 448 315 145 265 151 2885 130 282 291 123 323 147 2755 2554 1944 610 1140 217 284 167 106 139 842
internal_count=8272 3371 4901 1431 234 1001 700 1197 544 236 132 308 653 552 179 373 169 216 159 3900 451 128 3449 104 157 1940 1388 438 644 101 152 950 108 552 270 301 143 158 593 448 315 145 265 151 2885 130 282 291 123 323 147 2755 2554 1944 610 1140 217 284 167 106 139 842
is_linear=0
shrinkage=0.03


Tree=87
num_leaves=63
num_cat=0
split_feature=111 165 13 111 40 177 235 215 254 156 137 24 31 25 19 56 60 88 112 214 177 47 130 227 269 59 215 19 211 255 99 133 148 63 10 45 227 40 95 13 105 273 165 177 24 108 173 76 48 226 197 33 89 178 114 181 254 41 251 72 94 239
split_gain=1131.91 319.36 326.561 318.199 342.285 315.02 353.76 329.612 312.859 304.307 280.654 260.122 256.345 296.446 362.948 320.622 260.735 252.519 244.081 238.649 237.497 232.372 216.851 216.444 463.77 215.038 215.002 214.675 214.513 212.175 205.094 241.561 209.751 202.294 201.781 198.407 196.536 189.382 341.667 338.201 242.563 291.598 192.939 182.612 171.49 273.63 260.914 204.729 199.448 197.951 171.855 173.421 175.594 170.13 169.509 161.885 193.595 172.144 167.15 160.937 167.808 156.947
threshold=0.30195011198520666 1.5000000000000002 68.500000000000014 0.23697775602340701 3.5000000000000004 0.14495798945426944 0.077524039894342436 0.26546555757522589 1.2030469179153445 0.095925003290176405 0.1863575950264931 1.0000000180025095e-35 92.500000000000014 7.5000000000000009 39.500000000000007 35.500000000000007 95.500000000000014 7.5000000000000009 0.44125862419605261 0.69058522582054149 0.26006440818309789 6.5000000000000009 2.5000000000000004 11.500000000000002 85.500000000000014 1.5000000000000002 0.25949975848197943 26.500000000000004 0.27435168623924261 0.11483516544103624 26.500000000000004 0.70064935088157665 12.500000000000002 0.33649353682994848 16.500000000000004 157.50000000000003 5.5000000000000009 3.5000000000000004 0.21440358459949496 74.500000000000014 20.500000000000004 0.36164201796054846 12.500000000000002 0.37089946866035467 1.0000000180025095e-35 7.5000000000000009 0.47722567617893225 10.500000000000002 0.98486757278442394 5.5000000000000009 0.20761494338512423 0.25734096765518194 56.500000000000007 20.500000000000004 0.47119487822055822 2.5000000000000004 0.69891774654388439 1.0000000180025095e-35 0.34514106810092932 0.29166667163372045 0.68981724977493297 1.0000000180025095e-35
decision_type=2 2 2 2 2 2 2 2 2 2 2 2 2 2 2 2 2 2 2 2 2 2 2 2 2 2 2 2 2 2 2 2 2 2 2 2 2 2 2 2 2 2 2 2 2 2 2 2 2 2 2 2 2 2 2 2 2 2 2 2 2 2
left_child=3 -2 8 4 23 7 10 55 12 18 -7 -10 27 14 20 -15 17 -17 26 25 22 -11 53 24 -1 -6 33 29 -24 -3 31 37 -32 -8 -23 -12 61 42 39 40 41 -39 44 -38 45 46 50 49 -49 -46 -5 52 -52 -14 -27 56 57 -4 -58 -56 -61 -21
right_child=1 2 5 30 19 6 9 -9 11 21 35 -13 13 15 -16 16 -18 -19 -20 36 -22 34 28 -25 -26 54 -28 -29 -30 -31 32 -33 -34 -35 -36 -37 43 38 -40 -41 -42 -43 -44 -45 47 -47 -48 48 -50 -51 51 -53 -54 -55 59 -57 58 -59 -60 60 -62 -63
leaf_value=-0.0054568580187913775 -0.045562272985368517 0.070575733325060674 -0.040998850996201895 0.0071465421690017896 0.010809054585584139 -0.015995092353095177 -0.002412883487637513 0.094195254634945616 0.12440658240739642 -0.092874494390862594 0.021506207645949672 0.034864290081219926 0.032617348129099062 -0.025449655752925744 0.12880709081315075 0.098797957568282357 -0.0017531675377062388 0.02230592573016155 0.063325761109590525 -0.045104471928275679 0.091369799584807704 -0.053960122951689886 0.093350192941725252 0.042061995844109142 -0.072947294984187463 -0.095450665127772547 0.04144184945388274 -0.034897279624580113 0.011325824935327876 -0.01570944851407638 -0.048624704953593514 -0.041838902756138593 -0.0049381554773342334 -0.073280783545758038 0.016060249570926482 0.10114820713443415 -0.062492631242944387 0.044204254828393456 -0.021499684983603308 0.0030075715976754123 0.021528263382175387 0.13118298116852253 0.034974745189808067 0.00076897871406639328 -0.025145459776371715 -0.037958214455010256 -0.015262919410597533 -0.013007004471941733 -0.087116858466948943 0.032655050212577461 0.053430175509595543 0.080670137239328338 -0.014744424338227716 -0.043073842872220734 -0.08687663833328263 -0.030095706410132917 0.089023231536638534 0.031123231214142462 0.023378990208730101 -0.021004143441135919 -0.075713383811597645 0.012976974863320206
leaf_weight=2022 66 50 52 186 58 68 103 61 57 61 58 61 54 112 51 75 104 81 50 50 67 84 61 78 95 64 54 97 54 51 107 85 1180 55 65 55 105 74 106 141 84 67 150 67 124 101 175 70 61 92 82 82 57 51 60 51 60 67 84 232 64 233
leaf_count=2022 66 50 52 186 58 68 103 61 57 61 58 61 54 112 51 75 104 81 50 50 67 84 61 78 95 64 54 97 54 51 107 85 1180 55 65 55 105 74 106 141 84 67 150 67 124 101 175 70 61 92 82 82 57 51 60 51 60 67 84 232 64 233
internal_value=4.27869e-05 0.0189419 0.0210358 -0.00647194 -0.0131787 0.00907202 -0.0035185 0.0309473 0.0330023 -0.0171894 0.0320302 0.0787997 0.0269706 0.0353779 0.055681 0.0168307 0.0350714 0.059476 0.00438879 -0.0283908 0.0422844 -0.044004 0.0269898 -0.00670276 -0.00851849 -0.0431761 -0.00974348 -0.00320333 0.0552641 0.0272791 0.000467577 0.00719094 -0.00860515 -0.0273878 -0.0235109 0.0608172 -0.0127975 0.00973744 0.0257765 0.0394898 0.0622375 0.0861673 0.00330544 -0.037988 -0.00133605 0.00738822 0.0153092 -0.0184799 -0.0479147 -0.00048969 0.0284597 0.0462845 0.0255681 -0.00420647 -0.0506392 0.0184003 0.0278828 -0.000471328 0.0511561 -0.0423384 -0.0330483 0.00259255
internal_weight=8272 2120 2054 6152 3128 1028 653 375 1026 472 181 118 908 710 338 372 260 156 262 933 287 210 220 2195 2117 478 212 198 115 101 3024 1737 1287 158 149 113 455 1652 472 366 225 141 1180 172 1030 683 582 347 131 216 407 221 139 105 420 314 263 119 144 356 296 283
internal_count=8272 2120 2054 6152 3128 1028 653 375 1026 472 181 118 908 710 338 372 260 156 262 933 287 210 220 2195 2117 478 212 198 115 101 3024 1737 1287 158 149 113 455 1652 472 366 225 141 1180 172 1030 683 582 347 131 216 407 221 139 105 420 314 263 119 144 356 296 283
is_linear=0
shrinkage=0.03


Tree=88
num_leaves=63
num_cat=0
split_feature=171 13 113 191 168 13 134 133 37 180 266 116 195 256 172 254 34 7 177 66 118 112 257 249 217 74 230 253 246 45 256 77 5 126 71 151 148 117 134 132 14 215 213 201 221 71 255 60 35 189 195 165 215 235 177 189 39 94 172 255 91 213
split_gain=709.283 354.03 400.765 348.113 501.956 421.398 352.067 363.656 308.358 321.516 297.544 419.211 263.624 303.713 306.435 277.415 247.941 246.95 240.606 388.067 279.949 375.794 250.065 318.398 248.677 224.108 383.992 250.582 222.545 231.509 213.155 223.745 298.069 272.923 236.371 361.766 267.084 233.493 231.761 229.6 212.132 207.318 226.881 212.301 202.727 199.866 235.662 194.148 192.48 192.395 179.843 176.424 171.276 199.712 181.637 169.821 207.785 185.046 173.663 168.523 188.934 173.674
threshold=0.20638945698738101 67.500000000000014 0.54923805594444286 0.25866188108921057 3.5000000000000004 64.500000000000014 0.80956068634986889 0.55517506599426281 0.14505794644355777 10.500000000000002 7.5000000000000009 0.12018518522381784 1.0000000180025095e-35 0.047247024253010757 0.36237373948097235 0.6087595820426942 0.2640224695205689 41.500000000000007 0.075498577207326903 0.041885966435074813 78.500000000000014 0.25105042755603796 0.26975052058696752 26.500000000000004 0.18786764889955523 63.500000000000007 3.5000000000000004 0.40765106678009039 7.5000000000000009 28.500000000000004 0.10102041065692903 0.963188797235489 49.500000000000007 8.5000000000000018 4.5000000000000009 0.27444630861282354 9.5000000000000018 0.23557158559560779 0.74528291821479808 0.30749198794364935 88.500000000000014 0.19253938645124438 0.34969879686832434 1.5000000000000002 1.5000000000000002 1.0000000180025095e-35 0.045804196968674667 91.500000000000014 0.39066769182682043 8.5000000000000018 0.11583184450864793 12.500000000000002 0.24509049206972125 0.29217478632926946 0.22792208194732669 22.500000000000004 0.27872048318386083 0.83758926391601574 0.30495168268680578 0.27622890472412115 0.21545092761516574 0.35198226571083074
decision_type=2 2 2 2 2 2 2 2 2 2 2 2 2 2 2 2 2 2 2 2 2 2 2 2 2 2 2 2 2 2 2 2 2 2 2 2 2 2 2 2 2 2 2 2 2 2 2 2 2 2 2 2 2 2 2 2 2 2 2 2 2 2
left_child=18 2 8 4 10 6 -5 -8 12 28 -4 -12 13 -2 -15 50 17 -3 -1 -20 22 -22 41 24 -24 27 -27 -17 29 -10 31 32 -18 -34 35 38 -37 39 -33 -38 -23 42 43 -21 47 -26 48 -36 -47 -31 -14 -9 55 54 -54 58 57 -57 -51 60 -32 -62
right_child=1 16 3 5 -6 -7 7 51 9 -11 11 -13 15 14 -16 25 30 -19 19 20 21 40 23 -25 45 26 -28 -29 -30 49 59 34 33 -35 44 36 37 -39 -40 -41 -42 -43 -44 -45 -46 46 -48 -49 -50 52 -52 -53 53 -55 -56 56 -58 -59 -60 -61 61 -63
leaf_value=0.012047940886306039 0.033373318177226996 0.012369379426818341 -0.0090974755822257562 -0.015427424839765922 -0.059893824353015844 0.11677419704276246 0.10034618594056489 -0.015303460642442866 -0.05422158541956118 0.048220993384423823 0.01359035318936495 0.1267365317749527 0.04309147989248921 0.015807752986438571 -0.079503530608073095 0.045564831662178042 0.0910421884531388 -0.061586583980103644 -0.049229833411853552 -0.00061626565229261712 -0.10393890201937979 -0.015438182563995253 0.052499420213096427 0.062196798195469784 0.014194007330436513 -0.00025850143710461754 0.097398850410874621 -0.022306212331069275 -0.066084079055913847 -0.041802360967478962 -0.029412118825742177 -0.0069123956197872753 -0.032585050355304367 0.047577189438986575 0.077008566114496677 -0.055652318983842992 0.063242834435197806 -0.050009757474597009 0.02376037880798066 -0.012111850110243778 -0.076870888409289448 -0.042210295390169225 0.019797761924855876 -0.048647970524616536 -0.014060058473225901 -0.022652058677943912 0.0025536893583326175 0.015659922835357644 -0.094068887567199347 0.059424147146209229 0.11384992425640424 0.05880705865590196 -0.029865209849981159 0.070558594599011731 0.036116434333197188 -0.071762338665624453 0.017099107212076584 -0.0014879113510251046 -0.00013900508752220686 -0.028462506019464737 0.038632695712701622 -0.0015808803945884249
leaf_weight=326 103 63 87 81 69 76 97 58 76 100 67 52 86 55 66 74 63 112 270 195 51 647 75 87 263 71 73 140 55 87 174 419 65 90 93 156 57 69 469 97 54 198 191 143 67 94 175 93 53 52 53 56 64 66 88 89 71 54 261 285 117 534
leaf_count=326 103 63 87 81 69 76 97 58 76 100 67 52 86 55 66 74 63 112 270 195 51 647 75 87 263 71 73 140 55 87 174 419 65 90 93 156 57 69 469 97 54 198 191 143 67 94 175 93 53 52 53 56 64 66 88 89 71 54 261 285 117 534
internal_value=4.30038e-05 0.00636407 0.014895 0.0351826 0.00959433 0.0542265 0.037604 0.0579388 0.00756723 -0.00270654 0.0330464 0.0636765 0.022697 -0.00431412 -0.0364058 0.0348553 -0.000487629 -0.0350434 -0.0121625 -0.0153282 -0.0111959 -0.0260779 -0.00359085 0.00859395 0.00144472 0.020783 0.0495786 0.00126598 -0.0080395 -0.00445475 0.00164726 0.00820446 0.0365553 0.0139674 0.004117 -0.00117729 -0.0256762 -0.00455161 0.00929603 0.0160072 -0.0202733 -0.0161055 -0.00627344 -0.0210209 0.0305305 -0.00517918 -0.0209976 0.046582 -0.0488626 0.000150892 0.0706918 0.0212965 0.0050996 0.0273998 0.00832107 -0.00415956 -0.0246945 -0.0454198 0.00991421 -0.00861792 -0.00173636 0.00569461
internal_weight=8272 5450 2427 643 275 368 292 211 1784 1063 206 119 721 224 121 497 3023 175 2822 2496 2226 752 1474 747 660 358 144 214 963 908 2848 1738 218 155 1520 1267 379 223 888 154 701 727 529 338 253 585 322 186 147 832 139 114 745 218 152 527 214 143 313 1110 825 651
internal_count=8272 5450 2427 643 275 368 292 211 1784 1063 206 119 721 224 121 497 3023 175 2822 2496 2226 752 1474 747 660 358 144 214 963 908 2848 1738 218 155 1520 1267 379 223 888 154 701 727 529 338 253 585 322 186 147 832 139 114 745 218 152 527 214 143 313 1110 825 651
is_linear=0
shrinkage=0.03


Tree=89
num_leaves=63
num_cat=0
split_feature=111 236 192 216 261 165 111 40 135 277 177 271 272 251 10 177 4 203 79 5 140 10 78 60 168 196 119 48 113 214 257 130 133 48 131 133 147 78 192 234 246 59 172 6 134 147 34 34 255 256 36 13 205 160 212 34 111 212 216 120 278 172
split_gain=1034.18 321.689 389.919 384.836 548.504 321.141 287.326 316.861 267.745 292.527 272.555 320.067 397.613 302.196 292.996 415.624 288.668 286.914 373.865 255.607 249.879 252.268 389.201 431.252 243.378 242.859 221.807 264.436 241.282 221.492 218.042 215.774 277.491 215.363 212.851 280.651 210.309 246.883 219.113 263.107 203.303 201.283 192.126 185.923 211.567 277.68 349.031 291.9 263.131 382.85 303.344 225.391 190.83 189.135 205.271 222.775 176.222 169.122 168.176 168.12 201.724 314.658
threshold=0.30195011198520666 0.31866537034511572 0.44913792610168463 0.19082633405923846 2.5000000000000004 1.5000000000000002 0.23697775602340701 3.5000000000000004 0.23112535476684573 0.29797463119030004 0.30495168268680578 0.23825291544198993 0.34969879686832434 0.45080643892288214 51.500000000000007 0.13714733719825747 39.500000000000007 4.5000000000000009 4.5000000000000009 90.500000000000014 78.500000000000014 4.5000000000000009 106.50000000000001 89.500000000000014 3.5000000000000004 0.027402402833104137 10.500000000000002 0.99432462453842174 0.55898165702819835 0.69058522582054149 0.29478609561920172 5.5000000000000009 0.29442724585533148 0.99024656414985668 0.25362622737884527 0.32015624642372137 56.500000000000007 65.500000000000014 0.38742592930793768 0.82875940203666698 5.5000000000000009 1.5000000000000002 0.42678572237491613 68.500000000000014 1.1049042940139773 38.500000000000007 0.33947786688804632 0.36037498712539678 0.079473681747913374 0.028778468258678917 0.59027162194252025 73.500000000000014 23.500000000000004 5.5000000000000009 0.35463453829288488 0.27218705415725714 0.19413723051548007 0.38501602411270147 0.082843139767646803 5.5000000000000009 72.500000000000014 0.26491229236125952
decision_type=2 2 2 2 2 2 2 2 2 2 2 2 2 2 2 2 2 2 2 2 2 2 2 2 2 2 2 2 2 2 2 2 2 2 2 2 2 2 2 2 2 2 2 2 2 2 2 2 2 2 2 2 2 2 2 2 2 2 2 2 2 2
left_child=6 3 57 5 -5 -2 7 20 10 25 13 -12 -13 14 15 16 33 18 -17 43 21 22 23 34 -21 -10 27 28 -18 41 -16 40 -33 -7 35 -1 37 -20 39 -39 59 -9 -11 44 45 46 48 -48 50 -50 -8 -51 -49 54 55 -47 -37 -3 -27 -23 61 -61
right_child=1 2 -4 4 -6 8 19 29 9 42 11 12 -14 -15 30 17 26 -19 36 24 -22 31 -24 -25 -26 58 -28 -29 -30 -31 -32 32 -34 -35 -36 56 -38 38 -40 -41 -42 -43 -44 -45 -46 53 47 52 49 51 -52 -53 -54 -55 -56 -57 -58 -59 -60 60 -62 -63
leaf_value=-0.013559322278300413 -0.055163791567387162 -0.010890317281648035 0.041400148096409711 0.017938050699553319 0.14726675722174917 0.033283048530871218 0.046669888013943291 0.010788059128543078 0.070065494893412836 -0.085564954368507168 0.011983337797032778 0.14421407942008227 0.038882801550096033 0.079705700209313946 0.031109405111182816 0.050978136990787619 0.055804029504458112 0.046734666495450904 -0.062654078599827523 -0.0028099916282357 0.056821083692664448 0.010235348500767035 -0.090931518445722753 0.061448109842052588 -0.07376840684279988 0.027548841409764047 0.00924299839793182 0.019277492633887696 0.14543678855194764 -0.012171709540569663 0.10249887576874565 -0.089434046708047388 -0.0097566308966856828 -0.051474284414412839 0.0060757862275741138 -0.11038722731749571 -0.084039794807987553 0.036507618593819 0.051423501354806563 -0.045997794384306123 0.049696982602931948 -0.048657983136783642 -0.0046402272794927868 -0.0068928970095572719 -0.043103391190662102 -0.058771364430211623 0.099054848926762737 -0.016452595270597017 0.093303396134920752 0.034919568409302063 -0.030979621847244829 -0.03274419912967183 0.06316829828643486 0.016000153391387467 -0.044896964007808314 0.0068525635674174853 -0.037597201808248874 -0.078987274571942781 -0.021566073094397335 -0.063424868981043492 0.0033514355083230796 -0.0023757053285837176
leaf_weight=146 51 61 65 69 51 54 60 58 56 50 84 59 72 73 164 58 62 69 87 97 54 651 71 56 78 117 81 62 50 455 50 53 146 52 121 62 55 50 50 109 75 420 55 1127 67 52 89 51 68 123 175 68 56 408 123 382 60 71 133 134 392 174
leaf_count=146 51 61 65 69 51 54 60 58 56 50 84 59 72 73 164 58 62 69 87 97 54 651 71 56 78 117 81 62 50 455 50 53 146 52 121 62 55 50 50 109 75 420 55 1127 67 52 89 51 68 123 175 68 56 408 123 382 60 71 133 134 392 174
internal_value=4.28602e-05 0.0181078 -0.0183327 0.0218485 0.0736656 0.0183608 -0.0061843 -0.0125574 0.0205313 -0.000652968 0.0270197 0.0579161 0.0870552 0.0210741 0.0169377 0.00891887 0.0331706 -0.00942781 -0.0189935 0.000409997 -0.00632669 -0.00794517 -0.0261979 -0.0156889 -0.0346766 0.0141845 0.0504115 0.0694138 0.0967516 -0.0271936 0.0481883 -0.00213668 -0.0313183 -0.0083885 -0.0269226 -0.0417883 -0.0306678 -0.0205011 -0.00273938 -0.0199867 0.00195475 -0.0414374 -0.0436195 0.00257661 0.00877453 0.0108995 0.0254169 0.0591878 0.0119254 0.0327254 -0.0110405 0.0107848 0.0254172 0.000503612 -0.0108559 -0.00112724 -0.0751856 -0.0478367 0.00143789 -0.000730432 -0.0109287 -0.0290554
internal_weight=8272 2120 197 1923 120 1803 6152 3128 1752 411 1341 215 131 1126 1053 839 361 478 409 3024 2195 2141 516 445 175 306 255 174 112 933 214 1625 199 106 389 268 351 296 209 159 1426 478 105 2849 1722 1655 690 196 494 259 235 191 107 965 557 434 122 132 250 1351 700 308
internal_count=8272 2120 197 1923 120 1803 6152 3128 1752 411 1341 215 131 1126 1053 839 361 478 409 3024 2195 2141 516 445 175 306 255 174 112 933 214 1625 199 106 389 268 351 296 209 159 1426 478 105 2849 1722 1655 690 196 494 259 235 191 107 965 557 434 122 132 250 1351 700 308
is_linear=0
shrinkage=0.03


Tree=90
num_leaves=63
num_cat=0
split_feature=111 159 13 6 177 215 10 254 217 111 40 130 128 237 233 117 173 48 174 93 177 226 216 138 5 4 140 10 78 60 47 11 271 229 130 34 210 80 85 272 270 80 232 4 215 131 133 38 113 132 6 134 147 34 3 45 59 58 45 153 38 60
split_gain=973.929 286.743 295.898 320.211 522.859 363.705 361.599 298.072 373.565 270.481 298.089 257.476 292.771 272.046 272.019 334.197 292.697 380.826 322.502 285.926 255.439 249.935 246.4 274.273 240.692 237.544 235.373 237.539 366.516 406.184 233.9 231.674 231.535 226.184 240.294 225.144 216.301 216.016 236.772 231.149 214.22 308.587 209.521 201.989 218.801 200.44 264.359 220.886 200.156 198.618 174.992 199.232 261.565 328.624 410.867 602.103 186.362 353.35 189.523 278.599 195.625 181.13
threshold=0.30195011198520666 1.5000000000000002 68.500000000000014 45.500000000000007 0.14495798945426944 0.26546555757522589 50.500000000000007 1.2322330474853518 0.21934513747692111 0.23697775602340701 3.5000000000000004 1.0000000180025095e-35 1.5000000000000002 0.17519181966781619 0.8441295623779298 0.1465040594339371 0.74596774578094494 0.99501866102218639 0.97440809011459362 0.40988697111606603 0.10912698507308961 5.5000000000000009 0.10275264084339143 187.50000000000003 90.500000000000014 61.500000000000007 78.500000000000014 4.5000000000000009 106.50000000000001 89.500000000000014 135.50000000000003 69.500000000000014 0.29395148158073431 31.500000000000004 6.5000000000000009 0.34800881147384649 3.5000000000000004 33.500000000000007 31.500000000000004 0.35495558381080633 3.5000000000000004 16.500000000000004 0.26365442574024206 67.500000000000014 0.14933950453996661 0.25362622737884527 0.32015624642372137 0.096124973148107543 0.54147553443908703 0.35168625414371496 68.500000000000014 1.1049042940139773 38.500000000000007 0.33947786688804632 65.500000000000014 72.500000000000014 7.5000000000000009 21.500000000000004 157.50000000000003 0.40676060318946844 0.086995135992765441 77.500000000000014
decision_type=2 2 2 2 2 2 2 2 2 2 2 2 2 2 2 2 2 2 2 2 2 2 2 2 2 2 2 2 2 2 2 2 2 2 2 2 2 2 2 2 2 2 2 2 2 2 2 2 2 2 2 2 2 2 2 2 2 2 2 2 2 2
left_child=9 -2 7 -4 5 32 22 11 -9 10 26 13 48 -3 15 20 17 18 21 -19 -14 -17 31 -24 50 -23 27 28 29 45 33 -6 35 34 -29 36 -5 38 39 43 41 -33 -40 44 -12 46 -1 -48 -13 -34 51 52 53 56 55 -55 57 58 59 60 -11 -54
right_child=1 2 3 4 6 -7 -8 8 -10 24 37 12 14 -15 -16 16 -18 19 -20 -21 -22 25 23 -25 -26 -27 -28 30 -30 -31 -32 40 49 -35 -36 -37 -38 -39 42 -41 -42 -43 -44 -45 -46 -47 47 -49 -50 -51 -52 -53 61 54 -56 -57 -58 -59 -60 -61 -62 -63
leaf_value=-0.013155309946599358 -0.040484561954901827 0.040890149813559318 0.059331134534999726 0.058008922938196386 -0.059879531723375498 0.10150338577106595 0.02427126185740194 0.016006114496027721 0.12658199676823231 -0.010513629320609782 -0.046076762887629491 0.040266831750189191 0.023188718643474888 -0.04485799020092035 -0.026577378812145037 0.030704206441878341 0.10505085497605995 -0.065598462881410816 0.0063585360923215095 0.03181600440422009 -0.063399964671801104 0.061263488877204154 -0.093273175304134676 -0.015068603533506393 -0.033649364825846115 0.14986366420984268 0.055147444571622385 0.0011610880112652776 -0.088241463168524201 0.059637007805469787 -0.054182646169415295 -0.011413548755645752 0.026631577661117681 0.058022699411642752 -0.049668939959969412 0.086237814232707016 -0.018113508453965189 -0.079200094280334615 0.04031124453991651 0.0081692260326546376 -0.038311489136381584 0.082774265325731705 -0.016679137607223966 -0.080037051281150504 0.0025303554970051061 0.0058950069852051184 -0.03180923260267704 -0.11294608214779966 0.11993528977323037 -0.053534115007147193 -0.0066862934134761859 -0.041829305685618344 -0.014552267379370985 0.012966869701357448 0.0038699479797218417 0.14996422631220649 -0.028616449678814861 0.077897667941915522 0.038819850511256263 -0.062197313651558943 0.060395479228566668 0.011695949402780671
leaf_weight=146 73 53 99 60 64 55 154 50 61 111 282 66 76 86 82 71 60 50 91 57 50 61 89 74 175 52 54 1406 71 56 73 74 51 58 88 59 74 64 83 102 65 53 187 97 118 121 61 61 51 59 1127 67 412 50 78 68 85 76 109 63 50 553
leaf_count=146 73 53 99 60 64 55 154 50 61 111 282 66 76 86 82 71 60 50 91 57 50 61 89 74 175 52 54 1406 71 56 73 74 51 58 88 59 74 64 83 102 65 53 187 97 118 121 61 61 51 59 1127 67 412 50 78 68 85 76 109 63 50 553
internal_value=4.31336e-05 0.0175739 0.0196631 0.00831695 0.00283441 0.0312292 -0.0149297 0.0311348 0.0773607 -0.00599989 -0.0121834 0.0253923 0.0321946 -0.0121041 0.0242564 0.0316289 0.0438932 0.0340381 0.0526696 -0.0138907 -0.0114005 0.0754152 -0.0293611 -0.0580776 0.000398189 0.102992 -0.00614003 -0.00771083 -0.0254227 -0.0152246 -0.00207445 -0.0109219 0.0181812 0.000409823 -0.00186414 0.0379088 0.0161484 -0.0263794 -0.0224027 -0.0329014 0.00562298 0.0282328 0.000924231 -0.0413298 -0.0317671 -0.0261268 -0.0405526 -0.0729661 0.0757162 -0.0164613 0.00250064 0.00851361 0.0105757 0.0246655 0.0574344 0.0925113 0.0115744 0.0199764 0.00656347 -0.00923549 0.0117447 0.000485993
internal_weight=8272 2120 2047 1030 931 358 573 1017 111 6152 3128 906 767 139 650 568 442 382 275 107 126 184 419 163 3024 113 2195 2141 516 445 1625 256 303 1552 1494 193 134 933 869 599 192 127 270 497 400 389 268 122 117 110 2849 1722 1655 690 196 118 494 409 333 224 161 965
internal_count=8272 2120 2047 1030 931 358 573 1017 111 6152 3128 906 767 139 650 568 442 382 275 107 126 184 419 163 3024 113 2195 2141 516 445 1625 256 303 1552 1494 193 134 933 869 599 192 127 270 497 400 389 268 122 117 110 2849 1722 1655 690 196 118 494 409 333 224 161 965
is_linear=0
shrinkage=0.03


Tree=91
num_leaves=63
num_cat=0
split_feature=111 8 8 249 151 8 101 256 38 45 8 75 229 75 106 111 111 99 155 131 60 68 127 111 66 8 4 8 109 63 174 66 115 111 8 47 125 116 39 129 112 14 232 200 226 111 109 8 200 47 64 46 225 43 131 134 191 48 143 3 4 117
split_gain=918.138 870.921 865.975 376.719 556.155 375.21 676.464 545.045 633.923 576.27 486.164 447.169 438.154 425.033 353.368 514.797 347.267 319.007 311.462 294.465 289.259 354.185 299.216 405.342 325.639 253.944 247.154 290.298 570.389 238.741 234.902 220.305 374.077 209.496 207.715 196.834 194.341 204.449 192.708 189.58 288.321 276.812 198.766 189.238 189.048 187.093 201.625 264.613 395.25 190.138 185.806 178.973 184.133 174.4 169.902 213.8 275.889 167.904 167.206 167.194 379.238 247.191
threshold=0.26483158767223364 82.500000000000014 58.500000000000007 28.500000000000004 0.27031427621841436 57.500000000000007 3.5000000000000004 0.10582306981086732 0.065121166408061995 65.500000000000014 38.500000000000007 65.500000000000014 12.500000000000002 26.500000000000004 24.500000000000004 0.30449178814888006 0.30992957949638372 41.500000000000007 0.22755504399538043 0.28877434134483343 12.500000000000002 0.11695219576358797 21.500000000000004 0.20856226980686191 0.041885966435074813 106.50000000000001 88.500000000000014 86.500000000000014 31.500000000000004 0.34630528092384344 0.22306763380765918 0.20705188065767291 0.29658564925193792 0.37573529779911047 67.500000000000014 30.500000000000004 26.500000000000004 0.1152462661266327 0.22963736206293109 27.500000000000004 0.45019082725048071 65.500000000000014 0.29340028762817388 17.500000000000004 10.500000000000002 0.21676707267761233 19.500000000000004 43.500000000000007 11.500000000000002 169.50000000000003 0.42237871885299688 240.50000000000003 7.5000000000000009 0.78416147828102123 0.28877434134483343 0.64412090182304393 0.2674796879291535 0.99507996439933788 2.5000000000000004 59.500000000000007 49.500000000000007 0.249161072075367
decision_type=2 2 2 2 2 2 2 2 2 2 2 2 2 2 2 2 2 2 2 2 2 2 2 2 2 2 2 2 2 2 2 2 2 2 2 2 2 2 2 2 2 2 2 2 2 2 2 2 2 2 2 2 2 2 2 2 2 2 2 2 2 2
left_child=2 5 3 45 19 6 7 8 13 -10 -9 -8 -11 -2 18 -16 54 35 36 -5 -4 -22 24 -24 38 31 27 30 -29 -12 -26 32 33 44 -25 50 39 -38 -23 41 42 -7 -41 -20 -18 49 -47 48 -48 59 -17 52 -36 -27 55 -3 -57 -33 -32 -1 61 -61
right_child=1 16 20 4 -6 14 11 10 9 12 29 -13 -14 -15 15 17 25 -19 43 -21 21 22 23 34 26 53 -28 28 -30 -31 58 57 -34 -35 51 -37 37 -39 -40 40 -42 -43 -44 -45 -46 46 47 -49 -50 -51 -52 -53 -54 -55 -56 56 -58 -59 -60 60 -62 -63
leaf_value=-0.012219000136434895 0.053585274408503275 -0.010547239235486866 0.045024482446880836 4.8610374618035096e-05 0.11729325768782904 0.029743956977893646 0.14513230361777824 -0.093369895963428109 0.013281472214946039 0.059180563639950105 -0.026893453929294844 0.030034420130883945 0.16271261424972461 -0.038981454254185054 0.011554899594070947 0.071192343817914241 0.0090662769598694615 0.12993521750849835 -0.065615080572043849 0.078392778308886399 -0.089621045634542637 -0.026007444593641491 -0.12276783751921271 -0.011592280826589557 -0.069019193649291988 -0.0044758949165835098 0.031611009582367566 0.0042463807915819104 -0.13110599286041477 0.047035465889743389 0.0099633720170741319 0.018484378873503633 -0.075485403535040935 0.056801317486573348 -0.061737392562758793 0.085465310069918629 0.0092748885449853921 -0.055170688447184285 -0.10755863056149123 0.061433471114589612 0.094675962722526402 -0.034536592389922585 0.0068925548139080967 -0.00084306449592113492 -0.048983919907721774 -0.032877370486755604 -1.6450177878141405e-05 0.0056160149782038225 0.099795743174397863 -0.05614926525702079 -6.0469303676422597e-05 -0.096920055400114502 0.0088763298993965369 -0.076634190462868318 -0.0047669306644559199 -0.033410782338150084 -0.10685022674724459 0.077171596579253668 -0.016330564035820817 0.029580301199457606 0.046436222270489311 -0.044143955546774361
leaf_weight=996 81 120 52 233 56 113 79 51 80 73 73 50 77 97 558 50 271 50 89 52 75 53 52 191 59 67 105 57 54 83 320 167 54 65 90 74 102 77 52 77 52 127 264 74 61 87 69 528 73 71 93 63 52 54 166 123 74 59 676 63 155 113
leaf_count=996 81 120 52 233 56 113 79 51 80 73 73 50 77 97 558 50 271 50 89 52 75 53 52 191 59 67 105 57 54 83 320 167 54 65 90 74 102 77 52 77 52 127 264 74 61 87 69 528 73 71 93 63 52 54 166 123 74 59 676 63 155 113
internal_value=4.35679e-05 0.0108188 -0.0092249 0.00248017 0.0317307 0.0209741 0.0388839 0.0256919 0.0457715 0.0785573 -0.0139152 0.101095 0.113053 0.00320564 0.0135539 0.0279914 -0.00934973 0.0621706 0.00132142 0.0145671 -0.0241933 -0.0261114 -0.0234523 -0.0447282 -0.0164978 0.00280681 -0.012274 -0.0162496 -0.0621834 0.0124896 -0.0113624 0.00997328 -0.00215439 0.0079847 -0.0341971 0.0460322 0.00892779 -0.0186 -0.0670284 0.0167292 0.0295334 -0.00427333 0.0193519 -0.0363938 -0.00171464 -0.00216091 0.00984353 0.0154316 0.0516345 -0.00866355 0.0251745 -0.0550997 -0.0359976 -0.037043 -0.0293988 -0.0422419 -0.0613975 0.0340778 -0.00788119 -0.0060825 0.0123638 -0.017736
internal_weight=8272 3825 4447 2496 341 2544 744 615 408 230 207 129 150 178 1800 825 1281 267 975 285 1951 1899 1824 448 1376 798 1271 1166 111 156 1055 677 451 397 396 217 812 179 105 633 393 240 341 163 332 2155 757 670 142 1398 143 205 142 121 483 317 197 226 996 1327 331 176
internal_count=8272 3825 4447 2496 341 2544 744 615 408 230 207 129 150 178 1800 825 1281 267 975 285 1951 1899 1824 448 1376 798 1271 1166 111 156 1055 677 451 397 396 217 812 179 105 633 393 240 341 163 332 2155 757 670 142 1398 143 205 142 121 483 317 197 226 996 1327 331 176
is_linear=0
shrinkage=0.03


Tree=92
num_leaves=63
num_cat=0
split_feature=111 8 8 139 8 111 8 86 4 156 207 8 2 112 267 26 119 75 61 206 58 249 37 10 127 249 29 8 13 14 146 46 199 111 256 132 204 8 249 33 257 68 48 8 12 46 111 174 132 1 8 111 19 117 54 217 118 236 234 237 259 154
split_gain=872.634 857.994 674.415 691.294 637.622 377.375 361.837 418.24 351.125 419.447 392.202 409.502 427.841 360.968 337.752 431.51 317.734 302.693 281.556 361.805 268.617 258.963 251.443 250.534 248.641 248.107 238.76 275.564 275.812 265.774 244.526 236.853 285.166 233.052 261.317 228.465 208.947 371.226 274.983 207.15 201.299 199.568 389.36 190.963 185.101 235.273 379.446 183.384 182.782 181.324 238.033 177.935 272.017 175.811 288.725 186.175 194.241 179.748 174.342 173.257 171.223 169.579
threshold=0.28867521882057195 71.500000000000014 79.500000000000014 29.500000000000004 64.500000000000014 0.24452438205480578 45.500000000000007 17.500000000000004 49.500000000000007 0.090803384780883803 11.500000000000002 54.500000000000007 47.500000000000007 0.47550979256629949 22.500000000000004 3.5000000000000004 15.500000000000002 110.50000000000001 3.5000000000000004 7.5000000000000009 17.500000000000004 25.500000000000004 0.18140564113855365 4.5000000000000009 3.5000000000000004 19.500000000000004 14.500000000000002 47.500000000000007 67.500000000000014 62.500000000000007 12.500000000000002 53.500000000000007 10.500000000000002 0.21466974169015887 0.051503095775842674 0.43705986440181738 1.0000000180025095e-35 60.500000000000007 18.500000000000004 0.2592956423759461 0.14415584504604342 0.31738400459289556 0.98573461174964916 93.500000000000014 62.500000000000007 249.50000000000003 0.20064935088157657 0.61335423588752758 0.31225000321865087 26.500000000000004 65.500000000000014 0.26425938308238989 26.500000000000004 0.18502956628799441 4.5000000000000009 0.15971014648675921 66.500000000000014 0.22048611193895343 0.61830145120620739 0.23861283808946612 6.5000000000000009 0.70853146910667431
decision_type=2 2 2 2 2 2 2 2 2 2 2 2 2 2 2 2 2 2 2 2 2 2 2 2 2 2 2 2 2 2 2 2 2 2 2 2 2 2 2 2 2 2 2 2 2 2 2 2 2 2 2 2 2 2 2 2 2 2 2 2 2 2
left_child=1 5 3 8 -5 6 7 -1 10 17 13 12 -12 21 20 -16 -6 18 19 -10 23 25 -20 -3 -25 39 -7 28 29 -28 -30 32 58 -26 48 44 38 -38 -11 -2 -33 43 -43 53 -8 49 -47 -48 -35 -46 -51 52 -42 54 55 60 -57 59 -22 -55 -4 -45
right_child=2 14 41 4 16 26 35 -9 9 36 11 -13 -14 -15 15 -17 -18 -19 22 -21 31 -23 -24 24 33 -27 27 -29 30 -31 -32 40 -34 34 -36 -37 37 -39 -40 -41 51 42 -44 61 45 46 47 -49 -50 50 -52 -53 -54 57 -56 56 -58 -59 -60 -61 -62 -63
leaf_value=0.0036349808847470889 0.072642985038570501 -0.077107837419618255 0.021511406780638054 0.16327642334591258 0.017068797080146688 -0.042721393931370512 -0.0028404073285509309 0.09087535326440746 0.0086092361722908475 -0.032306846435423253 0.046043658629059785 0.029819306624545291 0.1696446891369755 -0.051648302056261745 -0.027313827853649855 -0.13720543944564731 0.093484495102268889 0.089199578442018132 0.01791798667661075 0.10673027779249585 0.08667161015344077 0.087967029441561956 -0.059125604910009046 0.017177114718930516 -0.083058199644321568 -0.043527591241633183 0.12579625981992909 0.0098046368641317681 -0.035089590039390786 0.033758814673870804 0.057386587034253513 0.025128617532134644 -0.033783780031327933 -0.033444872339921335 -0.048463965682785257 0.043072701682714494 -0.10212833193215456 -0.0053827005888842329 0.055585512355813438 0.003099193488774092 -0.012398529462888837 -0.10032887673005461 0.012532636563656692 -0.053373842460031691 -0.00090668295796583341 -0.11525051841139793 0.00465104584715196 -0.057808158541704679 0.031351772779389546 -0.018844667273524345 -0.072850857984951944 -0.0051221060359515017 -0.082872170620795452 -0.011601926600448337 0.08820324633428353 -0.006851873859497053 0.065060395981217253 -0.045572928626622475 0.01000402804244967 0.036074598891278495 -0.052422477974133054 -0.004942120672545478
leaf_weight=1014 66 109 57 54 123 64 626 51 101 80 50 131 52 60 79 54 81 54 86 50 57 53 67 93 79 50 55 1029 51 59 50 75 52 69 206 60 65 78 52 91 99 51 58 77 394 59 83 85 88 453 87 160 98 165 58 55 86 69 50 116 54 394
leaf_count=1014 66 109 57 54 123 64 626 51 101 80 50 131 52 60 79 54 81 54 86 50 57 53 67 93 79 50 55 1029 51 59 50 75 52 69 206 60 65 78 52 91 99 51 58 77 394 59 83 85 88 453 87 160 98 165 58 55 86 69 50 116 54 394
internal_value=4.26048e-05 -0.00671021 0.014099 0.0280271 0.0724419 -1.53408e-05 -0.00602774 0.00789402 0.0183123 0.00304284 0.0357536 0.0652801 0.110091 0.0141183 -0.0273474 -0.0726224 0.0477183 0.024417 0.0126548 0.0415881 -0.0224168 0.0294349 -0.0159849 -0.0358058 -0.0272628 0.0140976 0.0133644 0.0162819 0.0470934 0.0788706 0.0108045 -0.00779132 0.0234164 -0.036631 -0.0263266 -0.0140551 -0.02477 -0.0497618 0.00247502 0.0326089 -0.019305 -0.00212998 -0.0407061 0.00162047 -0.0159962 -0.0230812 -0.0504204 -0.0271054 0.00284283 -0.0163898 -0.0276642 -0.028684 -0.047698 0.0120267 0.0284404 0.0143912 0.0371588 -0.0025507 0.05127 0.00813762 -0.0146033 -0.0129561
internal_weight=8272 5588 2684 1444 258 4220 2912 1065 1186 633 553 233 102 320 1368 133 204 358 304 151 1235 260 153 644 535 207 1308 1244 215 114 101 591 159 442 363 1847 275 143 132 157 432 1240 109 1131 1787 1161 227 168 157 934 540 357 197 660 310 252 141 350 107 281 111 471
internal_count=8272 5588 2684 1444 258 4220 2912 1065 1186 633 553 233 102 320 1368 133 204 358 304 151 1235 260 153 644 535 207 1308 1244 215 114 101 591 159 442 363 1847 275 143 132 157 432 1240 109 1131 1787 1161 227 168 157 934 540 357 197 660 310 252 141 350 107 281 111 471
is_linear=0
shrinkage=0.03


Tree=93
num_leaves=63
num_cat=0
split_feature=231 195 258 51 154 152 1 5 186 231 212 230 43 147 33 149 118 9 114 38 92 90 255 172 257 136 67 256 49 137 131 239 86 201 68 58 74 133 3 257 238 174 87 114 237 9 215 29 98 35 219 13 199 61 75 210 201 113 13 194 46 266
split_gain=493.01 317.435 257.155 321.401 327.065 258.121 248.229 281.91 327.338 289.885 278.29 323.564 283.608 267.476 259.583 254.973 337.715 273.055 247.977 246.697 238.412 236.861 235.524 238.945 234.423 232.712 254.465 231.241 419.25 230.606 318.387 271.177 232.852 235.334 250.652 304.425 223.773 333.554 222.638 220.536 212.927 212.56 205.048 203.018 314.368 227.175 200.792 199.523 257.406 198.545 204.173 198.075 191.461 188.047 186.36 180.867 210.61 177.034 210.689 174.489 171.407 164.252
threshold=0.30368906259536749 0.58114033937454235 38.500000000000007 15.500000000000002 0.76423239707946788 0.3148659616708756 26.500000000000004 52.500000000000007 2.5000000000000004 0.15707236528396609 0.31057780981063848 6.5000000000000009 0.91547620296478283 87.500000000000014 0.29936240613460546 62.500000000000007 42.500000000000007 44.500000000000007 0.98635968565940868 0.072491426020860686 0.34930197894573217 11.500000000000002 0.29099461436271673 0.32466214895248419 0.36266924440860754 0.080145984888076796 0.082272361963987364 0.043015725910663612 71.500000000000014 0.2175039350986481 0.33678840100765234 2.5000000000000004 6.5000000000000009 5.5000000000000009 0.22110323607921603 14.500000000000002 87.500000000000014 0.49652761220932012 66.500000000000014 0.28297100961208349 23.500000000000004 1.1251598596572878 24.500000000000004 0.99537172913551342 0.27842378616333013 69.500000000000014 0.059262510389089591 28.500000000000004 59.500000000000007 0.50434029102325451 14.500000000000002 82.500000000000014 4.5000000000000009 4.5000000000000009 41.500000000000007 3.5000000000000004 2.5000000000000004 0.51754924654960643 62.500000000000007 0.81586176156997692 81.500000000000014 6.5000000000000009
decision_type=2 2 2 2 2 2 2 2 2 2 2 2 2 2 2 2 2 2 2 2 2 2 2 2 2 2 2 2 2 2 2 2 2 2 2 2 2 2 2 2 2 2 2 2 2 2 2 2 2 2 2 2 2 2 2 2 2 2 2 2 2 2
left_child=6 2 5 4 52 18 7 8 36 -10 11 25 19 21 15 -9 55 59 -2 -13 46 -12 23 -11 27 -8 51 28 -7 30 49 -32 -31 34 35 -34 37 -1 -38 -15 -33 -35 -21 45 -45 57 -19 -29 -49 50 -5 53 -4 -27 -37 56 -17 58 -36 -18 -48 -22
right_child=1 -3 3 29 -6 24 10 14 9 22 13 12 -14 39 -16 16 17 20 -20 42 61 -23 -24 -25 -26 26 -28 47 -30 32 31 40 33 41 43 54 38 -39 -40 -41 -42 -43 -44 44 -46 -47 60 48 -50 -51 -52 -53 -54 -55 -56 -57 -58 -59 -60 -61 -62 -63
leaf_value=0.0036111294795173796 0.003602871855452822 0.076670592909213159 0.036436787802357588 0.011902013125474108 -0.069246950615197422 -0.0090956704489685378 0.00027150895284123631 0.02629915542178312 -0.018947412210741432 0.038277289297046331 -0.00061978789867467028 -0.070989231438669434 -0.093673372823138562 -0.0066431342115179752 0.055058728126122759 -0.10175935155894796 -0.015959392501139327 -0.043663548827171321 0.07574779788799145 -0.042467025394684499 0.0018901398738748146 0.05152099304279896 0.0040676207209037517 0.1098930753184592 0.027672863310904471 -0.014095350775968385 -0.008916298353500763 0.026177590671388137 -0.11161955125315089 0.083949042769229917 0.10236342407324735 -0.024942745318015415 0.0052851895228871754 0.019740539077760241 0.050934416855103332 0.0540290837987401 0.068548948224853065 -0.068485281028551975 -0.011034867132411284 -0.085484206082804479 0.056023034914105665 -0.05828102106995442 0.036429659715365791 0.082338660165215974 -0.0097668530572863187 0.044687141176172583 0.059246325477769105 -0.077413631943636568 0.001828734127762304 -0.043839760904983531 -0.048422833016436351 -0.088447456858519985 -0.024776560830988829 -0.066925024910533162 0.13236274905228387 -0.018635362654521658 -0.022522851662600738 -0.057827316479319157 -0.019792842253572442 -0.081665499491617083 0.010224647408429136 -0.069232863771622299
leaf_weight=591 270 63 90 442 73 73 657 146 57 86 1418 72 85 70 56 78 94 50 50 55 56 82 58 84 76 184 446 82 70 68 50 53 52 81 59 58 84 63 50 58 63 50 62 98 50 105 78 63 87 87 56 69 92 90 55 110 50 50 102 59 346 60
leaf_count=591 270 63 90 442 73 73 657 146 57 86 1418 72 85 70 56 78 94 50 50 55 56 82 58 84 76 184 446 82 70 68 50 53 52 81 59 58 84 63 50 58 63 50 62 98 50 105 78 63 87 87 56 69 92 90 55 110 50 50 102 59 346 60
internal_value=4.22966e-05 0.0106545 0.00902912 0.0151381 -0.0160654 -0.0055033 -0.00501104 0.00268005 0.0138088 0.041301 -0.0101928 -0.0186039 -0.0484408 -0.00130047 -0.00741708 -0.0105675 -0.0160755 -0.00608867 0.0150764 -0.0277121 0.00319138 0.002263 0.05638 0.0740996 -0.0201063 -0.0129206 -0.0238921 -0.0298374 -0.0597088 0.0201843 0.00812991 0.0446653 0.0310947 0.0262615 0.0338708 0.065543 0.00382587 -0.00342789 0.0389917 -0.0427537 0.019133 -0.0102546 -0.000704109 0.0224913 0.0513652 0.00884873 0.0126349 -0.0112481 -0.0317453 -0.00229592 0.00503505 -0.0432824 0.00552747 -0.0316284 0.0929827 -0.047097 -0.0712221 -0.00911222 0.00628026 -0.0416628 0.019361 -0.0351749
internal_weight=8272 2668 2605 1834 255 771 5604 2256 1073 285 3348 1720 274 1628 1183 1127 981 743 320 189 590 1500 228 170 451 1446 789 375 143 1579 751 166 828 760 629 165 788 654 134 128 116 131 117 464 148 316 474 232 150 585 498 343 182 274 113 238 128 211 161 153 424 116
internal_count=8272 2668 2605 1834 255 771 5604 2256 1073 285 3348 1720 274 1628 1183 1127 981 743 320 189 590 1500 228 170 451 1446 789 375 143 1579 751 166 828 760 629 165 788 654 134 128 116 131 117 464 148 316 474 232 150 585 498 343 182 274 113 238 128 211 161 153 424 116
is_linear=0
shrinkage=0.03


Tree=94
num_leaves=63
num_cat=0
split_feature=111 236 167 283 216 261 165 135 277 38 177 271 251 10 177 91 203 4 95 283 14 63 38 172 234 191 111 118 67 95 187 10 64 216 142 7 99 133 105 251 180 120 195 48 77 33 192 22 257 74 147 91 269 274 173 19 20 111 172 195 91 23
split_gain=807.108 291.634 356.065 398.233 351.271 505.435 284.288 244.19 275.616 255.68 248.188 291.446 269.168 265.066 365.957 302.949 337.984 264.403 241.483 232.388 258.44 231.223 254.791 262.022 218.814 216.091 212.018 399.141 541.18 281.514 226.178 276.774 269.936 209.145 219.276 368.352 208.716 260.978 255.215 305.044 245.166 202.176 277.917 199.43 197.275 210.18 200.665 195.479 195.379 182.623 237.22 239.421 182.298 180.939 335.231 178.295 178.247 173.734 171.856 171.498 169.886 156.222
threshold=0.30195011198520666 0.31866537034511572 1.5000000000000002 702.50000000000011 0.19082633405923846 2.5000000000000004 1.5000000000000002 0.23112535476684573 0.29797463119030004 0.060495715588331229 0.30495168268680578 0.23825291544198993 0.45080643892288214 51.500000000000007 0.13714733719825747 0.21923816204071048 4.5000000000000009 39.500000000000007 0.19367341697216037 600.50000000000011 70.500000000000014 0.39408509433269506 0.051316700875759132 0.48331478238105779 0.91117990016937267 0.30860807001590734 0.19684550911188128 80.500000000000014 0.096930783241987242 0.12778327614068988 4.5000000000000009 4.5000000000000009 0.30347110331058508 0.16774892061948779 1.0000000180025095e-35 68.500000000000014 26.500000000000004 0.70064935088157665 23.500000000000004 0.30839161574840551 10.500000000000002 7.5000000000000009 0.046536797657608993 0.99024656414985668 0.97570812702178966 0.22628852725028994 0.42020373046398168 47.500000000000007 0.29478609561920172 72.500000000000014 41.500000000000007 0.20856226980686191 52.500000000000007 0.70889553427696239 0.54692083597183239 35.500000000000007 117.50000000000001 0.27151675522327429 0.42678572237491613 0.15707236528396609 0.22393125295639041 9.5000000000000018
decision_type=2 2 2 2 2 2 2 2 2 2 2 2 2 2 2 2 2 2 2 2 2 2 2 2 2 2 2 2 2 2 2 2 2 2 2 2 2 2 2 2 2 2 2 2 2 2 2 2 2 2 2 2 2 2 2 2 2 2 2 2 2 2
left_child=19 4 -3 -4 6 -6 -2 10 9 -9 12 -12 13 14 17 -16 21 43 -13 20 49 22 -17 24 -24 -22 27 30 29 -29 31 32 -21 34 35 -32 37 44 39 -38 -40 -33 -43 -8 57 46 61 56 59 -1 51 -51 -49 -11 -55 -47 -19 -28 -10 -15 -44 -46
right_child=1 2 3 -5 5 -7 7 8 58 53 11 18 -14 48 15 16 -18 47 -20 26 25 -23 23 -25 -26 -27 36 28 -30 -31 33 41 -34 -35 -36 -37 38 -39 40 -41 -42 42 60 -45 45 55 -48 52 -50 50 -52 -53 -54 54 -56 -57 -58 -59 -60 -61 -62 -63
leaf_value=0.0048094031155600158 -0.052941756609540716 0.043249301735501171 -0.1115083723975455 -0.0062903626908858614 0.015595599132989135 0.13971210671875339 0.030385673192414371 0.071053422770716926 -0.083332773701233015 -0.037341384800771871 0.010135795220732689 0.1145396251939237 0.074128555102726895 0.049516185312032966 0.044611135506881526 0.01607793546385235 0.041845520777119824 0.038832454350259567 0.030721826263756122 -0.11069311117753386 -0.032667139414035519 0.025369047089567724 -0.071040917702534415 -0.11608405340892763 -0.0051531532490521337 0.022817812746968764 0.008192411375266535 -0.056237213317304843 -0.0050016984038208558 -0.15353876427102547 0.0096780097283996076 0.0016660919096986098 -0.025447847726213377 0.056321446762885898 0.039838293563341724 -0.068584117349012791 -0.020031091782707018 -0.045261151555393425 -0.013249243063893868 -0.11045628039275898 0.036171306250783214 -0.089799404263984958 -0.050022094544882954 -0.051182870607612264 -0.033918732667911546 0.01131599324259281 0.033692308630122514 -0.0045929699928261509 0.09601987464463009 0.0015044209835692666 0.0023354724217837194 0.079031956961209113 0.061258609366110134 0.077365400902926915 -0.011808880056901757 -0.021455914461290596 0.11850494597490657 0.045757387201393059 -0.0067463724757544693 -0.015741043028732141 0.023530655657091448 0.0063559166790674556
leaf_weight=667 51 58 50 89 69 51 54 54 50 80 84 79 73 111 76 53 65 53 52 55 231 52 93 51 88 86 404 59 96 51 155 335 85 63 79 82 100 104 1161 50 97 60 51 52 357 856 60 85 50 51 130 120 67 55 117 180 50 152 55 53 61 114
leaf_count=667 51 58 50 89 69 51 54 54 50 80 84 79 73 111 76 53 65 53 52 55 231 52 93 51 88 86 404 59 96 51 155 335 85 63 79 82 100 104 1161 50 97 60 51 52 357 856 60 85 50 51 130 120 67 55 117 180 50 152 55 53 61 114
internal_value=4.05632e-05 0.0159994 -0.0186937 -0.0446647 0.0195614 0.0690638 0.0162303 0.0182729 -0.00195502 0.0124505 0.0244694 0.0539489 0.0187976 0.0148951 0.00726976 -0.00994409 -0.0203431 0.0300271 0.0817532 -0.00546063 0.00588344 -0.0324263 -0.0430232 -0.0565358 -0.0392114 -0.01759 -0.00845631 -0.0192068 -0.0572146 -0.102327 -0.0115274 -0.0222956 -0.0594846 0.00686559 -0.00314085 -0.0175744 -0.00480839 0.000908405 -0.0138447 -0.0507047 -0.00941289 -0.0119295 -0.038266 -0.00973346 0.00319037 -0.00225922 -0.0175879 0.0465285 0.0446177 0.0135807 0.0329372 0.0560529 0.0246444 -0.000338488 0.0169885 0.00560683 0.078276 0.0185257 -0.0436582 0.0284594 -0.0101084 -0.0241779
internal_weight=8272 2120 197 139 1923 120 1803 1752 411 306 1341 215 1126 1053 839 478 402 361 131 6152 1285 337 285 232 181 317 4867 1232 206 110 1026 647 140 379 316 237 3635 2227 1408 150 1258 507 172 106 2123 1567 531 255 214 968 301 171 152 252 172 1036 103 556 105 164 112 471
internal_count=8272 2120 197 139 1923 120 1803 1752 411 306 1341 215 1126 1053 839 478 402 361 131 6152 1285 337 285 232 181 317 4867 1232 206 110 1026 647 140 379 316 237 3635 2227 1408 150 1258 507 172 106 2123 1567 531 255 214 968 301 171 152 252 172 1036 103 556 105 164 112 471
is_linear=0
shrinkage=0.03


Tree=95
num_leaves=63
num_cat=0
split_feature=111 8 8 8 111 151 111 109 127 233 8 60 88 138 159 165 177 215 236 208 237 175 63 112 93 127 178 58 8 105 13 69 111 112 279 112 8 66 172 279 138 26 136 266 129 92 111 207 22 149 128 1 13 34 23 254 192 80 3 264 108 92
split_gain=761.07 835.312 552.866 494.799 477.934 459.81 783.854 437.014 419.983 380.749 350.032 376.308 345.116 491.73 330.405 328.428 325.445 475.701 343.323 362.06 311.674 402.545 316.056 370.698 268.741 264.122 358.515 317.578 263.401 342.828 455.574 302.266 259.01 257.354 376.555 253.798 242.116 236.389 236.117 231.084 246.752 240.466 224.724 222.519 222.492 275.147 515.787 220.963 216.92 223.115 203.794 201.645 201.227 198.814 255.943 196.542 181.017 180.755 179.379 173.044 235.521 170.743
threshold=0.30449178814888006 83.500000000000014 34.500000000000007 98.500000000000014 0.24404424428939822 0.20808775722980502 0.21595124900341037 27.500000000000004 28.500000000000004 0.62605932354927074 57.500000000000007 23.500000000000004 10.500000000000002 135.50000000000003 9.5000000000000018 1.5000000000000002 0.11651583760976793 0.26352339982986456 0.31866537034511572 10.500000000000002 0.22361110895872119 0.096006143838167204 0.36326980590820318 0.45891995728015905 0.31488771736621862 21.500000000000004 21.500000000000004 12.500000000000002 60.500000000000007 26.500000000000004 69.500000000000014 1.5000000000000002 0.27575154602527624 0.40226674079895025 207.50000000000003 0.29146440327167517 62.500000000000007 0.18301270902156833 0.24068965017795566 187.50000000000003 133.50000000000003 3.5000000000000004 0.088142804801464095 5.5000000000000009 21.500000000000004 0.28212994337081915 0.20419135689735415 13.500000000000002 44.500000000000007 83.500000000000014 3.5000000000000004 27.500000000000004 64.500000000000014 0.31669631600379949 12.500000000000002 0.71277672052383434 0.32529069483280187 33.500000000000007 55.500000000000007 1.0000000180025095e-35 9.5000000000000018 0.27210535109043127
decision_type=2 2 2 2 2 2 2 2 2 2 2 2 2 2 2 2 2 2 2 2 2 2 2 2 2 2 2 2 2 2 2 2 2 2 2 2 2 2 2 2 2 2 2 2 2 2 2 2 2 2 2 2 2 2 2 2 2 2 2 2 2 2
left_child=1 2 5 8 10 -1 -7 -3 15 -10 57 -12 13 -9 -14 -2 17 39 19 20 22 36 23 24 -18 26 44 -28 29 30 31 42 -31 56 37 -27 -22 -35 -29 -17 43 -42 58 -41 61 50 -47 -37 49 -32 -46 -24 -40 -15 -55 -36 -23 -4 -6 -5 -61 -13
right_child=3 7 4 59 28 6 -8 12 9 -11 11 25 14 53 -16 16 18 -19 -20 -21 21 33 51 -25 -26 35 27 38 -30 32 48 -33 -34 34 55 47 -38 -39 52 40 41 -43 -44 -45 45 46 -48 -49 -50 -51 -52 -53 -54 54 -56 -57 -58 -59 -60 60 -62 -63
leaf_value=-0.0035240941696752935 -0.056765096625861003 0.010215313080018454 -0.0049782262993691853 -0.00066339322383535788 0.0085303540527820586 0.025677821508950874 0.17128875923507353 -0.1071778712460886 0.11809827769100666 0.010983466186067636 0.055224124409500149 -0.051258985499941533 -0.048591612334850993 -0.055234127683040583 -0.15232969809610108 0.080688911444158296 -0.062712276384700089 0.12098161428400706 -0.041563503795769063 0.084161839230876889 0.12406792598759585 -0.045556223975228405 -0.066351155500326844 0.081247298675970955 0.013819398102329074 -0.11340990913856142 -0.056994540004714114 -0.022578008480129703 -0.00075126485714851554 0.03178433131122467 -0.039772934390361919 0.078358687527060239 0.10206788528533209 0.12249192690586343 -0.044382615808733837 0.0022749501139529651 0.038829786326204027 0.030354521028124366 -0.011263910384400735 0.023625209917399016 0.078132754892016515 -0.0058280738410266004 -0.014081919944390307 -0.057332675153095466 -0.052140779160983759 -0.14746861455421295 -0.039592626271929977 -0.064098847891377694 -0.067953792651984063 0.028371905522613688 0.024404867193915627 -0.0039794843398111377 0.047088479487733405 0.045929083969931526 -0.025187689543501299 0.032279460171566285 0.023416352620155647 0.042574426925554867 0.08481703963900844 -1.7581643367355518e-05 -0.083937669176170057 0.010344063376004879
leaf_weight=117 50 136 1766 183 60 97 50 72 74 50 51 61 62 102 51 63 50 61 95 68 54 83 90 60 216 52 73 123 1482 195 85 86 62 50 53 73 69 51 78 65 78 50 128 56 72 61 115 117 70 86 54 96 164 63 157 67 57 74 51 54 67 116
leaf_count=117 50 136 1766 183 60 97 50 72 74 50 51 61 62 102 51 63 50 61 95 68 54 83 90 60 216 52 73 123 1482 195 85 86 62 50 53 73 69 51 78 65 78 50 128 56 72 61 115 117 70 86 54 96 164 63 157 67 57 74 51 54 67 116
internal_value=3.96067e-05 -0.00511613 -0.00140678 0.0160965 -0.00349934 0.0408917 0.0760281 -0.0374786 0.0223789 0.0753402 -0.0112891 -0.0238146 -0.0502671 -0.0368438 -0.096337 0.0181827 0.0206642 0.045004 0.012799 0.0176872 0.0130689 0.0303033 -0.00325029 0.0145461 -0.000747254 -0.0273372 -0.0199402 -0.000313255 0.00680855 0.0204061 0.00732741 0.0304646 0.0490698 0.0142411 0.0343417 -0.0551689 0.0769502 0.0767208 0.0111478 0.0298104 0.0166662 0.0455446 0.0129761 -0.0140057 -0.0378492 -0.0534647 -0.0776034 -0.0387189 -0.0238712 -0.00553556 -0.0194016 -0.0343528 0.0283117 -0.0208338 -0.00470676 -0.00166659 -0.0175076 -0.0030437 0.0440253 -0.0191174 -0.0467929 -0.0110551
internal_weight=8272 6262 5619 2010 5355 264 147 643 1706 124 3050 1210 507 394 113 1582 1532 373 1159 1064 996 484 512 326 266 1159 917 438 2305 823 566 325 257 361 221 242 123 101 365 312 249 128 239 121 479 302 176 190 241 171 126 186 242 322 220 120 140 1840 111 304 121 177
internal_count=8272 6262 5619 2010 5355 264 147 643 1706 124 3050 1210 507 394 113 1582 1532 373 1159 1064 996 484 512 326 266 1159 917 438 2305 823 566 325 257 361 221 242 123 101 365 312 249 128 239 121 479 302 176 190 241 171 126 186 242 322 220 120 140 1840 111 304 121 177
is_linear=0
shrinkage=0.03


Tree=96
num_leaves=63
num_cat=0
split_feature=111 8 8 105 113 8 167 14 8 144 111 20 112 272 117 120 230 113 45 114 208 251 251 115 145 106 8 6 8 49 158 89 111 136 88 139 146 7 210 255 8 105 13 112 231 131 78 89 216 250 81 171 155 10 171 259 196 136 156 63 129 111
split_gain=719.46 755.959 634.462 537.17 383.898 370.439 917.762 744.603 368.332 547.99 352.708 315.504 312.83 309.075 270.214 402.265 232.926 284.015 258.876 216.318 233.338 209.311 207.944 207.776 273.731 213.911 271.403 205.805 203.793 281.484 360.757 334.271 284.109 247.939 241.96 212.86 207.235 203.136 196.827 189.547 188.491 291.668 291.155 248.476 197.153 182.733 224.108 392.64 181.116 179.034 263.817 234.58 177.447 171.776 167.539 165.069 163.802 204.899 217.941 160.446 155.225 184.105
threshold=0.29046043753623968 77.500000000000014 84.500000000000014 56.500000000000007 0.73773446679115307 43.500000000000007 3.5000000000000004 65.500000000000014 35.500000000000007 2.5000000000000004 0.25500200688838964 108.50000000000001 0.27308239042758947 0.37452289462089544 0.33225108683109289 7.5000000000000009 2.5000000000000004 0.37549999356269842 347.50000000000006 1.1184247732162478 5.5000000000000009 0.45993590354919439 0.1649659872055054 0.087228260934352889 27.500000000000004 23.500000000000004 64.500000000000014 70.500000000000014 58.500000000000007 89.500000000000014 9.5000000000000018 55.500000000000007 0.16580756008625033 0.09880132228136064 8.5000000000000018 33.500000000000007 8.5000000000000018 70.500000000000014 4.5000000000000009 0.16561181843280795 60.500000000000007 26.500000000000004 70.500000000000014 0.34716482460498815 0.25677657127380377 0.32984206080436712 99.500000000000014 99.500000000000014 0.054200939834117896 1.5000000000000002 4.5000000000000009 0.39208073914051061 0.18705362081527713 12.500000000000002 0.3514705896377564 16.500000000000004 0.057983193546533592 0.11075036227703096 0.081124953925609603 0.33793300390243536 45.500000000000007 0.36332502961158758
decision_type=2 2 2 2 2 2 2 2 2 2 2 2 2 2 2 2 2 2 2 2 2 2 2 2 2 2 2 2 2 2 2 2 2 2 2 2 2 2 2 2 2 2 2 2 2 2 2 2 2 2 2 2 2 2 2 2 2 2 2 2 2 2
left_child=1 8 3 4 5 6 7 -2 9 14 28 27 -13 -6 15 -1 22 53 38 23 -21 40 -14 24 -7 37 -27 -3 55 30 -30 -31 -32 -33 -35 -36 -34 49 -19 48 41 42 43 -12 -42 46 60 -48 -38 50 51 54 -49 -18 -25 -10 -28 58 -58 -24 -4 -62
right_child=2 11 45 -5 13 19 -8 -9 10 -11 21 12 16 -15 -16 -17 17 18 -20 20 -22 -23 59 25 -26 26 56 -29 29 31 32 33 36 34 35 -37 39 -39 -40 -41 44 -43 -44 -45 -46 -47 47 52 -50 -51 -52 -53 -54 -55 -56 -57 57 -59 -60 -61 61 -63
leaf_value=-0.0010905382505828334 -0.067774925993548493 -0.026653749787807463 -0.038744775623730993 0.1034651520947699 -0.05536847704707986 0.0062725731578408455 0.1509690839882408 0.091289247563825199 -0.0042598876666139632 0.1139201575184339 0.071227714981262888 -0.10011342637028013 -0.054425929708575661 0.023908510349596603 -0.021515071079952687 0.098743574941530826 -0.12278528631561331 -0.040923514824000098 -0.073807173508537716 0.1009244223242089 0.01301402074786333 -0.044767302426241204 -0.022132415624289976 0.0081410435931352169 0.075329832688156462 0.075424074762397347 0.040519201491899304 0.043876969711603347 0.013607640023784418 0.043181959627886651 -0.09170372462983048 0.0070441469600474515 0.0023972306223744052 -0.084514413468296759 0.020420286653829473 -0.059749957385401307 -0.066850950568914408 -0.043621212912129829 0.019296111274980803 -0.076435142097148023 0.023052723545141218 0.062897636566539197 -0.023762885410161246 0.0024920455012286064 -0.0098781971421349826 0.018174708701683105 -0.094573458501696586 -0.040720564324940957 -0.011646632399689945 0.039959691798744292 -0.05777585118570748 -0.042234534570550326 0.029290587594274616 -0.054934169997454083 0.071910565670798801 0.049384502324996124 0.0098939447827975854 0.030520180692506393 -0.07642234465655158 0.035893777623772619 -0.0049350856233751871 0.044397868296827174
leaf_weight=92 53 74 91 73 100 97 69 51 1993 56 89 69 65 78 122 59 53 92 78 58 51 58 81 137 110 80 123 73 132 115 85 221 117 68 69 51 77 90 102 109 270 146 125 100 412 215 74 69 172 103 67 60 60 98 50 52 54 85 50 89 378 82
leaf_count=92 53 74 91 73 100 97 69 51 1993 56 89 69 65 78 122 59 53 92 78 58 51 58 81 137 110 80 123 73 132 115 85 221 117 68 69 51 77 90 102 109 270 146 125 100 412 215 74 69 172 103 67 60 60 98 50 52 54 85 50 89 378 82
internal_value=3.91607e-05 -0.00596433 0.0130747 0.0244468 0.0206997 0.0260186 0.0669829 0.0103542 -0.00128017 0.0293039 -0.00354182 -0.0316053 -0.0397013 -0.0206896 0.0115943 0.0383105 -0.0332239 -0.0465048 -0.0280189 0.0201355 0.0602843 0.0103583 -0.00922258 0.0161279 0.0431554 0.00986357 0.0264761 0.00843152 -0.00865847 -0.0183789 -0.0309249 -0.00178317 -0.0414274 -0.0145007 -0.0397305 -0.0138643 -0.0322568 -0.00300765 -0.00932506 -0.0435574 0.0131948 0.0280131 0.0116447 0.0350642 0.00317363 -0.00616586 -0.0131213 -0.0399839 -0.028917 0.00584126 -0.00544178 0.00892982 -0.00818241 -0.0794006 0.0254835 -0.00287235 0.0137244 -0.00383493 -0.0319369 0.00827826 -0.0031701 0.00393628
internal_weight=8272 5664 2608 1639 1566 1388 173 104 4790 329 4461 874 727 178 273 151 658 423 272 1215 109 1200 235 1106 207 899 392 147 3261 1216 692 524 560 409 188 120 475 507 194 358 1142 460 314 189 682 969 754 203 249 417 314 247 129 151 187 2045 312 189 104 170 551 460
internal_count=8272 5664 2608 1639 1566 1388 173 104 4790 329 4461 874 727 178 273 151 658 423 272 1215 109 1200 235 1106 207 899 392 147 3261 1216 692 524 560 409 188 120 475 507 194 358 1142 460 314 189 682 969 754 203 249 417 314 247 129 151 187 2045 312 189 104 170 551 460
is_linear=0
shrinkage=0.03


Tree=97
num_leaves=63
num_cat=0
split_feature=111 8 8 139 8 104 267 4 216 47 207 35 271 113 48 6 9 240 8 86 140 114 76 26 4 111 157 129 8 116 216 177 220 161 200 108 196 177 198 114 132 236 10 246 68 27 2 29 60 74 114 233 111 174 261 171 272 265 158 73 8 44
split_gain=684.276 706.382 680.081 541.23 669.14 429.051 477.118 362.509 400.92 326.222 409.183 296.289 449.384 381.239 317.083 306.014 294.945 288.215 279.327 447.237 254.64 251.69 250.166 293.307 243.395 239.155 232.624 233.495 226.728 220.908 259.125 216.41 215.664 212.599 207.345 196.088 194.873 192.898 263.985 189.814 188.205 191.302 182.779 180.748 177.767 176.418 168.615 166.985 163.75 163.586 160.916 229.523 250.398 160.899 178.788 277.034 166.499 197.213 170.781 195.17 224.775 210.321
threshold=0.27426491677761083 72.500000000000014 72.500000000000014 29.500000000000004 62.500000000000007 1.0000000180025095e-35 22.500000000000004 49.500000000000007 0.15034247189760211 50.500000000000007 13.500000000000002 0.53456813097000133 0.28271847963333135 0.57517123222351085 0.98719996213912975 45.500000000000007 75.500000000000014 2.5000000000000004 45.500000000000007 18.500000000000004 20.500000000000004 0.93228670954704296 31.500000000000004 1.5000000000000002 43.500000000000007 0.24452438205480578 0.23565916717052462 73.500000000000014 93.500000000000014 0.065615165978670134 0.033150184899568565 0.15075758099555972 4.5000000000000009 1.5000000000000002 15.500000000000002 9.5000000000000018 0.022991543635725979 0.18019481003284457 57.500000000000007 0.93604674935340892 0.43705986440181738 0.42481203377246862 13.500000000000002 4.5000000000000009 0.35329985618591314 46.500000000000007 78.500000000000014 18.500000000000004 46.500000000000007 76.500000000000014 0.81334474682807933 0.3442887961864472 0.21896404027938846 1.1735631823539736 5.5000000000000009 0.22048611193895343 0.41392780840396887 33.500000000000007 5.5000000000000009 1.5000000000000002 57.500000000000007 4.5000000000000009
decision_type=2 2 2 2 2 2 2 2 2 2 2 2 2 2 2 2 2 2 2 2 2 2 2 2 2 2 2 2 2 2 2 2 2 2 2 2 2 2 2 2 2 2 2 2 2 2 2 2 2 2 2 2 2 2 2 2 2 2 2 2 2 2
left_child=1 18 3 7 -5 16 26 8 9 10 24 12 14 32 21 -16 20 -12 19 37 47 -9 23 -22 45 40 31 -28 29 42 -31 -7 -14 -6 -13 36 -30 38 -1 -37 41 53 -4 50 -32 48 -41 -3 -2 -33 51 -39 -53 54 56 -56 57 58 -20 60 -60 -61
right_child=2 5 28 4 33 6 -8 11 -10 -11 17 34 13 -15 15 -17 -18 -19 25 -21 22 -23 -24 -25 -26 -27 27 -29 35 30 44 49 -34 -35 -36 39 -38 43 -40 46 -42 -43 -44 -45 -46 -47 -48 -49 -50 -51 -52 52 -54 -55 55 -57 -58 -59 59 61 -62 -63
leaf_value=0.012241284018651081 -0.017762673281900145 -0.00037180064408027608 0.070635358641970236 0.13631831306649977 0.06012460193753745 -0.01385544046656125 -0.13408661892353477 0.055556562296114859 0.095905363472069002 0.073140407516197728 0.0087706867104226892 -0.00050464854520909923 -0.024886010145911804 0.11993553363225039 0.02849938157046663 -0.052073456906655338 -0.06193958485191995 0.10486457947199626 0.023240295843273962 0.092991584517128231 -0.07568175533278422 -0.021719633598057994 0.018309845631321271 0.010063944512267451 0.037850797246609419 0.0058630320997090654 0.017014621638662214 -0.059252186000347137 -0.050011280765756963 -0.049505627130608208 0.0067011979746166616 -0.053030879279741872 0.053892312721361087 -0.011412561848759651 -0.086076922601518724 -0.074439653680776235 0.012447689290305501 -0.01393960841721263 0.079930155593042188 0.012510451624936917 0.038059808345777643 -0.063364442379879107 0.01441903255794298 0.037374801303667479 -0.049194712701436299 0.012916500217148236 -0.044042140204821612 0.060535657201727773 -0.088675594993357393 -0.12474753606798392 -0.053048980277275934 0.00062516382015118859 0.06907050415873528 -0.065321288034182926 0.06610757571802689 -0.025037218358899865 0.022539445441919114 -0.056061583714825766 -0.0088801047133468466 0.029169656117596934 -0.037427185715943022 -0.020018665166925402
leaf_weight=259 67 91 72 82 88 53 58 95 84 98 54 50 51 50 57 159 90 58 105 55 98 62 89 56 69 887 90 59 55 88 991 64 78 64 51 79 227 471 64 84 62 69 184 95 53 62 107 72 52 55 60 145 71 50 64 55 105 104 508 154 486 157
leaf_count=259 67 91 72 82 88 53 58 95 84 98 54 50 51 50 57 159 90 58 105 55 98 62 89 56 69 887 90 59 55 88 991 64 78 64 51 79 227 471 64 84 62 69 184 95 53 62 107 72 52 55 60 145 71 50 64 55 105 104 508 154 486 157
internal_value=3.80826e-05 -0.00711736 0.0104402 0.0261217 0.0677604 -0.0315314 -0.0555236 0.017932 0.0359961 0.0248719 0.0116392 0.00285122 0.0115125 0.0504452 -0.00725587 -0.0307778 -0.0131239 0.0590212 -0.00180476 0.0101741 -0.00217707 0.0250955 -0.0216023 -0.0446377 -0.00973854 -0.00701472 -0.0409561 -0.0133787 -0.00113442 0.00533404 -0.00036622 -0.0646304 0.0227955 0.030126 -0.0441347 -0.0173796 0.000132302 0.00618786 0.0258586 -0.0356027 -0.012967 -0.0146902 0.0304432 -0.00137978 0.00381921 -0.0279886 -0.0192352 0.0267372 -0.0492306 -0.0869406 -0.00635178 -0.00220225 0.023338 -0.0127775 -0.0112292 0.0241242 -0.013841 -0.0163773 -0.0134126 -0.0163772 -0.0228613 0.00435368
internal_weight=8272 4901 3371 1431 234 875 379 1197 544 460 362 653 552 179 373 216 496 112 4026 1220 406 157 243 154 250 2806 321 149 1940 1388 1132 172 129 152 101 552 282 1165 323 270 1919 1857 256 842 1044 181 191 163 119 119 747 687 216 1788 1738 119 1619 1514 1410 1305 994 311
internal_count=8272 4901 3371 1431 234 875 379 1197 544 460 362 653 552 179 373 216 496 112 4026 1220 406 157 243 154 250 2806 321 149 1940 1388 1132 172 129 152 101 552 282 1165 323 270 1919 1857 256 842 1044 181 191 163 119 119 747 687 216 1788 1738 119 1619 1514 1410 1305 994 311
is_linear=0
shrinkage=0.03


Tree=98
num_leaves=63
num_cat=0
split_feature=111 8 8 154 8 30 111 78 87 40 67 109 138 151 8 49 257 77 171 241 125 178 275 152 45 177 167 127 178 58 136 120 111 48 131 8 110 172 46 285 131 87 6 236 150 85 11 226 168 178 69 45 176 211 133 169 213 46 96 49 41 19
split_gain=664.987 728.002 487.083 549.463 437.142 453.85 403.504 399.696 379.668 367.452 407.427 335.468 478.985 321.281 291.352 349.979 269.151 275.38 269.767 267.625 296.525 299.766 316.567 293.658 264.999 247.99 287.638 240.635 331.848 294.759 232.071 223.989 278.492 223.717 222.395 222.014 266.813 219.334 216.218 213.183 210.786 203.805 197.277 213.592 196.36 244.01 231.97 236.155 321.979 210.821 329.885 248.293 196.039 192.34 188.208 187.984 168.069 158.45 157.749 157.572 173.936 155.691
threshold=0.30449178814888006 83.500000000000014 34.500000000000007 0.75416862964630138 90.500000000000014 50.500000000000007 0.24404424428939822 110.50000000000001 36.500000000000007 9.5000000000000018 0.09268804639577867 27.500000000000004 135.50000000000003 0.25584430992603308 57.500000000000007 26.500000000000004 0.38799282908439642 0.9860132932662965 0.37668919563293463 2.5000000000000004 7.5000000000000009 26.500000000000004 0.2416573911905289 0.31789994239807134 78.500000000000014 0.12701612710952762 3.5000000000000004 21.500000000000004 21.500000000000004 12.500000000000002 0.075693916529417052 7.5000000000000009 0.20710681378841403 0.99667498469352733 0.23481554538011554 60.500000000000007 2.5000000000000004 0.24068965017795566 130.50000000000003 1.0000000180025095e-35 0.11200716719031335 18.500000000000004 59.500000000000007 0.10566188395023347 16.500000000000004 47.500000000000007 77.500000000000014 8.5000000000000018 1.5000000000000002 27.500000000000004 1.5000000000000002 154.50000000000003 0.089572194963693633 0.29008881747722631 0.47256509959697729 21.500000000000004 0.40936473011970526 102.50000000000001 0.053667435422539718 109.50000000000001 1.5000000000000002 29.500000000000004
decision_type=2 2 2 2 2 2 2 2 2 2 2 2 2 2 2 2 2 2 2 2 2 2 2 2 2 2 2 2 2 2 2 2 2 2 2 2 2 2 2 2 2 2 2 2 2 2 2 2 2 2 2 2 2 2 2 2 2 2 2 2 2 2
left_child=1 2 3 34 5 8 14 11 9 10 19 -3 -13 -9 59 -16 17 25 33 20 24 22 55 -23 -2 -12 -27 28 31 -30 -11 40 -33 -19 -1 36 -8 61 -34 54 -17 -42 43 -29 45 46 47 49 -49 50 51 -38 -48 -20 -14 58 -46 -41 -22 -4 -61 -31
right_child=4 7 6 -5 -6 -7 35 13 -10 30 16 12 39 -15 15 27 -18 18 53 -21 21 23 -24 -25 -26 26 -28 42 29 37 -32 32 38 -35 -36 -37 44 -39 -40 57 41 -43 -44 -45 56 -47 52 48 -50 -51 -52 -53 -54 -55 -56 -57 -58 -59 -60 60 -62 -63
leaf_value=-0.0090376957790471429 -0.036969174163112802 0.019920742555467549 -0.0051809857272530607 0.12281599437987263 -0.0083212768113882524 0.10290320146348206 -0.038777170686134649 -0.13838925004005431 0.099525136864529198 0.023683190851321291 0.027379299314583046 -0.10728368417049447 -0.021719298755750061 -0.035891939440485222 0.053593384267164854 -0.066358262695372094 -0.059296287584763303 0.026421434742572542 0.091350937326580783 -0.023107995894471448 0.0091784591576374985 0.060685607812234324 0.12689572508313826 -0.029130846765599672 0.046444531292899653 -0.098050466443671561 -0.007558910160589574 -0.12427030405172933 -0.053972112403528109 0.0071714488235679833 0.099756462274961266 -0.10138131303499531 -0.063516877292800547 -0.041907564245346113 0.053699174482594515 -0.0007525835108606676 -0.022766348326011845 0.028217503088468935 0.01374949193314502 -0.0054573686060405543 -0.021868083295380245 0.04312113410042178 -0.022143468205883567 -0.045186175687445533 0.098965480016508636 -0.041536590716943649 0.032823612595859329 0.013772429173045298 0.11603938271247205 -0.026690246118780445 0.090421451314945112 0.047539192279696128 -0.038776202624471019 0.016758669980199023 0.044539469147681213 0.096750117618856685 0.029622339352167078 -0.065190669769086898 0.06156984674725681 0.067037026511500439 -0.0066696851587805311 -0.061058313539799527
leaf_weight=126 85 120 1726 54 530 61 66 54 51 73 50 71 104 57 52 59 77 90 58 83 108 55 55 78 56 60 66 51 73 73 72 82 76 81 84 1482 91 242 56 61 144 61 111 80 51 58 56 50 62 67 65 88 86 67 60 55 83 116 99 58 56 50
leaf_count=126 85 120 1726 54 530 61 66 54 51 73 50 71 104 57 52 59 77 90 58 83 108 55 55 78 56 60 66 51 73 73 72 82 76 81 84 1482 91 242 56 61 144 61 111 80 51 58 56 50 62 67 65 88 86 67 60 55 83 116 99 58 56 50
internal_value=3.71262e-05 -0.00478219 -0.00131929 0.0383831 0.0150462 0.0234143 -0.00328341 -0.0349945 0.0199272 0.0168892 0.0115086 -0.0240962 -0.0369339 -0.0865459 -0.0104409 -0.0218685 -0.00767103 0.000858444 0.0185092 0.0271194 0.0342004 0.0460724 0.0618918 0.00818699 -0.00374655 -0.0287637 -0.0510829 -0.0253004 -0.0182344 0.000636971 0.061882 -0.0354918 -0.0582406 -0.00600041 0.0161926 0.00618791 0.0186716 0.0116764 -0.0308803 -0.0220155 -0.0169013 -0.00241438 -0.0518609 -0.0766828 0.0237249 0.0165849 0.0226142 0.0337317 0.0709104 0.0201582 0.0330788 0.0118694 -0.0105076 0.0518198 0.00264473 0.0478154 0.0565517 -0.0447509 0.0344108 -0.00291828 0.0310871 -0.020833
internal_weight=8272 6262 5619 264 2010 1480 5355 643 1419 1368 1223 532 412 111 3050 1210 549 472 296 674 591 450 317 133 141 176 126 1158 916 438 145 478 214 171 210 2305 823 365 132 341 264 205 242 131 757 623 565 423 112 311 244 179 142 125 164 262 134 177 207 1840 114 123
internal_count=8272 6262 5619 264 2010 1480 5355 643 1419 1368 1223 532 412 111 3050 1210 549 472 296 674 591 450 317 133 141 176 126 1158 916 438 145 478 214 171 210 2305 823 365 132 341 264 205 242 131 757 623 565 423 112 311 244 179 142 125 164 262 134 177 207 1840 114 123
is_linear=0
shrinkage=0.03


Tree=99
num_leaves=63
num_cat=0
split_feature=111 8 8 154 8 127 111 233 89 165 177 58 227 175 192 228 112 8 32 136 279 46 62 98 146 62 111 8 62 136 153 8 13 45 8 155 111 156 151 86 219 109 278 67 8 49 158 89 111 136 276 35 32 273 225 8 48 264 46 234 33 46
split_gain=626.329 686.64 429.202 517.597 416.681 380.859 371.458 361.344 318.971 298.136 298.209 393.336 295.02 433.67 356.997 342.26 385.187 360.585 315.832 303.229 289.289 263.248 249.233 250.674 248.233 245.785 264.494 330.032 319.186 242.711 229.25 227.415 222.811 222.618 260.783 217.507 209.635 199.772 282.579 209.998 193.982 191.082 182.987 219.191 182.677 256.076 327.08 311.246 262.291 233.223 268.834 209.966 214.674 182.059 168.226 167.616 167.424 160.08 303.533 158.616 157.612 220.554
threshold=0.30449178814888006 77.500000000000014 34.500000000000007 0.75416862964630138 98.500000000000014 28.500000000000004 0.25500200688838964 0.62605932354927074 133.50000000000003 1.5000000000000002 0.13714733719825747 6.5000000000000009 4.5000000000000009 0.11882352828979494 0.32392686605453497 1.0000000180025095e-35 0.41827458143234258 50.500000000000007 11.500000000000002 0.12272426486015321 204.50000000000003 53.500000000000007 0.33484849333763128 59.500000000000007 34.500000000000007 0.32193650305271154 0.24642784148454669 91.500000000000014 0.21857040375471118 0.21199281513690951 0.46072924137115484 54.500000000000007 70.500000000000014 59.500000000000007 67.500000000000014 0.1788367107510567 0.19684550911188128 0.078168645501136794 0.26242114603519445 9.5000000000000018 5.5000000000000009 31.500000000000004 72.500000000000014 0.089943822473287596 58.500000000000007 89.500000000000014 9.5000000000000018 55.500000000000007 0.16580756008625033 0.09880132228136064 0.097693528980016722 0.41157008707523351 13.500000000000002 0.3343313485383988 4.5000000000000009 63.500000000000007 0.99698340892791759 1.0000000180025095e-35 189.50000000000003 0.72755914926528942 0.20326536148786548 228.50000000000003
decision_type=2 2 2 2 2 2 2 2 2 2 2 2 2 2 2 2 2 2 2 2 2 2 2 2 2 2 2 2 2 2 2 2 2 2 2 2 2 2 2 2 2 2 2 2 2 2 2 2 2 2 2 2 2 2 2 2 2 2 2 2 2 2
left_child=1 2 3 36 5 9 44 -7 21 -2 11 -11 15 18 20 16 -12 -17 -14 24 -15 32 29 -24 30 26 28 -28 -23 31 -19 37 42 -13 -35 -21 -1 40 39 -39 -8 -16 -3 -44 60 46 -46 -47 -48 -49 -51 52 53 -50 -53 -54 59 -6 -59 -33 61 -4
right_child=4 8 6 -5 57 7 22 -9 -10 10 12 33 13 14 41 17 -18 19 -20 35 -22 25 23 -25 -26 -27 27 -29 -30 -31 -32 56 -34 34 -36 -37 -38 38 -40 -41 -42 -43 43 -45 45 47 48 49 51 50 -52 54 55 -55 -56 -57 -58 58 -60 -61 -62 -63
leaf_value=-0.009508619686708816 -0.055029269260737826 -0.059255142097289742 -0.0070932590759175407 0.11919850323230706 3.4658186107307021e-05 0.11245179160833359 0.049321922166989399 0.0081608496946008764 -0.08419508174634896 0.10159810024425386 0.0014055155041186433 -0.020953798145725559 0.13471398033061119 0.023046445490585432 -0.00032132847685246697 -0.069475975659760561 0.094473545378254309 -0.011651525376742151 0.02939692984478405 0.069053874375068977 -0.071383048520747255 -0.12583682042562352 -0.080620631012693941 0.0057467108916440237 0.037843884992465937 0.019726746203967287 -0.014179029663653484 -0.072076701739403809 -0.036758042548935173 -0.044586235849095171 -0.074116672009947787 0.031604119645658249 0.03298409098847991 0.082354846825056213 0.021191866882601561 -0.0046326542824196319 0.051074451599481763 -0.002079236023987715 0.11864471082417469 0.07822023560189538 -0.022434698703213476 0.067855105808678456 0.048585080616879009 -0.03482140353224316 0.013612830148593181 0.042394723316076501 -0.0870880699868119 0.0076270453660195131 -0.021610280679804937 -0.078610676986778649 -0.006352122760662395 -0.025328377066552638 -0.0025824493503762928 0.040646900781725025 -0.088193331558211907 -0.066941221249139593 -0.015316827699850877 0.0044938618578016761 -0.090124277818415838 0.0049840615355367093 0.0027355940155179581 -0.056179026840627193
leaf_weight=123 50 64 470 54 183 74 64 50 77 74 113 72 52 53 61 87 61 147 51 72 63 58 51 72 52 78 428 111 97 60 82 336 125 84 244 71 87 64 52 53 70 93 52 60 132 115 85 221 90 81 107 74 60 78 81 92 192 59 62 502 1547 99
leaf_count=123 50 64 470 54 183 74 64 50 77 74 113 72 52 53 61 87 61 147 51 72 63 58 51 72 52 78 428 111 97 60 82 336 125 84 244 71 87 64 52 53 70 93 52 60 132 115 85 221 90 81 107 74 60 78 81 92 192 59 62 502 1547 99
internal_value=3.72602e-05 -0.00463988 7.35362e-05 0.0372506 0.0146036 0.0203689 -0.00195822 0.0708007 -0.0255739 0.0163737 0.0187384 0.0384893 0.00986179 0.0312913 0.0111972 -0.00183571 0.0343862 -0.0142127 0.0833508 -0.00273648 -0.0284103 -0.0212927 0.0103486 -0.0304255 -0.020817 -0.030561 -0.0362332 -0.0262137 -0.0706837 0.0139682 -0.034244 0.0166352 0.00250104 0.0265899 0.0370583 0.0326902 0.0157132 0.0394407 0.0610407 0.0346504 0.0119486 0.0410223 -0.0192129 0.0039903 -0.00755904 -0.0168202 -0.0287865 -0.000992596 -0.0387871 -0.0132656 -0.037736 -0.0299789 -0.0160078 0.00736432 -0.0585351 -0.0417194 0.00989469 -0.0177109 -0.0443295 0.0156824 -0.00223152 -0.0157172
internal_weight=8272 6262 5112 264 2010 1706 4848 124 1150 1582 1532 474 1058 373 270 685 174 511 103 424 116 1073 1516 123 281 772 694 539 155 1393 229 1333 301 400 328 143 210 303 169 117 134 154 176 112 3332 1216 692 524 560 409 188 475 320 168 155 152 1030 304 121 838 2116 569
internal_count=8272 6262 5112 264 2010 1706 4848 124 1150 1582 1532 474 1058 373 270 685 174 511 103 424 116 1073 1516 123 281 772 694 539 155 1393 229 1333 301 400 328 143 210 303 169 117 134 154 176 112 3332 1216 692 524 560 409 188 475 320 168 155 152 1030 304 121 838 2116 569
is_linear=0
shrinkage=0.03


Tree=100
num_leaves=63
num_cat=0
split_feature=111 8 8 154 8 139 8 21 109 111 115 35 113 44 27 8 150 74 54 249 8 99 114 68 165 34 49 35 76 243 4 216 113 8 110 13 105 22 14 149 35 83 157 11 217 111 20 280 111 213 212 8 196 111 111 100 98 156 197 196 211 196
split_gain=589.794 652.501 431.658 487.581 406.96 709.472 406.522 389.347 368.026 364.44 331.845 346.922 411.233 329.45 472.778 497.21 374.1 319.961 312.543 271.477 265.901 348.363 368.375 254.89 308.053 246.998 227.983 401.193 225.244 221.269 214.624 213.361 236.223 208.415 255.675 254.627 374.316 271.265 205.519 205.456 196.461 194.391 228.103 187.83 178.435 169.355 396.968 197.914 348.853 278.945 243.201 183.671 165.905 162.684 157.486 153.812 230.544 211.944 190.245 152.274 150.535 183.062
threshold=0.30449178814888006 83.500000000000014 34.500000000000007 0.75416862964630138 84.500000000000014 29.500000000000004 70.500000000000014 34.500000000000007 27.500000000000004 0.24156877398490909 0.29256787896156317 0.52470308542251598 0.62208673357963573 4.5000000000000009 46.500000000000007 69.500000000000014 8.5000000000000018 79.500000000000014 1.0000000180025095e-35 34.500000000000007 53.500000000000007 27.500000000000004 0.63496321439743053 0.32772752642631536 11.500000000000002 0.30843445658683782 21.500000000000004 0.23467525094747546 5.5000000000000009 2.5000000000000004 37.500000000000007 0.16561181843280795 0.29948453605175024 60.500000000000007 2.5000000000000004 69.500000000000014 26.500000000000004 44.500000000000007 61.500000000000007 83.500000000000014 0.44636799395084387 4.5000000000000009 0.28074496984481817 64.500000000000014 0.21767000854015353 0.16580756008625033 134.50000000000003 1.0000000180025095e-35 0.18544973433017733 0.52409988641738903 0.28147007524967199 61.500000000000007 0.094494048506021514 0.26539641618728643 0.22421849519014361 17.500000000000004 90.500000000000014 0.12200847640633584 0.22048611193895343 0.19292803853750232 0.26488307118415838 0.064866758882999434
decision_type=2 2 2 2 2 2 2 2 2 2 2 2 2 2 2 2 2 2 2 2 2 2 2 2 2 2 2 2 2 2 2 2 2 2 2 2 2 2 2 2 2 2 2 2 2 2 2 2 2 2 2 2 2 2 2 2 2 2 2 2 2 2
left_child=1 2 3 25 5 7 -7 10 -3 20 11 12 13 14 30 16 -16 23 -10 38 55 26 -23 24 -12 -1 -22 -28 -17 41 -2 45 -33 34 -11 43 37 39 52 -37 -24 42 -6 60 -45 46 -29 49 -49 59 51 -50 -20 -38 -52 56 -4 58 -57 -47 61 -36
right_child=4 8 9 -5 29 6 -8 -9 18 33 17 -13 -14 -15 15 28 -18 -19 19 -21 21 22 40 -25 -26 -27 27 31 -30 -31 -32 32 -34 -35 35 36 53 -39 -40 -41 -42 -43 -44 44 -46 47 -48 48 50 -51 54 -53 -54 -55 -56 57 -58 -59 -60 -61 -62 -63
leaf_value=-0.0030589093428368317 -0.048354921025388381 0.01065484415671795 -0.0018260593225062197 0.1156875669574365 0.00057995275463037371 0.1443400907105413 0.048915531911138121 -0.054328891867223901 -0.10990743928360043 -0.03868845406919718 -0.052982892513923019 -0.031274367922228083 0.10884667467325926 -0.040368655851618807 0.14404393931052514 -0.011181197644848572 0.039369806493906409 0.045089132084812918 -0.025675005086564593 -0.096286259998204338 0.04998470184751428 -0.10126615229500345 -0.052051366091803157 -0.086930364650838518 0.036672563228918154 0.072740193399436326 -0.089092070555589237 -0.0085564342350506594 0.067044997056156894 -0.062301428354560186 0.021002734393058786 0.06138579898387999 -0.01451482755006165 -0.001091096921956023 0.083629672496778065 -0.038826636004305325 0.014799108061025728 -0.067090244364738455 -0.013711883911921583 0.031168307541140718 0.0023035501383048473 0.034143992055837499 -0.060553051319095434 0.10964532100492054 0.039428337802687147 -0.022062778953997143 -0.10069015927956654 0.078508400723056967 0.00012843456308720476 -0.084430315812150464 0.047025587558746341 -0.074434479897322714 -0.1010508557767249 0.074816148108177216 -0.010961038461064592 0.087608374752518203 -0.056360965405615998 -0.025654415929540323 0.015204083142473417 0.034830708810511757 -0.0019157924302616867 0.016519539300352333
leaf_weight=160 50 136 1221 54 552 57 137 67 58 67 68 72 65 54 83 75 50 70 55 58 51 82 133 50 68 50 60 120 58 51 188 73 73 1535 60 63 105 74 285 91 108 135 60 53 87 250 64 52 58 57 83 60 51 66 84 53 73 55 84 50 117 93
leaf_count=160 50 136 1221 54 552 57 137 67 58 67 68 72 65 54 83 75 50 70 55 58 51 82 133 50 68 50 60 120 58 51 188 73 73 1535 60 63 105 74 285 91 108 135 60 53 87 250 64 52 58 57 83 60 51 66 84 53 73 55 84 50 117 93
internal_value=3.61999e-05 -0.00450248 -0.00122406 0.0361513 0.0141713 0.0251176 0.0775491 0.0150594 -0.0331052 -0.00307306 0.0199999 0.0307434 0.0379494 0.0295109 0.0370631 0.0644698 0.10528 -0.00917328 -0.0448415 -0.036211 -0.010154 -0.0192515 -0.0466941 -0.0297265 -0.00821469 0.0152477 -0.0114076 -0.0143394 0.0231782 -0.00246447 0.00629044 -0.00987669 0.0235949 0.00557387 0.0172407 0.0219147 0.0048305 -0.0203021 -0.0270766 0.00246826 -0.0277843 0.00169861 -0.00550248 0.0384884 0.0665996 -0.0154631 -0.040974 -0.00865017 0.00782982 -0.0241853 -0.00529533 -0.0380918 -0.0625462 0.0382639 0.017967 -0.00122098 -0.00494375 0.0237645 0.0436464 -0.0124963 0.0237202 0.0432094
internal_weight=8272 6262 5619 264 2010 1212 194 1018 643 5355 951 695 623 558 504 266 133 256 507 449 2944 1458 323 186 136 210 1135 1084 133 798 238 1024 146 2411 876 809 399 228 391 154 241 747 612 410 140 878 184 694 337 357 285 118 106 171 167 1486 1294 192 137 300 270 153
internal_count=8272 6262 5619 264 2010 1212 194 1018 643 5355 951 695 623 558 504 266 133 256 507 449 2944 1458 323 186 136 210 1135 1084 133 798 238 1024 146 2411 876 809 399 228 391 154 241 747 612 410 140 878 184 694 337 357 285 118 106 171 167 1486 1294 192 137 300 270 153
is_linear=0
shrinkage=0.03


Tree=101
num_leaves=63
num_cat=0
split_feature=111 8 8 109 49 138 93 92 92 104 267 154 8 9 31 111 8 86 156 140 76 26 8 258 157 176 207 108 133 86 111 208 38 67 137 256 114 177 62 1 10 177 198 59 67 25 246 232 114 233 115 273 149 280 270 108 95 111 29 34 76 265
split_gain=567.14 598.193 587.8 513.77 471.797 459.95 429.857 408.922 455.407 389.925 423.248 360.249 292.759 276.088 239.926 462.997 232.124 404.757 224.141 222.663 231.595 276.216 215.827 267.622 214.944 229.941 212.801 207.024 206.19 229.834 204.694 226.532 277.635 511.966 215.601 202.028 201.69 198.488 191.75 186.258 180.051 179.799 245.484 173.686 171.48 198.175 166.983 174.318 294.218 183.986 163.829 163.008 279.866 200.163 162.295 162.108 159.631 205.839 159.218 155.396 154.921 153.365
threshold=0.27426491677761083 72.500000000000014 57.500000000000007 53.500000000000007 104.50000000000001 66.500000000000014 0.33085469901561743 0.31686654686927801 0.33788444101810461 1.0000000180025095e-35 22.500000000000004 0.82046496868133556 89.500000000000014 75.500000000000014 135.50000000000003 0.36749699711799627 45.500000000000007 18.500000000000004 0.042603610083460815 20.500000000000004 31.500000000000004 1.5000000000000002 69.500000000000014 103.50000000000001 0.23565916717052462 0.12310606241226198 6.5000000000000009 9.5000000000000018 0.65545505285263073 6.5000000000000009 0.20670914649963382 9.5000000000000018 0.086654633283615126 0.094987470656633391 0.24452438205480578 0.066228073090314879 0.88860052824020397 0.15075758099555972 0.18078697472810748 32.500000000000007 10.500000000000002 0.18019481003284457 57.500000000000007 7.5000000000000009 0.11258802562952043 5.5000000000000009 4.5000000000000009 0.41612553596496588 0.77655848860740673 0.3442887961864472 0.069204982370138182 0.38875724375247961 119.50000000000001 1.0000000180025095e-35 3.5000000000000004 3.5000000000000004 0.21886405348777774 0.30744093656539923 18.500000000000004 0.3381123691797257 11.500000000000002 26.500000000000004
decision_type=2 2 2 2 2 2 2 2 2 2 2 2 2 2 2 2 2 2 2 2 2 2 2 2 2 2 2 2 2 2 2 2 2 2 2 2 2 2 2 2 2 2 2 2 2 2 2 2 2 2 2 2 2 2 2 2 2 2 2 2 2 2
left_child=1 16 3 4 5 18 -7 -8 -9 13 24 -10 14 19 28 22 17 41 -2 58 21 -21 56 38 37 -26 -20 43 29 -4 31 32 51 34 -34 -17 -29 -11 -24 44 -38 42 60 -14 -35 -46 47 48 49 -43 54 52 -18 -53 -32 -51 57 -16 -3 -28 -1 -31
right_child=2 9 12 -5 -6 6 7 8 11 10 -12 -13 27 -15 15 35 30 -19 26 20 -22 -23 23 -25 25 -27 59 36 -30 61 50 -33 33 39 -36 -37 40 -39 -40 -41 -42 46 -44 -45 45 -47 -48 -49 -50 55 -52 53 -54 -55 -56 -57 -58 -59 -60 -61 -62 -63
leaf_value=-0.00017836598179227356 -0.045223719291388985 -0.00025031436234712601 0.025996474365570715 0.11481940422545781 -0.051260244633470266 -0.0051198181472718709 0.15268700402669816 -0.015614236162768469 0.032229754930192769 -0.012249425128102303 -0.12580849805625818 0.138212918699719 -0.013139473248382702 -0.058629586950435741 0.028317465646935335 0.1196583308542476 5.1177103634712826e-05 0.088115531683932713 0.071321811968317397 -0.071276432702487166 0.019408065393567084 0.011903279183285409 -0.043937634112218675 -0.050677784329934701 0.02383002507865806 -0.050314457862017055 0.033899841589086196 -0.072404454366402013 -0.062222758551177225 -0.036159419722733857 0.0035539099659404848 0.030040133603745037 -0.13806617855806561 0.03266933481458207 -0.057121690852710835 0.034267215797534355 -0.052412678691443434 -0.082218494177330279 0.011871914862653736 -0.068739647933475242 -0.00074485065699263935 -0.015315430034194309 0.076670357311001192 0.026812789515495511 0.005176942327596021 -0.05981517698716473 0.035482517041964458 0.031440993331568808 -0.074235242836237433 0.053135349962573783 -0.0042953863829303688 -0.011489297356456518 -0.066453922453981171 0.062238233612209065 0.052004619810211747 -0.0087473635889589781 0.00025388958873135027 0.092004685912813453 0.059225131735613903 -0.039804056607759916 0.057714210138298 0.010626143194403094
leaf_weight=208 62 91 167 65 62 69 53 53 54 53 58 63 254 90 172 50 211 55 51 98 89 56 58 73 78 71 50 75 56 168 174 80 50 70 77 51 88 119 915 52 191 441 64 158 98 73 95 94 61 77 1616 72 77 60 96 74 100 62 72 51 51 100
leaf_count=208 62 91 167 65 62 69 53 53 54 53 58 63 254 90 172 50 211 55 51 98 89 56 58 73 78 71 50 75 56 168 174 80 50 70 77 51 88 119 915 52 191 441 64 158 98 73 95 94 61 77 1616 72 77 60 96 74 100 62 72 51 51 100
internal_value=3.52903e-05 -0.00647898 0.00950532 0.035535 0.0262762 0.035859 0.0602792 0.0804473 0.0571643 -0.0289458 -0.051817 0.0899853 0.00347672 -0.0114005 0.00958973 0.0156124 -0.00159014 0.00932975 0.00241266 -0.000812649 -0.0189801 -0.0411476 0.0110449 0.00432875 -0.0380986 -0.0116005 0.0220119 -0.0122527 -0.00857112 -0.00153737 -0.00633954 -0.0179325 -0.0225316 -0.0397491 -0.0898193 0.0772987 -0.0290436 -0.0608537 0.00850344 -0.0178146 -0.0171705 0.00553786 0.0245291 0.00220985 -0.00658795 -0.0227547 -0.00176783 -0.00654626 -0.0120543 -0.00553274 -0.000677932 -0.00526067 -0.0178981 0.0222392 0.0209092 0.0229507 0.0320026 0.0455116 0.026222 -0.00334234 0.0113995 -0.0187275
internal_weight=8272 4901 3371 633 568 506 292 223 170 875 379 117 2738 496 1972 1481 4026 1220 214 406 243 154 1380 1046 321 149 152 766 491 435 2806 920 840 420 127 101 354 172 973 293 279 1165 323 412 241 171 842 747 653 592 1886 420 288 132 270 151 334 234 163 101 259 268
internal_count=8272 4901 3371 633 568 506 292 223 170 875 379 117 2738 496 1972 1481 4026 1220 214 406 243 154 1380 1046 321 149 152 766 491 435 2806 920 840 420 127 101 354 172 973 293 279 1165 323 412 241 171 842 747 653 592 1886 420 288 132 270 151 334 234 163 101 259 268
is_linear=0
shrinkage=0.03


Tree=102
num_leaves=63
num_cat=0
split_feature=111 8 8 105 113 8 167 51 46 166 8 144 113 3 111 117 58 13 155 211 114 115 145 99 241 33 140 156 8 79 29 49 214 121 201 5 172 234 218 12 131 78 89 73 8 212 156 211 120 135 112 213 155 167 118 111 249 28 74 51 255 68
split_gain=537.056 565.455 480.481 486.172 327.729 329.759 830.692 417.576 285.897 284.871 276.143 497.779 264.822 317.191 262.078 241.643 364.953 223.132 194.857 194.642 190.615 191.832 233.948 195.879 236.412 330.74 215.42 190.054 234.98 187.36 178.302 177.707 190.351 176.725 176.638 267.07 170.103 184.58 198.824 170.038 166.154 206.982 366.156 166 239.326 291.254 343.272 261.472 246.824 296.816 207.962 188.921 164.518 153.234 145.723 166.581 144.913 146.048 144.5 167.098 141.648 167.096
threshold=0.29046043753623968 77.500000000000014 84.500000000000014 56.500000000000007 0.73773446679115307 43.500000000000007 3.5000000000000004 13.500000000000002 53.500000000000007 12.500000000000002 35.500000000000007 2.5000000000000004 0.36867654323577886 60.500000000000007 0.2286924943327904 0.33225108683109289 13.500000000000002 70.500000000000014 0.2404475882649422 0.22557927668094638 1.1184247732162478 0.087228260934352889 27.500000000000004 34.500000000000007 1.5000000000000002 0.27416574954986578 74.500000000000014 0.066743474453687682 58.500000000000007 8.5000000000000018 18.500000000000004 14.500000000000002 0.32129463553428655 4.5000000000000009 2.5000000000000004 70.500000000000014 0.53452381491661083 1.160450875759125 25.500000000000004 56.500000000000007 0.32984206080436712 99.500000000000014 99.500000000000014 1.5000000000000002 57.500000000000007 0.30930736660957342 0.054394543170928962 0.19890110194683078 7.5000000000000009 0.1598816514015198 0.28147007524967199 0.35198226571083074 0.18705362081527713 6.5000000000000009 54.500000000000007 0.36332502961158758 20.500000000000004 16.500000000000004 125.50000000000001 30.500000000000004 0.13819628953933719 0.19913793355226519
decision_type=2 2 2 2 2 2 2 2 2 2 2 2 2 2 2 2 2 2 2 2 2 2 2 2 2 2 2 2 2 2 2 2 2 2 2 2 2 2 2 2 2 2 2 2 2 2 2 2 2 2 2 2 2 2 2 2 2 2 2 2 2 2
left_child=1 10 3 4 5 6 7 -2 17 30 11 15 13 -10 31 16 -1 -3 27 -15 21 22 -7 24 36 33 -25 28 -16 -22 -6 -12 -33 -26 35 -14 37 38 -23 -36 41 54 -43 44 -34 46 -46 50 -47 -50 -48 56 -44 60 -4 -56 57 -45 59 -29 -30 -62
right_child=2 8 40 -5 9 20 -8 -9 12 -11 14 -13 34 19 18 -17 -18 -19 -20 -21 29 23 -24 26 25 -27 -28 58 53 -31 -32 32 43 -35 39 -37 -38 -39 -40 -41 -42 42 52 51 45 48 47 -49 49 -51 -52 -53 -54 -55 55 -57 -58 -59 -60 -61 61 -63
leaf_value=-0.0027039440165420895 0.067953628324545351 -0.024599314964836156 -0.033594466866455425 0.096360916021607207 -0.011680810530079713 0.0051144962620978448 0.14109099950960702 -0.051163461667795972 -0.12545782151111101 0.039580266125061929 0.020007490078935881 0.10602259184380895 -0.023705707277609584 -0.083306844043927117 0.01536757229120699 -0.022785803756517606 0.092962089990072966 0.030611251259008338 -0.01942119749910436 -0.012888402140071226 0.096831964683883331 -0.0014366294289978904 0.06894845052546747 0.081662097478645931 -0.095254411316308824 0.017087303932586853 0.0055346222151372885 0.015625920519285418 -0.012858247405216433 0.017938088443130256 -0.08267581895246344 -0.05302045234926045 -0.0068567003845907458 -0.019513816931197102 0.040688146257175588 -0.10455825739375808 -0.040526765636795269 0.055733903594042976 0.051525471068632138 -0.021039099885453747 0.017762862018619974 -0.090610238325595852 -0.038525144806929992 0.037854572257998841 0.002774274686907793 0.031484018031345762 -0.084299435004078105 -0.11048661502699057 -0.081241355684937025 0.0080431914223358034 -0.0065997199462178874 -0.010894848390771173 0.028884992308792521 0.023122764088080398 -0.0034870979269194633 0.044316472178790714 0.061527200324434622 -0.025877206996693963 -0.0080625536595471201 0.068856903147617624 -0.097142633650013632 -0.026245527396248164
leaf_weight=94 51 157 108 73 70 97 69 53 58 50 161 56 135 60 256 122 57 112 273 85 50 350 110 61 60 87 73 1060 166 59 58 99 989 52 52 50 51 88 77 165 215 74 69 68 76 91 57 89 60 74 67 286 60 55 364 79 70 60 224 55 50 75
leaf_count=94 51 157 108 73 70 97 69 53 58 50 161 56 135 60 256 122 57 112 273 85 50 350 110 61 60 87 73 1060 166 59 58 99 989 52 52 50 51 88 77 165 215 74 69 68 76 91 57 89 60 74 67 286 60 55 364 79 70 60 224 55 50 75
internal_value=3.47455e-05 -0.00515219 0.0112973 0.0211937 0.0176305 0.0225454 0.0611904 0.00734059 -0.0273282 -0.0206068 -0.00110101 0.0253805 -0.0387535 -0.0666281 -0.00305928 0.00851194 0.0337824 -0.00158378 0.00426532 -0.0423981 0.0169971 0.0132373 0.0392043 0.00722133 0.00134019 -0.0267053 0.0405379 0.00760509 -0.00638793 0.0546792 -0.0442419 -0.010275 -0.0126207 -0.060573 -0.0245471 -0.0460024 0.0112304 0.0164245 0.00821199 -0.00612853 -0.00544643 -0.0120792 -0.0378948 -0.0105822 -0.0155003 -0.032086 -0.0519597 -0.071411 -0.00644227 -0.0322406 -0.0427052 0.00469086 -0.00719058 -0.0224824 -0.00251679 0.0051183 0.0271452 0.00801129 0.0138963 0.018311 -0.0311516 -0.0551503
internal_weight=8272 5664 2608 1639 1566 1388 173 104 874 178 4790 329 605 203 4461 273 151 269 2214 145 1215 1106 207 899 765 199 134 1941 602 109 128 2247 2086 112 402 185 566 515 427 217 969 754 203 1987 1503 514 289 213 225 134 124 484 129 346 551 443 198 128 1339 1115 291 125
internal_count=8272 5664 2608 1639 1566 1388 173 104 874 178 4790 329 605 203 4461 273 151 269 2214 145 1215 1106 207 899 765 199 134 1941 602 109 128 2247 2086 112 402 185 566 515 427 217 969 754 203 1987 1503 514 289 213 225 134 124 484 129 346 551 443 198 128 1339 1115 291 125
is_linear=0
shrinkage=0.03


Tree=103
num_leaves=63
num_cat=0
split_feature=8 79 171 62 62 255 177 265 137 12 71 267 151 254 274 103 8 115 2 183 166 8 78 36 3 74 72 114 109 3 18 112 103 68 209 151 39 86 194 279 132 65 209 136 112 90 132 276 177 234 194 48 116 75 20 115 129 131 208 253 150 112
split_gain=483.012 761.439 371.729 300.304 485.069 297.038 624.727 344.412 267.51 251.277 245.111 264.085 244.222 271.763 220.917 320.945 234.689 229.148 218.799 290.714 320.678 211.581 362.243 566.076 290.972 257.899 250.493 205.436 812.316 203.375 197.806 195.806 219.17 194.768 184.284 216.387 208.216 197.261 245.708 206.771 173.692 277.298 203.098 174.621 172.412 168.32 165.923 163.749 159.661 186.927 150.555 147.861 238.814 173.63 152.303 150.541 145.11 186.001 201.523 195.558 144.96 141.771
threshold=45.500000000000007 20.500000000000004 0.36515152454376226 0.329607903957367 0.30805176496505743 0.086335405707359328 0.17519181966781619 16.500000000000004 0.22145254164934161 41.500000000000007 5.5000000000000009 21.500000000000004 0.26376998424530035 0.6480030119419099 0.62029516696929943 2.5000000000000004 61.500000000000007 0.26624473929405218 73.500000000000014 1.0000000180025095e-35 4.5000000000000009 84.500000000000014 105.50000000000001 0.72088745236396801 72.500000000000014 97.500000000000014 0.73030304908752453 0.54156136512756359 54.500000000000007 69.500000000000014 51.500000000000007 0.42563724517822271 1.0000000180025095e-35 0.26699671149253851 56.500000000000007 0.28371882438659674 0.28689375519752508 13.500000000000002 0.83404558897018444 219.50000000000003 0.21760653704404834 0.50848945975303661 32.500000000000007 0.087102424353361144 0.43932314217090612 2.5000000000000004 0.36253654956817633 0.038218110799789436 0.25866188108921057 0.61918291449546825 0.4357506930828095 0.99146211147308361 0.20419135689735415 156.50000000000003 136.50000000000003 0.061633428558707244 22.500000000000004 0.25940062105655676 6.5000000000000009 0.11882352828979494 4.5000000000000009 0.32366947829723364
decision_type=2 2 2 2 2 2 2 2 2 2 2 2 2 2 2 2 2 2 2 2 2 2 2 2 2 2 2 2 2 2 2 2 2 2 2 2 2 2 2 2 2 2 2 2 2 2 2 2 2 2 2 2 2 2 2 2 2 2 2 2 2 2
left_child=1 3 21 4 5 12 7 -7 -5 -4 11 14 13 -1 29 17 -17 -16 19 20 -8 24 34 -24 27 26 -25 28 30 -11 40 32 33 -26 35 36 -23 38 50 -40 47 -42 -43 -44 -12 -18 -47 -2 -21 -50 -36 53 55 61 -54 -53 60 59 -59 -58 -57 -29
right_child=2 -3 9 8 -6 6 18 -9 -10 10 44 -13 -14 -15 15 16 45 -19 -20 48 -22 22 23 25 31 -27 -28 51 -30 -31 -32 -33 -34 -35 37 -37 -38 -39 39 -41 41 42 43 -45 -46 46 -48 -49 49 -51 -52 52 54 -55 -56 56 57 58 -60 -61 -62 -63
leaf_value=-0.0013732235537948136 -0.025691277674616198 0.1292809592592804 0.05806233658928249 -0.078953821541741478 0.08112499011046391 0.14097790193776119 0.015882833048113082 0.03380195268746114 0.010476316098795561 0.062032274172895335 0.017651201003789901 -0.054466893079088009 0.040618023341803838 -0.057064145685351911 -0.0065340608438511595 0.067242551590316002 -0.021818006728397735 -0.062484678485008764 -0.046330554890182778 -0.038540654021370059 0.11254059853559395 -0.027306509404717121 -0.13640951361439443 0.043445417665357512 0.04908273479467018 -0.081045524425366333 -0.044737553921969313 -0.012047080324400121 -0.13070273502119656 -0.0051524348327746756 0.040070236531760672 0.055808859237780173 -0.0020990159419973591 -0.018301959140774083 -0.03022142958387055 0.011356305433627293 -0.094857402122937709 0.049894239719618448 -0.011677299002185464 -0.079968886649405407 -0.089906873042637017 -0.057836468329555107 0.038301674496820738 -0.024952812841342341 0.089652780149789418 -0.00084827712053083806 0.062880347788553018 0.036093339679262981 -0.016542743201181292 0.03871700645129128 0.025774594893302822 0.028991977092960187 -0.010919003425674003 0.053374261571263723 -0.070459059242389557 -0.010466602610593491 0.023235515990458866 0.026671536433723823 -0.025006716258478223 -0.026917421816044951 -0.075897476855536994 0.0058062865261159372
leaf_weight=490 72 50 95 59 93 57 75 52 60 109 74 67 98 93 375 79 100 79 52 67 52 203 54 58 162 50 56 633 57 64 57 80 619 50 54 97 51 65 147 54 59 75 67 92 50 80 67 81 99 122 202 92 65 54 96 65 84 226 96 399 57 1085
leaf_count=490 72 50 95 59 93 57 75 52 60 109 74 67 98 93 375 79 100 79 52 67 52 203 54 58 162 50 56 633 57 64 57 80 619 50 54 97 51 65 147 54 59 75 67 92 50 80 67 81 99 122 202 92 65 54 96 65 84 226 96 399 57 1085
internal_value=3.35535e-05 0.0153128 -0.00340507 0.0113484 0.0153814 0.0104567 0.0262939 0.0906202 -0.0341515 0.0114374 0.00751824 0.00265646 -0.00295762 -0.0103395 0.00672537 -9.30122e-05 0.0225778 -0.0163859 0.0111183 0.0184108 0.0560293 -0.00674165 -0.018568 -0.0530713 -0.00382096 -0.0249702 0.000115122 -0.00773987 -0.0243825 0.037291 -0.0120988 0.0112787 0.00692992 0.0331788 -0.00990119 -0.0266767 -0.0411887 0.00140833 -0.0055818 -0.0303294 -0.0188409 -0.0323336 -0.0174965 0.00177439 0.0471691 0.00807877 0.0284267 0.0070402 0.00168565 0.0139996 0.0138913 -0.00457554 -0.0127984 0.000904322 -0.0466369 -0.00741153 -0.0110517 -0.00640591 0.0112346 -0.0181652 -0.0414053 -0.000774998
internal_weight=8272 1519 6753 1469 1350 1257 576 109 119 1239 1144 1020 681 583 953 780 326 454 467 415 127 5514 1091 218 4423 164 114 3512 560 173 503 911 831 212 873 351 254 522 457 201 446 293 234 159 124 247 147 153 288 221 256 2952 1180 1772 161 1019 927 805 322 483 122 1718
internal_count=8272 1519 6753 1469 1350 1257 576 109 119 1239 1144 1020 681 583 953 780 326 454 467 415 127 5514 1091 218 4423 164 114 3512 560 173 503 911 831 212 873 351 254 522 457 201 446 293 234 159 124 247 147 153 288 221 256 2952 1180 1772 161 1019 927 805 322 483 122 1718
is_linear=0
shrinkage=0.03


Tree=104
num_leaves=63
num_cat=0
split_feature=111 8 8 101 112 204 35 135 6 33 210 127 51 134 8 135 72 208 33 64 4 8 109 90 97 80 8 117 79 153 8 111 27 111 98 175 168 135 97 238 237 227 28 18 75 33 191 120 241 132 195 1 152 254 232 216 112 13 240 274 175 75
split_gain=502.244 528.649 519.663 403.818 414.423 522.919 339.284 329.069 473.959 363.836 317.832 311.613 303.251 297.512 795.461 440.639 345.613 257.238 251.668 246.173 240.05 384.991 649.487 232.979 228.996 289.576 193.792 242.194 204.869 184.979 181.6 211.808 218.477 176.435 177.996 163.343 203.29 192.433 221.666 161.993 155.124 152.478 163.485 151.923 146.931 140.469 231.603 193.617 250.214 152.506 141.512 132.798 157.699 131.599 130.509 155.619 225.295 139.264 137.931 147.582 134.523 139.726
threshold=0.26483158767223364 64.500000000000014 72.500000000000014 4.5000000000000009 0.38377965986728674 1.0000000180025095e-35 0.52470308542251598 0.0372685194015503 45.500000000000007 0.30381019413471227 1.5000000000000002 21.500000000000004 23.500000000000004 0.8994126319885255 43.500000000000007 0.14232409745454791 0.96666666865348827 4.5000000000000009 0.22502114623785022 0.41949884593486791 88.500000000000014 86.500000000000014 31.500000000000004 14.500000000000002 0.13674402981996539 25.500000000000004 33.500000000000007 0.3410427868366242 6.5000000000000009 0.37057331204414373 98.500000000000014 0.32663163542747503 186.50000000000003 0.33227176964282995 93.500000000000014 0.30151516199111944 1.5000000000000002 0.080178570002317442 0.24145236611366275 23.500000000000004 0.087337911128997817 4.5000000000000009 40.500000000000007 35.500000000000007 37.500000000000007 0.24641115218400958 0.47722567617893225 30.500000000000004 1.0000000180025095e-35 0.41876177489757543 0.21352583914995196 29.500000000000004 0.34438461065292364 0.59347748756408703 0.19399641454219821 0.033150184899568565 0.35604830086231237 60.500000000000007 10.500000000000002 0.62029516696929943 0.2709790319204331 44.500000000000007
decision_type=2 2 2 2 2 2 2 2 2 2 2 2 2 2 2 2 2 2 2 2 2 2 2 2 2 2 2 2 2 2 2 2 2 2 2 2 2 2 2 2 2 2 2 2 2 2 2 2 2 2 2 2 2 2 2 2 2 2 2 2 2 2
left_child=1 23 3 6 -5 -6 7 8 -2 13 -8 20 -12 14 15 -9 19 -10 -13 -15 21 24 -23 26 29 -26 27 28 -1 -3 31 54 40 34 -32 37 -37 43 39 -39 -33 42 44 -16 -42 49 47 50 -49 51 -47 52 -28 -40 -4 56 -56 -57 59 -59 -61 -62
right_child=2 11 30 4 5 -7 10 9 17 -11 12 18 -14 16 35 -17 -18 -19 -20 -21 -22 22 -24 -25 25 -27 45 -29 -30 -31 33 32 -34 -35 -36 36 -38 38 53 -41 41 -43 -44 -45 -46 46 -48 48 -50 -51 -52 -53 -54 -55 55 57 -58 58 -60 60 61 -63
leaf_value=0.01711920499801636 0.05246774483414797 -0.011925930811420959 0.022988321718276666 0.023424034007760927 0.15927147894070065 0.035105098599373399 0.03083113363155952 0.045698665952309966 -0.075976608523300723 0.085958852092070243 -0.0089421368298465264 -0.10258861304170662 -0.10082141133688263 0.010592899832587975 0.0060875179591987809 0.16597307127039387 0.044151474471275619 0.0056491256858173166 -0.034879808807831973 -0.073771391698642622 0.034670308416327796 -0.0063060116913260479 -0.13316816681487992 0.06082694380677172 -0.011990641320868769 0.04451436644119601 -0.006622179511753281 -0.013860183708450715 0.10173764053841725 -0.093403079378254261 -0.014597837661858647 0.041041568051784848 0.07375347629721675 -0.00595315869597375 -0.086478355005383492 0.086958845363835163 0.014774446868327226 0.042263820476123481 0.0095726270651952782 -0.017899662268257909 -0.049140912753475062 0.033168205124051643 0.031503736092930751 0.075802589140607626 0.0022744269319104424 0.013212046205912801 -0.05425689727784349 -0.001871705150231719 0.080922161846144772 0.037177579090444009 -0.016799387009179389 -0.02124317971059874 0.033300135491881516 -0.042716864271496888 0.0010684352306028209 0.016339326023366556 -0.085978675790958928 -0.033205041324479441 -0.058493732967797446 0.0090892730779412317 -0.0028151425814294086 -0.063419368037918825
leaf_weight=53 64 50 132 199 57 66 64 59 90 83 72 61 58 51 55 52 64 56 255 78 82 81 65 55 667 92 1231 68 50 50 63 116 55 227 61 58 88 115 65 61 101 97 62 57 98 494 51 59 73 66 197 552 95 127 53 218 53 154 50 397 97 52
leaf_count=53 64 50 132 199 57 66 64 59 90 83 72 61 58 51 55 52 64 56 255 78 82 81 65 55 667 92 1231 68 50 50 63 116 55 227 61 58 88 115 65 61 101 97 62 57 98 494 51 59 73 66 197 552 95 127 53 218 53 154 50 397 97 52
internal_value=3.24428e-05 -0.00682261 0.00800193 0.0201078 0.0503857 0.093466 0.0131967 0.0190442 -0.015078 0.0261258 -0.0235755 -0.0220513 -0.0503911 0.0206993 0.0293744 0.103022 -0.0124086 -0.0448427 -0.0482326 -0.0405931 -0.0144028 -0.0184373 -0.0633074 0.000201308 -0.0107462 -0.00509199 -0.000934223 0.0299808 0.0587794 -0.0531859 -0.00209492 0.00189006 0.0176983 -0.0217422 -0.0503674 0.0161719 0.0438469 0.00768048 -0.00282694 0.0214284 0.0110524 0.00124795 -0.0106964 0.0419243 -0.023936 -0.00282016 0.00716373 0.0110311 0.04418 -0.00731018 0.00464405 -0.0088926 -0.00373904 -0.0250568 -0.00505297 -0.00851756 -0.0428519 -0.00471747 -0.0108516 -0.00736999 -3.57949e-05 -0.0242474
internal_weight=8272 4447 3825 1739 322 123 1417 1223 210 1013 194 1403 130 930 737 111 193 146 316 129 1087 1005 146 3044 859 759 2989 171 103 100 2086 1735 529 351 124 626 146 480 368 176 474 358 261 112 199 2818 874 823 132 1944 691 1878 1326 192 1206 1074 106 968 750 700 546 149
internal_count=8272 4447 3825 1739 322 123 1417 1223 210 1013 194 1403 130 930 737 111 193 146 316 129 1087 1005 146 3044 859 759 2989 171 103 100 2086 1735 529 351 124 626 146 480 368 176 474 358 261 112 199 2818 874 823 132 1944 691 1878 1326 192 1206 1074 106 968 750 700 546 149
is_linear=0
shrinkage=0.03


Tree=105
num_leaves=63
num_cat=0
split_feature=111 8 8 8 154 111 159 46 112 87 105 117 156 215 85 8 236 38 256 8 102 22 62 98 136 34 79 104 171 137 136 74 279 58 4 156 29 8 58 36 154 113 217 200 98 86 24 97 175 8 218 5 261 115 234 111 58 46 74 65 111 66
split_gain=474.615 526.114 330.105 327.509 435.113 316.7 316.345 286.199 351.386 269.429 291.518 319.679 495.602 398.516 316.709 301.426 290.274 269.533 359.742 393.539 265.995 252.074 242.521 226.086 222.78 221.511 220.163 208.747 213.86 204.462 196.703 195.541 230.713 184.667 179.552 187.559 301.953 230.216 203.81 179.43 203.872 184.162 262.95 206.497 179.412 225.908 172.381 168.991 160.431 152.14 211.17 223.225 276.074 200.663 359.702 226.985 210.404 187.319 185.426 181.956 153.475 151.905
threshold=0.30449178814888006 76.500000000000014 98.500000000000014 34.500000000000007 0.75416862964630138 0.25500200688838964 1.5000000000000002 53.500000000000007 0.27308239042758947 38.500000000000007 55.500000000000007 0.18138528615236285 0.054823420941829688 0.25949975848197943 31.500000000000004 85.500000000000014 0.26794873178005224 0.065121166408061995 0.11733416840434076 57.500000000000007 1.0000000180025095e-35 41.500000000000007 0.33484849333763128 59.500000000000007 0.21199281513690951 0.30843445658683782 6.5000000000000009 1.0000000180025095e-35 0.13188406080007556 0.22908715158700946 0.13004064559936526 62.500000000000007 191.50000000000003 15.500000000000002 73.500000000000014 0.07705803215503694 37.500000000000007 43.500000000000007 9.5000000000000018 0.9133700728416444 0.84933379292488109 0.37194395065307623 0.25137363374233251 14.500000000000002 110.50000000000001 13.500000000000002 1.0000000180025095e-35 0.17027121782302859 0.4220647811889649 61.500000000000007 10.500000000000002 42.500000000000007 5.5000000000000009 0.10760959610342981 0.57307690382003795 0.2274575084447861 24.500000000000004 113.50000000000001 69.500000000000014 0.67982834577560436 0.18715659528970721 0.15026882290840152
decision_type=2 2 2 2 2 2 2 2 2 2 2 2 2 2 2 2 2 2 2 2 2 2 2 2 2 2 2 2 2 2 2 2 2 2 2 2 2 2 2 2 2 2 2 2 2 2 2 2 2 2 2 2 2 2 2 2 2 2 2 2 2 2
left_child=1 3 6 4 25 49 -2 27 -9 10 11 13 14 20 26 -12 17 -14 19 -19 31 -20 24 -24 34 -1 -13 28 -3 -21 -23 -8 -33 -34 35 36 46 -37 -39 40 41 42 43 -10 45 -43 -7 -30 -40 60 59 -52 53 55 -55 57 58 -53 -56 -51 -5 -22
right_child=2 7 -4 5 -6 22 9 8 39 -11 15 12 16 -15 -16 -17 -18 18 21 29 61 30 23 -25 -26 -27 -28 -29 47 -31 -32 32 33 -35 -36 37 -38 38 48 -41 -42 44 -44 -45 -46 -47 -48 -49 -50 50 51 52 -54 54 56 -57 -58 -59 -60 -61 -62 -63
leaf_value=-0.0043655468399422422 -0.048176742636022112 0.065539592924665227 -0.016048987719642579 -0.012217139274425878 0.10783247422587804 -0.0018980491472427379 0.0096402177522407172 -0.10192371949553489 0.018677800902061992 0.087607158921085865 0.11268672007479165 0.061196798870438024 -0.050370779858792528 0.094969081507100678 0.10530392532718592 0.022728427377795533 -0.056761795866888821 0.085501371301137483 -0.05910378523401378 -0.026175819909549317 0.014847600306658184 -0.032972046726454908 -0.078657759634010935 0.0038499140188302081 -0.043873295550202501 0.067408997219275013 -0.021211130613461134 -0.036975251968569038 -0.043943372824125818 0.029901892172917725 0.049560570536324608 0.099572915076278148 0.0026200249217178547 0.067685599753134693 -0.0048970521134143376 0.093006098658408767 0.025748593290618078 0.080884630642831315 0.026746957160121987 0.026551673148891754 -0.069446531691673127 -0.011447638803030081 -0.10587364039867062 -0.060559463135220787 -0.03730973728190292 0.057278453935595115 -0.067423923773498359 0.019641763232347946 -0.029668420362560188 0.035681149840099423 -0.063621854864129232 0.0061725223625060353 0.04421162113547325 -0.074076715640567392 -0.062597620461601763 0.049930160014527075 0.026024555523879823 -0.060823019087314606 0.0033146899468872856 -0.02536718983047952 0.0034516843829083708 -0.058502447697169641
leaf_weight=160 62 60 304 920 54 96 186 57 53 51 56 56 84 76 57 83 96 77 96 95 50 51 50 72 57 50 59 87 53 149 51 63 88 70 282 52 278 56 421 55 98 275 52 65 191 50 57 123 50 112 108 100 59 142 87 58 79 59 68 71 1445 50
leaf_count=160 62 60 304 920 54 96 186 57 53 51 56 56 84 76 57 83 96 77 96 95 50 51 50 72 57 50 59 87 53 149 51 63 88 70 282 52 278 56 421 55 98 275 52 65 191 50 57 123 50 112 108 100 59 142 87 58 79 59 68 71 1445 50
internal_value=3.26306e-05 -0.00403882 0.0127126 0.000237796 0.0327011 -0.001562 0.0178442 -0.0217169 -0.0304363 0.0203618 0.0181553 0.0141631 0.00264543 0.0313364 0.0481109 0.0595166 -0.0085948 -0.000845146 0.00725202 0.026837 0.0216296 -0.0244747 0.010015 -0.0303293 0.0136833 0.0129621 0.0190996 0.00248991 0.0171331 0.00805063 0.00837479 0.0323879 0.0514033 0.0316909 0.0162546 0.0221593 0.00715083 0.0332998 0.0272435 -0.025464 -0.0291422 -0.0232918 -0.0502902 -0.025112 -0.0143169 -0.000731126 -0.026589 0.000353879 0.0207079 -0.0067115 -0.0168936 -0.0238542 -0.0171796 -0.0233518 -0.0365806 -0.000367325 -0.0136081 -0.0189122 -0.0338454 0.0119866 -0.00264617 -0.0220435
internal_weight=8272 6262 2010 5043 264 4779 1706 1219 896 1644 1593 1454 871 583 172 139 699 603 519 321 507 198 1471 122 1349 210 115 323 236 244 102 407 221 158 1292 1010 431 579 527 839 784 686 170 118 516 325 153 176 471 3308 943 760 652 593 376 217 234 159 155 183 2365 100
internal_count=8272 6262 2010 5043 264 4779 1706 1219 896 1644 1593 1454 871 583 172 139 699 603 519 321 507 198 1471 122 1349 210 115 323 236 244 102 407 221 158 1292 1010 431 579 527 839 784 686 170 118 516 325 153 176 471 3308 943 760 652 593 376 217 234 159 155 183 2365 100
is_linear=0
shrinkage=0.03


Tree=106
num_leaves=63
num_cat=0
split_feature=111 8 8 105 75 104 267 23 129 14 261 8 136 5 140 106 111 8 155 249 230 99 157 22 48 256 108 14 2 3 111 125 63 177 171 8 100 131 112 116 136 111 40 15 89 251 229 180 238 137 277 120 74 189 233 111 218 131 26 129 88 215
split_gain=452.727 480.38 478.058 603.112 424.849 349.112 381.647 331.147 429.182 347.382 314.549 241.122 224.233 216.428 217.51 207.801 386.536 214.77 213.083 212.621 205.044 200.077 197.307 217.334 194.997 194.385 191.024 188.077 218.653 310.176 188.071 308.869 184.829 180.735 177.412 168.738 226.798 165.925 174.595 184.942 190.661 153.449 168.305 168.347 195.475 158.298 218.163 209.598 152.008 151.974 146.672 146.51 145.184 144.836 143.024 140.703 139.645 174.964 131.864 217.657 129.201 128.592
threshold=0.27426491677761083 72.500000000000014 57.500000000000007 21.500000000000004 53.500000000000007 1.0000000180025095e-35 22.500000000000004 8.5000000000000018 36.500000000000007 63.500000000000007 2.5000000000000004 89.500000000000014 0.073949787765741362 46.500000000000007 20.500000000000004 24.500000000000004 0.36749699711799627 79.500000000000014 0.23087017983198169 30.500000000000004 12.500000000000002 15.500000000000002 0.23565916717052462 70.500000000000014 0.98236587643623363 0.038711288943886764 9.5000000000000018 73.500000000000014 67.500000000000014 78.500000000000014 0.30449178814888006 46.500000000000007 0.30198507010936743 0.15075758099555972 0.38013136386871343 45.500000000000007 18.500000000000004 0.23410988599061969 0.47737510502338415 0.1070065423846245 0.12135372683405878 0.24452438205480578 3.5000000000000004 44.500000000000007 119.50000000000001 0.31057780981063848 13.500000000000002 6.5000000000000009 24.500000000000004 0.36643192172050482 0.32772752642631536 8.5000000000000018 76.500000000000014 22.500000000000004 0.73431372642517101 0.21676707267761233 17.500000000000004 0.27764487266540533 3.5000000000000004 58.500000000000007 10.500000000000002 0.091507177799940123
decision_type=2 2 2 2 2 2 2 2 2 2 2 2 2 2 2 2 2 2 2 2 2 2 2 2 2 2 2 2 2 2 2 2 2 2 2 2 2 2 2 2 2 2 2 2 2 2 2 2 2 2 2 2 2 2 2 2 2 2 2 2 2 2
left_child=1 20 3 7 -5 13 22 8 9 25 12 15 -11 -3 55 18 17 30 37 54 35 -16 33 -24 -23 -2 32 28 -28 -30 60 53 -13 -7 -20 36 58 -4 39 51 -41 42 43 44 -37 47 -47 -44 50 -43 -45 -39 -35 -32 -19 -15 -34 -58 -1 -60 -17 -53
right_child=2 5 11 4 -6 6 -8 -9 -10 10 -12 26 -14 14 21 16 -18 19 34 -21 -22 24 23 -25 -26 -27 27 -29 29 -31 31 -33 56 52 -36 41 -38 38 -40 40 -42 49 45 48 -46 46 -48 -49 -50 -51 -52 61 -54 -55 -56 -57 57 -59 59 -61 -62 -63
leaf_value=-0.00072284262977170583 0.024197337219589634 -0.048768292712420225 0.024590575553213229 0.13249572836793957 0.020546316241516784 -0.0099981820252206585 -0.11781039121797529 -0.043562647484642052 0.088159924452473587 0.050341863486002079 0.082494966078768758 -0.029462165312915799 -0.034683727821556189 0.054090816238245298 -0.054431734295295811 0.021967571669768902 0.096539501398801797 0.014296342748678241 -0.061320092706856406 -0.057304646860469467 0.045842770008646221 0.039570329731019829 0.016599382558465003 -0.059517520403160766 -0.026347797229157192 -0.044815444883245688 -0.0055915583499396831 -0.0036249583027121134 -0.12741166700125459 -0.029796611174941062 0.054832030336411902 0.11419212031013824 -0.0040044105001143179 -0.044915414764330933 0.004262313101154107 -0.0022426093918432493 0.052252502763724847 -0.031799072357889722 0.036948758827660369 -0.055585856323242186 0.0011284130902842005 0.0079652334879397428 -0.025027720258206227 0.00039756362017872459 0.057009796459087221 -0.013015994044826992 -0.089011824404899492 0.026066455261739476 -0.066908405209260599 -0.035436642346903684 -0.056964476623062817 0.044849789069344601 -0.11227739089301654 -0.0095468955251731356 -0.038788072946481407 -0.0038423872432287996 -0.007622441389214466 0.062371319989474969 0.067408726865451948 -0.006533948402207548 -0.027280975097854588 -0.0016429565442179826
leaf_weight=971 56 99 264 79 50 53 58 69 82 52 84 115 58 85 83 278 53 296 87 54 80 71 99 50 91 103 71 163 51 69 70 50 159 64 64 918 91 72 80 124 93 786 406 165 52 66 70 87 61 79 52 89 55 56 53 67 50 88 70 72 57 132
leaf_count=971 56 99 264 79 50 53 58 69 82 52 84 115 58 85 83 278 53 296 87 54 80 71 99 50 91 103 71 163 51 69 70 50 159 64 64 918 91 72 80 124 93 786 406 165 52 66 70 87 61 79 52 89 55 56 53 67 50 88 70 72 57 132
internal_value=3.25201e-05 -0.0057877 0.00849357 0.031968 0.0895963 -0.0259209 -0.0475611 0.0170697 0.0267651 0.0122946 0.039148 0.00305682 0.00560161 -0.00932294 0.000611378 0.00860461 0.018525 0.0139006 -0.000949594 -0.00247598 -0.00140665 -0.0168585 -0.0345416 -0.0091697 0.00260777 -0.0205097 -0.0112181 -0.0273472 -0.0474675 -0.0719931 0.0267956 0.0518232 0.00267309 -0.0563407 -0.0336784 -0.00237594 0.0069823 0.00486997 -0.00398084 -0.0104609 -0.0313861 -0.00648615 -0.011302 -0.00491664 0.000989249 -0.0239434 -0.0524957 -0.0159766 -0.0254532 0.00396502 -0.0135464 0.0050906 -0.0767253 0.0263693 0.00614702 0.0286963 0.0151731 0.0371389 0.00323738 0.0301332 0.0135317 0.0171981
internal_weight=8272 4901 3371 633 129 875 379 504 435 353 194 2738 110 496 397 1972 967 914 1005 403 4026 245 321 149 162 159 766 354 191 120 511 176 412 172 151 3946 1204 854 590 510 217 2742 1877 1248 970 629 136 493 278 865 217 293 119 126 349 152 297 138 1113 142 335 221
internal_count=8272 4901 3371 633 129 875 379 504 435 353 194 2738 110 496 397 1972 967 914 1005 403 4026 245 321 149 162 159 766 354 191 120 511 176 412 172 151 3946 1204 854 590 510 217 2742 1877 1248 970 629 136 493 278 865 217 293 119 126 349 152 297 138 1113 142 335 221
is_linear=0
shrinkage=0.03


Tree=107
num_leaves=63
num_cat=0
split_feature=111 8 8 152 111 149 8 64 78 136 66 105 8 154 35 136 8 105 220 13 172 259 198 67 8 129 89 178 141 111 78 130 185 3 60 236 105 129 13 135 134 66 78 225 158 34 270 13 51 45 229 108 15 131 114 127 112 133 156 32 60 118
split_gain=435.097 484.983 401.874 388.303 331.152 313.679 511.666 636.923 280.975 397.618 241.15 279.981 222.89 221.991 214.484 254.556 236.289 376.185 269.452 269.158 284.871 278.577 270.374 202.024 197.462 315.249 193.887 198.8 327.455 244.035 190.33 227.74 184.352 223.458 184.276 183.908 181.217 170.157 167.244 237.038 361.268 310.736 205.602 271.241 234.394 162.897 200.635 157.987 227.743 155.828 251.961 155.057 155.566 153.538 150.009 155.223 147.546 284.537 193.284 174.6 146.602 144.812
threshold=0.33227176964282995 84.500000000000014 33.500000000000007 0.29854282736778265 0.25500200688838964 64.500000000000014 57.500000000000007 0.49536998569965368 105.50000000000001 0.099314264953136458 0.051064753904938705 8.5000000000000018 114.50000000000001 0.82046496868133556 0.48877663910388952 0.21199281513690951 64.500000000000014 28.500000000000004 7.5000000000000009 68.500000000000014 0.41421362757682806 7.5000000000000009 49.500000000000007 0.051414221525192268 61.500000000000007 88.500000000000014 124.50000000000001 22.500000000000004 1.5000000000000002 0.16183473914861682 99.500000000000014 5.5000000000000009 12.500000000000002 67.500000000000014 49.500000000000007 0.089572194963693633 11.500000000000002 41.500000000000007 66.500000000000014 0.249161072075367 0.82961645722389232 0.13965991884469989 54.500000000000007 6.5000000000000009 19.500000000000004 0.29854282736778265 8.5000000000000018 75.500000000000014 19.500000000000004 86.500000000000014 17.500000000000004 1.5000000000000002 67.500000000000014 0.34219357371330267 0.48992826044559484 10.500000000000002 0.46453721821308142 0.4817627370357514 0.14015715569257739 4.5000000000000009 88.500000000000014 81.500000000000014
decision_type=2 2 2 2 2 2 2 2 2 2 2 2 2 2 2 2 2 2 2 2 2 2 2 2 2 2 2 2 2 2 2 2 2 2 2 2 2 2 2 2 2 2 2 2 2 2 2 2 2 2 2 2 2 2 2 2 2 2 2 2 2 2
left_child=1 2 3 -1 24 56 7 -7 10 -10 -3 -12 34 -11 15 16 17 18 19 20 36 22 -21 -16 45 26 27 28 -26 -30 31 47 33 -27 -8 -25 -6 -13 39 40 41 -36 43 -40 -44 51 -47 48 -29 -31 -51 -4 54 -18 55 -53 59 58 -58 -2 -46 -39
right_child=5 8 4 -5 14 6 12 -9 9 13 11 37 -14 -15 23 -17 53 -19 -20 21 -22 -23 -24 35 25 32 -28 30 29 49 -32 -33 -34 -35 38 -37 -38 61 42 -41 -42 -43 44 -45 60 46 -48 -49 -50 50 -52 52 -54 -55 -56 -57 57 -59 -60 -61 -62 -63
leaf_value=0.0051958170069790468 -0.0028354013842694899 -0.071632465813003601 0.0061613116802432194 0.086619083248379247 0.026569412856229713 0.024911703596243989 -0.032788763170440986 0.16350362652364897 -0.098763272444975889 -0.057282540679854506 0.045337753558158875 -0.056043200762942433 -0.04418853931567248 0.031270732655025578 -0.058751114846872426 -0.0490122596360743 0.0018146734457805032 0.06165756977617446 -0.039517201754088342 0.020309711637327799 0.0047361852398470914 0.052805620576026002 -0.057177702258030566 0.038331498717399021 0.024726166738633145 -0.08777147692960241 0.04255445677907236 -0.048286861225962638 -0.093501748319715264 -0.060514375591179816 0.052715776313096284 -0.0593283519791118 -0.0048338108144904655 -0.021635416996181954 0.081141820281744007 -0.014985392962369214 0.096038257975698163 0.012044103711989173 0.018319340534508229 -0.015645417838285748 0.10715578358061612 -0.0065482492120035232 -0.02151946552417108 -0.07117480120217462 0.086328573009985324 0.0025998322237938561 0.056343695747623726 0.035873425476400572 0.021486360388860273 0.0044397974497916402 -0.067950358339424782 -0.011558161351050054 -0.053535980277939849 0.046581907569732815 -0.0053911850350892307 -0.072289053836594452 0.016302295344911757 0.056332253598029146 -0.062628604484831582 -0.064778117096942395 0.027917140567091089 -0.021607208650778319
leaf_weight=122 101 60 362 92 55 73 53 50 95 50 74 82 50 50 69 59 1012 202 73 73 101 60 89 75 93 114 61 79 59 90 59 57 72 78 59 248 91 178 71 51 79 92 69 52 50 1187 65 100 88 170 57 85 94 73 559 68 61 73 50 68 168 322
leaf_count=122 101 60 362 92 55 73 53 50 95 50 74 82 50 50 69 59 1012 202 73 73 101 60 89 75 93 114 61 79 59 90 59 57 72 78 59 248 91 178 71 51 79 92 69 52 50 1187 65 100 88 170 57 85 94 73 559 68 61 73 50 68 168 322
internal_value=3.10143e-05 -0.0028998 0.000155068 0.0404403 -0.00131847 0.0161793 0.0254221 0.0821141 -0.0233026 -0.0551422 -0.0145663 -0.0092458 0.0165476 -0.0131347 0.00762412 0.0118165 0.0138044 0.0268145 0.013739 0.0220948 0.0435746 -0.00189207 -0.0223502 -0.0125464 -0.00698738 -0.0170607 -0.00868899 -0.0124034 -0.0254778 -0.0379279 0.00363139 -0.00544151 -0.0458709 -0.061155 0.0206832 -0.00252521 0.0702273 -0.0162518 0.0248259 0.0426185 0.0555497 0.0280232 0.0125575 -0.0197845 0.0264389 -0.00208306 0.00543279 0.00624087 -0.0116111 -0.027323 -0.0139558 -0.0101372 -0.0174559 0.00486678 -0.0126241 -0.0388438 -0.00783512 0.0107312 -0.0194939 -0.0279935 0.0416473 -0.00962721
internal_weight=8272 7002 6091 214 5877 1270 917 123 911 195 716 656 794 100 2280 1888 1829 744 542 469 247 222 162 392 3597 1177 913 852 469 376 383 324 264 192 744 323 146 582 691 281 230 151 410 123 287 2420 1252 267 167 317 227 1168 806 1085 712 153 353 184 111 169 218 500
internal_count=8272 7002 6091 214 5877 1270 917 123 911 195 716 656 794 100 2280 1888 1829 744 542 469 247 222 162 392 3597 1177 913 852 469 376 383 324 264 192 744 323 146 582 691 281 230 151 410 123 287 2420 1252 267 167 317 227 1168 806 1085 712 153 353 184 111 169 218 500
is_linear=0
shrinkage=0.03


Tree=108
num_leaves=63
num_cat=0
split_feature=111 8 8 21 166 68 192 8 155 160 171 60 9 216 208 52 73 258 46 62 113 252 33 155 131 8 144 117 120 13 111 201 9 8 156 103 198 93 13 177 25 153 8 101 131 89 230 18 156 155 42 137 77 5 42 129 127 64 62 178 225 60
split_gain=416.561 439.682 366.607 388.015 325.057 300.953 279.065 338.496 331.261 328.493 303.743 261.822 247.95 258.534 276.255 295.386 257.895 328.074 237.144 272.005 275.965 265.338 273.566 225.738 296.663 209.478 450.093 215.665 338.383 204.26 204.092 197.376 292.706 187.024 204.41 180.548 177.471 232.867 177.472 177.206 174.504 227.88 240.477 199.487 195.775 190.612 188.137 173.382 180.545 172.973 165.938 162.59 161.086 185.045 160.16 157.325 156.614 210.085 148.56 181.305 214.579 186.646
threshold=0.29046043753623968 77.500000000000014 84.500000000000014 53.500000000000007 1.5000000000000002 0.10432213917374612 0.28436657786369329 46.500000000000007 0.062640134245157256 9.5000000000000018 0.25866188108921057 90.500000000000014 86.500000000000014 0.075235851109027876 2.5000000000000004 2.5000000000000004 1.5000000000000002 68.500000000000014 53.500000000000007 0.31605799496173864 0.36867654323577886 0.24467120319604876 0.2592956423759461 0.19604586064815524 0.31273855268955236 35.500000000000007 2.5000000000000004 0.33225108683109289 7.5000000000000009 70.500000000000014 0.22127521038055423 2.5000000000000004 44.500000000000007 54.500000000000007 0.06462061777710916 2.5000000000000004 74.500000000000014 0.44268552958965307 64.500000000000014 0.22653958946466449 5.5000000000000009 0.39747571945190435 50.500000000000007 1.0000000180025095e-35 0.31598296761512762 55.500000000000007 5.5000000000000009 31.500000000000004 0.13283981382846835 0.069073952734470381 9.5000000000000018 0.25539679825305944 0.96833750605583202 38.500000000000007 9.5000000000000018 52.500000000000007 12.500000000000002 0.42237871885299688 0.33701759576797491 27.500000000000004 6.5000000000000009 39.500000000000007
decision_type=2 2 2 2 2 2 2 2 2 2 2 2 2 2 2 2 2 2 2 2 2 2 2 2 2 2 2 2 2 2 2 2 2 2 2 2 2 2 2 2 2 2 2 2 2 2 2 2 2 2 2 2 2 2 2 2 2 2 2 2 2 2
left_child=1 25 3 4 -2 -6 7 -7 -8 12 -9 -5 13 14 15 -10 17 23 29 20 21 -20 -23 24 -15 26 27 28 -1 -3 40 32 -22 58 56 -36 37 38 -12 -16 44 42 -42 -43 47 -46 51 -27 52 -50 -33 -44 -49 -54 -45 -11 57 -35 59 61 -61 -32
right_child=2 18 -4 11 5 6 8 10 9 55 36 -13 -14 16 39 -17 -18 -19 19 -21 31 22 -24 -25 -26 30 -28 -29 -30 -31 33 50 -34 34 35 -37 -38 -39 -40 -41 41 43 46 54 45 -47 -48 48 49 -51 -52 -53 53 -55 -56 -57 -58 -59 -60 60 -62 -63
leaf_value=-0.006138368605959019 -0.057937773479656736 -0.02267316188120955 -0.0046769203099268535 0.10113408664707094 0.087279993957624979 0.091255311683400883 0.073795685315725668 0.07825065319273454 0.039729707785805715 0.088140097725040764 0.058080275133252146 0.025746759612406238 0.05007995380117343 0.023061768610068426 0.01291102305236386 -0.04062334986183587 -0.07196548627166266 0.039505493955758329 -0.011932665447101873 0.027493547336037816 -0.10868829577731398 -0.12674990646630885 -0.036931798650937916 -0.072188222618014719 -0.056534054822514987 0.029180182786658404 0.098777942688841575 -0.023491993565339504 0.085375794298946844 0.030150704193959193 -0.009561068004730975 0.011777359148401154 -0.023405149678086361 -0.010925738098639472 0.013656209071345422 -0.0088652108355234457 0.051492712779856113 -0.052170051146599956 -0.011847282815949026 0.08251109556428024 -0.012934229043119416 -0.062767341253073775 -0.075966342841504053 0.0098012031768380161 -0.0023746460889066965 0.073250202426108815 -0.10504391570560268 0.0051881229374649484 -0.027510394234406321 0.03552254285480428 -0.050808645744736376 -0.0083673104174111206 -0.065781330857844503 -0.018129328716463413 -0.033060567227247005 0.014346169718287206 -0.0040507676862303974 -0.073189619653090662 -0.033129596978139414 -0.059682278771172555 0.015952663880959155 0.036201963655082783
leaf_weight=92 54 157 969 79 51 76 58 66 60 50 53 88 64 97 81 126 88 77 50 57 51 82 50 80 73 109 56 122 59 112 98 142 122 106 729 570 60 67 82 55 180 50 60 339 62 57 60 202 56 125 51 68 88 426 101 54 253 90 51 50 99 432
leaf_count=92 54 157 969 79 51 76 58 66 60 50 53 88 64 97 81 126 88 77 50 57 51 82 50 80 73 109 56 122 59 112 98 142 122 106 729 570 60 67 82 55 180 50 60 339 62 57 60 202 56 125 51 68 88 426 101 54 253 90 51 50 99 432
internal_value=2.98107e-05 -0.00453834 0.00994875 0.0185932 0.0136529 0.0164181 0.0137125 0.0346073 0.0049199 0.000429184 0.0212441 0.0617987 -0.00610392 -0.0110441 0.00911354 -0.0146292 -0.0266688 -0.0142966 -0.0240932 -0.0344987 -0.0409851 -0.0711056 -0.0932614 -0.030959 -0.0112483 -0.000966005 0.0220985 0.00606629 0.0299453 -0.00064937 -0.00267159 -0.0258543 -0.0490266 0.00306835 -0.00225912 0.00377461 0.00664069 -0.00686972 0.015831 0.0414549 -0.00984227 -0.0200244 -0.0378322 -0.00660062 -0.0020658 0.0341576 -0.061476 -0.00638034 -0.0107292 0.0159766 -0.00493756 -0.0403976 -0.0174931 -0.0263995 -9.01786e-05 0.0503256 -0.0196849 -0.0397427 0.0158107 0.01953 -0.00965687 0.027738
internal_weight=8272 5664 2608 1639 1472 1418 1367 404 963 905 328 167 801 737 322 186 415 327 874 605 548 182 132 250 170 4790 329 273 151 269 4461 366 173 2478 1748 1299 262 202 135 136 1983 858 368 490 1125 119 188 1006 897 181 193 128 716 514 440 104 449 196 730 679 149 530
internal_count=8272 5664 2608 1639 1472 1418 1367 404 963 905 328 167 801 737 322 186 415 327 874 605 548 182 132 250 170 4790 329 273 151 269 4461 366 173 2478 1748 1299 262 202 135 136 1983 858 368 490 1125 119 188 1006 897 181 193 128 716 514 440 104 449 196 730 679 149 530
is_linear=0
shrinkage=0.03


Tree=109
num_leaves=63
num_cat=0
split_feature=8 79 131 133 63 8 62 62 255 63 152 12 12 114 8 78 189 95 83 151 252 113 247 147 116 152 8 112 34 113 156 6 127 118 34 81 156 26 160 35 8 66 29 114 6 174 215 219 62 33 2 219 61 173 137 213 103 95 66 116 117 77
split_gain=374.901 674.982 303.616 385.477 296.397 310.171 281.896 430.14 258.482 303.522 337.921 248.586 248.376 237.287 277.223 330.057 304.823 234.979 216.179 209.873 252.292 195.787 192.732 199.054 313.039 335.304 245.166 336.65 205.483 188.019 186.07 184.874 181.77 174.797 174.151 294.977 263.914 266.011 173.576 350.009 234.576 162.857 158.539 155.853 164.818 178.84 154.547 152.95 149.267 148.913 146.78 144.059 143.56 141.29 174.668 160.01 151.723 185.314 334.844 173.577 153.377 149.376
threshold=45.500000000000007 20.500000000000004 0.33678840100765234 0.68349590897560131 0.32866927981376654 66.500000000000014 0.329607903957367 0.30805176496505743 0.086335405707359328 0.30044248700141912 0.2959305495023728 65.500000000000014 65.500000000000014 0.97066417336463939 86.500000000000014 108.50000000000001 23.500000000000004 0.12952069938182834 4.5000000000000009 0.26376998424530035 0.28340132534503942 0.80628517270088207 10.500000000000002 25.500000000000004 0.082079496234655394 0.35175140202045446 83.500000000000014 0.44494949281215673 0.37098494172096258 0.37952858209609991 0.13210380077362063 61.500000000000007 10.500000000000002 83.500000000000014 0.29276940226554876 3.5000000000000004 0.083042979240417494 2.5000000000000004 3.5000000000000004 0.37914377450942999 57.500000000000007 0.24880952388048175 26.500000000000004 0.91431090235710155 49.500000000000007 1.031954884529114 0.070505388081073775 8.5000000000000018 0.24712491780519488 0.2545048743486405 65.500000000000014 4.5000000000000009 4.5000000000000009 0.15192308276891711 0.2175039350986481 0.66915422677993786 1.0000000180025095e-35 0.14590936154127124 0.10042016953229906 0.11070261523127557 0.25652371346950537 0.98879542946815502
decision_type=2 2 2 2 2 2 2 2 2 2 2 2 2 2 2 2 2 2 2 2 2 2 2 2 2 2 2 2 2 2 2 2 2 2 2 2 2 2 2 2 2 2 2 2 2 2 2 2 2 2 2 2 2 2 2 2 2 2 2 2 2 2
left_child=1 6 13 4 48 12 7 8 19 10 29 -8 -6 14 34 30 -17 -11 51 20 -1 22 23 28 -25 -26 27 -27 42 32 46 -7 -10 -28 35 38 37 -37 39 -2 -41 49 -15 53 -45 50 -16 -35 -4 -19 -46 -5 -33 54 -36 56 57 58 60 -59 -55 -56
right_child=2 -3 3 18 5 31 11 -9 9 17 -12 -13 -14 21 15 16 -18 41 -20 -21 -22 -23 -24 24 25 26 33 -29 -30 -31 -32 52 -34 47 43 36 -38 -39 -40 40 -42 -43 -44 44 45 -47 -48 -49 -50 -51 -52 -53 -54 55 61 -57 -58 59 -60 -61 -62 -63
leaf_value=0.002671886445605196 -0.0042163270488918686 0.1207914571989985 0.022288613955357243 -0.0021061719008363209 0.13040061458945273 -0.026296802042227868 -0.081265184376727459 0.075574412538665037 0.035394555294119258 0.060937797341288791 0.10102030489538601 0.0053173125188120387 0.043220711613640835 0.02954308689101778 -0.043833558165990723 -0.01595276600552787 -0.10831336653381586 -0.0029496933655813332 0.029841134616961845 0.036913829422767525 -0.040226005503465813 -0.03272458032016521 0.069347071015061088 0.084506963133615484 -0.019139010982293831 0.017399277920692655 0.055389050548931333 0.12287411359711908 -0.048810398954898117 0.065516583224868072 -0.054895296319472521 0.0046402452742824183 -0.038718363688731529 0.019567101060048393 -0.048333611187574982 -0.0028496851632657228 -0.092716763593367668 -0.068655640041189542 0.012367183223604134 -0.010424472228265725 -0.094272211753838764 0.022440293230488895 -0.034627302972456586 0.017091273909828574 -0.086616566619822671 -0.0025432617055333178 0.0020714631670492542 -0.048223409195834732 -0.029469711145502512 -0.061424808864410103 -0.022667361276765021 -0.06578662894969417 0.056939126221553941 -0.010849094793376837 -0.029377901577489804 -0.031251380021612235 0.00026346270719321984 0.025347780622123329 0.058355680316213576 -0.030251321984598269 0.040469463509752557 0.022123683649030598
leaf_weight=407 519 50 104 51 53 52 54 93 67 53 75 65 68 103 81 57 74 99 51 98 176 91 51 59 189 58 52 51 89 67 87 77 52 68 111 162 66 83 305 51 73 99 51 72 70 91 338 52 95 64 61 85 122 168 93 116 1827 88 188 116 75 109
leaf_count=407 519 50 104 51 53 52 54 93 67 53 75 65 68 103 81 57 74 99 51 98 176 91 51 59 189 58 52 51 89 67 87 77 52 68 111 162 66 83 305 51 73 99 51 72 70 91 338 52 95 64 61 85 122 168 93 116 1827 88 188 116 75 109
internal_value=2.89147e-05 0.01349 -0.00300054 0.0148766 0.0271098 0.0428836 0.00975814 0.0136663 0.0090295 0.0238033 0.0476619 -0.034322 0.0821628 -0.00526301 -0.00779442 -0.0262879 -0.0685512 0.00394648 -0.0224225 -0.003483 -0.0103251 0.00880245 0.0134283 0.00964923 0.0199621 0.0116975 0.0324323 0.0674183 -0.0127913 0.0257213 -0.0152326 0.0236973 0.0029563 0.00999947 -0.00513826 -0.0145793 -0.0398833 -0.0253316 -0.00624483 -0.0150787 -0.0601457 -0.00777016 0.00820556 -0.00140289 -0.0221745 -0.0349288 -0.00688601 -0.00996455 -0.00244394 -0.0261438 -0.057236 -0.0420961 0.0368273 0.000716414 -0.0182843 0.00302953 0.00465675 0.0172767 0.028406 -0.00626074 0.00509091 -0.00161536
internal_weight=8272 1519 6753 758 571 372 1469 1350 1257 576 261 119 121 5995 5081 637 131 315 187 681 583 914 823 772 529 470 281 109 243 186 506 251 119 172 4444 1259 311 245 948 643 124 262 154 3185 294 222 419 120 199 163 131 136 199 2891 313 2578 2462 635 431 204 243 202
internal_count=8272 1519 6753 758 571 372 1469 1350 1257 576 261 119 121 5995 5081 637 131 315 187 681 583 914 823 772 529 470 281 109 243 186 506 251 119 172 4444 1259 311 245 948 643 124 262 154 3185 294 222 419 120 199 163 131 136 199 2891 313 2578 2462 635 431 204 243 202
is_linear=0
shrinkage=0.03


Tree=110
num_leaves=63
num_cat=0
split_feature=8 229 51 87 115 114 115 20 66 68 258 157 114 268 169 172 249 59 215 228 138 213 7 77 135 219 43 61 5 79 96 33 78 131 157 177 58 272 256 190 43 96 123 18 36 135 23 166 113 74 186 35 251 195 247 215 132 132 211 96 2 264
split_gain=353.974 378.674 280.78 322.541 279.745 246.34 307.346 267.082 265.254 317.592 277.686 245.698 254.631 284.175 239.267 234.925 232.834 277.009 227.657 227.094 216.036 244.456 220.771 269.443 349.86 306.086 214.117 213.451 201.197 201.066 192.213 186.53 243.248 182.322 180.909 174.925 248.271 256.836 234.095 212.507 203.506 175.154 199.609 171.494 170.202 170.422 192.528 168.942 186.862 176.005 172.86 163.28 193.598 157.231 146.507 173.432 144.511 175.775 169.098 144.356 167.713 146.947
threshold=57.500000000000007 36.500000000000007 19.500000000000004 10.500000000000002 0.29658564925193792 0.57717391848564159 0.061633428558707244 91.500000000000014 0.077296491712331786 0.11443452537059785 90.500000000000014 0.15820646286010745 0.6569235920906068 5.5000000000000009 5.5000000000000009 0.1132478639483452 27.500000000000004 6.5000000000000009 0.18878407031297686 1.5000000000000002 59.500000000000007 0.64660635590553295 60.500000000000007 0.98738157749176036 0.2286924943327904 7.5000000000000009 0.56696429848670971 4.5000000000000009 89.500000000000014 17.500000000000004 0.10797562450170518 0.25260238349437719 60.500000000000007 0.32841268181800848 0.2180169150233269 0.10912698507308961 16.500000000000004 0.30407263338565832 0.1649659872055054 1.0000000180025095e-35 0.51470589637756359 0.07509398460388185 1.5000000000000002 36.500000000000007 0.52242308855056774 0.249161072075367 5.5000000000000009 5.5000000000000009 0.30621437728405004 26.500000000000004 1.0000000180025095e-35 0.41556701064109808 0.27100989222526556 0.30495168268680578 5.5000000000000009 0.053101504221558578 0.35232684016227728 0.28012739121913915 0.22085472941398623 0.067618370056152358 71.500000000000014 1.0000000180025095e-35
decision_type=2 2 2 2 2 2 2 2 2 2 2 2 2 2 2 2 2 2 2 2 2 2 2 2 2 2 2 2 2 2 2 2 2 2 2 2 2 2 2 2 2 2 2 2 2 2 2 2 2 2 2 2 2 2 2 2 2 2 2 2 2 2
left_child=1 5 3 -2 14 -1 7 -7 54 -10 16 12 -4 -14 -5 -16 20 -18 -3 -9 -11 22 23 24 27 26 -25 -22 44 -12 -15 51 -33 35 -35 38 37 -37 39 -13 -39 42 -38 -28 -17 47 -47 49 -49 -46 -51 -24 -53 -36 55 -8 57 -52 -59 60 -44 -62
right_child=2 18 11 4 -6 6 8 19 9 10 29 33 13 30 15 28 17 -19 -20 -21 21 -23 31 25 -26 -27 43 -29 -30 -31 -32 32 -34 34 53 36 41 40 -40 -41 -42 -43 59 -45 45 46 -48 48 -50 50 56 52 -54 -55 -56 -57 -58 58 -60 -61 61 -63
leaf_value=-0.0065049699659976909 0.0021584027094581487 0.019842424910101627 -0.081821994974332693 0.047021077736639057 -0.058097315588034687 0.00094963783726972689 -0.01325498281910862 0.035034774918589862 0.085388844256790788 -0.022453177035894504 0.0028975688222618329 0.094547241260023673 0.0097394285730551932 -0.083981917227587854 -0.080543597098791372 -0.06133993482483284 0.074018945531028765 0.0025669952061807 0.10865540528813233 0.11914716634017072 -0.0046233341236199656 0.067555260314330665 -0.009941672708206414 -0.010984992945067039 -0.052170221873305056 0.10482472991918103 0.077364707100822258 0.060065448005490636 -0.068331036333526884 -0.07548016218668116 -0.01431833722414343 -0.082628653090108528 -0.0026842663505964952 0.045060732594138245 0.023950196342492423 -0.083952708973966797 0.044377752679654145 -0.056310843429104848 -0.030226637539933161 0.021534985028207301 0.0071280982503097272 -0.0049839365107168581 -0.027424073059541674 0.0077206373158490889 0.04272603237596543 0.0058215021999443277 -0.067205719262584229 -0.0727828043811726 -0.012835821671161443 -0.027578720942116771 0.029598352956928704 0.055159559603227243 -0.01539897740094198 -0.02784178491772675 0.01418436811670013 -0.078448519371449948 0.046236270966080878 0.0065351194959797267 -0.062214503457833976 0.047665098597437644 0.039983772376924749 -0.01674887385006462
leaf_weight=958 890 53 50 51 159 67 96 61 51 171 62 50 239 60 52 62 114 85 51 56 104 70 208 81 76 58 82 81 62 55 87 54 91 191 147 57 164 65 50 124 146 848 142 52 91 50 91 52 407 162 94 100 53 81 68 59 76 72 57 58 99 69
leaf_count=958 890 53 50 51 159 67 96 61 51 171 62 50 239 60 52 62 114 85 51 56 104 70 208 81 76 58 82 81 62 55 87 54 91 191 147 57 164 65 50 124 146 848 142 52 91 50 91 52 407 162 94 100 53 81 68 59 76 72 57 58 99 69
internal_value=2.8413e-05 0.00800776 -0.00479696 -0.0122148 -0.0205282 0.00605396 0.011909 0.0488006 0.00825682 0.012414 0.0100316 0.00180964 -0.0188063 -0.0104534 -0.0161575 -0.0186174 0.0135549 0.0436647 0.064015 0.0759622 0.00884702 0.0136848 0.0099975 0.023434 0.00161378 0.044213 0.0274523 0.0238705 -0.0160326 -0.0342741 -0.0431278 -0.00420072 -0.0328187 0.00573956 0.023603 0.00173081 -0.0016558 -0.0280221 0.0265432 0.0429359 -0.0125881 0.00348119 0.0169585 0.050596 -0.0133077 -0.0106716 -0.0414509 -0.00634227 -0.0197707 0.00483928 -0.00271574 0.00735293 0.0307764 0.00550918 -0.0223836 -0.0384144 0.0108022 -0.00142649 -0.0240875 0.00465191 -0.00352311 0.0167216
internal_weight=8272 3117 5155 2428 1538 3013 2055 184 1871 1648 1597 2727 436 386 1379 1328 1480 199 104 117 1281 1110 1040 534 261 273 215 185 1276 117 147 506 145 2291 419 1872 1648 268 224 174 211 1380 532 134 1214 1152 141 1011 459 552 461 361 153 228 223 155 299 223 129 368 310 168
internal_count=8272 3117 5155 2428 1538 3013 2055 184 1871 1648 1597 2727 436 386 1379 1328 1480 199 104 117 1281 1110 1040 534 261 273 215 185 1276 117 147 506 145 2291 419 1872 1648 268 224 174 211 1380 532 134 1214 1152 141 1011 459 552 461 361 153 228 223 155 299 223 129 368 310 168
is_linear=0
shrinkage=0.03


Tree=111
num_leaves=63
num_cat=0
split_feature=111 8 8 81 27 8 211 111 89 112 46 151 198 8 196 8 11 49 51 45 95 12 235 20 62 193 153 283 129 177 68 23 13 8 79 117 20 8 270 96 109 149 13 180 246 114 137 116 218 208 256 8 8 230 192 192 46 34 41 219 10 193
split_gain=387.618 416.051 359.712 405.309 294.702 537.204 412.351 288.731 244.053 273.141 242.904 224.399 324.083 213.408 226.559 199.052 260.353 277.417 270.059 312.538 273.56 261.528 335.288 255.822 227.858 224.653 219.746 198.405 192.578 187.451 195.625 202.098 252.602 259.494 190.42 185.616 178.9 178.89 178.597 169.829 163.821 323.367 163.652 162.818 156.114 150.009 166.719 149.575 149.546 367.913 219.014 148.556 180.741 183.863 197.652 259.195 199.332 183.555 165.351 163.718 143.514 141.505
threshold=0.33227176964282995 86.500000000000014 33.500000000000007 2.5000000000000004 48.500000000000007 59.500000000000007 0.29935064911842352 0.24404424428939822 90.500000000000014 0.35906465351581579 197.50000000000003 0.24915219098329547 53.500000000000007 114.50000000000001 0.21807064861059192 53.500000000000007 52.500000000000007 24.500000000000004 17.500000000000004 233.50000000000003 0.08964791521430017 60.500000000000007 0.054804805666208274 311.50000000000006 0.1741658225655556 0.36055555939674383 0.33221067488193518 756.50000000000011 28.500000000000004 0.10620300844311716 0.16018867492675784 7.5000000000000009 68.500000000000014 84.500000000000014 8.5000000000000018 0.20301177352666858 206.50000000000003 66.500000000000014 8.5000000000000018 0.069883722811937346 27.500000000000004 123.50000000000001 94.500000000000014 6.5000000000000009 2.5000000000000004 0.65376290678977977 0.083722744137048735 0.14682106673717502 33.500000000000007 2.5000000000000004 0.090326342731714263 38.500000000000007 57.500000000000007 3.5000000000000004 0.27386364340782171 0.43288289010524755 126.50000000000001 0.30133995413780218 1.5000000000000002 6.5000000000000009 17.500000000000004 0.40270270407199865
decision_type=2 2 2 2 2 2 2 2 2 2 2 2 2 2 2 2 2 2 2 2 2 2 2 2 2 2 2 2 2 2 2 2 2 2 2 2 2 2 2 2 2 2 2 2 2 2 2 2 2 2 2 2 2 2 2 2 2 2 2 2 2 2
left_child=1 2 3 -1 11 6 -6 15 40 -10 -11 12 -2 14 29 38 -17 -18 19 20 24 -21 -23 26 -19 28 -20 39 -22 60 -31 -32 33 -33 -34 -25 -29 -37 47 -28 -3 -42 45 -13 -27 -9 -47 -4 51 -50 -51 -48 53 54 57 56 -56 -53 59 -55 -7 -52
right_child=4 8 7 -5 5 13 -8 42 9 10 -12 43 -14 -15 -16 16 17 18 23 21 25 22 -24 35 -26 44 27 36 -30 30 31 32 34 -35 -36 37 -38 -39 -40 -41 41 -43 -44 -45 -46 46 48 -49 49 50 61 52 -54 58 55 -57 -58 -59 -60 -61 -62 -63
leaf_value=-0.00015080547222915368 -0.0099694721853917402 0.021689382925041412 0.0040060104119578896 0.082487259945183092 0.029331781513129287 0.089673610905354681 0.15068749677608995 0.03257310846580172 -0.10750156781809815 0.0078735429069525763 -0.078105264867053312 -0.032765641094206578 0.078371682010713165 -0.042511604597025056 -0.02634033713210374 -0.050447902831961121 0.05147082015039918 -0.083314927553858706 0.072404226275051345 -0.0056909247284585773 -0.0027720425393055661 -0.033130531801924677 -0.12196543967278746 0.021010428244647172 -0.015055275205019357 -0.05495333062019199 0.022429007269118142 0.0019366592205692045 0.061940484035473607 -0.021443644562007289 -0.022286106304067077 0.11254351607253474 -0.028576537920878484 0.031292267052809027 0.039150492689487608 -0.01747908731480129 0.062357108113886429 -0.083030090333863354 0.049607725699822747 -0.036419240545208863 -0.077737544849031157 -0.010380821415684041 -0.032074705543927842 0.02072474110482344 0.0048714923961409203 -0.043075029950123279 -0.036306591937175163 -0.016351198023658687 -0.078051341779064379 0.037984900721844204 -0.058312778183682398 0.0037901114471829852 0.0052327132242325361 0.067923997281971626 -0.062112755081918714 0.045292092377417964 0.014122528188611165 0.084356643522486965 0.091122866755929482 0.0016717579715614078 0.030297893696817856 0.010880137574500761
leaf_weight=116 96 94 1041 98 51 65 50 186 58 70 50 219 60 50 79 169 60 73 50 65 88 78 76 55 110 71 68 100 77 91 60 61 64 85 87 99 78 60 61 122 76 387 101 66 86 63 64 471 63 93 54 51 1743 58 76 56 51 50 57 78 86 51
leaf_count=116 96 94 1041 98 51 65 50 186 58 70 50 219 60 50 79 169 60 73 50 65 88 78 76 55 110 71 68 100 77 91 60 61 64 85 87 99 78 60 61 122 76 387 101 66 86 63 64 471 63 93 54 51 1743 58 76 56 51 50 57 78 86 51
internal_value=2.76924e-05 -0.00273859 -0.000232667 0.0379004 0.0152694 0.0257996 0.0902972 -0.00158688 -0.0240761 -0.0545639 -0.0283004 -0.00453903 0.0242907 0.0167399 0.0211657 -0.00785907 -0.0153588 -0.0111382 -0.0139444 -0.0264398 -0.0134083 -0.0562921 -0.0774752 0.000389106 -0.0425893 0.00325643 0.0140393 0.00593455 0.0276183 0.0274645 0.0176488 0.0276457 0.0377738 0.0657744 0.0104458 -0.0262147 0.0286135 -0.0425797 -0.00029722 -0.0153506 -0.0142528 -0.0215809 0.00525548 -0.0203492 -0.0223596 0.00661591 0.0047529 -0.00234204 0.0059533 -0.0155196 0.00466907 0.0084128 0.00971777 0.0260613 0.0106407 -0.00797099 -0.0316274 0.0441105 0.048581 0.0302159 0.0562788 -0.0249192
internal_weight=8272 7002 6267 214 1270 829 101 6053 735 178 120 441 156 728 678 3158 1585 1416 1356 724 505 219 154 632 183 322 418 368 165 599 448 357 297 146 151 214 178 159 1573 190 557 463 2895 285 157 2794 2608 1512 2545 261 198 2284 2220 477 284 183 127 101 193 136 151 105
internal_count=8272 7002 6267 214 1270 829 101 6053 735 178 120 441 156 728 678 3158 1585 1416 1356 724 505 219 154 632 183 322 418 368 165 599 448 357 297 146 151 214 178 159 1573 190 557 463 2895 285 157 2794 2608 1512 2545 261 198 2284 2220 477 284 183 127 101 193 136 151 105
is_linear=0
shrinkage=0.03


Tree=112
num_leaves=63
num_cat=0
split_feature=111 8 8 30 80 56 109 107 236 111 237 98 257 120 67 276 254 135 197 151 110 278 49 66 46 267 8 275 96 172 105 138 111 197 25 160 98 264 174 3 275 39 127 8 154 279 110 66 138 8 116 216 114 116 136 152 249 14 197 35 200 258
split_gain=372.597 390.249 377.753 357.458 331.923 293.697 331.956 382.289 328.074 326.587 356.519 350.831 297.561 318.806 299.141 374.474 301.719 284.511 241.768 360.578 316.384 221.133 185.492 240.743 227.749 195.937 337.603 187.414 265.969 344.524 185.165 218.68 174.566 212.442 183.583 254.132 170.766 165.387 164.908 159.27 219.068 210.479 187.52 281.758 175.153 159.171 214.464 152.319 150.319 149.658 208.251 219.339 163.015 157.975 149.136 147.382 143.098 141.598 141.564 209.895 146.2 192.16
threshold=0.26483158767223364 52.500000000000007 72.500000000000014 50.500000000000007 33.500000000000007 58.500000000000007 32.500000000000007 5.5000000000000009 0.23431372642517093 0.30269193649291998 0.22886905074119571 63.500000000000007 0.24283374845981601 10.500000000000002 0.15821565687656405 0.098678492009639754 0.58634069561958324 0.050316456705331809 0.17192118614912036 0.24915219098329547 4.5000000000000009 72.500000000000014 14.500000000000002 0.041885966435074813 105.50000000000001 24.500000000000004 74.500000000000014 0.26352339982986456 0.17029156535863879 0.40824915468692785 26.500000000000004 145.50000000000003 0.22264957427978518 0.13100686669349673 3.5000000000000004 3.5000000000000004 19.500000000000004 2.5000000000000004 0.80374649167060863 73.500000000000014 0.22026123851537707 0.16961674392223361 21.500000000000004 69.500000000000014 0.71254742145538341 227.50000000000003 7.5000000000000009 0.22009174525737765 90.500000000000014 94.500000000000014 0.065615165978670134 0.033150184899568565 0.88036608695983898 0.096269693225622191 0.0835828371345997 0.31094999611377722 16.500000000000004 48.500000000000007 0.2788888961076737 0.39440532028675085 11.500000000000002 41.500000000000007
decision_type=2 2 2 2 2 2 2 2 2 2 2 2 2 2 2 2 2 2 2 2 2 2 2 2 2 2 2 2 2 2 2 2 2 2 2 2 2 2 2 2 2 2 2 2 2 2 2 2 2 2 2 2 2 2 2 2 2 2 2 2 2 2
left_child=1 4 3 5 32 6 12 -8 9 30 11 -11 18 14 15 17 -17 -14 19 -2 -20 -21 -3 24 48 27 -27 37 29 38 31 -9 -1 -34 35 -35 -19 39 55 40 41 -25 47 -44 -41 46 -36 58 -24 50 -4 -52 53 -51 56 -29 -46 -53 60 -60 -43 -62
right_child=2 22 49 -5 -6 -7 7 8 -10 10 -12 -13 13 -15 -16 16 -18 36 20 21 -22 -23 23 25 -26 26 -28 28 -30 -31 -32 -33 33 34 45 -37 -38 -39 -40 44 -42 42 43 -45 54 -47 -48 -49 -50 52 51 57 -54 -55 -56 -57 -58 -59 59 -61 61 -63
leaf_value=-0.0031052542090664261 0.050651737922028213 0.037424354884950883 0.025673655955829742 0.082681273994967344 0.068169040665240363 -0.049726000475066326 0.106585446476259 0.036400627491264784 -0.022944059176370501 -0.018534605898963871 0.10637402522328653 0.081472323376685377 -0.055404959677252917 0.090743407624609321 -0.056069360736470952 0.11926254457410643 0.020347951114887283 -0.018410920309168952 -0.010138719329975314 0.0046775042301473706 -0.096780990496987379 -0.074888799190521244 -0.038464120617684193 -0.052755610727001231 -0.0065258390259529857 -0.016848884853875128 -0.10126962106803367 -0.084662341243534722 0.025564090390618029 -0.11171586838479226 0.035919914202566475 -0.026887645584029646 -0.029669177444542155 0.016971220429671013 -0.041976992140578873 0.10865604661978208 0.050544127345859231 0.037306299913101464 0.0094087658277889584 0.044226227166187577 0.019096411974089487 -0.0078910536200643699 -0.018193493898255819 -0.09656589521270878 -0.0086496819139115118 0.059670878884927274 0.02422461069792509 -0.042850213674611823 -0.11182255988319714 -0.017662589158181374 -0.045729858017881812 -0.037890288427543752 -0.0057024116353168878 -0.084571936553660423 -0.020798204424588577 -0.022953214174101372 0.059989432310378003 0.0039228710532251175 0.00050927985899066653 -0.057073769494891166 0.075516913147135212 0.010918633995798269
leaf_weight=1383 88 62 292 71 70 61 54 78 111 66 94 59 63 50 51 50 62 55 96 77 62 52 50 130 69 163 57 52 64 51 234 129 67 58 67 51 76 77 78 98 174 213 190 52 56 52 124 85 53 81 96 77 376 52 160 105 52 1112 177 83 54 170
leaf_count=1383 88 62 292 71 70 61 54 78 111 66 94 59 63 50 51 50 62 55 96 77 62 52 50 130 69 163 57 52 64 51 234 129 67 58 67 51 76 77 78 98 174 213 190 52 56 52 124 85 53 81 96 77 376 52 160 105 52 1112 177 83 54 170
internal_value=2.74157e-05 -0.00587696 0.00689166 0.017213 0.00454482 0.0143784 0.0168412 0.0301041 0.0246163 0.0326377 0.0625093 0.0289406 0.00282844 0.0205676 0.0105131 0.0217566 0.0651709 -0.00351298 -0.016428 0.00414561 -0.0445324 -0.0277251 -0.0134523 -0.0147219 -0.0488838 -0.0121921 -0.0390808 -0.00938601 -0.0294143 -0.0417633 0.0176956 -0.00297954 0.00203685 0.0189765 0.0282935 0.0604674 0.0216734 -0.00541349 -0.0261731 -0.00737617 -0.0122038 -0.0169357 -0.0123413 -0.0353619 0.0101261 0.0136729 0.00090438 -0.00518114 -0.0769239 -0.00171689 0.00285 -0.00235232 -0.015844 -0.0442585 -0.00246135 -0.0437984 0.0246459 0.00118547 -0.000532541 -0.0180212 0.00989003 0.0267579
internal_weight=8272 4447 3825 1739 1872 1668 1607 825 771 660 219 125 782 407 357 306 112 194 375 217 158 129 2575 2513 172 2341 220 2121 350 286 441 207 1802 419 352 109 131 1771 235 1694 1328 1154 1024 242 366 243 191 782 103 2086 1577 1285 509 133 268 157 108 1189 697 260 437 224
internal_count=8272 4447 3825 1739 1872 1668 1607 825 771 660 219 125 782 407 357 306 112 194 375 217 158 129 2575 2513 172 2341 220 2121 350 286 441 207 1802 419 352 109 131 1771 235 1694 1328 1154 1024 242 366 243 191 782 103 2086 1577 1285 509 133 268 157 108 1189 697 260 437 224
is_linear=0
shrinkage=0.03


Tree=113
num_leaves=63
num_cat=0
split_feature=111 8 8 81 71 111 237 273 207 119 236 260 111 36 269 14 118 115 8 77 259 195 66 27 251 35 136 8 153 139 259 25 174 21 8 12 80 45 8 113 10 67 235 155 265 8 26 216 107 213 95 173 8 48 45 62 47 197 72 74 116 26
split_gain=359.183 383.003 327.968 374.825 311.062 257.321 246.466 536.03 374.256 307.983 271.251 335.45 301.336 271.752 208.969 245.835 205.111 202.04 200.737 200.552 366.323 244.432 241.943 200.187 194.139 191.568 225.976 199.752 257.08 233.899 413.55 279.362 274.347 216.951 191.547 187.976 377.072 204.147 393.079 218.095 206.515 181.623 175.818 174.58 174.675 174.507 172.233 170.991 276.808 174.997 216.418 167.826 166.739 163.849 188.126 176.858 166.867 162.756 160.052 159.118 153.06 151.909
threshold=0.33227176964282995 84.500000000000014 33.500000000000007 2.5000000000000004 5.5000000000000009 0.25500200688838964 0.080540537834167494 0.58195385336875927 9.5000000000000018 10.500000000000002 0.043015725910663612 9.5000000000000018 0.36332502961158758 0.77259761095047008 86.500000000000014 48.500000000000007 22.500000000000004 0.24264069646596911 86.500000000000014 0.98853856325149547 8.5000000000000018 0.084523811936378493 0.20941306650638583 45.500000000000007 0.29467788338661199 0.48877663910388952 0.20958942919969561 67.500000000000014 0.40325899422168737 12.500000000000002 3.5000000000000004 3.5000000000000004 0.78470560908317577 46.500000000000007 103.50000000000001 61.500000000000007 28.500000000000004 241.50000000000003 73.500000000000014 0.24467120319604876 48.500000000000007 0.051414221525192268 0.40967366099357611 0.14481198787689212 10.500000000000002 56.500000000000007 2.5000000000000004 0.11677489057183267 16.500000000000004 0.5219806730747224 0.30471627414226538 0.44222222268581396 64.500000000000014 0.98438718914985668 129.50000000000003 0.29774568974971777 79.500000000000014 0.27149876952171331 0.58571431040763866 106.50000000000001 0.033615820109844215 2.5000000000000004
decision_type=2 2 2 2 2 2 2 2 2 2 2 2 2 2 2 2 2 2 2 2 2 2 2 2 2 2 2 2 2 2 2 2 2 2 2 2 2 2 2 2 2 2 2 2 2 2 2 2 2 2 2 2 2 2 2 2 2 2 2 2 2 2
left_child=1 2 3 -1 6 35 7 17 9 23 12 13 -10 -12 15 -3 -17 24 -6 20 -13 -21 -23 -8 -2 26 27 28 29 30 -7 -31 -32 46 42 36 60 40 39 -39 59 -27 43 57 -45 -41 -33 49 -49 -43 -51 -29 -42 56 -55 -56 -30 -18 61 -37 -4 -47
right_child=4 14 5 -5 18 25 8 -9 10 -11 11 19 -14 -15 -16 16 34 -19 -20 21 -22 22 -24 -25 -26 41 -28 51 53 31 32 33 -34 -35 -36 37 -38 38 -40 45 52 47 -44 44 -46 58 -48 48 -50 50 -52 -53 -54 54 55 -57 -58 -59 -60 -61 -62 -63
leaf_value=-0.00012144684924397808 0.0012665378203155931 -0.07624706339385165 0.030633905095256066 0.079348383951706417 0.091530576917304568 0.028721638989060164 -0.032037956109707985 0.11784181306022219 0.013996743214401332 -0.089492261165922335 0.0049096252755927187 0.043323827076758907 0.11166458113228572 -0.091143641892601462 -0.065303178836786463 0.043683560460007612 -0.013769804229058566 -0.03533681675007469 0.017448511388032665 0.086144146640435793 -0.0515077302356561 -0.015599475852511032 0.054734385927398516 0.024451462413992854 0.075282437519593667 -0.056242027783500292 -0.044837854140205309 0.014725362073682446 0.099098512718720083 0.080441475682582669 -0.011058177757076919 0.018405007220111614 -0.10787924017976312 0.060739711562417593 -0.070306126558118395 -0.0022153330542186329 0.06452956329286641 -0.063542905702232949 -0.099583769189684007 0.0018486069261976707 -0.01147666905569876 0.050971229279041283 -0.065029737878152555 0.051725351473977485 -0.0033682344821946964 -0.018853498263003889 -0.045770751108874137 -0.064332907710224388 0.023721364695164893 -0.045123520840061243 0.036035237228328527 -0.010581828002745862 -0.053603912184480573 -0.012597828121096999 0.061225168942897153 -0.0019734682476726072 0.03459509562677409 -0.073511623789046729 -0.0016903137232999778 0.039935881397578608 -0.0053874701015246863 -0.07981228034024114
leaf_weight=116 76 56 120 98 72 93 148 55 65 54 55 66 50 50 85 55 185 56 61 63 80 93 82 90 54 69 63 506 69 63 55 85 50 52 53 1283 85 81 56 364 289 74 50 61 314 72 66 79 53 63 54 440 119 80 131 57 78 52 102 85 865 76
leaf_count=116 76 56 120 98 72 93 148 55 65 54 55 66 50 50 85 55 185 56 61 63 80 93 82 90 54 69 63 506 69 63 55 85 50 52 53 1283 85 81 56 364 289 74 50 61 314 72 66 79 53 63 54 440 119 80 131 57 78 52 102 85 865 76
internal_value=2.6295e-05 -0.00263659 7.81681e-05 0.0364711 0.0146983 -0.00125299 0.00959406 0.0364587 0.00233561 -0.0254971 0.0158111 0.00601431 0.0570576 -0.0412584 -0.0207678 -0.0161115 -0.0116447 0.0118923 0.0579369 0.019014 -0.00863558 0.0359407 0.0174807 -0.0106635 0.0323516 0.00662996 0.0105922 0.0125292 0.0228172 0.00744599 -0.0171923 0.0257815 -0.0577462 0.00850684 -0.0159558 -0.00625014 0.00428636 -0.0107115 -0.0238138 -0.0175743 -0.00516078 -0.0124319 -0.011505 -0.00703315 0.00570739 -0.0114166 -0.00976191 -0.00292841 -0.0290653 0.0151921 -0.00767769 0.00295583 -0.0238648 0.0399441 0.0258247 0.0421548 0.0653372 -0.0271315 -0.0306612 0.00043097 -0.000972461 -0.0504822
internal_weight=8272 7002 6091 214 1270 5877 1137 241 896 292 604 489 115 105 911 826 770 186 133 384 146 238 175 238 130 2280 1888 1825 879 464 198 266 105 203 715 3597 1070 2527 751 695 1776 392 662 612 375 614 151 323 132 191 117 946 408 415 268 188 147 237 250 1368 985 148
internal_count=8272 7002 6091 214 1270 5877 1137 241 896 292 604 489 115 105 911 826 770 186 133 384 146 238 175 238 130 2280 1888 1825 879 464 198 266 105 203 715 3597 1070 2527 751 695 1776 392 662 612 375 614 151 323 132 191 117 946 408 415 268 188 147 237 250 1368 985 148
is_linear=0
shrinkage=0.03


Tree=114
num_leaves=63
num_cat=0
split_feature=111 57 198 195 133 137 131 279 113 49 111 240 216 146 175 238 39 71 185 113 245 194 62 213 177 227 225 263 114 134 134 133 225 174 72 1 131 6 56 231 191 240 81 127 227 217 269 111 270 41 60 37 10 31 237 175 51 233 18 247 92 106
split_gain=343.896 217.011 203.126 199.197 182.735 305.861 231.378 260.901 237.074 196.254 211.674 223.82 197.014 182.859 209.864 181.485 175.294 174.362 215.809 480.894 263.413 205.7 265.113 199.679 191.452 224.81 201.948 189.72 181.347 220.519 179.349 166.993 163.127 228.46 162.567 161.147 250.037 188.973 155.861 265.575 147.351 144.557 226.344 141.219 147.939 223.272 198.512 317.186 233.772 150.624 221.801 194.336 211.182 194.52 211.507 193.903 222.67 188.799 177.128 164.303 266.282 203.005
threshold=0.27426491677761083 1.5000000000000002 16.500000000000004 0.58578431606292736 0.65545505285263073 0.262165516614914 0.37394839525222784 203.50000000000003 0.80628517270088207 108.50000000000001 0.32449981570243841 9.5000000000000018 0.013606071937829258 57.500000000000007 0.31339286267757421 16.500000000000004 0.20638915896415713 3.5000000000000004 13.500000000000002 0.58172541856765758 15.500000000000002 0.67001372575759899 0.32718776166439062 0.22318007797002795 0.14087302237749103 7.5000000000000009 9.5000000000000018 4.5000000000000009 1.0053114295005801 0.78680250048637401 0.59344416856765758 0.4103520810604096 10.500000000000002 1.077420234680176 0.61250001192092907 25.500000000000004 0.21692430227994922 46.500000000000007 35.500000000000007 0.29912281036376959 0.20256410539150241 16.500000000000004 10.500000000000002 39.500000000000007 11.500000000000002 0.29008881747722631 85.500000000000014 0.23697775602340701 7.5000000000000009 1.0000000180025095e-35 69.500000000000014 0.043636940419673927 5.5000000000000009 184.50000000000003 0.26138716936111456 0.059714796021580703 14.500000000000002 0.75277778506279003 24.500000000000004 6.5000000000000009 0.25058139860630041 17.500000000000004
decision_type=2 2 2 2 2 2 2 2 2 2 2 2 2 2 2 2 2 2 2 2 2 2 2 2 2 2 2 2 2 2 2 2 2 2 2 2 2 2 2 2 2 2 2 2 2 2 2 2 2 2 2 2 2 2 2 2 2 2 2 2 2 2
left_child=41 -2 -3 4 6 16 8 -8 9 12 13 34 -4 14 -11 -10 -6 18 20 38 23 40 28 -14 26 27 30 32 29 -23 -25 -32 35 -34 -12 36 -26 -37 -20 -40 -19 42 43 44 46 -46 49 48 -48 50 55 -51 53 -53 -55 58 -57 -52 -1 -54 -61 -62
right_child=1 2 3 -5 5 -7 7 -9 15 10 11 -13 17 -15 -16 -17 -18 21 19 -21 -22 22 -24 24 25 -27 -28 -29 -30 -31 31 -33 33 -35 -36 37 -38 -39 39 -41 -42 -43 -44 -45 45 -47 47 -49 -50 51 57 52 59 54 -56 56 -58 -59 -60 60 61 -63
leaf_value=0.055608601833560638 -0.046473806882277133 0.056958492804980394 -0.030431719206033214 0.059735667114146053 -0.0088811475052428777 0.037352869063615797 0.0060778512132744628 0.095453037899967869 0.001150113580361852 -0.00010100119961027041 -0.036019464779487802 0.067860758525452453 0.066262893554042357 -0.070458889579106315 -0.062021969488409691 -0.078475883480380551 -0.075660384974696418 0.035182646854269889 0.05372623692665781 0.10215352358349732 -0.05380824952400648 -0.019052776296933492 0.075915473971296749 0.053409547329373551 0.011798017930525999 0.048077474325895306 0.062165606652777032 0.04574138096075947 -0.045459445050821216 0.056339662158313916 -0.028296129270372065 0.024860123067244309 -0.0025562492726894561 -0.076206010644362387 0.023466934636235236 0.058696576336191762 -0.060985829015163348 -0.0010549427475780248 0.044239733163267375 -0.036891661704031992 0.096279230842366809 -0.053413284407420589 0.049453625038428151 -0.031650331135923894 0.076222098329487967 -0.0059828330716118214 -0.095606912385958878 0.0088958590384572746 -0.016141966424882411 -0.059547642086868857 0.010618465399316523 -0.077594925819531729 -0.0088643665853128158 0.014770991707063582 -0.061135381595654917 -0.007802813940839406 -0.051473705851793464 0.068768675542540014 0.00018963553662999349 -0.042846748009324073 0.052824664893577615 0.0036916513864140386
leaf_weight=55 65 75 92 63 66 56 61 56 52 256 70 55 50 56 60 50 76 92 55 69 64 71 50 67 77 74 92 58 57 67 109 102 79 72 98 53 93 404 59 91 59 54 68 175 50 71 77 99 59 66 736 68 1507 82 54 406 141 53 710 62 132 176
leaf_count=55 65 75 92 63 66 56 61 56 52 256 70 55 50 56 60 50 76 92 55 69 64 71 50 67 77 74 92 58 57 67 109 102 79 72 98 53 93 404 59 91 59 54 68 175 50 71 77 99 59 66 736 68 1507 82 54 406 141 53 710 62 132 176
internal_value=2.56644e-05 0.00739994 0.0084729 0.00733015 0.00626947 -0.0215667 0.00813185 0.0493021 0.00642679 0.00809716 -0.00714666 0.0159199 0.0123054 -0.0209798 -0.0120167 -0.0382652 -0.0449013 0.0142242 0.00996397 0.0342537 0.00516853 0.0320984 0.0150176 0.0080448 0.00572071 -0.00168282 0.0238848 -0.00613961 -0.00090485 0.0176928 0.011039 -0.00260369 -0.0100611 -0.0379443 -0.00138554 -0.00329627 -0.0281428 0.00598769 0.0110147 -0.00489834 0.0595312 -0.00504698 -0.00449723 -0.00527507 -0.00426588 0.0283325 -0.00515186 -0.0319334 -0.0615026 -0.00366314 0.0020472 -0.00924949 -0.00762642 -0.036539 -0.0155946 -0.00551112 -0.0191332 0.0146067 0.0042414 -0.0044663 0.0134225 0.0248515
internal_weight=8272 3371 3306 3231 3168 198 2970 117 2853 2751 595 223 2156 372 316 102 142 2064 1668 274 1394 396 245 1330 1280 910 370 836 195 138 278 211 778 151 168 627 170 457 205 150 151 4901 4847 4779 4604 121 4483 235 136 4248 2101 2147 2081 204 136 1312 547 789 765 1877 370 308
internal_count=8272 3371 3306 3231 3168 198 2970 117 2853 2751 595 223 2156 372 316 102 142 2064 1668 274 1394 396 245 1330 1280 910 370 836 195 138 278 211 778 151 168 627 170 457 205 150 151 4901 4847 4779 4604 121 4483 235 136 4248 2101 2147 2081 204 136 1312 547 789 765 1877 370 308
is_linear=0
shrinkage=0.03


Tree=115
num_leaves=63
num_cat=0
split_feature=111 8 8 105 178 23 104 267 148 196 211 2 9 12 111 8 14 106 111 8 219 233 157 176 115 200 103 230 277 4 125 149 111 264 226 68 24 13 237 111 20 34 166 115 100 241 179 111 8 120 130 217 10 145 157 26 111 115 109 8 14 124
split_gain=323.842 361.635 354.15 499.788 387.522 304.43 294.818 313.758 282.405 410.989 399.1 259.286 246.033 231.627 235.643 186.213 185.466 180.807 288.66 187.947 195.968 182.912 180.472 200.584 179.126 211.362 193.475 169.276 164.444 162.751 162.62 158.591 169.884 157.908 211.096 142.355 138.375 132.233 130.68 126.825 192.853 128.179 125.774 151.684 142.523 142.478 137.287 124.013 206.721 188.565 258.178 285.262 182.219 191.913 171.244 145.053 196.355 135.969 153.497 133.41 132.655 145.738
threshold=0.27426491677761083 72.500000000000014 57.500000000000007 21.500000000000004 26.500000000000004 8.5000000000000018 1.0000000180025095e-35 22.500000000000004 5.5000000000000009 0.032795699313282974 0.28902275860309606 55.500000000000007 75.500000000000014 65.500000000000014 0.17411248385906222 93.500000000000014 62.500000000000007 24.500000000000004 0.36749699711799627 79.500000000000014 13.500000000000002 0.74276262521743786 0.23565916717052462 0.12310606241226198 0.29449473321437841 17.500000000000004 2.5000000000000004 12.500000000000002 0.1863575950264931 58.500000000000007 66.500000000000014 188.50000000000003 0.30195011198520666 1.0000000180025095e-35 8.5000000000000018 0.24404424428939822 1.5000000000000002 66.500000000000014 0.2124435901641846 0.30449178814888006 318.50000000000006 0.310854122042656 9.5000000000000018 0.14504440873861316 11.500000000000002 1.5000000000000002 1.5000000000000002 0.20670914649963382 36.500000000000007 30.500000000000004 4.5000000000000009 0.16345082968473437 45.500000000000007 64.500000000000014 0.34047138690948492 3.5000000000000004 0.17411248385906222 0.069204982370138182 19.500000000000004 48.500000000000007 74.500000000000014 1.0000000180025095e-35
decision_type=2 2 2 2 2 2 2 2 2 2 2 2 2 2 2 2 2 2 2 2 2 2 2 2 2 2 2 2 2 2 2 2 2 2 2 2 2 2 2 2 2 2 2 2 2 2 2 2 2 2 2 2 2 2 2 2 2 2 2 2 2 2
left_child=1 27 3 5 -5 8 12 22 11 -10 -11 16 13 14 -3 17 -2 24 19 30 21 -21 28 -24 26 -26 36 47 -8 -15 39 37 -33 -34 -35 -16 42 -17 -38 41 -41 -19 43 -4 -44 46 -45 49 -49 50 52 -52 55 -54 -53 60 -57 58 -50 -60 61 -1
right_child=2 6 15 4 -6 -7 7 -9 9 10 -12 -13 -14 29 35 31 -18 18 -20 20 -22 -23 23 -25 25 -27 -28 -29 -30 -31 -32 32 33 34 -36 -37 38 -39 -40 40 -42 -43 44 45 -46 -47 -48 48 57 -51 51 54 53 -55 -56 56 -58 -59 59 -61 -62 -63
leaf_value=-0.00070208814477001251 -0.057944279449326647 0.031470825682252138 0.0055209779449758812 0.12422260200679303 0.018981824299054484 -0.044293536275625232 -0.023224441801481272 -0.10594007158683517 0.11972057712078094 -0.016944742629240298 0.088823446475845919 0.042039830169671187 -0.051701029635720194 -0.001314172931937593 -0.018063619573826364 0.043286202426499394 0.0077460203962079399 0.042290831084052724 0.074826205717947541 0.011372786796484844 -0.056805170576732886 -0.045008242015363804 0.026849378350697742 -0.04238544321541364 -0.053387346251321764 0.018640283346176147 -0.053828893193071159 0.041835483817590606 -0.082164268994749323 0.052663889966241204 0.066162067516378958 -0.074736563944472714 0.0026965976488682324 -0.0097262890671982478 -0.08505639407135146 -0.080129402341211547 -0.050514898922132408 -0.0093458735896274452 0.012610986992143667 0.00046585864853113888 0.065830315547554114 -0.0063727117937469714 -0.037742879446595906 0.017918578875674444 0.016279395876516556 -0.0021076738638956035 0.074612950003638698 0.044832761286478486 -0.023739974413599284 0.047663875861128545 -0.096183595357255805 -0.0086153297154030403 -0.013061629004123569 -0.076037190615568517 -0.062882920201210418 0.078035183671642749 -0.0019975320167350962 -0.0025179594996719659 0.066189860443555515 0.016349383938961244 0.022812062039113852 -0.035191963382893141
leaf_weight=602 69 58 344 74 55 69 91 58 54 86 50 90 90 100 98 66 86 62 67 423 51 58 78 71 115 53 50 80 81 100 70 51 177 84 55 50 68 119 51 71 94 214 88 65 86 60 96 99 62 52 53 229 248 52 67 50 60 1810 63 202 163 134
leaf_count=602 69 58 344 74 55 69 91 58 54 86 50 90 90 100 98 66 86 62 67 423 51 58 78 71 115 53 50 80 81 100 70 51 177 84 55 50 68 119 51 71 94 214 88 65 86 60 96 99 62 52 53 229 248 52 67 50 60 1810 63 202 163 134
internal_value=2.59064e-05 -0.00489661 0.00718195 0.0273864 0.0798437 0.0138283 -0.0223651 -0.0422506 0.0231281 0.0504735 0.0223051 0.00180256 -0.00711588 0.00287028 -0.0194112 0.00250257 -0.0216807 0.00643441 0.0149235 0.0110075 -0.0014771 0.00449497 -0.0304496 -0.00620434 -0.00232864 -0.0306885 0.00294655 -0.00109545 -0.0512955 0.0258026 0.0239827 -0.0130516 -0.0244462 -0.0161196 -0.0399278 -0.0394288 0.00631395 0.00956275 -0.0235813 0.017153 0.037876 0.00467216 0.0111533 0.0180146 -0.0111018 0.0373492 0.0519758 -0.0019762 0.00267443 -0.00805538 -0.00983059 -0.0327185 -0.00370799 -0.0241937 -0.0210692 0.00240084 0.0347563 0.000701325 0.018474 0.0284025 -0.00159233 -0.00702072
internal_weight=8272 4901 3371 633 129 504 875 379 435 190 136 245 496 406 206 2738 155 2186 1110 1043 532 481 321 149 1076 168 908 4026 172 200 511 552 367 316 139 148 858 185 119 441 165 276 739 565 174 221 161 3946 2236 1710 1658 349 1309 300 296 1009 110 2137 327 265 899 736
internal_count=8272 4901 3371 633 129 504 875 379 435 190 136 245 496 406 206 2738 155 2186 1110 1043 532 481 321 149 1076 168 908 4026 172 200 511 552 367 316 139 148 858 185 119 441 165 276 739 565 174 221 161 3946 2236 1710 1658 349 1309 300 296 1009 110 2137 327 265 899 736
is_linear=0
shrinkage=0.03


Tree=116
num_leaves=63
num_cat=0
split_feature=8 240 86 191 187 245 255 177 92 177 171 136 249 115 229 258 12 114 212 47 3 195 234 64 3 189 134 3 216 159 129 192 172 154 274 254 25 215 99 98 133 133 252 273 176 256 235 114 35 33 58 165 114 215 179 114 151 192 280 66 137 103
split_gain=311.381 574.916 315.669 211.191 262.697 209.037 252.585 248.402 389.06 243.749 281.055 263.696 203.005 387.172 269.991 259.617 189.651 377.79 189.411 187.439 240.05 171.215 273.276 259.601 238.244 277.479 224.053 195.379 192.698 182.733 219.577 170.205 169.19 237.066 168.594 148.317 145.365 151.038 150.331 181.926 140.854 167.251 158.997 140.706 249.934 233.545 256.306 237.172 221.308 180.515 219.526 214.829 228.679 204.264 169.624 247.047 161.121 207.608 156.334 154.226 154.072 149.516
threshold=45.500000000000007 11.500000000000002 17.500000000000004 0.3366666734218598 8.5000000000000018 16.500000000000004 0.084219858050346388 0.17519181966781619 0.31923833489418035 0.22653958946466449 0.2709790319204331 0.090045046061277403 55.500000000000007 0.14980315417051318 36.500000000000007 101.50000000000001 65.500000000000014 0.81119596958160411 0.32163383066654211 84.500000000000014 67.500000000000014 0.27429467439651495 0.92323619127273571 0.57652360200881969 75.500000000000014 25.500000000000004 0.82185670733451854 53.500000000000007 0.052289815619587905 11.500000000000002 51.500000000000007 0.43669871985912329 0.30901856720447546 0.75871905684471141 0.62233570218086254 0.38852339982986456 19.500000000000004 0.18655367195606234 27.500000000000004 36.500000000000007 0.60883498191833507 0.58740079402923595 0.30707196891307836 0.3343313485383988 0.23431372642517093 0.080322578549385085 0.13245614618062976 0.57717391848564159 0.51702612638473522 0.27281402051448828 16.500000000000004 14.500000000000002 0.97377020120620739 0.21676707267761233 3.5000000000000004 0.62414976954460155 0.23460238426923755 0.32071428000926977 1.0000000180025095e-35 0.1465040594339371 0.27035525441169744 1.5000000000000002
decision_type=2 2 2 2 2 2 2 2 2 2 2 2 2 2 2 2 2 2 2 2 2 2 2 2 2 2 2 2 2 2 2 2 2 2 2 2 2 2 2 2 2 2 2 2 2 2 2 2 2 2 2 2 2 2 2 2 2 2 2 2 2 2
left_child=1 2 5 12 21 6 16 8 -8 -9 -11 -12 14 -14 15 40 17 -1 -16 20 -17 22 24 36 25 28 -26 -24 34 30 -29 -30 35 -34 -5 -18 37 38 39 -23 41 43 -42 45 49 -2 47 60 -46 54 59 52 53 -52 61 -56 57 -48 -57 -51 -47 -45
right_child=3 -3 -4 4 -6 -7 7 9 -10 10 11 -13 13 -15 18 19 32 -19 -20 -21 -22 23 27 -25 26 -27 -28 29 31 -31 -32 -33 33 -35 -36 -37 -38 -39 -40 -41 42 -43 -44 44 48 46 56 -49 -50 50 51 -53 -54 -55 55 58 -58 -59 -60 -61 -62 -63
leaf_value=-0.0048728915137319778 -0.0019205832113000599 0.10936861085441876 0.067509320696386016 0.0034855373203754422 0.067374290797327249 -0.050790504777902049 0.11369774991165725 -0.040080182282254101 0.0088943077879610338 0.0057233277077136709 0.10960903027198381 0.01416714091391231 -0.10078788901013987 0.013822083302280481 0.0057795594974535784 -0.10305294397331419 0.010279425828491546 -0.088913252561307332 0.079067728754721192 0.0061464008601272799 -0.016912543190909284 -0.049613529625866147 -0.013446734131410204 0.017556693405596489 -0.074598617690498942 0.067439449662342665 0.0020280065126717091 0.10479489080837533 0.053993989530245999 0.0094254241099992354 0.03469522930721336 -0.0027479240631879264 0.0032040046500042079 0.07105805869067186 -0.071537558445159133 -0.0349266638596143 0.020078983267636172 -0.078173249202469985 -0.055716063670814039 0.018375170640737831 -0.059263943643417465 0.038181186020157708 -0.0096950535176963098 0.015056068315795651 -0.0098861335092736632 -0.075716075239243452 -0.074630505148660042 -0.0012405119211083124 -0.061559824418726851 0.022557808487954866 0.051261775885586634 -0.017161347803569611 0.095206897258758541 -0.0085273972512222816 -0.079201563710675521 -0.028832180096522757 -0.096071057747744146 0.0092370961190989375 0.0086098990899438534 -0.017798902147939218 -0.010760347757299067 -0.0057016846558249649
leaf_weight=229 1010 52 77 57 62 56 61 67 66 277 53 51 55 50 72 62 172 60 56 50 55 53 57 217 63 67 74 72 73 76 93 133 119 75 50 104 55 53 79 102 85 85 182 610 417 76 54 359 90 151 145 61 62 79 50 189 60 51 212 193 58 638
leaf_count=229 1010 52 77 57 62 56 61 67 66 277 53 51 55 50 72 62 172 60 56 50 55 53 57 217 63 67 74 72 73 76 93 133 119 75 50 104 55 53 79 102 85 85 182 610 417 76 54 359 90 151 145 61 62 79 50 189 60 51 212 193 58 638
internal_value=2.49591e-05 0.0122928 0.00877965 -0.00273594 0.00746918 0.00548008 0.00787854 0.0228583 0.059728 0.0122967 0.0215881 0.0633865 -0.005493 -0.0465962 -0.00465616 -0.00574265 -0.00348492 -0.0225671 0.0382075 -0.0424165 -0.0630461 0.004719 0.0134828 -0.00805955 0.000279441 0.0125117 -0.0334943 0.0363118 0.000576685 0.0480873 0.0657312 0.0175233 0.00827162 0.0296661 -0.0319098 -0.00681935 -0.0243169 -0.032865 -0.0223139 -0.00504159 -0.00448869 -0.00326908 -0.0256377 -0.00404907 -5.17922e-05 -0.0109874 -0.0248805 -0.0139911 -0.0191621 0.00400847 0.0169247 0.0337243 0.0445995 0.0302312 -0.00125153 -0.0169989 -0.0571366 -0.034192 -0.00906519 -7.01453e-05 -0.0478889 0.00444826
internal_weight=8272 1519 1467 6753 1436 1390 1334 575 127 448 381 104 5317 105 5212 5084 759 289 128 167 117 1374 815 559 517 380 137 298 313 241 165 206 470 194 107 276 342 287 234 155 4917 4650 267 4565 2897 1668 658 493 507 2390 691 347 286 224 1699 451 165 105 401 344 134 1248
internal_count=8272 1519 1467 6753 1436 1390 1334 575 127 448 381 104 5317 105 5212 5084 759 289 128 167 117 1374 815 559 517 380 137 298 313 241 165 206 470 194 107 276 342 287 234 155 4917 4650 267 4565 2897 1668 658 493 507 2390 691 347 286 224 1699 451 165 105 401 344 134 1248
is_linear=0
shrinkage=0.03


Tree=117
num_leaves=63
num_cat=0
split_feature=111 8 8 81 71 111 237 273 207 119 236 260 111 34 78 77 151 172 19 8 253 27 115 8 251 8 11 149 229 114 38 194 60 67 218 132 116 3 238 34 170 238 42 233 66 180 33 216 218 66 117 34 96 38 270 8 153 132 5 153 267 154
split_gain=306.362 347.789 298.906 344.072 281.758 225.306 223.538 496.382 341.759 281.654 248.099 302.166 278.538 253.071 209.573 248.054 287.08 193.853 187.379 204.971 188.233 185.157 184.384 181.373 180.553 160.825 240.569 242.174 285.775 208.645 175.069 231.465 308.22 252.654 230.259 226.721 159.034 164.384 258.157 238.434 375.546 160.062 150.354 150.122 213.645 226.385 197.945 182.833 177.066 246.852 167.294 215.46 172.243 166.024 156.08 154.344 149.857 148.39 147.28 236.115 231.873 185.866
threshold=0.33227176964282995 86.500000000000014 33.500000000000007 2.5000000000000004 5.5000000000000009 0.24404424428939822 0.080540537834167494 0.58195385336875927 9.5000000000000018 10.500000000000002 0.043015725910663612 9.5000000000000018 0.36332502961158758 0.33239750564098364 98.500000000000014 0.97993290424346935 0.2752551287412644 0.54226192831993114 28.500000000000004 69.500000000000014 0.51818782091140758 45.500000000000007 0.24264069646596911 86.500000000000014 0.29467788338661199 53.500000000000007 52.500000000000007 204.50000000000003 29.500000000000004 0.59034696221351635 0.04287629388272763 0.61130267381668102 60.500000000000007 0.099549550563097014 18.500000000000004 0.25937646627426153 0.14682106673717502 57.500000000000007 15.500000000000002 0.29854282736778265 3.5000000000000004 25.500000000000004 1.5000000000000002 0.40967366099357611 0.17875940352678302 7.5000000000000009 0.29417613148689276 0.20881782472133639 33.500000000000007 0.16145323961973193 0.35025772452354437 0.31822134554386144 0.020620748400688175 0.064019706100225462 1.5000000000000002 48.500000000000007 0.43471652269363409 0.32871922850608831 40.500000000000007 0.38762754201889044 9.5000000000000018 0.70853146910667431
decision_type=2 2 2 2 2 2 2 2 2 2 2 2 2 2 2 2 2 2 2 2 2 2 2 2 2 2 2 2 2 2 2 2 2 2 2 2 2 2 2 2 2 2 2 2 2 2 2 2 2 2 2 2 2 2 2 2 2 2 2 2 2 2
left_child=1 2 3 -1 6 25 7 22 9 21 12 13 -10 -12 -3 -16 -17 18 19 -13 -20 -8 24 -6 -2 36 -27 28 30 -29 -28 33 -33 34 -32 -35 37 -4 -39 -40 -41 -38 -34 44 55 53 47 48 50 -50 52 -52 -45 -46 -48 -7 -44 -55 -54 60 -60 -61
right_child=4 14 5 -5 23 43 8 -9 10 -11 11 17 -14 -15 15 16 -18 -19 20 -21 -22 -23 -24 -25 -26 26 27 29 -30 -31 31 32 42 35 -36 -37 41 38 39 40 -42 -43 56 46 45 -47 54 -49 49 -51 51 -53 58 57 -56 -57 -58 -59 59 61 -62 -63
leaf_value=-0.00043979011643200349 0.0002483749267487944 -0.012272993530010781 -0.0013875543812978256 0.07569744852173961 0.086656377648245797 0.058155286755672719 -0.031159785891314278 0.11261520541938289 0.012741443897089498 -0.085991361282088535 0.0093285815152065708 0.091425878376257222 0.10662755419664523 -0.083360262909638022 -5.657192835441002e-05 -0.10714985301097234 -0.015930003801790566 -0.026830603803197541 -0.034913828425547654 0.024944069150114691 0.04133080486756037 0.023168918782906545 -0.034447013641658579 0.016246115832229055 0.071614303716204378 -0.04738842672394479 0.027912837734618105 -0.080734252191839689 0.059202194515673906 -0.020283082181099549 -0.031099275154247878 -0.03053020911058411 0.045156863147304174 0.039514522185995118 -0.10237210907238095 -0.031037332238917494 -0.023276562092360106 -0.0026824076723863896 -0.0017034858589371044 0.13443543922872497 0.023366038918495178 0.018869564686947074 0.022073035910725593 -0.040475896486036833 -0.069560091119470466 0.030021382828376124 -0.072353458735895784 0.053918465594366444 -0.079156613539390519 -0.0010593305776516596 0.0037699420622696999 -0.075647371408457939 0.046020461530133616 0.015292445780709386 -0.011850773556972853 0.015923912596416064 -0.031837502684522893 -0.035043828163366271 0.016132338814279664 0.066905271294045027 -0.04606977545418018 0.010809440826630667
leaf_weight=116 76 540 762 98 72 85 148 55 65 54 50 60 50 55 64 80 51 71 67 136 50 90 56 61 54 169 118 61 63 308 149 167 125 70 56 96 383 163 53 51 59 102 133 62 52 104 56 58 57 98 75 51 95 104 119 850 70 105 92 57 128 647
leaf_count=116 76 540 762 98 72 85 148 55 65 54 50 60 50 55 64 80 51 71 67 136 50 90 56 61 54 169 118 61 63 308 149 167 125 70 56 96 383 163 53 51 59 102 133 62 52 104 56 58 57 98 75 51 95 104 119 850 70 105 92 57 128 647
internal_value=2.38968e-05 -0.00243541 -0.000144273 0.0346167 0.0135742 -0.00137874 0.00871677 0.0343012 0.00180469 -0.0247917 0.0146823 0.00531393 0.0541288 -0.0395511 -0.0219441 -0.0485264 -0.0720265 0.0176526 0.0277963 0.0456564 -0.00225652 -0.0106043 0.0106654 0.0547252 0.0302131 -0.00691937 -0.0136606 -0.00960452 -0.00222959 -0.0304676 -0.00621883 -0.0108964 0.00253632 -0.0287774 -0.0509714 -0.00122808 -0.000122387 0.0062461 0.0240388 0.0506135 0.0756091 -0.0143923 0.0194136 0.00466553 0.0122285 -0.00722235 -0.00150241 0.00221562 -2.40589e-05 -0.0301023 0.00386024 -0.0287177 0.00768051 -0.0221207 -0.0315127 0.0198212 0.00341826 -0.0100426 0.0106473 0.00696468 -0.0201027 0.0154397
internal_weight=8272 7002 6267 214 1270 6053 1137 241 896 292 604 489 115 105 735 195 131 384 313 196 117 238 186 133 130 3158 1585 1416 1047 369 984 866 495 371 205 166 1573 1088 326 163 110 485 328 2895 1300 365 1595 1420 1362 155 1207 126 1081 261 175 935 203 209 1019 924 220 704
internal_count=8272 7002 6267 214 1270 6053 1137 241 896 292 604 489 115 105 735 195 131 384 313 196 117 238 186 133 130 3158 1585 1416 1047 369 984 866 495 371 205 166 1573 1088 326 163 110 485 328 2895 1300 365 1595 1420 1362 155 1207 126 1081 261 175 935 203 209 1019 924 220 704
is_linear=0
shrinkage=0.03


Tree=118
num_leaves=63
num_cat=0
split_feature=8 79 62 62 131 133 63 8 177 255 34 131 112 81 137 20 112 118 108 267 8 227 87 68 12 215 236 108 140 279 6 211 196 173 65 186 161 112 201 68 255 80 186 132 115 250 276 150 172 61 236 193 194 48 79 140 180 197 112 208 137 157
split_gain=282.521 562.338 267.044 369.54 245.122 328.916 263.959 271.268 236.398 469.785 382.118 310.411 251.127 445.967 234.129 233.596 189.615 896.597 227.238 245.381 190.392 262.924 186.619 179.469 173.499 192.564 164.107 160.662 200.992 160.354 159.727 159.391 159.369 166.153 157.607 153.913 190.524 166.752 226.103 214.241 207.515 201.249 184.344 206.15 193.175 169.117 151.469 148.672 179.579 148.258 148.167 147.911 169.724 193.246 170.488 163.403 153.512 146.326 152.519 146.299 141.936 141.533
threshold=45.500000000000007 20.500000000000004 0.329607903957367 0.30805176496505743 0.33678840100765234 0.68349590897560131 0.32866927981376654 66.500000000000014 0.17519181966781619 0.091507177799940123 0.30421996116638189 0.32158385217189794 0.38377965986728674 2.5000000000000004 0.22145254164934161 164.50000000000003 0.2401923015713692 60.500000000000007 1.5000000000000002 12.500000000000002 93.500000000000014 5.5000000000000009 54.500000000000007 0.10045871511101724 50.500000000000007 0.062114197760820396 0.42481203377246862 9.5000000000000018 90.500000000000014 216.50000000000003 61.500000000000007 0.23706512153148654 0.045983087271451957 0.48074074089527136 0.72706687450408947 1.5000000000000002 2.5000000000000004 0.39662297070026403 5.5000000000000009 0.16291709244251254 0.11970148980617525 25.500000000000004 7.5000000000000009 0.38485428690910345 0.1366749703884125 2.5000000000000004 0.019419306889176372 3.5000000000000004 0.37884436547756201 2.5000000000000004 0.16441441327333453 0.52277433872222911 0.83843547105789196 0.99310684204101574 9.5000000000000018 25.500000000000004 3.5000000000000004 0.2788888961076737 0.44125862419605261 7.5000000000000009 0.23410988599061969 0.15411572158336642
decision_type=2 2 2 2 2 2 2 2 2 2 2 2 2 2 2 2 2 2 2 2 2 2 2 2 2 2 2 2 2 2 2 2 2 2 2 2 2 2 2 2 2 2 2 2 2 2 2 2 2 2 2 2 2 2 2 2 2 2 2 2 2 2
left_child=1 2 3 8 16 6 31 15 9 -1 -11 12 24 -14 -4 -8 17 18 -2 -20 22 27 23 34 -10 -26 35 29 -29 -22 -9 -6 33 -27 -18 36 61 39 42 45 41 46 43 44 60 -37 -41 -34 -49 -46 -45 52 53 55 -55 -42 -57 58 -51 -28 -39 -25
right_child=4 -3 14 -5 5 -7 7 30 11 10 -12 -13 13 -15 -16 -17 20 -19 19 -21 21 -23 -24 26 25 32 59 28 -30 -31 -32 -33 47 -35 -36 37 -38 38 -40 40 51 -43 -44 50 49 -47 -48 48 -50 57 -52 -53 -54 54 -56 56 -58 -59 -60 -61 -62 -63
leaf_value=0.0043586305642542853 0.0073282347597165157 0.10964758510098738 -0.076506798725575198 0.069488570065574448 0.013489488721632494 -0.020996717481101129 0.039287975377270155 -0.024763535029553578 -0.046560339815914627 0.019167663402417125 0.13233800017227562 -0.049852474847249681 -0.011574683338403701 0.11188754779788164 0.0071922595114981532 0.12391613419607 0.0013090325330759023 -0.14041592194483829 -0.072409034318189666 0.008298744641501328 -0.0070011100108220174 -0.065621239242683121 -0.051049979704974296 -0.038291117002954705 -0.026129714244960581 0.0079764785855374436 -0.059019288783331944 -0.056747693452306763 0.0076307330750031016 0.052854172598857142 0.033907645701058212 -0.046102593896378358 0.066293246837476116 -0.055227533061714733 0.062834732461645199 -0.013653482321167228 0.037826612812431548 0.03073119188805944 -0.027101634730844152 -0.022187679377317322 0.041445771334692835 0.059589925757769877 0.071260636330492066 0.016668838286086132 0.047083841869202649 -0.072804535318095734 0.018111395383705504 0.0034663025669558621 0.066128977388143537 0.00010178972171636017 -0.050171240004045617 0.0059907051816750689 -0.051543828410439585 -0.0044180513752332656 -0.066229277500246139 -0.052797420563606111 0.0049836370933644949 -0.02541162788977518 0.061105688192627648 -0.0044488796335645014 0.096252559835419929 -0.0071386949197273395
leaf_weight=219 279 50 59 93 144 187 69 52 65 50 58 99 53 51 60 52 76 51 82 57 178 94 66 143 144 140 82 109 72 51 199 55 64 50 73 247 78 75 96 103 83 86 61 56 91 52 436 214 50 112 62 642 94 82 78 51 202 101 54 95 50 1495
leaf_count=219 279 50 59 93 144 187 69 52 65 50 58 99 53 51 60 52 76 51 82 57 178 94 66 143 144 140 82 109 72 51 199 55 64 50 73 247 78 75 96 103 83 86 61 56 91 52 436 214 50 112 62 642 94 82 78 51 202 101 54 95 50 1495
internal_value=2.35136e-05 0.011709 0.00830319 0.0121076 -0.00260634 0.0134567 0.024757 0.0396428 0.00781037 0.0297085 0.0806009 8.70616e-05 0.00608931 0.0494583 -0.0345973 0.0763747 -0.00463923 -0.0229326 -0.00829765 -0.0394902 -0.00308277 -0.0206416 -0.00131684 -0.000644365 -0.0001742 0.00444369 -0.00165239 -0.0101946 -0.0312374 0.00650095 0.0217026 -0.00312885 0.0129768 -0.00885822 0.0316704 -0.000565534 -0.0076908 0.0036316 0.0157248 -0.000625412 0.00317314 0.0172388 0.0219668 0.0168535 0.0255299 -0.024149 0.0103836 0.0256137 0.015539 0.0142397 -0.018577 -0.00397064 -0.0148017 -0.0077488 -0.0347752 0.00518593 -0.00682594 0.00291168 0.0201935 -0.0299196 0.0574956 -0.00988005
internal_weight=8272 1519 1469 1350 6753 758 571 372 1257 327 108 930 831 104 119 121 5995 469 418 139 5526 504 5022 4956 727 662 4807 410 181 229 251 199 518 190 149 4630 1716 2914 758 2156 1857 625 662 601 483 299 539 328 264 358 118 1232 590 496 160 336 253 267 166 177 125 1638
internal_count=8272 1519 1469 1350 6753 758 571 372 1257 327 108 930 831 104 119 121 5995 469 418 139 5526 504 5022 4956 727 662 4807 410 181 229 251 199 518 190 149 4630 1716 2914 758 2156 1857 625 662 601 483 299 539 328 264 358 118 1232 590 496 160 336 253 267 166 177 125 1638
is_linear=0
shrinkage=0.03


Tree=119
num_leaves=63
num_cat=0
split_feature=111 8 129 62 195 7 257 97 57 172 8 30 8 235 214 206 254 254 103 185 226 36 213 31 276 77 21 114 22 98 148 114 111 8 129 120 129 115 144 280 200 76 196 75 33 113 29 231 250 32 78 98 56 217 8 257 143 26 46 172 8 57
split_gain=283.879 380.388 252.192 271.114 225.59 206.671 226.931 217.061 206.264 204.989 217.541 356.063 245.169 238 294.648 238.255 265.028 231.991 265.924 265.316 242.966 262.383 239.893 195.581 192.221 292.029 187.5 257.9 237.474 201.311 184.582 252.045 180.306 292.449 621.531 210.96 327.994 263.737 236.018 231.193 208.685 179.09 175.428 182.478 175.424 171.278 191.059 169.451 157.681 156.366 152.213 148.888 163.338 187.445 194.36 150.286 169.414 181.703 148.605 147.961 145.048 142.88
threshold=0.29526825249195104 77.500000000000014 18.500000000000004 0.1602469086647034 0.56594201922416698 34.500000000000007 0.26624473929405218 0.15260706096887591 2.5000000000000004 0.26975052058696752 87.500000000000014 51.500000000000007 36.500000000000007 0.098330035805702223 0.9411522150039674 3.5000000000000004 0.46673150360584265 0.69891774654388439 2.5000000000000004 14.500000000000002 11.500000000000002 0.78939300775527965 0.38924963772296911 162.50000000000003 0.11374887824058534 0.99139782786369335 34.500000000000007 0.69915509223937999 54.500000000000007 23.500000000000004 18.500000000000004 0.91203573346138012 0.20670914649963382 35.500000000000007 31.500000000000004 30.500000000000004 70.500000000000014 0.11410488188266756 2.5000000000000004 1.0000000180025095e-35 10.500000000000002 2.5000000000000004 0.025320513173937801 44.500000000000007 0.29058216512203222 0.28140169382095342 14.500000000000002 0.18808962404727939 1.0000000180025095e-35 15.500000000000002 102.50000000000001 10.500000000000002 12.500000000000002 0.23447144776582721 53.500000000000007 0.35043859481811529 2.5000000000000004 1.5000000000000002 67.500000000000014 0.29679679870605474 91.500000000000014 17.500000000000004
decision_type=2 2 2 2 2 2 2 2 2 2 2 2 2 2 2 2 2 2 2 2 2 2 2 2 2 2 2 2 2 2 2 2 2 2 2 2 2 2 2 2 2 2 2 2 2 2 2 2 2 2 2 2 2 2 2 2 2 2 2 2 2 2
left_child=1 32 -3 -4 5 6 7 -2 -7 49 11 12 -11 14 30 -15 23 20 19 22 21 -18 -19 -17 25 -20 28 -28 29 -5 31 -14 35 34 -34 36 38 40 51 -40 -38 -24 -31 47 50 48 -47 -44 -35 -10 -12 -1 53 -53 -55 56 58 -58 59 -54 -29 -46
right_child=4 2 3 26 -6 8 -8 -9 9 10 44 -13 13 15 -16 16 17 18 24 -21 -22 -23 41 -25 -26 -27 27 60 -30 42 -32 -33 33 45 -36 -37 37 -39 39 -41 -42 -43 43 -45 61 46 -48 -49 -50 -51 -52 52 55 54 -56 -57 57 -59 -60 -61 -62 -63
leaf_value=0.014025110113749129 0.05850817142602275 0.027474433057679888 -0.092765855026595734 0.033787125882047873 0.070523245518740549 -0.045301037313232956 0.092819762764591029 -0.029067822370459052 0.081678861680355944 -0.056244247125891537 -0.011930774966659138 0.078528010980851604 0.028066354268250802 0.055199824869632722 0.095878014699468078 0.074557462047253331 0.022368118741195386 0.043765202394049414 0.048705540330866805 -0.063457686502486468 -0.094699196017840326 -0.061445702263154087 -0.057065120643803049 -0.00079307563362583037 0.066931665063108478 -0.048060089676426006 -0.099478501405786054 -0.018001915555888492 0.030549850549694113 -0.079759832193266669 0.062876823769639364 -0.035856956089051754 -0.023634933491922774 -0.0011141029395082074 0.11768735630775336 0.049695849852370362 -0.034803890078000617 -0.013456851253776173 -0.0019848942893414133 0.063922083733906579 -0.11214368743095862 0.0061174336465774099 -0.035946039488273011 -0.054731509165338622 -0.0045868150967569472 -0.044330754911145527 0.0018830710279183647 0.029140982269309459 0.051333690588519033 0.014642829424142837 -0.055483828978321978 -0.00079356644412173938 -0.035408140917909198 -0.028887256095321001 -0.097073355667806893 0.013428119481066052 -0.013544163488512558 -0.064512870068429026 0.031566049475787263 0.026333788542005306 -0.069823434571972334 0.045903568850564104
leaf_weight=221 50 88 50 51 51 70 50 50 54 51 295 66 171 68 52 62 70 75 60 79 50 63 69 61 72 51 50 284 108 52 68 81 52 91 59 55 70 170 108 85 58 95 62 81 180 82 2686 83 118 74 95 101 106 111 57 244 185 95 98 51 58 69
leaf_count=221 50 88 50 51 51 70 50 50 54 51 295 66 171 68 52 62 70 75 60 79 50 63 69 61 72 51 50 284 108 52 68 81 52 91 59 55 70 170 108 85 58 95 62 81 180 82 2686 83 118 74 95 101 106 111 57 244 185 95 98 51 58 69
internal_value=2.35109e-05 -0.00353159 -0.0207175 -0.0255679 0.0087093 0.00733896 0.0412932 0.0148659 0.00500726 0.00668028 0.00431727 0.0110818 0.00759457 0.0102484 0.0303142 0.00169277 -0.00287861 -0.0101808 0.000398766 -0.0161685 -0.0389894 -0.0174954 -0.000338039 0.0374835 0.0291192 0.00421351 -0.021408 -0.0364466 -0.00786564 -0.0205306 0.0193945 0.00745906 -0.000138547 0.00427166 0.0518624 -0.0076402 -0.00945915 -0.0380892 -0.00360143 0.0272214 -0.0704462 -0.0206502 -0.0305807 -0.0189636 -0.0101171 0.00248038 0.000498505 0.00125508 0.028601 0.0433376 -0.0226546 -0.00830695 -0.0130252 -0.0331354 -0.0524593 -0.00604723 -0.0149379 -0.0310052 0.00275674 -0.0153121 -0.0269683 0.00953215
internal_weight=8272 5870 967 879 2402 2351 150 100 2201 2131 2003 1364 1298 1247 372 875 807 684 501 318 183 133 239 123 183 111 829 392 437 329 320 252 4903 3088 111 1815 1760 298 1462 193 128 164 278 226 639 2977 2768 145 209 128 390 1269 1048 269 168 779 535 280 255 157 342 249
internal_count=8272 5870 967 879 2402 2351 150 100 2201 2131 2003 1364 1298 1247 372 875 807 684 501 318 183 133 239 123 183 111 829 392 437 329 320 252 4903 3088 111 1815 1760 298 1462 193 128 164 278 226 639 2977 2768 145 209 128 390 1269 1048 269 168 779 535 280 255 157 342 249
is_linear=0
shrinkage=0.03


Tree=120
num_leaves=63
num_cat=0
split_feature=111 8 20 8 99 111 8 120 129 115 26 249 115 124 153 89 43 196 8 155 74 254 3 181 62 111 137 68 111 116 134 63 200 98 215 239 6 8 129 86 112 210 49 49 148 98 176 111 137 135 76 39 73 208 109 112 137 155 113 133 13 249
split_gain=271.417 306.545 254.463 324.219 410.311 245.28 416.777 230.217 262.572 233.088 229.379 234.799 216.783 209.927 207.976 205.829 317.141 197.769 204.996 258.179 316.17 257.909 260.211 201.09 197.264 191.797 182.834 172.454 167.454 165.903 162.882 160.289 155.97 152.711 150.949 148.63 146.071 143.958 209.533 204.516 257.136 174.689 167.543 198.813 179.691 140.17 140.139 264.309 187.128 161.019 136.889 135.97 200.534 135.112 145.306 182.96 134.275 209.598 133.757 177.784 131.129 274.247
threshold=0.33227176964282995 72.500000000000014 104.50000000000001 57.500000000000007 13.500000000000002 0.20670914649963382 33.500000000000007 30.500000000000004 70.500000000000014 0.121416874229908 3.5000000000000004 13.500000000000002 0.069204982370138182 1.0000000180025095e-35 0.51187819242477428 137.50000000000003 0.79772728681564342 0.21807064861059192 109.50000000000001 0.12515060603618625 124.50000000000001 0.70134380459785473 73.500000000000014 1.5000000000000002 0.17574992775917056 0.35329985618591314 0.13310023397207263 0.26902399957180029 0.36873432993888861 0.056864377111196525 1.1049042940139773 0.34498016536235815 9.5000000000000018 20.500000000000004 0.28187072277069097 3.5000000000000004 89.500000000000014 86.500000000000014 23.500000000000004 2.5000000000000004 0.329607903957367 1.5000000000000002 88.500000000000014 108.50000000000001 30.500000000000004 18.500000000000004 0.22902098298072818 0.27529583871364599 0.22421849519014361 0.095413167029619231 19.500000000000004 0.24828758835792544 1.5000000000000002 9.5000000000000018 14.500000000000002 0.16064515709877017 0.31838294863700872 0.13237366080284121 0.38119783997535711 0.38762754201889044 70.500000000000014 44.500000000000007
decision_type=2 2 2 2 2 2 2 2 2 2 2 2 2 2 2 2 2 2 2 2 2 2 2 2 2 2 2 2 2 2 2 2 2 2 2 2 2 2 2 2 2 2 2 2 2 2 2 2 2 2 2 2 2 2 2 2 2 2 2 2 2 2
left_child=1 5 14 4 -4 7 -7 8 10 32 13 -12 33 53 26 24 -17 18 19 23 21 31 35 50 27 -24 -2 -3 -28 -15 36 -21 -10 -8 -16 -23 60 46 -39 -40 -41 -42 -43 -44 -45 -30 48 -48 49 -26 -5 52 -35 54 -1 -56 57 -31 59 -50 -14 -62
right_child=2 15 3 17 -6 6 12 -9 9 -11 11 -13 30 29 34 16 -18 -19 -20 20 -22 22 25 -25 37 -27 28 -29 45 56 -32 -33 -34 51 -36 -37 -38 38 39 40 41 42 43 44 -46 -47 47 -49 58 -51 -52 -53 -54 -55 55 -57 -58 -59 -60 -61 61 -63
leaf_value=0.012772404025174461 0.048834310326193058 -0.012965085259497617 0.014453068585213967 -0.019737147478496326 0.13078921377085723 0.072315868256723176 -0.01817052902567845 0.053173199638724321 -0.027478671733697408 -0.0092080991271589144 -0.0017861701795031171 0.080604924823024435 0.0085051817450487455 0.013362657898350765 -0.074587756852161582 -0.004399515087487268 -0.105699287377871 -0.026820920788399552 -0.032225076898692112 0.017510652918849259 0.084933959604093889 0.039551341567900689 0.026569804435267165 -0.054703247133981094 0.020951545952353625 0.10291343294672275 0.027056042362536701 -0.072492077554576095 0.001918028272115267 -0.024360641123818569 -0.038408124385909598 -0.045716405090386582 -0.091737377908467851 0.0035616429002041168 -0.0086356489930082773 -0.028226798338925135 0.048590060085538893 0.036874116506231458 0.027746093111733594 -0.086453249615927541 0.02205210316926241 -0.066514816722551051 0.0044152655382201358 -0.018800473713199609 -0.087609959112273317 -0.068381507992744436 -0.0692605618472832 0.0059134384044719967 0.012673517478896038 -0.01902536750958872 0.048271593355540453 0.057192860478978778 0.065718516875659272 0.045113691843624383 -0.064482319934801621 -0.0072916083662350742 -0.013746029462378758 -0.10386364298765777 0.0070123186050978009 0.080643603896256535 -0.0084090759689580685 0.060796138991912212
leaf_weight=311 69 98 58 50 51 84 64 54 63 151 70 55 1311 56 58 60 51 91 61 92 94 67 50 54 119 75 69 79 51 60 87 58 76 190 67 50 61 56 62 62 69 85 158 95 53 50 71 101 83 371 55 125 61 52 54 600 77 60 364 59 1131 53
leaf_count=311 69 98 58 50 51 84 64 54 63 151 70 55 1311 56 58 60 51 91 61 92 94 67 50 54 119 75 69 79 51 60 87 58 76 190 67 50 61 56 62 62 69 85 158 95 53 50 71 101 83 371 55 125 61 52 54 600 77 60 364 59 1131 53
internal_value=2.26305e-05 -0.00229217 0.0127768 0.0212818 0.0695797 0.00181105 0.00678102 -0.00723875 -0.00920519 -0.0351273 -0.00379507 0.0348179 0.00497258 -0.00761996 -0.00839259 -0.0118927 -0.0514708 0.0145975 0.0199665 0.0249447 0.0357831 0.0238108 0.042907 -0.0082004 -0.00965467 0.0728292 0.00801919 -0.0397916 -0.00873565 -0.0320165 0.00172291 -0.00707799 -0.0630172 0.0244445 -0.0395865 0.0105926 0.00310336 -0.00668395 -0.0181078 -0.0234341 -0.0295544 -0.0217145 -0.0294746 -0.0190025 -0.0438643 -0.0332129 -0.00041416 -0.0253387 0.00391117 -0.00929379 0.0160058 0.0317271 0.0188683 -0.00152531 -0.0040826 -0.012105 -0.0449185 -0.064642 0.0166917 0.0412811 0.00197224 -0.00526252
internal_weight=8272 7002 1270 906 109 4906 3167 1739 1685 290 1395 125 3083 1270 364 2096 111 797 706 645 486 392 242 159 1985 125 239 177 170 253 2643 150 139 440 125 117 2556 1808 640 584 522 460 391 306 148 101 1168 172 996 490 105 376 251 1017 965 654 197 120 506 142 2495 1184
internal_count=8272 7002 1270 906 109 4906 3167 1739 1685 290 1395 125 3083 1270 364 2096 111 797 706 645 486 392 242 159 1985 125 239 177 170 253 2643 150 139 440 125 117 2556 1808 640 584 522 460 391 306 148 101 1168 172 996 490 105 376 251 1017 965 654 197 120 506 142 2495 1184
is_linear=0
shrinkage=0.03


Tree=121
num_leaves=63
num_cat=0
split_feature=111 8 139 49 148 188 2 93 20 8 3 32 211 232 156 275 149 213 38 67 249 151 263 8 151 256 136 11 132 9 186 58 153 211 205 21 125 111 148 137 270 117 6 8 248 13 261 256 45 156 267 216 65 267 19 47 72 8 104 18 133 153
split_gain=263.666 305.172 546.119 419.1 321.298 504.785 367.802 295.823 441.747 284.124 274.676 271.271 239.95 256.756 204.842 190.703 285.528 226.331 202.875 190.266 180.034 405.668 209.615 172.873 161.078 155.876 242.943 334.556 201.863 179.841 252.28 177.733 153.627 156.717 153.298 203.146 151.185 167.311 260.732 217.787 178.264 188.279 174.405 164.557 163.15 157.091 185.515 181.318 149.287 140.792 136.798 130.395 129.616 128.407 128.362 245.824 160.743 125.413 131.967 124.536 112.51 112.137
threshold=0.26689498126506811 57.500000000000007 29.500000000000004 104.50000000000001 5.5000000000000009 1.0000000180025095e-35 50.500000000000007 0.36386947333812719 78.500000000000014 67.500000000000014 56.500000000000007 14.500000000000002 0.22085472941398623 0.40582770109176641 0.12061896920204164 0.055300714448094375 90.500000000000014 0.26572389900684362 0.086654633283615126 0.097693528980016722 28.500000000000004 0.27031427621841436 1.0000000180025095e-35 98.500000000000014 0.2952700555324555 0.16064515709877017 0.084422193467617049 60.500000000000007 0.31271257996559149 67.500000000000014 2.5000000000000004 19.500000000000004 0.37520226836204534 0.22431386262178424 25.500000000000004 40.500000000000007 9.5000000000000018 0.30449178814888006 32.500000000000007 0.35021367669105535 5.5000000000000009 0.10572892427444459 51.500000000000007 87.500000000000014 3.5000000000000004 65.500000000000014 2.5000000000000004 0.082650274038314833 143.50000000000003 0.07705803215503694 12.500000000000002 0.094916347414255156 0.74781289696693432 8.5000000000000018 28.500000000000004 9.5000000000000018 0.82085561752319347 76.500000000000014 2.5000000000000004 39.500000000000007 0.45363494753837591 0.4204836785793305
decision_type=2 2 2 2 2 2 2 2 2 2 2 2 2 2 2 2 2 2 2 2 2 2 2 2 2 2 2 2 2 2 2 2 2 2 2 2 2 2 2 2 2 2 2 2 2 2 2 2 2 2 2 2 2 2 2 2 2 2 2 2 2 2
left_child=9 2 3 4 6 -6 -2 -8 -9 20 11 51 -7 -14 -15 16 -12 -17 -18 -13 -1 22 -22 36 34 26 29 -28 -29 -19 -31 -30 33 -24 35 -25 54 44 39 40 41 -39 -43 -40 57 46 47 -44 -47 -42 -27 -11 -34 60 55 -3 -56 -38 -59 61 -50 -46
right_child=1 23 -4 -5 5 12 7 8 -10 10 15 19 13 14 -16 17 18 25 -20 -21 21 -23 32 24 -26 50 27 28 31 30 -32 -33 52 -35 -36 -37 37 38 43 -41 49 42 45 -45 59 48 -48 -49 53 -51 -52 -53 -54 -55 56 -57 -58 58 -60 -61 -62 -63
leaf_value=-0.0031618062035317931 -0.037073593890666966 -0.028767239250084186 0.11622903750752503 -0.050246563318528621 0.1074960476783819 -0.030310442826505437 -0.024002999753824299 0.00029371877323906376 0.12456186521140968 -0.042035124843770803 0.0033121785165911373 -0.11860592856611075 0.091842417434642179 -0.026750728252686953 0.05444349667700854 0.056492543459042081 -0.11298647184144048 0.018928518402321362 -0.027225557199460178 -0.03734566167435225 0.050321878292975394 0.079766312823570384 -0.0051249849539378592 -0.019465956040450171 0.0058687630336026883 -0.0073909587737391973 -0.10145021417423297 -0.060677662887159853 -0.032276636321977192 -0.073051949841901651 0.019351127531160327 0.043366352890072193 0.03942833649739623 -0.071566023671561299 -0.0078876394976158531 -0.10261251484975219 0.01407662733222094 0.059452632740949807 0.081647111178134335 -0.046885745368505781 0.01821741165127605 0.051573443448448435 0.037071038618893687 0.016085237821023311 0.019413673184812068 -0.034666440806821616 0.058624067824566729 -0.032278899815220093 0.014470942265139175 -0.044047274927172475 0.048276471648365259 0.011112420571347077 -0.0095446825115696379 0.029849841419822911 -0.054773610747522773 0.042082297989189707 0.0028199301669971917 -0.00057950450575914984 -0.045110898546874521 -0.064205718189644226 -0.041837624297255557 -0.038145350208806418
leaf_weight=2875 124 93 52 75 85 58 55 52 50 98 87 56 56 56 54 53 50 202 50 50 73 76 86 55 147 84 56 61 53 55 50 57 84 50 97 51 532 91 80 56 55 93 70 61 59 106 95 64 64 78 74 71 113 120 107 82 73 415 69 55 62 61
leaf_count=2875 124 93 52 75 85 58 55 52 50 98 87 56 56 56 54 53 50 202 50 50 73 76 86 55 147 84 56 61 53 55 50 57 84 50 97 51 532 91 80 56 55 93 70 61 59 106 95 64 64 78 74 71 113 120 107 82 73 415 69 55 62 61
internal_value=2.18486e-05 0.00596316 0.0235268 0.0161142 0.0246207 0.0456805 0.00138246 0.0317978 0.0618274 -0.00480539 -0.017282 -0.0435745 0.0218502 0.0401474 0.0132396 -0.00948566 -0.0364859 -0.0026686 -0.0708001 -0.0809829 -0.000315651 0.0166323 0.00464716 0.00174638 -0.0180352 -0.00727471 -0.0150166 -0.0384753 -0.017382 0.00239769 -0.029283 0.00695775 -0.00548631 -0.0298959 -0.0352889 -0.0600556 0.00437378 0.00720318 0.0156619 0.0100049 0.0136009 0.0191733 0.013655 0.0535965 -0.00058029 0.0075072 0.0267905 0.00395493 -0.00507829 -0.0183549 0.0188208 -0.0197728 0.0114309 0.0077598 -0.0138151 0.00448131 -0.0315297 0.0040354 -0.00700791 -0.0272484 -0.0133477 -0.00991894
internal_weight=8272 3708 717 665 590 309 281 157 102 4564 1207 275 224 166 110 932 187 745 100 106 3357 482 406 2991 350 692 534 227 171 307 105 110 333 136 203 106 2641 2286 1095 954 898 765 674 141 1191 581 229 134 352 133 158 169 197 246 355 175 180 1016 484 175 126 120
internal_count=8272 3708 717 665 590 309 281 157 102 4564 1207 275 224 166 110 932 187 745 100 106 3357 482 406 2991 350 692 534 227 171 307 105 110 333 136 203 106 2641 2286 1095 954 898 765 674 141 1191 581 229 134 352 133 158 169 197 246 355 175 180 1016 484 175 126 120
is_linear=0
shrinkage=0.03


Tree=122
num_leaves=63
num_cat=0
split_feature=8 79 131 133 63 8 26 37 226 2 256 205 64 151 35 117 20 198 83 169 112 118 108 267 68 8 78 13 3 114 56 220 108 211 139 87 236 13 117 151 271 196 74 134 257 34 2 97 71 220 114 97 86 112 257 89 175 92 106 7 190 180
split_gain=253.57 515.146 221.193 305.348 241.549 249.85 220.839 288.914 215.013 248.756 327.735 382.43 280.553 258.389 219.604 214.26 214.008 186.272 183.231 176.749 168.857 820.959 205.946 226.832 172.961 178.667 202.219 235.86 207.684 185.185 166.832 165.713 163.065 150.436 148.676 147.821 154.511 140.38 235.878 280.259 209.465 282.34 268.954 274.21 252.569 237.063 303.755 231.615 204.776 200.441 195.332 182.359 175.148 176.392 170.738 165.052 161.518 161.346 155.556 154.866 151.452 148.652
threshold=45.500000000000007 20.500000000000004 0.33678840100765234 0.68349590897560131 0.32866927981376654 66.500000000000014 4.5000000000000009 0.17190241068601611 4.5000000000000009 42.500000000000007 0.094044812023639693 16.500000000000004 0.47087104618549352 0.22796022146940234 0.47150768339633947 0.18217893689870837 164.50000000000003 57.500000000000007 4.5000000000000009 13.500000000000002 0.2401923015713692 60.500000000000007 1.5000000000000002 12.500000000000002 0.10045871511101724 93.500000000000014 84.500000000000014 76.500000000000014 77.500000000000014 0.93902355432510387 36.500000000000007 1.5000000000000002 2.5000000000000004 0.23706512153148654 26.500000000000004 54.500000000000007 0.42481203377246862 82.500000000000014 0.36978261172771459 0.24693857133388522 0.28015151619911199 0.045983087271451957 78.500000000000014 0.4952781349420548 0.1234756112098694 0.33767445385456091 66.500000000000014 0.29179605841636663 1.0000000180025095e-35 5.5000000000000009 0.69377517700195324 0.20524267852306369 14.500000000000002 0.36336579918861395 0.46770833432674414 41.500000000000007 0.2788888961076737 0.36120072007179266 22.500000000000004 47.500000000000007 1.5000000000000002 3.5000000000000004
decision_type=2 2 2 2 2 2 2 2 2 2 2 2 2 2 2 2 2 2 2 2 2 2 2 2 2 2 2 2 2 2 2 2 2 2 2 2 2 2 2 2 2 2 2 2 2 2 2 2 2 2 2 2 2 2 2 2 2 2 2 2 2 2
left_child=1 6 20 4 33 16 8 -8 15 17 11 13 -13 -11 19 31 -6 -10 -5 -12 21 22 -2 -24 32 35 29 28 -28 34 -17 -1 -22 -4 -27 36 37 40 39 60 41 44 45 -44 -26 51 49 48 57 -47 -41 -42 53 -48 55 -46 -52 -45 -57 -60 61 -39
right_child=2 -3 3 18 5 -7 7 -9 9 10 14 12 -14 -15 -16 30 -18 -19 -20 -21 24 -23 23 -25 25 26 27 -29 -30 -31 -32 -33 -34 -35 -36 -37 -38 38 -40 50 42 -43 43 47 54 46 52 -49 -50 -51 56 -53 -54 -55 -56 58 -58 -59 59 -61 -62 -63
leaf_value=0.0037536353667383081 0.0072135715756033144 0.10483014867586248 0.013144970804677698 -0.038520631359577395 0.037668616239513668 0.020699405010700934 0.0022500303897418474 0.10099140317781882 -0.048937554902082618 0.047521290211450483 -0.020853477331599399 -0.021259782005239418 0.055756792016327383 0.13849188172154955 -0.053010679949413643 -0.0098501417937424743 0.11867278449377923 0.02267839419214349 0.027706213054748682 0.046334914342477551 -0.020233046981629053 -0.13408315766889314 -0.069008004736177714 0.0085807186313744243 -0.017507942558400463 0.00061678643146639356 -0.10571049837792507 0.011143298653077404 -0.033892923359699706 0.020894329149953341 -0.064840028881349349 0.066939526125085802 0.041561080500562217 -0.044748785485114372 -0.064681775272839651 -0.046845572435043073 -0.029069022930781827 -0.0041500468855654752 -0.068136665622393289 -0.068245875954713764 -0.044619996496899558 -0.0096202436095479179 0.096234659309334614 0.10236418273765593 0.066737572916363078 -0.036097152170486153 0.070505665602052903 -0.032770950551760394 0.012955844472333625 0.023382864905701527 0.00049730258343722846 -9.2606975575867256e-05 0.086513391522497957 0.0021519543216066452 -0.023266088044426092 0.0052402050297869424 -0.049459968431080442 0.033269696616782592 0.076801244267888022 0.02147219768060105 -0.016180468813649245 0.047777057512842398
leaf_weight=127 279 50 144 136 69 251 56 50 76 62 61 80 89 53 54 518 52 56 51 81 52 51 82 57 208 67 60 52 93 131 54 52 141 55 58 65 177 80 62 75 131 1834 50 51 76 112 50 58 203 92 201 222 57 102 71 292 81 77 66 146 104 129
leaf_count=127 279 50 144 136 69 251 56 50 76 62 61 80 89 53 54 518 52 56 51 81 52 51 82 57 208 67 60 52 93 131 54 52 141 55 58 65 177 80 62 75 131 1834 50 51 76 112 50 58 203 92 201 222 57 102 71 292 81 77 66 146 104 129
internal_value=2.07738e-05 0.0110914 -0.00247069 0.0127881 0.0236762 0.0379161 0.00783167 0.0493347 0.00457019 0.0177552 0.0277743 0.0483104 0.0193886 0.0902793 -0.00207635 -0.00618373 0.0731677 -0.018613 -0.0204075 0.0175283 -0.00440181 -0.0216649 -0.00766153 -0.037357 -0.00293301 -0.00394452 -0.0217747 -0.0439014 -0.0625602 -0.00395421 -0.0151456 0.0223792 0.0248934 -0.00299956 -0.0299546 -0.00225326 -0.00164067 -0.000586059 -0.0126312 -0.00740095 0.00167853 -0.00297372 0.0120695 0.0307624 0.0112116 0.00133032 0.0167412 0.0221217 0.0318101 -0.00928962 -0.0255362 -0.0166963 0.0420725 0.0249506 0.0204005 0.0257767 -0.0139762 0.0613796 0.0194802 0.038977 0.0132991 0.0279755
internal_weight=8272 1519 6753 758 571 372 1469 106 1363 612 480 284 169 115 196 751 121 132 187 142 5995 469 418 139 5526 5333 461 205 153 256 572 179 193 199 125 4872 4807 4630 732 670 3898 2693 1205 439 859 766 413 389 331 204 357 353 209 152 651 580 282 128 504 212 313 209
internal_count=8272 1519 6753 758 571 372 1469 106 1363 612 480 284 169 115 196 751 121 132 187 142 5995 469 418 139 5526 5333 461 205 153 256 572 179 193 199 125 4872 4807 4630 732 670 3898 2693 1205 439 859 766 413 389 331 204 357 353 209 152 651 580 282 128 504 212 313 209
is_linear=0
shrinkage=0.03


Tree=123
num_leaves=63
num_cat=0
split_feature=111 8 189 71 8 19 237 207 275 236 45 260 112 14 172 236 62 276 276 78 136 66 105 154 111 64 98 125 46 65 137 3 8 193 193 114 213 65 83 8 12 131 261 45 114 10 110 49 8 81 207 20 251 154 140 99 19 216 2 125 68 78
split_gain=243.412 283.178 309.246 255.672 233.394 208.267 232.327 338.585 331.942 289.522 260.605 250.574 215.959 207.36 205.778 206.739 204.811 179.496 209.95 178.899 350.625 205.41 240.354 190.224 175.756 177.066 215.681 218.846 252.725 220.194 201.548 186.185 264.002 169.745 164.429 229.254 206.816 216.07 169.832 161.445 154.145 339.64 268.674 203.348 262.395 191.977 202.522 170.263 166.626 152.658 151.986 151.165 278.891 149.481 210.529 176.163 155.316 185.737 160.166 161.15 149.068 147.362
threshold=0.33227176964282995 33.500000000000007 20.500000000000004 5.5000000000000009 84.500000000000014 46.500000000000007 0.080540537834167494 9.5000000000000018 0.24596669524908069 0.043015725910663612 229.50000000000003 9.5000000000000018 0.41194295883178716 68.500000000000014 0.54226192831993114 0.11483516544103624 0.27602627873420721 0.10268392041325571 0.033150184899568565 105.50000000000001 0.099314264953136458 0.051064753904938705 8.5000000000000018 0.82046496868133556 0.24404424428939822 0.45022521913051611 78.500000000000014 24.500000000000004 124.50000000000001 0.80721527338027965 0.17825619876384738 73.500000000000014 63.500000000000007 0.61200717091560375 0.48212005198001867 0.84624469280242931 0.44136746227741247 0.67596229910850536 3.5000000000000004 86.500000000000014 61.500000000000007 0.33678840100765234 5.5000000000000009 262.50000000000006 0.54156136512756359 48.500000000000007 14.500000000000002 107.50000000000001 54.500000000000007 4.5000000000000009 15.500000000000002 189.50000000000003 0.23845060169696811 0.81269773840904247 37.500000000000007 28.500000000000004 23.500000000000004 0.10827092453837396 68.500000000000014 16.500000000000004 0.31494164466857916 82.500000000000014
decision_type=2 2 2 2 2 2 2 2 2 2 2 2 2 2 2 2 2 2 2 2 2 2 2 2 2 2 2 2 2 2 2 2 2 2 2 2 2 2 2 2 2 2 2 2 2 2 2 2 2 2 2 2 2 2 2 2 2 2 2 2 2 2
left_child=1 2 60 5 24 6 8 10 17 12 13 -11 -9 16 15 61 -8 18 -2 21 -21 -6 -23 -22 40 31 27 28 30 -29 -27 34 -33 -32 35 38 37 -37 -26 -5 41 42 53 45 -45 46 47 -42 -46 -48 -17 52 -24 55 -55 56 -3 58 -58 -60 -1 -13
right_child=3 4 -4 39 19 -7 7 9 -10 11 -12 14 -14 -15 -16 50 -18 -19 -20 20 23 22 51 -25 25 26 -28 29 -30 -31 33 32 -34 -35 -36 36 -38 -39 -40 -41 43 -43 -44 44 48 -47 49 -49 -50 -51 -52 -53 -54 54 -56 -57 57 -59 59 -61 -62 -63
leaf_value=-0.011991532396059483 -0.0028523007012775234 0.043331285398453476 0.090932945424112774 0.081423289292070961 -0.063057140415290092 -0.044265429184518076 0.060696286217167245 0.019927062151669443 0.10320948243141174 -0.037239484790479761 -0.073269531792029746 0.032151325059033203 0.10455328908390724 -0.047727698385715486 -0.030488641568973879 0.073370204345450135 -0.015769839678204764 -0.024446059118528835 0.07656183300451154 -0.083721326296217743 -0.044355637971311805 0.04507358244657516 -0.092048877704267701 0.037584759049555834 0.013360008870676263 -0.070031487162945397 0.0097665846123998167 -0.09090140637280586 0.036466405823348313 -0.022834117358331296 0.01020070883553735 0.081298036762347356 0.016685171930664731 -0.047702788682654498 0.025322636082906236 -0.015594883527992098 0.022550131989561992 -0.07881670792461247 -0.042543391991266104 0.015001313350719189 0.002908957473472256 0.079493057806702211 0.05963256424026829 -0.071713228700236678 -0.0011230570891928068 -0.02428621358820237 -0.0088385097921047703 0.054158084904474595 -0.03761054134699611 -0.063670618506287455 0.016687474837163825 -0.0048567590515958721 0.0061626208485925892 -0.0074574686942989344 0.07258539606762282 -0.041576799519879873 -0.0073234342950582497 0.017401972621807763 -0.088377611887342528 -0.013729651639202856 0.048602425504083696 -0.03179833723999121
leaf_weight=101 57 58 57 72 60 65 53 58 52 95 71 61 51 70 66 98 75 60 62 95 50 74 53 50 637 52 523 55 108 186 171 72 262 61 293 144 68 73 52 61 992 50 62 93 265 359 145 61 195 66 76 479 50 70 50 128 249 173 52 52 56 67
leaf_count=101 57 58 57 72 60 65 53 58 52 95 71 61 51 70 66 98 75 60 62 95 50 74 53 50 637 52 523 55 108 186 171 72 262 61 293 144 68 73 52 61 992 50 62 93 265 359 145 61 195 66 76 479 50 70 50 128 249 173 52 52 56 67
internal_value=2.14838e-05 -0.00217064 0.031727 0.0120997 -0.00324383 0.00747344 0.0106489 0.00331287 0.0372278 0.0163602 -0.0243888 0.00595248 0.0601133 -0.00658078 0.0171733 0.0276557 0.016117 0.0175931 0.0388164 -0.0173642 -0.0427682 -0.0103955 -0.00549022 -0.00341896 -0.00105244 0.00446567 -0.00447939 -0.0162466 -0.00239156 -0.0386796 -0.0172446 0.0109232 0.0308148 -0.00516331 0.00565931 -0.000275743 -0.0228592 -0.037127 0.00908534 0.0512984 -0.0059284 0.0041925 -0.000103056 -0.010319 -0.0260134 -0.00495874 0.000545488 0.00592637 -0.0166386 -0.0262092 0.0488491 -0.0119856 -0.0447726 -0.00462075 0.026218 -0.00984777 -0.00283428 -0.00799734 -0.0204592 -0.0515399 0.00979242 -0.00130934
internal_weight=8272 7002 214 1270 6788 1137 1072 841 231 572 269 463 109 198 368 302 128 179 119 911 195 716 656 100 5877 2757 1156 633 392 241 284 1601 334 232 1267 974 285 217 689 133 3120 944 894 2176 553 1623 1264 1053 460 211 174 582 103 832 120 712 584 526 353 104 157 128
internal_count=8272 7002 214 1270 6788 1137 1072 841 231 572 269 463 109 198 368 302 128 179 119 911 195 716 656 100 5877 2757 1156 633 392 241 284 1601 334 232 1267 974 285 217 689 133 3120 944 894 2176 553 1623 1264 1053 460 211 174 582 103 832 120 712 584 526 353 104 157 128
is_linear=0
shrinkage=0.03


Tree=124
num_leaves=63
num_cat=0
split_feature=111 57 198 195 135 45 104 151 216 13 68 6 128 55 233 64 1 237 116 138 107 68 269 45 238 171 12 201 64 151 97 48 83 85 10 78 229 280 89 52 107 112 152 13 152 111 233 187 216 256 151 237 227 49 34 45 125 6 251 152 253 93
split_gain=235.494 187.077 178.367 167.014 208.12 317.193 297.824 235.123 170.049 172.865 209.997 235.83 226.205 192.223 341.349 244.34 236.817 329.03 329.167 245.534 214.121 200.336 252.341 177.726 214.913 188.281 173.423 169.526 187.419 162.565 150.996 145.402 141.369 148.504 173.172 329.077 285.105 223.35 216.287 209.069 159.632 226.703 174.843 140.599 149.908 138.809 157.592 138.709 137.634 134.398 131.017 174.747 128.033 179.911 140.567 224.893 150.101 133.647 180.226 173.117 131.537 128.008
threshold=0.27426491677761083 1.5000000000000002 16.500000000000004 0.58578431606292736 0.30060242116451269 343.50000000000006 1.0000000180025095e-35 0.2659753561019898 0.013606071937829258 66.500000000000014 0.34729531407356268 46.500000000000007 4.5000000000000009 1.0000000180025095e-35 0.60303032398223888 0.50806662440299999 25.500000000000004 0.1234756112098694 0.17059312760829928 349.50000000000006 10.500000000000002 0.26106540858745581 52.500000000000007 130.50000000000003 12.500000000000002 0.31698563694953924 74.500000000000014 1.5000000000000002 0.47087104618549352 0.29048949480056768 0.28539109230041509 0.99031087756156932 9.5000000000000018 73.500000000000014 5.5000000000000009 108.50000000000001 36.500000000000007 1.0000000180025095e-35 77.500000000000014 6.5000000000000009 7.5000000000000009 0.21778655797243121 0.37780934572219854 80.500000000000014 0.35213160514831549 0.11882352828979494 0.47140522301197058 1.5000000000000002 0.08964791521430017 0.21352583914995196 0.21815606206655505 0.35857143998146063 5.5000000000000009 76.500000000000014 0.3296902477741242 116.50000000000001 17.500000000000004 50.500000000000007 0.19006568193435672 0.26987639069557195 0.45857843756675726 0.41098792850971227
decision_type=2 2 2 2 2 2 2 2 2 2 2 2 2 2 2 2 2 2 2 2 2 2 2 2 2 2 2 2 2 2 2 2 2 2 2 2 2 2 2 2 2 2 2 2 2 2 2 2 2 2 2 2 2 2 2 2 2 2 2 2 2 2
left_child=32 -2 -3 4 8 6 -6 -8 61 13 11 12 -11 14 21 -16 17 -15 20 29 -19 31 -23 24 -13 -26 -27 28 -25 30 -18 48 33 34 35 38 40 -37 39 45 42 -42 52 -43 47 -1 49 -45 -10 -47 -49 -52 54 -54 56 -56 57 59 -59 -36 -58 -4
right_child=1 2 3 -5 5 -7 7 -9 9 10 -12 23 -14 16 15 -17 19 18 -20 -21 -22 22 -24 27 25 26 -28 -29 -30 -31 -32 -33 -34 -35 36 37 -38 -39 -40 -41 41 43 -44 44 -46 46 -48 50 -50 -51 51 -53 53 -55 55 -57 60 58 -60 -61 -62 -63
leaf_value=-0.067821653572952043 -0.043895492634143336 0.052552794631766646 -0.062190217259857378 0.054033735642442481 -0.035092397723346949 -0.087092742937452644 0.07902836718541735 -0.0091363052318219912 -0.016753213408602665 0.0076407417271818438 -0.040883475434272842 0.021735958988729275 0.088140958616638482 0.042856197792160156 0.10353132351873869 0.031062532826750117 0.005067193662507994 -0.050840753376145249 -0.097677757656377429 -0.039988909880904588 0.021387520634702274 0.0019546703095066134 0.093845204658368042 0.015310830448288472 -0.0004217650815141651 -0.075881846556157775 -0.0071832638759823401 0.0014496503188274799 0.078199328147207509 0.065679847201269667 0.053613328361469835 -0.037944445774743429 0.03697783587047377 -0.055234003150119226 0.0063204888161873954 -0.10005149073497607 0.049852244405762143 -0.01670023581220044 0.029028695807832738 0.040704102061011577 -0.039193750072761879 -0.00047824986840023544 -0.027860315085388717 -0.054197448009025241 -0.054553710404184774 -0.013361916463486109 -0.040708330889528022 0.018589314452194153 0.050765281370225943 0.034222768154882247 -0.0048998414552628208 -0.063247187406081581 0.066647673977326738 -0.0051171531830475018 0.0057976179751789286 0.074647496201097965 -0.067442386351792852 0.036713851796672678 -0.0050764999911189074 -0.046141912814096679 0.0010131504299009547 0.0043437595402493192
leaf_weight=50 65 75 53 63 130 50 50 58 55 69 93 94 57 67 82 87 201 65 52 50 83 57 50 182 105 98 50 830 55 88 80 75 73 51 173 64 94 53 114 54 181 1856 119 58 83 351 166 140 52 62 228 57 78 52 125 64 50 199 173 83 50 50
leaf_count=50 65 75 53 63 130 50 50 58 55 69 93 94 57 67 82 87 201 65 52 50 83 57 50 182 105 98 50 830 55 88 80 75 73 51 173 64 94 53 114 54 181 1856 119 58 83 351 166 140 52 62 228 57 78 52 125 64 50 199 173 83 50 50
internal_value=2.08939e-05 0.00612322 0.00711963 0.00604907 0.00507808 -0.0191953 -0.00462636 0.0320312 0.00751124 0.00891887 0.0026507 0.00530454 0.0444648 0.0178562 0.032886 0.0666271 0.00778848 -0.0142598 -0.0335117 0.0218389 -0.0104627 0.0129934 0.0453655 0.00178605 -0.0168346 -0.0311943 -0.0528768 0.00785178 0.0301725 0.0303021 0.0190293 -0.0061825 -0.0041768 -0.00480659 -0.00425677 -0.015992 -0.00147675 -0.0627556 -0.00905706 -0.0154471 -0.00276979 -0.00690124 0.00645134 -0.00447279 -0.0175476 -0.0203247 -0.0161132 -0.0110888 0.0162257 -0.00615304 -0.00509227 -0.0167497 0.010374 0.0381218 0.00640305 0.029382 0.00040523 0.00585581 0.0173176 -0.0108022 -0.0335435 -0.030161
internal_weight=8272 3371 3306 3231 3168 288 238 108 2880 2777 1633 1540 126 1144 458 169 686 267 200 419 148 289 107 1414 347 253 148 1067 237 369 281 182 4901 4828 4777 914 3863 117 797 683 3769 2603 1166 2422 566 629 579 483 107 413 425 285 1047 130 917 189 728 628 372 256 100 103
internal_count=8272 3371 3306 3231 3168 288 238 108 2880 2777 1633 1540 126 1144 458 169 686 267 200 419 148 289 107 1414 347 253 148 1067 237 369 281 182 4901 4828 4777 914 3863 117 797 683 3769 2603 1166 2422 566 629 579 483 107 413 425 285 1047 130 917 189 728 628 372 256 100 103
is_linear=0
shrinkage=0.03


Tree=125
num_leaves=63
num_cat=0
split_feature=8 240 111 100 201 111 138 256 12 241 112 11 111 245 8 216 246 78 216 201 78 6 265 76 218 175 195 34 26 96 45 240 112 8 56 215 13 111 129 237 12 77 132 126 155 8 2 258 3 191 77 66 137 168 173 108 59 41 245 238 61 230
split_gain=237.46 469.845 285.945 254.226 206.89 213.484 303.676 384.681 476.912 352.727 358.594 281.531 203.487 197.123 184.166 174.303 196.11 227.443 193.802 232.879 288.199 198.565 170.801 176.854 168.547 318.948 161.893 167.845 160.648 155.247 144.243 177.25 228.62 176.891 206.678 187.563 184.674 180.214 171.453 152.711 160.555 193.505 153.383 143.259 142.879 136.328 262.669 432.497 221.906 221.597 188.875 181.428 196.018 267.086 131.951 128.145 187.011 134.251 164.102 131.487 127.703 125.205
threshold=45.500000000000007 11.500000000000002 0.26483158767223364 21.500000000000004 1.0000000180025095e-35 0.21756661683321002 54.500000000000007 0.097167581319808974 65.500000000000014 1.5000000000000002 0.38829240202903753 68.500000000000014 0.24336075037717822 24.500000000000004 94.500000000000014 0.033150184899568565 8.5000000000000018 135.50000000000003 0.12579113990068438 2.5000000000000004 75.500000000000014 61.500000000000007 14.500000000000002 1.5000000000000002 38.500000000000007 0.1490740776062012 0.15707236528396609 0.31040397286415106 4.5000000000000009 0.020620748400688175 110.50000000000001 2.5000000000000004 0.46697819232940679 76.500000000000014 52.500000000000007 0.24602774530649188 81.500000000000014 0.3382448554039002 36.500000000000007 0.20638945698738101 74.500000000000014 0.99331095814704906 0.32871922850608831 3.5000000000000004 0.22289354354143145 71.500000000000014 58.500000000000007 63.500000000000007 56.500000000000007 0.24068965017795566 0.98904100060462963 0.05298245698213578 0.26336190104484564 2.5000000000000004 0.10620300844311716 9.5000000000000018 7.5000000000000009 1.5000000000000002 8.5000000000000018 22.500000000000004 6.5000000000000009 2.5000000000000004
decision_type=2 2 2 2 2 2 2 2 2 2 2 2 2 2 2 2 2 2 2 2 2 2 2 2 2 2 2 2 2 2 2 2 2 2 2 2 2 2 2 2 2 2 2 2 2 2 2 2 2 2 2 2 2 2 2 2 2 2 2 2 2 2
left_child=1 3 13 4 12 54 -7 9 -9 10 11 -8 -1 24 15 26 17 18 29 20 -20 -22 -21 -24 45 -26 43 -28 -19 -17 31 -31 38 34 35 39 37 -35 -33 40 41 -32 -41 -4 -25 -2 47 50 49 -48 -47 -50 61 -54 -6 56 59 58 -57 -16 -59 -53
right_child=2 -3 14 -5 5 6 7 8 -10 -11 -12 -13 -14 -15 55 16 -18 28 19 22 21 -23 23 44 25 -27 27 -29 -30 30 33 32 -34 36 -36 -37 -38 -39 -40 42 -42 -43 -44 -45 -46 46 48 -49 51 -51 -52 52 53 -55 -56 57 -58 60 -60 -61 -62 -63
leaf_value=-0.0036640737547382414 -0.0052990261328863565 0.098490700997974509 -0.02984849223025041 0.069675893911013462 0.034322680130381797 -0.021161279436597166 0.059165496929333761 -0.059509784077079249 0.04958853130435778 0.12699870169667873 0.10060751563537929 -0.036979518820499553 -0.061120677470119997 -0.053318975529280201 -0.039380399293386104 -0.020070154069257631 0.054388735807899914 -0.06394946578551422 0.00065013920158697161 -0.028740547220496571 -0.099879390117194919 -0.024982499714802812 0.06009620585630452 0.028676928150136914 0.065952477232111908 -0.026676591397263111 -0.0034044082409099619 -0.06257119448583448 0.0060779729816648692 -0.02373814192383665 0.10104741424699372 -0.017564093835499821 0.071196902128202566 0.011279560210954012 -0.012217824239362504 0.0845679212761698 -0.02015124190569393 0.059618764185699918 0.029637042666307317 -0.015073348193846901 0.012903866238399024 0.030795599506862125 0.039695058148734426 0.021233415706631013 -0.024206250119209287 0.011703406158887163 -0.091762269983688985 -0.1244716569666679 -0.051299000798087364 -0.0071771898865699768 -0.059463758346391837 0.018951193536974879 0.071711524008558333 -0.010151491793456362 -0.0061197635272436449 -0.017052531355822628 0.033412048288566219 0.012418841333179683 -0.092110920941027311 0.016771786063909531 -0.045505878762765364 -0.023513050899520271
leaf_weight=302 2281 52 72 56 84 93 51 64 80 58 58 57 67 86 100 104 83 65 216 67 53 80 85 118 75 59 84 88 53 145 78 146 55 347 70 80 126 86 130 86 67 66 97 152 74 70 53 51 56 58 63 94 77 66 497 54 101 90 51 59 54 182
leaf_count=302 2281 52 72 56 84 93 51 64 80 58 58 57 67 86 100 104 83 65 216 67 53 80 85 118 75 59 84 88 53 145 78 146 55 347 70 80 126 86 130 86 67 66 97 152 74 70 53 51 56 58 63 94 77 66 497 54 101 90 51 59 54 182
internal_value=2.02876e-05 0.0107334 -0.00239073 0.00755778 0.00504483 0.0118789 0.0270994 0.03932 0.00102438 0.0638247 0.0411236 0.00854857 -0.0142336 -0.00875869 0.00359215 0.00644751 0.00929532 0.00777342 0.00979686 -0.00355185 -0.0207885 -0.0553513 0.0139449 0.0243358 -0.00753914 0.0252725 -0.0120616 -0.0338625 -0.0327097 0.0152922 0.0176326 0.00381926 0.0159264 0.0235849 0.0357519 0.0428468 0.0117016 0.0209957 0.00469506 0.0341829 0.051526 0.0692831 0.0140149 0.00475455 0.00827506 -0.00898803 -0.0198951 -0.0510663 -0.0100372 -0.0480234 -0.0221995 -0.00107819 0.00574006 0.0341205 -0.000223736 -0.0130656 0.00167401 -0.0284015 -0.0540345 -0.0185695 -0.00946696 -0.00903439
internal_weight=8272 1519 6753 1467 1411 1042 461 368 144 224 166 108 369 3271 3482 2973 2577 2494 2376 693 349 133 344 277 3185 134 396 172 118 1683 1579 476 331 1103 544 474 559 433 276 394 211 144 183 224 192 3051 770 184 586 111 133 475 419 143 581 509 260 249 105 159 144 276
internal_count=8272 1519 6753 1467 1411 1042 461 368 144 224 166 108 369 3271 3482 2973 2577 2494 2376 693 349 133 344 277 3185 134 396 172 118 1683 1579 476 331 1103 544 474 559 433 276 394 211 144 183 224 192 3051 770 184 586 111 133 475 419 143 581 509 260 249 105 159 144 276
is_linear=0
shrinkage=0.03


Tree=126
num_leaves=63
num_cat=0
split_feature=8 111 101 8 256 8 38 7 214 4 111 154 67 271 245 246 29 129 243 87 85 8 127 72 171 195 47 96 158 49 34 283 166 265 273 93 106 89 8 106 111 8 234 44 245 95 193 125 115 103 165 151 29 143 112 74 136 114 13 93 191 12
split_gain=225.277 295.492 269.407 556.748 265.939 398.391 346.573 395.3 385.357 303.285 254.017 244.097 238.349 199.849 198.136 275.721 255.737 193.591 190.337 244.886 179.011 173.096 275.645 171.327 167.907 351.824 271.277 167.748 157.071 166.874 157.767 219.357 199.096 167.058 157.082 154.477 144.346 143.698 143.019 139.27 199.068 156.69 214.783 200.002 310.987 172.735 220.677 157.377 145.223 237.933 201.96 137.944 143.606 137.646 328.11 146.307 146.867 132.3 149.56 152.899 130.038 128.019
threshold=57.500000000000007 0.23220045864582065 3.5000000000000004 41.500000000000007 0.10487038642168046 38.500000000000007 0.062565241008996977 60.500000000000007 0.86920776963233959 52.500000000000007 0.26483158767223364 0.81396156549453746 0.087815694510936751 0.24602774530649188 24.500000000000004 3.5000000000000004 117.50000000000001 54.500000000000007 1.0000000180025095e-35 9.5000000000000018 31.500000000000004 77.500000000000014 14.500000000000002 0.91987180709838878 0.15268065780401233 0.042572464793920524 14.500000000000002 0.12208672240376474 8.5000000000000018 89.500000000000014 0.27944387495517736 870.50000000000011 5.5000000000000009 23.500000000000004 0.39096467196941381 0.47285011410713201 10.500000000000002 55.500000000000007 98.500000000000014 24.500000000000004 0.36749699711799627 79.500000000000014 1.3347268700599673 5.5000000000000009 11.500000000000002 0.17664992809295657 0.4743421077728272 66.500000000000014 0.29449473321437841 2.5000000000000004 14.500000000000002 0.2952700555324555 75.500000000000014 2.5000000000000004 0.28310234844684606 91.500000000000014 0.086479108780622496 1.0963225960731509 64.500000000000014 0.44651524722576147 0.16823899745941165 39.500000000000007
decision_type=2 2 2 2 2 2 2 2 2 2 2 2 2 2 2 2 2 2 2 2 2 2 2 2 2 2 2 2 2 2 2 2 2 2 2 2 2 2 2 2 2 2 2 2 2 2 2 2 2 2 2 2 2 2 2 2 2 2 2 2 2 2
left_child=1 61 4 -4 6 -6 13 8 9 12 14 -9 -8 36 15 16 21 23 19 -5 -15 28 24 27 -23 -26 -27 -7 -2 30 31 -30 33 -32 -34 -20 -3 -31 39 48 41 47 43 45 -45 46 -43 -41 49 57 -50 52 -40 -17 -55 56 -56 58 59 -12 -39 -1
right_child=10 2 3 18 5 17 7 11 -10 -11 38 -13 -14 20 -16 53 -18 -19 35 -21 -22 22 -24 -25 25 26 -28 -29 29 37 32 -33 34 -35 -36 -37 -38 60 51 40 -42 42 -44 44 -46 -47 -48 -49 50 -51 -52 -53 -54 54 55 -57 -58 -59 -60 -61 -62 -63
leaf_value=0.042189905058781979 0.025963139018337977 -0.0080331482259290553 0.12221654574717243 -0.0051622256307074649 -0.074906476635328484 0.028888375903307287 0.10937269748825776 0.030127697305234021 0.12245424483929362 -0.019242263465587581 0.032231971844037373 -0.052208657218859741 0.02051830395642254 -0.053382359451435976 -0.070361617011949415 0.043210575504167729 -0.064848122410476203 -0.043224696519516277 0.030747515678937947 0.078463188825038874 0.015326991230249404 0.011277211512381259 -0.080434884343296278 0.057489844332723056 -0.10030639764554096 -0.058919394204858686 0.029781435990629539 -0.035276939834454166 -0.014631056407732622 0.030547117185929125 -0.010291296665622727 -0.087233164825517198 -0.0095643067593449982 0.043607371011319063 -0.074467831260484188 -0.037242931923040977 0.061904989676002192 0.023476351093600637 -0.014265262762366719 0.012148184024870837 0.054940899181891885 0.016280146756014507 -0.060380235381846156 0.0017055276967585086 -0.076191881136037407 0.037312036008747704 -0.047559487807071379 0.054519018655966797 -0.047818220997948878 -0.053843814089004668 0.019892983963026811 0.005777592725447706 -0.067548503853056732 -0.060052621985475223 0.06238713287711143 -0.018963690399192271 0.0097229864998699574 0.04592214181044927 -0.0068698151863741405 -0.0096344942432512667 -0.020792395746625579 -0.0027249478470714144
leaf_weight=58 113 55 61 51 70 80 56 85 69 55 224 51 53 93 50 91 91 58 55 81 53 112 79 67 52 53 72 66 83 123 253 68 66 64 68 64 50 83 136 562 84 171 52 165 63 176 67 91 131 66 56 147 68 62 74 79 132 64 638 120 206 1786
leaf_count=58 113 55 61 51 70 80 56 85 69 55 224 51 53 93 50 91 91 58 55 81 53 112 79 67 52 53 72 66 83 123 253 68 66 64 68 64 50 83 136 562 84 171 52 165 63 176 67 91 131 66 56 147 68 62 74 79 132 64 638 120 206 1786
internal_value=2.00398e-05 0.00638565 0.0174967 0.0416743 0.00961196 -0.0116459 0.0213037 0.0397638 0.0634037 0.0379677 -0.00382946 -0.000904147 0.0667476 -0.00588487 -0.0119435 -0.0104663 -0.0162832 0.00490976 0.0216929 0.0463575 -0.0285053 -0.0132857 -0.0311228 0.0181575 -0.0174121 -0.0355272 -0.00799684 -0.000160521 -0.00743889 -0.0111831 -0.0212383 -0.0476848 -0.0122978 0.000693364 -0.0428081 -0.00582441 0.0255405 0.00352501 0.00163466 0.00395391 0.0104066 0.00759068 -0.00233517 0.00245289 -0.0200575 0.0148684 -0.00181531 0.0181272 -0.00315699 0.00096497 -0.0275431 -0.0163639 -0.0322692 0.0105858 0.00193041 0.0155773 0.0288512 0.00447139 0.00172595 0.0176418 -0.00804142 -0.00129012
internal_weight=8272 3117 1273 312 961 341 620 369 233 164 5155 136 109 251 2074 2024 1586 271 251 132 146 1495 368 213 289 177 125 146 1127 1014 602 151 451 317 134 119 105 412 3081 2730 1431 1347 694 642 228 414 238 653 1299 1112 187 351 204 438 347 285 206 1046 982 344 289 1844
internal_count=8272 3117 1273 312 961 341 620 369 233 164 5155 136 109 251 2074 2024 1586 271 251 132 146 1495 368 213 289 177 125 146 1127 1014 602 151 451 317 134 119 105 412 3081 2730 1431 1347 694 642 228 414 238 653 1299 1112 187 351 204 438 347 285 206 1046 982 344 289 1844
is_linear=0
shrinkage=0.03


Tree=127
num_leaves=63
num_cat=0
split_feature=8 240 100 131 133 8 171 201 215 33 75 114 173 2 255 95 114 61 147 83 218 114 116 255 219 86 196 248 114 114 237 116 4 10 34 114 204 11 37 176 216 8 34 59 257 135 35 19 116 208 137 46 189 192 39 152 216 159 32 77 271 77
split_gain=215.509 433.178 237.595 193.089 278.897 206.764 297.169 192.196 179.877 195.323 421.482 328.105 299.067 194.723 210.843 330.203 254.698 178.69 176.334 169.94 156.348 152.056 141.053 131.512 130.166 127.912 129.503 151.15 126.398 171.417 345.582 237.694 220.163 340.928 177.827 202.195 185.849 151.341 149.054 176.374 184.23 168.678 144.548 141.705 156.733 154.306 124.379 120.015 173.842 164.294 191.951 182.524 157.098 143.561 141.288 140.951 161.337 157.554 219.088 122.991 122.681 176.297
threshold=45.500000000000007 11.500000000000002 21.500000000000004 0.33678840100765234 0.68349590897560131 66.500000000000014 0.36055555939674383 1.0000000180025095e-35 0.35043859481811529 0.27529226243495947 56.500000000000007 0.97066417336463939 0.45889639854431158 74.500000000000014 0.079473681747913374 0.15773524343967441 0.58088037371635448 4.5000000000000009 11.500000000000002 4.5000000000000009 67.500000000000014 0.68806636333465587 0.10729043558239938 0.15184453129768374 4.5000000000000009 9.5000000000000018 0.08856209367513658 1.5000000000000002 0.97066417336463939 1.1452763080596926 0.087337911128997817 0.073922283947467818 81.500000000000014 34.500000000000007 0.34619764983654028 1.0632612109184267 1.0000000180025095e-35 73.500000000000014 0.15392112731933597 0.23904761672019961 0.18245838582515719 72.500000000000014 0.37517908215522772 11.500000000000002 0.29679679870605474 0.081438414752483382 0.42311531305313116 33.500000000000007 0.1434285715222359 1.5000000000000002 0.23820649832487109 70.500000000000014 13.500000000000002 0.28436657786369329 0.20401818305253985 0.26905591785907751 0.064309347420930876 10.500000000000002 17.500000000000004 0.98083046078681957 0.26333570480346685 0.9830026924610139
decision_type=2 2 2 2 2 2 2 2 2 2 2 2 2 2 2 2 2 2 2 2 2 2 2 2 2 2 2 2 2 2 2 2 2 2 2 2 2 2 2 2 2 2 2 2 2 2 2 2 2 2 2 2 2 2 2 2 2 2 2 2 2 2
left_child=1 2 7 20 5 6 23 18 9 11 12 13 -11 14 25 16 -16 -7 -1 24 28 -20 -19 -5 -6 26 -9 -28 38 31 -31 -30 33 -32 35 36 -33 -36 43 -40 41 -41 -42 46 45 -45 47 48 49 50 54 -52 -50 -54 59 56 -49 60 -59 -2 61 -57
right_child=3 -3 -4 4 19 17 -8 8 -10 10 -12 -13 -14 -15 15 -17 -18 22 21 -21 -22 -23 -24 -25 -26 -27 27 -29 29 30 32 34 -34 -35 37 -37 -38 -39 39 40 42 -43 -44 44 -46 -47 -48 55 52 -51 51 -53 53 -55 -56 57 -58 58 -60 -61 -62 -63
leaf_value=0.0098380434065435344 0.019468256961554287 0.094488373977255152 0.067227601499149664 0.045636106503329103 0.00076845079320124704 -0.013504641558534118 0.09654668653934774 -0.011084267711213657 0.059277116790921854 -0.0090502343842616441 0.049865568108283555 0.086351386083746859 -0.10556065037565411 -0.045272106735543771 0.021358354843526075 0.0064394305759630753 0.10324877183139324 0.0040549392474664228 -0.016775198878518714 0.026591149562826523 -0.054432822980663986 -0.075351252122264761 0.052826106715947389 -0.017442654548929289 -0.059708287436081919 -0.042303328948516038 0.066457919666750562 -0.0024187595023202799 0.060214700000166578 0.046916163840796797 -0.087529855496857475 -0.00035627719946205614 0.016303105482767366 0.0096162578814169945 0.03527539771969336 0.032578367962182234 -0.0624203943265602 -0.010723788547019162 -0.0072650466215029384 -0.026558952675894667 0.024222792706838466 -0.07849874449417342 -0.040099567028091233 0.047435974051208737 0.06795525731260163 -0.018796979444860307 0.027958517854848621 -0.015710701734653481 0.011359139382839204 0.014890464350569109 0.0068691581413149834 -0.059811174465077263 -0.06217354556866761 -0.013238719174060328 0.048469772348969667 0.039926265077199791 -0.077913233678219687 -0.084784759677508301 0.0022746687827424868 -0.033182148848744958 -0.020264896790337522 -0.0056736707297552914
leaf_weight=160 82 52 56 69 51 168 70 174 65 64 51 52 52 54 64 217 74 110 156 51 54 53 103 51 85 61 53 61 89 63 91 95 57 50 228 66 79 89 2118 168 81 85 50 51 53 80 115 105 113 752 59 97 86 144 58 119 58 50 53 76 172 209
leaf_count=160 82 52 56 69 51 168 70 174 65 64 51 52 52 54 64 217 74 110 156 51 54 53 103 51 85 61 53 61 89 63 91 95 57 50 228 66 79 89 2118 168 81 85 50 51 53 80 115 105 113 752 59 97 86 144 58 119 58 50 53 76 172 209
internal_value=1.90544e-05 0.010225 0.00717586 -0.00227782 0.0119787 0.0223847 0.0478656 0.00474659 0.0113336 0.00808655 -0.0213689 0.0141783 -0.052846 0.00911988 0.0133503 0.0295948 0.0656975 0.00958568 -0.0138345 -0.0197458 -0.0040821 -0.0319175 0.0277758 0.018905 -0.0371894 -0.00321082 0.00518691 0.0299023 -0.00361536 0.00668839 -0.0137943 0.0149724 -0.0332499 -0.0532558 0.00764846 -0.0118053 -0.0287305 0.0223677 -0.00547279 -0.0106643 -0.0293459 -0.0442494 -0.000445522 -0.000340586 0.0249389 0.00715239 -0.00233138 -0.00390313 0.00112395 0.00682998 -0.00946056 -0.0347092 -0.01754 -0.031726 0.00885049 -0.0135196 -0.0381842 -0.00680023 -0.0403961 -0.00590667 0.000187333 0.0109413
internal_weight=8272 1519 1467 6753 758 571 190 1411 1042 977 167 810 116 758 704 355 138 381 369 187 5995 209 213 120 136 349 288 114 5941 907 261 646 198 141 557 240 174 317 5034 2502 384 253 131 2532 184 131 2348 2233 1467 1124 372 156 343 230 216 766 163 603 103 158 500 328
internal_count=8272 1519 1467 6753 758 571 190 1411 1042 977 167 810 116 758 704 355 138 381 369 187 5995 209 213 120 136 349 288 114 5941 907 261 646 198 141 557 240 174 317 5034 2502 384 253 131 2532 184 131 2348 2233 1467 1124 372 156 343 230 216 766 163 603 103 158 500 328
is_linear=0
shrinkage=0.03


Tree=128
num_leaves=63
num_cat=0
split_feature=8 111 238 34 239 155 13 176 111 98 7 96 2 35 155 137 36 158 34 254 42 148 270 219 151 195 129 129 8 136 137 125 76 134 97 66 217 132 197 91 38 113 35 8 31 268 132 276 245 132 89 179 195 13 113 219 12 252 6 10 213 232
split_gain=205.451 271.601 250.619 292.871 242.669 265.812 290.798 255.306 233.767 217.505 191.158 271.392 188.406 205.639 266.064 258.446 207.587 173.091 221.972 323.525 252.747 238.941 226.513 187.563 170.876 248.386 169.127 200.712 195.264 178.349 215.782 212.285 211.597 192.485 171.854 164.678 170.597 171.063 160.282 166.297 159.343 156.234 150.726 136.259 137.396 138.615 199.973 190.929 172.645 145.76 201.351 150.199 155.024 188.398 201.992 132.181 131.648 131.31 129.7 150.689 135.428 143.231
threshold=57.500000000000007 0.23220045864582065 35.500000000000007 0.33507193624973303 3.5000000000000004 0.11094477772712709 70.500000000000014 0.31414473056793218 0.26483158767223364 12.500000000000002 35.500000000000007 0.045351708307862289 80.500000000000014 0.53220829367637645 0.25570198893547064 0.13608305156230929 0.81828194856643688 5.5000000000000009 0.28556101024150854 0.66651517152786266 1.5000000000000002 8.5000000000000018 2.5000000000000004 3.5000000000000004 0.26242114603519445 0.051956815645098693 88.500000000000014 83.500000000000014 74.500000000000014 0.079595737159252181 0.16371472924947741 5.5000000000000009 14.500000000000002 0.65643128752708446 0.34451952576637274 0.22703842818737033 0.30060242116451269 0.36827646195888525 0.38013136386871343 0.29571340978145605 0.08775686472654344 0.29948453605175024 0.4409624189138413 98.500000000000014 547.50000000000011 6.5000000000000009 0.46182984113693243 0.15356541424989703 15.500000000000002 0.42136968672275549 54.500000000000007 1.0000000180025095e-35 0.10960961133241655 82.500000000000014 0.51754924654960643 12.500000000000002 67.500000000000014 0.41223156452178961 50.500000000000007 37.500000000000007 0.34815546870231634 0.40967366099357611
decision_type=2 2 2 2 2 2 2 2 2 2 2 2 2 2 2 2 2 2 2 2 2 2 2 2 2 2 2 2 2 2 2 2 2 2 2 2 2 2 2 2 2 2 2 2 2 2 2 2 2 2 2 2 2 2 2 2 2 2 2 2 2 2
left_child=1 -1 4 -4 7 -6 40 9 10 -3 11 -2 13 14 15 -11 24 -12 19 20 23 -21 -22 -19 58 -26 27 29 42 30 -20 -31 34 -34 35 36 37 -33 39 41 -7 -32 -28 44 45 46 49 48 57 51 -51 -10 -53 -54 -55 -49 -35 -47 59 -17 -60 -62
right_child=8 2 3 -5 5 6 -8 -9 43 12 17 -13 -14 -15 -16 16 -18 18 26 21 22 -23 -24 -25 25 -27 28 -29 -30 31 38 32 33 56 -36 -37 -38 -39 -40 -41 -42 -43 -44 -45 -46 47 -48 55 -50 50 -52 52 53 54 -56 -57 -58 -59 60 -61 61 -63
leaf_value=-0.0012608706501844467 0.00010393403908785651 -0.033357725676737331 0.020784403863224651 0.10579958767598045 -0.075088518726137962 -0.0043379949296222017 -0.040477927615529437 -0.041889739229247484 -0.017113198836786896 0.083307314328516707 0.036025972169320006 -0.096053838035357844 0.080532053602593287 -0.031513294389373378 0.088814080059528344 0.0070114049480131746 -0.036661806205501322 0.019597071843414471 -0.028252591188234019 0.047100670191628689 -0.12460868033516252 -0.038903567275175681 -0.043952991965239586 -0.054973017048323525 0.008758310173254678 0.089433091921390775 -0.026971232811305319 0.056767816307644048 -0.058712122099417632 0.031669007216326213 0.09550888927543863 -0.039408882291120766 -0.044372864151921342 0.0031481684644061782 0.010567310910252198 -0.078496018336561973 -0.075893278033114395 0.020210762280774744 -0.020990294707365905 -0.010781490710728307 0.069262329735127942 0.033055327865686122 0.012986205988694769 -0.015983457412525739 0.037668289345904035 0.00015781168715944092 -0.036071489025103418 -0.0019479765399642612 -0.057166641262790537 0.0068226094809360795 0.080166922475574387 0.022197313651825815 0.0083675555284715708 0.0023887443921424222 -0.063147190558910368 0.04806626223027706 0.061737485256475898 -0.053823722916490888 -0.033247857751517458 0.068616977527737613 0.048215954393148422 -0.019882704380613105
leaf_weight=1844 50 56 100 57 51 50 82 57 217 55 72 55 55 56 58 89 60 57 82 65 57 51 72 63 67 70 211 53 98 87 50 100 50 103 70 79 51 75 51 50 55 130 141 351 103 198 94 229 102 79 58 553 817 97 74 59 51 50 86 59 59 51
leaf_count=1844 50 56 100 57 51 50 82 57 217 55 72 55 55 56 58 89 60 57 82 65 57 51 72 63 67 70 211 53 98 87 50 100 50 103 70 79 51 75 51 50 55 130 141 351 103 198 94 229 102 79 58 553 817 97 74 59 51 50 86 59 59 51
internal_value=1.90078e-05 0.00609806 0.0167504 0.0521241 0.0117318 -0.0150913 0.00158396 0.0190117 -0.00365719 0.0232857 -0.0114411 -0.0506954 0.0274703 0.0232524 0.0279828 0.0219241 0.0155415 -0.00932309 -0.0110624 -0.0320543 -0.0512701 0.00927913 -0.0802759 -0.019683 0.0221159 0.0503284 -0.0060434 0.000389502 -0.0214775 -0.00256663 0.0143266 -0.0117819 -0.0183541 0.00621826 -0.0317025 -0.0414066 -0.028153 -0.0138879 0.026808 0.0374517 0.0345043 0.0508354 -0.0109741 0.00158459 0.00384837 0.00250852 0.00641116 -0.00964918 -0.0245065 0.0085364 0.0382294 0.00620202 0.00949418 0.00236877 -0.0261741 0.00842886 0.0228243 -0.010898 0.0107668 0.0318661 -0.00524623 0.0167483
internal_weight=8272 3117 1273 157 1116 238 187 878 5155 821 2074 105 765 710 654 596 541 1969 1897 365 249 116 129 120 481 137 1532 1082 450 1029 363 666 579 204 375 305 226 175 281 230 105 180 352 3081 2730 2627 1989 638 350 1895 137 1758 1541 988 171 288 154 248 344 148 196 110
internal_count=8272 3117 1273 157 1116 238 187 878 5155 821 2074 105 765 710 654 596 541 1969 1897 365 249 116 129 120 481 137 1532 1082 450 1029 363 666 579 204 375 305 226 175 281 230 105 180 352 3081 2730 2627 1989 638 350 1895 137 1758 1541 988 171 288 154 248 344 148 196 110
is_linear=0
shrinkage=0.03


Tree=129
num_leaves=63
num_cat=0
split_feature=8 79 62 62 111 137 177 134 131 19 111 167 165 79 245 230 8 20 181 21 218 4 117 258 111 8 216 151 246 216 74 208 226 49 41 276 211 231 214 130 188 236 236 236 45 8 172 14 92 13 57 153 157 56 13 86 236 257 65 114 116 12
split_gain=197.529 430.965 244.343 321.125 236.497 207.34 205.273 425.389 291.778 263.621 221.715 326.106 383.835 240.533 173.841 165.944 165.711 249.192 239.212 213.575 198.628 187.819 215.495 174.995 162.929 158.855 163.447 243.606 186.904 192.067 225.884 349.761 205.027 185.642 173.875 161.503 145.711 183.644 182.042 145.327 141.226 146.477 141.19 208.513 140.666 177.314 166.546 185.122 221.16 164.176 153.443 216.162 144.72 134.967 126.81 156.885 122.674 119.47 119.033 117.696 127.31 117.247
threshold=45.500000000000007 20.500000000000004 0.329607903957367 0.30805176496505743 0.26483158767223364 0.22145254164934161 0.17519181966781619 0.69342997670173656 0.32158385217189794 27.500000000000004 0.21896404027938846 3.5000000000000004 6.5000000000000009 9.5000000000000018 25.500000000000004 11.500000000000002 77.500000000000014 162.50000000000003 1.0000000180025095e-35 34.500000000000007 38.500000000000007 64.500000000000014 0.28519292175769811 84.500000000000014 0.20530383288860324 94.500000000000014 0.033150184899568565 0.24407105147838595 8.5000000000000018 0.12579113990068438 46.500000000000007 10.500000000000002 17.500000000000004 110.50000000000001 2.5000000000000004 0.025158228352665905 0.32019416987895971 0.36451049149036413 0.68921199440956127 3.5000000000000004 5.5000000000000009 0.41421568393707281 0.24357284605503085 0.21320346742868426 136.50000000000003 76.500000000000014 0.26975052058696752 51.500000000000007 0.28535714745521551 81.500000000000014 18.500000000000004 0.49756075441837316 0.170386977493763 34.500000000000007 64.500000000000014 7.5000000000000009 0.054804805666208274 0.28297100961208349 0.79841727018356334 0.88036608695983898 0.096269693225622191 63.500000000000007
decision_type=2 2 2 2 2 2 2 2 2 2 2 2 2 2 2 2 2 2 2 2 2 2 2 2 2 2 2 2 2 2 2 2 2 2 2 2 2 2 2 2 2 2 2 2 2 2 2 2 2 2 2 2 2 2 2 2 2 2 2 2 2 2
left_child=1 2 3 6 14 -4 7 -1 10 -9 61 57 -13 -14 15 16 20 21 -19 -20 23 -18 -23 40 -25 26 27 -6 29 32 -31 36 44 -33 35 -29 37 38 -32 -26 41 42 43 -2 46 50 -28 -48 -49 -47 51 52 -46 -51 -50 -56 -54 -12 -57 60 -27 -8
right_child=4 -3 5 -5 25 -7 8 9 -10 -11 11 12 13 -15 -16 -17 17 18 19 -21 -22 22 -24 24 39 59 28 34 -30 30 31 33 -34 -35 -36 -37 -38 -39 -40 -41 -42 -43 -44 -45 45 49 47 48 54 53 -52 -53 56 -55 55 58 -58 -59 -60 -61 -62 -63
leaf_value=0.0033896310843192622 -0.0047772926035992737 0.095527158958070416 -0.073663037436082962 0.063937079118604356 0.021923215993095276 0.0051253532346139559 -0.028514652472738766 0.028923466416696707 -0.049169816681183871 0.12471490052421218 -0.047623222871468619 0.11099525314888783 -0.024875749362439945 0.06159115765307998 -0.053437116513582496 0.037804319563270739 -0.0268297070502506 -0.081526691919749553 0.0081677044140956098 -0.061870389052611934 0.042122007425014783 0.072719567347975342 -0.014258051636413886 -0.07979298989646709 0.018912711496753939 -0.012528325173004371 0.052182918818618508 -0.021062746492522606 0.052691643874027895 0.014998700953235751 -0.075450710174145882 0.047830621786415575 -0.044540366714650934 -0.020059484612429512 0.016072624376223931 -0.076203796125360226 0.005387882233450287 -0.091444607807753181 -0.010340080141421345 -0.044768754316187674 0.033892077050072009 -0.042392834756285587 0.016806082390612574 -0.052287969517296751 0.068550564810021281 0.01842424144295526 -0.04276305340496557 -0.029304599449038501 0.037584789399418138 -0.053583032321500572 -0.012946202119714334 0.087293827784439296 -0.0051089706609823869 0.006643905788660049 0.034914321250149177 -0.048050907306493286 0.034688147333583663 0.016154757299356989 0.0069618370381733735 -0.0035966230404318681 -0.072527617311702583 0.0024957596619071356
leaf_weight=223 1882 50 59 93 128 60 150 53 99 51 51 62 57 57 73 72 114 96 92 67 77 50 51 51 57 81 56 132 83 284 57 83 54 63 61 75 56 64 117 72 83 93 255 86 72 426 83 124 154 58 56 71 104 77 83 61 209 53 82 376 52 401
leaf_count=223 1882 50 59 93 128 60 150 53 99 51 51 62 57 57 73 72 114 96 92 67 77 50 51 51 57 81 56 132 83 284 57 83 54 63 61 75 56 64 117 72 83 93 255 86 72 426 83 124 154 58 56 71 104 77 83 61 209 53 82 376 52 401
internal_value=1.84358e-05 0.00978941 0.00680817 0.0104479 -0.00218054 -0.0342261 0.00644282 0.0268485 -0.000753228 0.0766385 0.00506698 0.026755 0.0515378 0.0185173 -0.00797178 -0.00691758 -0.0079594 -0.0243605 -0.0443581 -0.0215474 -0.00504901 -0.000546931 0.029091 -0.00647316 -0.0349194 0.00326049 0.00591241 -0.0120107 0.00867019 0.00718463 -0.00582685 -0.0192723 0.0125071 0.0185984 -0.0282391 -0.0413117 -0.0380782 -0.0482852 -0.0319787 -0.0167014 -0.00432514 -0.00570879 -0.00415573 -0.00687897 0.0143272 0.0209716 0.00322419 -0.0015273 0.00533475 0.00929533 0.0337222 0.0394692 0.0304463 -0.0194351 0.0166854 0.00234132 0.0214907 -0.0152767 -0.0166759 -0.0122102 -0.0363529 -0.00598264
internal_weight=8272 1519 1469 1350 6753 119 1257 327 930 104 831 280 176 114 3271 3198 3126 470 255 159 2656 215 101 2579 180 3482 2973 396 2577 2494 724 440 1770 146 268 207 294 238 174 129 2399 2316 2223 1968 1716 1073 643 587 504 561 512 456 385 135 380 226 313 104 143 509 133 551
internal_count=8272 1519 1469 1350 6753 119 1257 327 930 104 831 280 176 114 3271 3198 3126 470 255 159 2656 215 101 2579 180 3482 2973 396 2577 2494 724 440 1770 146 268 207 294 238 174 129 2399 2316 2223 1968 1716 1073 643 587 504 561 512 456 385 135 380 226 313 104 143 509 133 551
is_linear=0
shrinkage=0.03


Tree=130
num_leaves=63
num_cat=0
split_feature=111 8 151 111 71 8 4 114 26 275 19 237 273 172 12 203 72 229 207 207 48 174 230 32 8 111 280 8 153 216 232 107 47 255 229 64 18 176 136 277 269 26 191 212 3 249 86 38 64 8 276 276 10 125 115 117 105 149 194 133 134 147
split_gain=194.729 242.302 273.995 344.668 233.74 201.403 193.379 305.372 248.198 220.448 187.486 200.762 436.313 305.17 366.175 230.243 280.951 215.501 255.099 269.233 213.716 205.231 201.793 179.299 179.105 145.972 200.424 226.3 181.909 220.138 174.643 168.033 165.993 187.346 177.999 151.891 244.008 158.255 149.892 152.458 149.717 251.659 148.581 189.562 187.743 146.506 144.001 142.982 199.171 142.35 139.531 163.58 136.048 130.688 146.518 177.707 162.885 143.026 138.346 131.414 157.103 126.849
threshold=0.33227176964282995 33.500000000000007 0.21670772135257724 0.2096006125211716 5.5000000000000009 86.500000000000014 63.500000000000007 0.71047571301460277 1.5000000000000002 0.11143790930509569 46.500000000000007 0.080540537834167494 0.58195385336875927 0.52704679965972911 68.500000000000014 4.5000000000000009 0.96666666865348827 13.500000000000002 8.5000000000000018 14.500000000000002 0.9926380217075349 1.0715838074684145 2.5000000000000004 22.500000000000004 99.500000000000014 0.22127521038055423 1.0000000180025095e-35 72.500000000000014 0.50431066751480114 0.050933932885527618 0.60357144474983226 2.5000000000000004 170.50000000000003 0.13608305156230929 31.500000000000004 0.27978494763374334 35.500000000000007 0.075498577207326903 0.088142804801464095 0.20977697521448138 64.500000000000014 4.5000000000000009 0.14459930360317233 0.3475241512060166 71.500000000000014 17.500000000000004 7.5000000000000009 0.15691586583852771 0.48499850928783422 86.500000000000014 0.10268392041325571 0.033150184899568565 13.500000000000002 67.500000000000014 0.060790836811065681 0.31838294863700872 8.5000000000000018 43.500000000000007 0.76857298612594616 0.36056041717529302 0.7727775275707246 17.500000000000004
decision_type=2 2 2 2 2 2 2 2 2 2 2 2 2 2 2 2 2 2 2 2 2 2 2 2 2 2 2 2 2 2 2 2 2 2 2 2 2 2 2 2 2 2 2 2 2 2 2 2 2 2 2 2 2 2 2 2 2 2 2 2 2 2
left_child=1 2 -1 -4 10 25 7 8 -7 -8 11 12 50 15 20 16 17 21 -19 -20 -15 -13 -18 46 -9 26 27 31 30 -30 53 -3 34 -34 40 36 -33 -38 39 -37 41 -28 -31 -44 45 -45 -11 48 -40 -6 51 -2 -41 54 55 59 57 -56 -55 -27 -61 -58
right_child=4 5 3 -5 49 6 9 24 -10 23 -12 13 -14 14 -16 -17 22 18 19 -21 -22 -23 -24 -25 -26 28 32 -29 29 42 -32 35 33 -35 -36 38 37 -39 47 52 -42 -43 43 44 -46 -47 -48 -49 -50 -51 -52 -53 -54 58 56 -57 61 -59 -60 60 -62 -63
leaf_value=-0.0048853792038215235 -0.0074644934697584674 0.019982898500818001 0.01255823030744253 0.11971678137779235 0.076587320823375493 -0.029272416018288245 0.041940268773880851 -0.005015148805264308 -0.12137842457811789 -0.036268183316650063 -0.042689739147370509 -0.058866087242753967 0.10882582378056314 -0.035018597427061045 -0.082021614058237324 0.057598841998983047 0.078490863747116335 -0.046138834804296487 0.057825719137963291 -0.013563343303841213 0.048838957784806979 0.011722844478331114 0.010518890068549471 -0.052136968671332433 -0.065420220585332978 0.031651813841625666 0.0036359954169797319 -0.059719277573749424 -0.057750134181372037 0.030404367948279658 -0.041169693317109096 -0.0069694726455158422 -0.058410360309510273 0.015721069555729626 0.060004269952575358 -0.026588139466578717 -0.107481475895587 -0.033252358742886116 -0.021429277850001788 0.04002292863411927 -0.028994692701060289 0.070408898439596995 0.017899406198412179 -0.021757226946242783 -0.0042737778716558667 -0.089397971254489311 0.021544744047598961 0.010580627368653521 -0.085764702376392152 0.014213971897599197 -0.024686007563556944 0.063567100368174062 -0.0020347141382931651 -0.0098722760193049909 0.00806079872062101 0.072803625798046168 0.02552248164909807 -0.057126344481581132 0.048796204278459314 -0.041030858021451913 0.018106687696760191 0.0016840307278579011
leaf_weight=106 54 132 58 50 72 54 81 244 52 57 65 107 53 58 75 86 66 56 106 85 50 56 96 78 53 177 667 95 85 84 71 111 77 50 53 112 52 53 225 113 108 54 117 58 137 58 116 84 53 61 62 62 176 51 50 52 219 75 121 66 101 2316
leaf_count=106 54 132 58 50 72 54 81 244 52 57 65 107 53 58 75 86 66 56 106 85 50 56 96 78 53 177 667 95 85 84 71 111 77 50 53 112 52 53 225 113 108 54 117 58 137 58 116 84 53 61 62 62 176 51 50 52 219 75 121 66 101 2316
internal_value=1.76801e-05 -0.00194301 0.0294128 0.0628118 0.0108208 -0.00293573 -0.0177541 -0.0316942 -0.0751686 -0.000788403 0.00639812 0.00941154 0.0341188 0.00259266 -0.0315704 0.0121274 0.00520223 -0.00802517 0.00964109 0.0261505 0.00389623 -0.0346911 0.0385228 -0.014689 -0.0159779 -0.00113375 -0.00726448 -0.0155137 0.00240541 -0.0137369 0.00504616 -0.0116834 0.0026009 -0.0293299 0.00722666 -0.0159691 -0.0381232 -0.0706806 -0.00965569 0.00298012 0.00378423 0.00872761 -0.00538777 -0.0135736 -0.0281415 -0.0560526 0.00239759 -0.0236225 -0.0339581 0.0482996 0.0113908 0.0307195 0.0144913 0.00607512 0.00463748 0.0216384 0.00209934 -0.0311945 0.0314438 0.0137155 -0.00537015 0.0037527
internal_weight=8272 7002 214 108 1270 6788 735 403 106 332 1137 1072 231 841 183 658 572 410 247 191 108 163 162 251 297 6053 2215 1206 3838 539 3299 1111 1009 127 882 979 216 105 763 401 829 721 454 370 253 116 173 362 278 133 178 116 289 3228 3056 396 2660 125 172 344 167 2535
internal_count=8272 7002 214 108 1270 6788 735 403 106 332 1137 1072 231 841 183 658 572 410 247 191 108 163 162 251 297 6053 2215 1206 3838 539 3299 1111 1009 127 882 979 216 105 763 401 829 721 454 370 253 116 173 362 278 133 178 116 289 3228 3056 396 2660 125 172 344 167 2535
is_linear=0
shrinkage=0.03


Tree=131
num_leaves=63
num_cat=0
split_feature=8 79 111 100 111 11 140 51 8 169 207 9 192 60 259 95 131 3 245 255 129 135 127 1 77 155 257 100 134 97 157 8 79 187 26 116 97 277 8 114 130 249 160 259 130 52 200 76 138 8 51 25 117 12 111 13 191 191 221 12 169 256
split_gain=184.585 260.422 211.683 245.04 202.68 225.214 259.27 304.638 366.627 207.42 263.829 339.012 232.961 193.989 310.017 261.539 278.427 202.304 418.024 345.102 264.739 263.136 170.834 166.154 176.112 155.166 154.403 161.498 162.325 155.284 150.201 185.475 181.68 155.984 143.42 293.967 137.693 237.023 150.108 147.061 134.302 132.552 131.64 210.386 149.575 148.667 143.878 130.187 129.884 140.978 204.917 162.633 125.807 123.91 163.698 123.652 150.322 139.175 131.338 188.509 152.135 249.545
threshold=57.500000000000007 24.500000000000004 0.20670914649963382 3.5000000000000004 0.24404424428939822 54.500000000000007 39.500000000000007 27.500000000000004 73.500000000000014 3.5000000000000004 8.5000000000000018 75.500000000000014 0.28436657786369329 89.500000000000014 4.5000000000000009 0.13527590036392215 0.29516004025936132 55.500000000000007 10.500000000000002 0.2639319002628327 24.500000000000004 0.10948202013969423 2.5000000000000004 30.500000000000004 0.9849054515361787 0.14481198787689212 0.18834459781646731 9.5000000000000018 0.68510842323303234 0.13063795119524005 0.3891009390354157 37.500000000000007 5.5000000000000009 2.5000000000000004 3.5000000000000004 0.1194841004908085 0.38253450393676763 0.41223156452178961 98.500000000000014 0.88186928629875194 1.5000000000000002 24.500000000000004 1.5000000000000002 2.5000000000000004 2.5000000000000004 3.5000000000000004 13.500000000000002 72.500000000000014 74.500000000000014 49.500000000000007 11.500000000000002 6.5000000000000009 0.25652371346950537 57.500000000000007 0.22594670206308368 58.500000000000007 0.3366666734218598 0.39696970582008367 1.5000000000000002 47.500000000000007 17.500000000000004 0.054299755021929748
decision_type=2 2 2 2 2 2 2 2 2 2 2 2 2 2 2 2 2 2 2 2 2 2 2 2 2 2 2 2 2 2 2 2 2 2 2 2 2 2 2 2 2 2 2 2 2 2 2 2 2 2 2 2 2 2 2 2 2 2 2 2 2 2
left_child=1 2 34 -4 5 23 9 8 53 -7 12 42 -11 17 -15 -16 52 22 20 -20 21 -19 -5 24 -2 -13 29 -28 -29 -22 31 -24 33 -33 48 -36 38 -38 47 -40 -14 -41 -12 -44 45 -45 -46 55 -1 -50 -51 -52 -17 -8 -55 56 -6 -58 -57 -60 61 -61
right_child=4 -3 3 13 36 6 7 -9 -10 10 11 25 40 14 15 16 -18 18 19 -21 26 -23 30 -25 -26 -27 27 28 -30 -31 -32 32 -34 -35 35 -37 37 -39 39 41 -42 -43 43 44 46 -47 -48 -49 49 50 51 -53 -54 54 -56 58 57 -59 59 60 -62 -63
leaf_value=0.0032236552140641459 -0.026110379832008711 0.069316879322654318 -0.032922135131699698 -0.039062347789524034 0.0054198058092848793 0.057748497656377198 0.0094547314771327631 0.03194230254062197 -0.092767597517546485 -0.068314665322276674 -0.017586379479882973 -0.0035489219341140526 0.03253777942691858 -0.06818377289082854 0.061224338327414321 0.046313600619552565 -0.06327918575285002 0.022127693208252509 0.1410019916717736 0.030355910746490251 0.016977257664936282 0.10846797889379679 0.055833339091275157 -0.0082833433864821834 -0.10290947382985534 -0.077624992259285028 -0.018448211168440486 0.011577097603201785 0.073676201823082835 -0.051727113401178602 -0.032029193961992858 0.075184527460990816 -0.0019767960193526946 0.01542913932938221 0.058183675476860611 -0.01331910158603046 -0.074205401347950103 0.00093034113639766725 -0.047504752178621643 0.0099823898690087447 -0.030737981625522177 -0.035868600384731379 0.08332490233561167 0.026269111110950295 0.0046801825887278501 -0.028595969273253925 0.067466523349285129 0.050976138158756144 -0.0093095232268223579 -0.08811068195018118 0.020000278188122642 -0.054045169735854527 -0.01193158265102554 -0.064719419528052893 -0.0093785907568969314 0.0036040079690387323 0.06176580848837538 0.0086753922225823281 0.029750425867470245 0.006793492065774182 -0.0083359018106685234 -0.070761986840158123
leaf_weight=478 51 56 104 60 475 54 82 65 84 87 69 51 51 59 61 60 59 81 52 50 53 52 96 70 58 50 64 90 65 65 59 58 348 120 92 116 59 102 101 174 71 83 51 91 56 85 79 50 486 55 53 52 73 87 107 1899 97 82 83 58 390 103
leaf_count=478 51 56 104 60 475 54 82 65 84 87 69 51 51 59 61 60 59 81 52 50 53 52 96 70 58 50 64 90 65 65 59 58 348 120 92 116 59 102 101 174 71 83 51 91 56 85 79 50 486 55 53 52 73 87 107 1899 97 82 83 58 390 103
internal_value=1.65021e-05 0.00577859 0.00459392 0.0115156 -0.00346802 -0.0132105 -0.00858081 -0.027466 -0.0382512 0.00153685 -0.00263185 0.00859292 -0.0311089 0.0143781 -0.00686797 0.00764311 -0.00960911 0.0194281 0.0328173 0.087585 0.0207708 0.0564423 0.00906225 -0.0445418 -0.06754 -0.0406218 0.00656744 0.021441 0.037924 -0.020985 0.0133534 0.0177026 0.0106507 0.0352112 -0.00439268 0.0184342 0.000163314 -0.026892 0.00138211 -0.0170238 -0.00423716 -0.00490715 0.0201932 0.0274228 0.0180179 -0.000240086 0.0416477 0.00342236 -0.0086295 -0.0173915 -0.0417303 -0.0168338 0.014494 -0.0213843 -0.034401 0.00266054 0.0142793 0.0376284 -0.000343772 -0.0121555 -0.0185104 -0.0429533
internal_weight=8272 3117 3061 1729 5155 1399 1220 425 360 795 741 532 209 1625 312 253 192 1313 572 102 470 133 741 179 109 101 337 219 155 118 681 622 526 178 1332 208 3756 161 3595 358 122 257 431 362 311 176 135 3237 1124 646 160 105 133 276 194 3187 654 179 2533 634 551 161
internal_count=8272 3117 3061 1729 5155 1399 1220 425 360 795 741 532 209 1625 312 253 192 1313 572 102 470 133 741 179 109 101 337 219 155 118 681 622 526 178 1332 208 3756 161 3595 358 122 257 431 362 311 176 135 3237 1124 646 160 105 133 276 194 3187 654 179 2533 634 551 161
is_linear=0
shrinkage=0.03


Tree=132
num_leaves=63
num_cat=0
split_feature=8 79 62 62 234 177 255 265 131 112 68 131 195 58 74 188 13 37 45 66 227 157 218 64 6 114 69 112 148 198 44 274 68 246 250 238 141 33 89 254 183 3 67 246 8 177 46 226 232 205 131 35 199 14 85 140 81 171 153 56 113 35
split_gain=177.063 392.833 228.894 298.111 199.151 189.236 385.91 325.836 275.74 210.615 173.717 171.266 264.916 204.436 224.743 259.177 153.759 151.001 173.758 147.172 144.098 144.025 141.205 138.998 183.291 150.739 175.054 126.975 547.111 209.106 177.497 217.313 161.658 148.392 140.393 146.944 208.029 129.662 134.431 269.018 396.72 282.896 215.152 205.564 204.944 179.958 166.2 117.537 164.367 115.67 114.092 129.583 107.55 113.177 149.918 136.705 167.888 157.188 140.387 194.914 224.141 218.192
threshold=45.500000000000007 20.500000000000004 0.329607903957367 0.30805176496505743 0.80056819319725048 0.17519181966781619 0.091507177799940123 16.500000000000004 0.30791592597961431 0.38377965986728674 0.29051011800765997 0.33678840100765234 0.29217478632926946 13.500000000000002 71.500000000000014 2.5000000000000004 61.500000000000007 0.2179193124175072 157.50000000000003 0.077296491712331786 3.5000000000000004 0.40946348011493688 67.500000000000014 0.40093457698822027 40.500000000000007 0.64613196253776561 1.0000000180025095e-35 0.2401923015713692 8.5000000000000018 66.500000000000014 1.0000000180025095e-35 0.49980747699737554 0.10045871511101724 2.5000000000000004 5.5000000000000009 50.500000000000007 8.5000000000000018 0.32851929962635046 90.500000000000014 0.83793276548385631 1.0000000180025095e-35 56.500000000000007 0.13837970793247226 4.5000000000000009 58.500000000000007 0.13423423469066623 283.50000000000006 7.5000000000000009 0.34654632210731512 1.5000000000000002 0.35968750715255743 0.44337299466133123 14.500000000000002 90.500000000000014 25.500000000000004 91.500000000000014 7.5000000000000009 0.21583850681781772 0.44013710319995886 36.500000000000007 0.6062217950820924 0.52876573801040661
decision_type=2 2 2 2 2 2 2 2 2 2 2 2 2 2 2 2 2 2 2 2 2 2 2 2 2 2 2 2 2 2 2 2 2 2 2 2 2 2 2 2 2 2 2 2 2 2 2 2 2 2 2 2 2 2 2 2 2 2 2 2 2 2
left_child=1 2 3 5 -4 6 -1 -8 9 19 -10 22 13 50 16 -16 -15 18 -14 -7 -11 23 27 25 -25 26 -21 28 29 30 -2 -32 33 -29 35 37 -37 38 49 41 -41 47 43 44 -43 -46 -42 -40 -49 -34 -13 -52 53 55 -55 56 58 -57 -51 -60 -61 -62
right_child=11 -3 4 -5 -6 8 7 -9 10 20 -12 12 17 14 15 -17 -18 -19 -20 21 -22 -23 -24 24 -26 -27 -28 32 -30 -31 31 -33 34 -35 -36 36 -38 -39 39 40 46 42 -44 -45 45 -47 -48 48 -50 52 51 -53 -54 54 -56 57 -58 -59 59 60 61 -63
leaf_value=0.0027076165108010173 0.0088261375872824115 0.091123943802188412 0.0099825265462277456 0.061480506611789797 -0.067677794764958207 -0.02721743017701166 0.12136990320427637 0.017140086814058274 -0.080293947581391217 0.0094360184494186837 -0.0060630188576344928 0.030424731672816986 -0.076808503317205526 0.044171798517034476 0.034630310987383471 0.11448999936643399 -0.015221174162620787 0.010253521099199201 -0.0047088283483798692 0.041619333127611562 0.08132045185741256 -0.036760544044476366 -0.051615135531533844 0.03684380593893289 -0.019903537547367664 0.064398650657910284 -0.016156013762935045 0.0080170983123681403 -0.084341749642248984 0.052886518397421207 -0.079034155912575177 -0.0052884628920125245 -0.041394894392092201 0.066114967412847489 -0.043773607492446902 -0.011486598610028842 0.060231204882877164 -0.044745713888264413 -0.073970508226909884 -0.10837748398906306 -0.0049718107517041704 0.055129477257529889 -0.036941946650577054 0.058649781674050307 0.035144368242472405 -0.0206364844881117 -0.066338440795214115 0.02099504253224415 -0.052070189028001215 0.0038107013870070112 -0.047170500606880522 0.010321158065661034 0.020973532136831379 -0.0044796982620443617 -0.065769252391024061 -0.015829369930757415 -0.054535691648159385 0.03336959045340817 -0.021551372587505585 -0.007281926694496006 0.073137778084672672 -0.0023057363976669663
leaf_weight=219 178 50 53 93 66 146 56 52 58 50 55 73 56 72 106 56 84 106 64 94 50 61 54 70 183 70 93 136 90 52 60 88 60 55 74 67 78 66 51 56 169 62 76 86 71 187 51 50 60 2152 63 78 212 104 54 80 52 211 573 443 70 67
leaf_count=219 178 50 53 93 66 146 56 52 58 50 55 73 56 72 106 56 84 106 64 94 50 61 54 70 183 70 93 136 90 52 60 88 60 55 74 67 78 66 51 56 169 62 76 86 71 187 51 50 60 2152 63 78 212 104 54 80 52 211 573 443 70 67
internal_value=1.61833e-05 0.00926713 0.0064209 0.0099438 -0.0332946 0.00608499 0.0256774 0.0718028 -0.000824139 0.00526846 -0.044534 -0.00206576 0.011361 0.0229081 0.0381258 0.0627692 0.0122977 -0.0158019 -0.0387121 -0.000444263 0.0458275 0.00643703 -0.00376503 0.0116656 -0.00411945 0.0271608 0.012953 -0.00332149 -0.0183028 -0.00239813 -0.0113513 -0.0355151 -0.00203732 0.0250041 -0.0030197 -0.00243234 0.0272409 -0.00328737 -0.00273095 -0.0130896 -0.0378062 -0.00243805 0.00907224 0.0177553 0.00661649 -0.00520952 -0.0194335 -0.0367407 -0.0189688 -0.000393933 0.000222742 -0.0155179 0.000228474 -0.000932263 -0.0257087 0.000147589 -0.00156451 0.0198362 -0.000714831 -0.00915743 0.00310295 0.0364927
internal_weight=8272 1519 1469 1350 119 1257 327 108 930 817 113 6753 758 532 318 162 156 226 120 717 100 571 5995 510 253 257 187 5941 468 378 326 148 5473 191 5282 5208 145 5063 4997 919 276 643 482 406 320 258 220 161 110 4078 214 141 4018 3806 158 3648 3357 291 3305 1153 580 137
internal_count=8272 1519 1469 1350 119 1257 327 108 930 817 113 6753 758 532 318 162 156 226 120 717 100 571 5995 510 253 257 187 5941 468 378 326 148 5473 191 5282 5208 145 5063 4997 919 276 643 482 406 320 258 220 161 110 4078 214 141 4018 3806 158 3648 3357 291 3305 1153 580 137
is_linear=0
shrinkage=0.03


Tree=133
num_leaves=63
num_cat=0
split_feature=111 27 8 211 8 152 8 137 97 97 8 196 237 78 157 53 90 3 99 152 76 78 13 127 236 43 278 191 3 64 196 218 193 180 135 211 131 211 85 194 85 85 195 75 78 227 232 56 111 8 107 7 188 205 120 248 45 20 48 94 213 193
split_gain=177.608 221.853 330.605 365.167 217.594 254.413 184.695 163.737 197.212 182.939 157.543 175.651 152.155 171.407 190.776 251.39 194.711 182.771 151.629 150.852 315.612 342.321 141.028 136.142 252.158 222.03 134.665 125.598 125.115 225.864 177.329 163.277 152.6 152.204 183.518 131.729 125.233 118.995 104.883 114.826 110.673 133.7 165.483 132.257 125.566 159.497 162.183 123.907 159.63 176.927 295.239 160.101 158.885 154.618 151.346 135.661 133.886 198.423 128.167 184.036 196.724 173.782
threshold=0.33227176964282995 48.500000000000007 59.500000000000007 0.29935064911842352 33.500000000000007 0.29854282736778265 84.500000000000014 0.13310023397207263 0.26339712738990789 0.31836509704589849 114.50000000000001 0.21807064861059192 0.087337911128997817 52.500000000000007 0.16423241049051288 1.0000000180025095e-35 3.5000000000000004 73.500000000000014 7.5000000000000009 0.33217981457710272 35.500000000000007 95.500000000000014 66.500000000000014 16.500000000000004 0.07619738951325418 0.8086080551147462 71.500000000000014 0.28730159997940069 73.500000000000014 0.45022521913051611 0.072299651801586165 26.500000000000004 0.39811320602893835 10.500000000000002 0.26536910235881811 0.24264069646596911 0.4014925360679627 0.32373654842376715 73.500000000000014 1.4464285373687746 65.500000000000014 54.500000000000007 0.26138716936111456 34.500000000000007 139.50000000000003 8.5000000000000018 0.21352583914995196 52.500000000000007 0.26483158767223364 70.500000000000014 10.500000000000002 61.500000000000007 5.5000000000000009 44.500000000000007 30.500000000000004 4.5000000000000009 70.500000000000014 160.50000000000003 0.98277348279953014 0.84622508287429821 0.44756481051445013 0.48074074089527136
decision_type=2 2 2 2 2 2 2 2 2 2 2 2 2 2 2 2 2 2 2 2 2 2 2 2 2 2 2 2 2 2 2 2 2 2 2 2 2 2 2 2 2 2 2 2 2 2 2 2 2 2 2 2 2 2 2 2 2 2 2 2 2 2
left_child=4 7 3 -3 5 -1 28 -2 18 -10 11 12 22 -14 -15 16 -16 -18 -9 20 21 26 -4 -21 -25 -26 -8 -22 33 30 31 -30 37 36 -35 -32 38 -31 39 40 41 44 43 -43 45 47 -47 48 49 52 56 -52 55 -49 58 -6 -51 -58 59 60 61 -50
right_child=1 2 10 -5 6 -7 19 8 9 -11 -12 -13 13 14 15 -17 17 -19 -20 23 27 -23 -24 24 25 -27 -28 -29 29 32 35 -33 -34 34 -36 -37 -38 -39 -40 -41 -42 42 -44 -45 -46 46 -48 53 54 50 51 -53 -54 -55 -56 -57 57 -59 -60 -61 -62 -63
leaf_value=-0.0006302508243882075 0.027618869195893868 0.013032218280893106 0.083715334879234424 0.12684401980026022 -0.002145384539868839 0.06523480818636955 -0.067950480679670966 -0.0087614115646907249 0.038237926244203531 -0.024016443469756562 -0.038532389089026869 -0.025645816694945096 -0.024312621964497509 -0.024184194525534455 0.085620616603642702 -0.01561808048263192 -0.0048003388497118759 0.061873641817440539 -0.064386437625477189 0.011572049125714834 -0.013950280324128029 -0.10131771939831812 0.023527579623782501 0.029700217451622237 -0.0091112131252884861 -0.076991292535532996 -0.013449024952327212 0.046585082931988778 0.025746882007281448 -0.072120785406407192 -0.015907716643090215 0.081824337093737626 0.0036527568719154874 0.0056088438520095485 0.070709308915824248 0.026134895356820485 -0.044890131655741822 -0.010283822868514108 -0.036491958237955778 0.032521455467837614 0.039796498431560565 -0.017912804399294636 0.010028459680191698 -0.085722814247969334 0.034673926750598827 -0.071745730324515269 -0.013681721265069566 -0.062580103249247399 0.0017679109367702132 -0.029969143339668412 -0.030034370106355898 -0.093825321896302119 0.045825638784492605 0.0025829471445714051 0.038907706288790159 -0.051611540974939564 0.057240122419888857 -0.021054150744208269 -0.0037746449000645118 -0.023161990344524385 0.083344563431679633 0.063387590327433185
leaf_weight=122 96 51 59 50 2317 92 53 83 83 85 50 79 88 65 79 74 77 70 94 248 73 73 87 66 100 76 170 52 251 50 148 57 257 148 52 121 65 63 83 81 52 51 58 53 78 55 194 66 156 82 86 61 60 64 131 50 60 55 595 71 51 55
leaf_count=122 96 51 59 50 2317 92 53 83 83 85 50 79 88 65 79 74 77 70 94 248 73 73 87 66 100 76 170 52 251 50 148 57 257 148 52 121 65 63 83 81 52 51 58 53 78 55 194 66 156 82 86 61 60 64 131 50 60 55 595 71 51 55
internal_value=1.56407e-05 0.0103329 0.0194701 0.0700659 -0.00185688 0.0278573 -0.00279762 -0.00684857 -0.0164916 0.00678445 0.0123641 0.0161688 0.0217171 0.0130769 0.0221332 0.0322156 0.0478778 0.0271527 -0.0384981 -0.0153587 -0.0285069 -0.0453422 0.0482541 -0.0040269 -0.0199944 -0.0386924 -0.0266478 0.0114023 -0.000848227 0.00913325 0.0208516 0.0363561 -0.00914801 -0.00276702 0.0228025 0.0030304 -0.00385278 -0.0380379 -0.00327149 -0.00266189 -0.00330213 -0.0038147 -0.0304836 -0.0529571 -0.00280004 -0.00350257 -0.0267428 -0.00203487 -0.00105329 -0.0048394 -0.024942 -0.0569605 -0.00198098 -0.030725 0.00884873 -0.00321165 -0.000882949 0.0199363 0.00456817 0.0194417 0.0310311 0.0180531
internal_weight=8272 1270 829 101 7002 214 6788 441 345 168 728 678 599 453 365 300 226 147 177 911 421 296 146 490 242 176 223 125 5877 947 577 308 370 4930 200 269 4730 113 4665 4582 4501 4449 162 104 4287 4209 249 3960 3830 2771 344 147 2427 130 1059 2367 197 115 928 333 262 211
internal_count=8272 1270 829 101 7002 214 6788 441 345 168 728 678 599 453 365 300 226 147 177 911 421 296 146 490 242 176 223 125 5877 947 577 308 370 4930 200 269 4730 113 4665 4582 4501 4449 162 104 4287 4209 249 3960 3830 2771 344 147 2427 130 1059 2367 197 115 928 333 262 211
is_linear=0
shrinkage=0.03


Tree=134
num_leaves=63
num_cat=0
split_feature=111 8 219 159 10 247 39 6 45 174 186 152 117 135 133 231 232 269 125 8 157 5 232 120 12 30 88 111 8 118 22 26 264 261 93 151 217 118 79 235 234 136 227 174 110 147 151 47 116 123 31 171 214 191 267 66 216 38 117 269 266 234
split_gain=167.932 224.461 224.345 213.173 203.563 189.789 288.852 241.951 313.405 210.598 232.431 246.814 244.162 189.552 281.306 210.782 258.462 256.546 191.407 206.817 329.022 185.958 259.157 184.82 262.527 168.086 281.742 164.319 284.566 206.835 160.715 154.987 142.477 141.568 140.478 147.396 160.075 134.358 129.179 126.314 150.257 132.925 126.423 125.079 239.865 124.785 162.12 173.538 151.286 151.43 144.866 139.109 123.631 123.42 119.779 183.329 119.151 173.151 115.249 114.745 174.286 180.763
threshold=0.30449178814888006 65.500000000000014 18.500000000000004 1.5000000000000002 4.5000000000000009 10.500000000000002 0.35728628933429724 45.500000000000007 104.50000000000001 1.6697722077369692 5.5000000000000009 0.42790056765079504 0.26539641618728643 0.023392613045871261 0.2694468498229981 0.4463601559400559 0.48749218881130224 33.500000000000007 9.5000000000000018 70.500000000000014 0.21715728193521502 55.500000000000007 0.25211864709854132 30.500000000000004 53.500000000000007 40.500000000000007 11.500000000000002 0.21676707267761233 33.500000000000007 76.500000000000014 91.500000000000014 4.5000000000000009 1.0000000180025095e-35 2.5000000000000004 0.44014924764633184 0.26905441284179693 0.18405928462743762 173.50000000000003 13.500000000000002 0.20638945698738101 1.1335116028785708 0.074199199676513686 4.5000000000000009 0.71253019571304332 10.500000000000002 54.500000000000007 0.23156555742025378 5.5000000000000009 0.083602152764797225 1.0000000180025095e-35 104.50000000000001 0.32305502891540533 0.76887330412864696 0.2674796879291535 15.500000000000002 0.098126750439405455 0.11566332355141641 0.095782328397035613 0.26339712738990789 30.500000000000004 10.500000000000002 1.1224904060363772
decision_type=2 2 2 2 2 2 2 2 2 2 2 2 2 2 2 2 2 2 2 2 2 2 2 2 2 2 2 2 2 2 2 2 2 2 2 2 2 2 2 2 2 2 2 2 2 2 2 2 2 2 2 2 2 2 2 2 2 2 2 2 2 2
left_child=1 23 4 -2 21 6 7 8 -5 10 11 13 59 -9 -15 16 18 -17 -16 20 -20 -3 58 27 -25 26 -6 29 -29 31 -27 -1 -28 -18 35 45 -37 38 -26 43 41 -41 -43 -36 -45 46 47 -30 -49 -50 -48 -47 -38 -7 55 -31 57 -24 -23 -12 61 -61
right_child=3 2 -4 5 25 53 -8 9 -10 -11 12 -13 -14 14 15 17 33 -19 19 -21 -22 22 56 24 37 30 32 28 34 54 -32 -33 -34 -35 39 36 52 -39 -40 40 -42 42 -44 44 -46 51 50 48 49 -51 -52 -53 -54 -55 -56 -57 -58 -59 -60 60 -62 -63
leaf_value=-0.0032245484828226935 -0.045477905883030453 -0.061022538313021256 -0.062360547729900906 0.0096841302696615457 -0.0038103614423880394 0.015559941337389105 -0.053535262620186104 -0.033327712294459341 0.093444936104146212 0.064154434800148014 -0.04549084968729452 -0.042909538749801489 -0.078311394503656415 0.070180879891617212 -0.029443688262687173 -0.010267552284953687 -0.061207602893312771 0.072093203886974558 0.10611476397828051 0.0097572841027573163 0.011128509851950633 -0.0073696864325214512 -0.021880466921583696 0.086551324523547107 0.0062330567444344826 -0.064086639721165684 0.0089634828488916567 0.07045735839937553 0.040121838042924879 -0.053820214209639852 -0.012820281602290212 0.044214665276499893 0.067811557372862638 0.0029970740716565736 0.00047266985967899986 0.072693791902539398 0.041407572878524659 -0.031194991038109243 0.056023271311939293 -0.0053713846319975948 -0.018440928052994424 0.01094756502693273 0.077033346992618629 -0.086079600057786421 -0.005036867635590689 0.010977309729082521 -0.062508205824865493 0.027402991822455078 0.017695423075929282 -0.042567580330489886 -0.0075353365406354367 0.065303851393179901 -0.019141311177475886 0.08227396575843586 -0.048497430333999267 0.0052927737764172974 -0.0055749351825565095 -0.095277808795754731 0.055396426352946192 -0.0056941184041978312 -0.041583384976214305 0.064436185922370187
leaf_weight=1334 65 107 69 99 1505 50 67 74 67 53 54 75 52 79 85 51 71 100 56 538 78 54 67 50 143 67 72 60 130 67 293 64 76 54 102 65 67 51 69 89 149 52 52 62 69 160 52 95 59 100 234 57 54 50 137 154 74 51 50 85 54 53
leaf_count=1334 65 107 69 99 1505 50 67 74 67 53 54 75 52 79 85 51 71 100 56 538 78 54 67 50 143 67 72 60 130 67 293 64 76 54 102 65 67 51 69 89 149 52 52 62 69 160 52 95 59 100 234 57 54 50 137 154 74 51 50 85 54 53
internal_value=1.53048e-05 -0.00240653 -0.00940702 0.0075578 -0.00786952 0.00935266 0.00715642 0.00947226 0.0438483 0.00590731 0.00388727 0.00951971 -0.0198988 0.0128686 0.01597 0.0117603 0.00612979 0.0443915 0.0127371 0.0181083 0.0513163 -0.0273044 -0.0149514 0.00220056 0.0242394 -0.00396705 8.30833e-05 0.000202761 0.00682588 -0.00623953 -0.0225126 -0.00102274 0.0394351 -0.0336675 0.00446788 0.0108762 0.0350841 0.01211 0.0226253 -0.00748869 0.00412077 0.0215441 0.0444094 -0.024474 -0.0437545 0.00576608 -0.000647826 0.0120754 -0.00238005 -0.020235 -0.0177134 0.0254815 0.0144504 0.0494013 -0.0265516 -0.0127901 -0.0355463 -0.0541371 0.0230465 -0.0072843 0.00364131 0.0215098
internal_weight=8272 6262 2485 2010 2416 1945 1845 1778 166 1612 1559 1261 298 1186 1112 1033 882 151 757 672 134 403 296 3777 313 2013 1653 3464 1708 1756 360 1398 148 125 1648 1073 186 263 212 575 342 193 104 233 131 887 670 384 254 159 286 217 121 100 358 221 192 118 104 246 192 138
internal_count=8272 6262 2485 2010 2416 1945 1845 1778 166 1612 1559 1261 298 1186 1112 1033 882 151 757 672 134 403 296 3777 313 2013 1653 3464 1708 1756 360 1398 148 125 1648 1073 186 263 212 575 342 193 104 233 131 887 670 384 254 159 286 217 121 100 358 221 192 118 104 246 192 138
is_linear=0
shrinkage=0.03


Tree=135
num_leaves=63
num_cat=0
split_feature=8 79 111 100 115 6 115 177 42 25 113 135 115 151 114 236 149 256 79 111 10 73 111 232 230 129 8 43 32 197 211 8 85 148 8 115 209 95 83 159 114 167 44 35 276 271 258 85 135 180 216 49 14 151 175 267 111 10 69 130 234 5
split_gain=161.978 239.821 181.67 220.677 290.865 200.158 243.035 229.75 189.785 282.189 241.48 470.344 405.062 443.149 200.128 185.633 179.806 263.545 178.349 175.998 210.348 230.402 240.078 185.224 180.482 171.431 193.65 255.336 231.28 212.578 161.341 155.265 211.456 220.246 237.212 185.318 209.897 203.256 208.255 198.759 186.312 153.081 150.581 149.659 141.126 140.622 134.852 138.549 158.614 146.739 167.939 134.758 134.347 181.324 131.724 130.793 130.788 176.777 281.009 226.308 262.29 152.469
threshold=57.500000000000007 24.500000000000004 0.20670914649963382 3.5000000000000004 0.061633428558707244 80.500000000000014 0.10760959610342981 0.21807064861059192 6.5000000000000009 4.5000000000000009 0.57517123222351085 0.076597131788730635 0.31838294863700872 0.24915219098329547 0.89851310849189769 0.10300619155168535 192.50000000000003 0.036038961261510856 28.500000000000004 0.29526825249195104 5.5000000000000009 2.5000000000000004 0.19413723051548007 0.25211864709854132 11.500000000000002 18.500000000000004 83.500000000000014 0.70135134458541881 14.500000000000002 0.24068965017795566 0.24626532942056659 107.50000000000001 65.500000000000014 32.500000000000007 79.500000000000014 0.26936715841293341 65.500000000000014 0.21388442814350131 1.5000000000000002 9.5000000000000018 1.1184247732162478 3.5000000000000004 6.5000000000000009 0.4374129474163056 0.11884584277868272 0.22542115300893786 94.500000000000014 47.500000000000007 0.11143790930509569 3.5000000000000004 0.075235851109027876 110.50000000000001 56.500000000000007 0.25115217268466955 0.30151516199111944 9.5000000000000018 0.2408523038029671 36.500000000000007 1.5000000000000002 5.5000000000000009 0.39246943593025213 74.500000000000014
decision_type=2 2 2 2 2 2 2 2 2 2 2 2 2 2 2 2 2 2 2 2 2 2 2 2 2 2 2 2 2 2 2 2 2 2 2 2 2 2 2 2 2 2 2 2 2 2 2 2 2 2 2 2 2 2 2 2 2 2 2 2 2 2
left_child=1 2 52 -4 15 6 7 -6 10 -10 14 -12 -13 -14 42 -5 -11 -18 19 20 21 22 -2 45 25 43 56 28 -28 -29 -9 32 33 35 -35 40 37 38 -37 -38 46 -39 -8 44 55 -24 47 48 -21 50 -50 -36 53 -1 -25 -22 57 58 59 60 -27 -62
right_child=18 -3 3 4 5 -7 8 30 9 16 11 12 13 -15 -16 -17 17 -19 -20 31 24 -23 23 54 -26 26 27 29 -30 -31 -32 -33 -34 34 51 36 39 41 -40 -41 -42 -43 -44 -45 -46 -47 -48 -49 49 -51 -52 -53 -54 -55 -56 -57 -58 -59 -60 -61 61 -63
leaf_value=0.0019357429046291282 -0.072725992818241533 0.066386558533106974 -0.031481428416711942 0.021505001448914408 -0.058756011699108365 0.057877901915993006 0.007349763289702679 -0.031270912458587964 0.088292770958727312 -0.017079265033930875 -0.047640379071235653 0.1170521304681897 0.070494290506062304 -0.046191164066686351 -0.046145289247419605 0.077826060280203821 -0.018288024113006777 0.066498766453446531 -0.049487819687740221 0.01852058182429054 0.048204921747424773 0.034523982809663845 -0.014170566850270216 -0.021737290276678485 0.052229254097462846 0.052766140146413815 -0.023898290044663449 0.017399919778108595 -0.10193917458666669 -0.043009670348516826 0.040432159979092448 -0.029701430494231837 0.064090346650420016 0.087846117132114904 0.032208002865663728 -0.022070269962506633 0.057286274648374977 0.026350462585687635 -0.10476755935964839 -0.017622854296977703 0.059559552014658325 -0.037664714710414403 -0.042461363513533384 -0.018484343176850906 0.074129474878843332 0.04992468486485236 -0.043237481727623019 0.048337144409729672 -0.00012254193281898131 0.00055033046968146074 -0.076742627238138364 -0.024358696581588853 -0.0093943075678492444 0.059436100148519529 -0.068184125357024047 -0.016138337522680901 0.0032664625580625562 -0.031311500576150543 0.0456477774116818 -0.058699040329688548 -0.031508186940534283 0.025370750070774346
leaf_weight=259 91 56 104 124 93 69 458 55 62 88 53 59 68 50 93 92 50 94 73 381 55 57 77 280 51 63 78 131 61 86 56 111 55 52 127 55 53 60 55 77 56 74 61 64 55 50 51 65 51 495 51 53 1013 60 68 57 1169 285 91 76 158 57
leaf_count=259 91 56 104 124 93 69 458 55 62 88 53 59 68 50 93 92 50 94 73 381 55 57 77 280 51 63 78 131 61 86 56 111 55 52 127 55 53 60 55 77 56 74 61 64 55 50 51 65 51 495 51 53 1013 60 68 57 1169 285 91 76 158 57
internal_value=1.5578e-05 0.00541328 0.00427648 0.0106887 0.0134053 0.00841923 0.00583122 -0.024242 0.0112483 0.0319562 0.00398836 0.0301251 0.0535477 0.0210786 -0.00586741 0.0457417 0.0165864 0.0371358 -0.00324859 -0.00257479 -0.00692798 -0.0225327 -0.0283295 -0.0196891 -0.00308862 -0.00424401 -0.00676776 -0.0270399 -0.05863 -0.00662868 0.00494163 0.00458228 0.00669883 0.0048658 0.0320305 0.000712208 -0.017604 -0.0339608 -0.0639903 0.0131212 0.00667909 -0.00901834 0.00142488 0.0203156 0.0352066 0.0112567 0.00392031 0.00626541 0.00342271 -0.00622747 -0.0388057 0.0155097 -0.00404871 0.0129028 -0.0309825 0.0156058 -0.00295517 -0.0129091 -0.00107959 -0.0131862 -0.000578012 -0.016381
internal_weight=8272 3117 3061 1729 1625 1409 1340 204 1136 294 842 230 177 118 612 216 232 144 5155 5082 3160 623 566 475 2537 2486 2255 356 139 217 111 1922 1811 1756 232 1524 374 244 110 130 1150 134 519 231 167 127 1094 1043 978 597 102 180 1332 319 348 112 1899 730 445 354 278 215
internal_count=8272 3117 3061 1729 1625 1409 1340 204 1136 294 842 230 177 118 612 216 232 144 5155 5082 3160 623 566 475 2537 2486 2255 356 139 217 111 1922 1811 1756 232 1524 374 244 110 130 1150 134 519 231 167 127 1094 1043 978 597 102 180 1332 319 348 112 1899 730 445 354 278 215
is_linear=0
shrinkage=0.03


Tree=136
num_leaves=63
num_cat=0
split_feature=111 71 8 197 33 19 237 273 172 14 192 279 131 14 111 8 85 37 114 66 32 188 206 35 115 251 33 216 63 96 188 133 156 173 151 270 76 257 18 148 33 154 256 111 267 213 178 29 18 48 1 150 8 175 161 34 111 187 256 15 218 205
split_gain=159.494 207.884 196.643 279.73 540.361 165.339 176.6 404.735 288.368 339.677 250.365 225.552 224.198 246.888 246.928 163.91 166.142 198.678 163.123 161.24 157.82 178.813 153.461 144.923 134.694 139.826 134.425 235.605 164.11 150.798 182.661 225.148 175.522 178.73 189.127 201.967 172.019 164.634 160.39 157.955 152.799 150.311 155.714 149.732 142.303 163.716 145.214 140.341 138.382 155.019 137.84 134.996 195.672 136.812 134.254 225.994 148.746 136.015 190.046 132.2 296.855 166.567
threshold=0.33227176964282995 5.5000000000000009 34.500000000000007 0.27149876952171331 0.23044372349977496 46.500000000000007 0.080540537834167494 0.58195385336875927 0.52704679965972911 66.500000000000014 0.22111111134290698 234.50000000000003 0.36596255004405981 63.500000000000007 0.35149985551834112 86.500000000000014 14.500000000000002 0.10229915380477907 1.0963225960731509 0.10470653325319292 22.500000000000004 2.5000000000000004 7.5000000000000009 0.36992406845092779 0.24264069646596911 0.29467788338661199 0.24684341251850131 0.052289815619587905 0.26256312429904943 0.090593434870243086 1.0000000180025095e-35 0.31440092623233801 0.096407055854797377 0.47493734955787664 0.27164721488952642 3.5000000000000004 9.5000000000000018 0.24283374845981601 35.500000000000007 38.500000000000007 0.26673898100852972 0.79842591285705578 0.2981481552124024 0.24336075037717822 17.500000000000004 0.28669276833534246 25.500000000000004 117.50000000000001 29.500000000000004 0.99387440085411083 27.500000000000004 5.5000000000000009 64.500000000000014 0.21132376790046695 1.5000000000000002 0.31171460449695593 0.28619047999382025 4.5000000000000009 0.10487038642168046 66.500000000000014 18.500000000000004 13.500000000000002
decision_type=2 2 2 2 2 2 2 2 2 2 2 2 2 2 2 2 2 2 2 2 2 2 2 2 2 2 2 2 2 2 2 2 2 2 2 2 2 2 2 2 2 2 2 2 2 2 2 2 2 2 2 2 2 2 2 2 2 2 2 2 2 2
left_child=2 5 3 23 -5 6 7 24 10 -10 -8 12 13 14 -12 26 -17 -18 -16 -19 -21 -22 -15 -1 25 -2 41 28 -28 32 37 50 33 34 36 -36 43 -31 -35 44 -41 42 47 -29 45 -33 -46 48 49 -4 -32 -43 53 -53 56 -56 57 58 -30 -50 61 -61
right_child=1 -3 15 4 -6 -7 8 -9 9 -11 11 -13 -14 22 18 16 17 19 -20 20 21 -23 -24 -25 -26 -27 27 29 54 30 31 39 -34 38 35 -37 -38 -39 -40 40 -42 51 -44 -45 46 -47 -48 -49 59 -51 -52 52 -54 -55 55 -57 -58 -59 -60 60 -62 -63
leaf_value=0.018467435413647603 -0.0009672565687749836 0.045137528405809743 0.036272954817119937 0.0042818400922876136 0.12880605244574153 -0.04047395143996585 0.055306571674617853 0.10357557192858723 0.0090773578360676763 -0.072363044969983151 0.0036955067177337625 0.062438478111377295 0.044944526323754536 -0.016174726021030674 -0.099621205318529721 0.01527287303337029 -0.074477406294085072 -0.064716373650651235 -0.026067505127065023 0.0014921038165865909 -0.010009115522282314 -0.071239873109119278 0.031414915391172353 -0.041774903610348697 -0.031042820263940556 0.062359683817083185 0.023708563993747631 0.08555036140749088 -0.017029748163505935 -0.064756168370050451 0.017690264453229153 0.04821371797030255 -0.0015932783557685048 0.031184623300228725 0.038002206098945703 0.11153338604173141 -0.0064594449025753417 0.006504449435281303 -0.018997619533825904 -0.0091412151482750167 0.05200300790607295 0.0021996730368433366 0.027658800874301726 0.0148348441032757 -0.065019254435531124 -0.004273974072978623 -0.00079772844429939018 -0.029979105299925837 -0.002674592769177865 -0.022592429473826829 0.07741022077522107 -0.04870650864782787 -0.076526698091855416 0.01189602801343426 0.011640338564620297 -0.06529685883058442 0.020266515880278547 0.0023998833703769156 -0.085552571832257146 -0.026738141037523745 -0.082076262643649464 0.038506687733362306
leaf_weight=91 73 133 151 77 52 65 98 53 93 90 80 52 75 114 58 125 59 56 52 314 112 69 129 58 51 54 103 51 130 65 94 58 261 120 84 57 95 52 108 60 93 110 140 57 65 571 61 183 2212 54 55 62 77 71 50 107 117 147 50 104 62 52
leaf_count=91 73 133 151 77 52 65 98 53 93 90 80 52 75 114 58 125 59 56 52 314 112 69 129 58 51 54 103 51 130 65 94 58 261 120 84 57 95 52 108 60 93 110 140 57 65 571 61 183 2212 54 55 62 77 71 50 107 117 147 50 104 62 52
internal_value=1.58975e-05 0.00979289 -0.00175857 0.0229211 0.0550823 0.00562244 0.00845258 0.0316253 0.00205767 -0.0311509 0.0113267 0.00354541 -0.00259384 -0.0109126 -0.0364392 -0.00278219 -0.0161425 -0.0225946 -0.0653985 -0.0169142 -0.0113867 -0.0336144 0.00911412 -0.00510477 0.0097429 0.026236 -0.00114012 0.00380135 -0.0111208 0.00903856 0.00210741 0.00605424 0.0187928 0.0280814 0.0417045 0.0683037 0.022985 -0.0332981 0.00743493 0.000428861 0.0281212 -0.00522678 -0.00310973 0.0487068 -0.00521274 0.000634756 -0.034179 -0.0046476 -0.00287763 0.0207326 0.0401036 -0.0247256 -0.0387729 -0.0165074 -0.0171194 -0.040876 -0.00864595 -0.019021 -0.0364314 -0.00487714 -0.0271117 -0.00488312
internal_weight=8272 1270 7002 278 129 1137 1072 231 841 183 658 560 508 433 190 6724 735 610 110 551 495 181 243 149 178 127 5989 2711 704 2007 1174 1057 833 572 344 141 203 117 228 908 153 3278 2958 108 755 629 126 2818 2635 205 149 320 210 133 601 157 444 327 180 2430 218 156
internal_count=8272 1270 7002 278 129 1137 1072 231 841 183 658 560 508 433 190 6724 735 610 110 551 495 181 243 149 178 127 5989 2711 704 2007 1174 1057 833 572 344 141 203 117 228 908 153 3278 2958 108 755 629 126 2818 2635 205 149 320 210 133 601 157 444 327 180 2430 218 156
is_linear=0
shrinkage=0.03


Tree=137
num_leaves=63
num_cat=0
split_feature=8 79 62 62 12 177 134 131 43 112 68 131 133 8 12 250 12 66 19 116 157 196 150 211 181 218 8 151 260 250 112 139 9 5 58 33 68 94 35 51 167 157 85 257 60 238 85 8 107 265 265 204 257 113 110 169 143 174 134 233 133 192
split_gain=153.687 349.111 218.185 267.596 196.844 177.237 372.062 258.144 251.127 191.808 158.678 152.485 242.814 187.992 262.405 165.426 143.255 145.144 135.894 128.421 127.851 137.703 148.021 140.617 137.53 123.71 119.141 118.303 115.802 122.665 120.416 542.04 181.211 222.079 224.218 120.004 121.931 133.057 111.198 108.999 106.299 105.64 220.227 192.81 124.303 200.366 202.063 171.325 144.231 140.522 136.06 135.01 169.297 133.011 229.026 137.916 151.352 132.401 190.947 131.888 135.546 130.044
threshold=45.500000000000007 20.500000000000004 0.329607903957367 0.30805176496505743 65.500000000000014 0.17519181966781619 0.69342997670173656 0.30791592597961431 0.66025641560554515 0.38377965986728674 0.29051011800765997 0.33678840100765234 0.68349590897560131 66.500000000000014 60.500000000000007 1.0000000180025095e-35 50.500000000000007 0.077296491712331786 28.500000000000004 0.10923295468091966 0.40946348011493688 0.045983087271451957 3.5000000000000004 0.25439137220382696 1.0000000180025095e-35 67.500000000000014 66.500000000000014 0.25194302201271063 37.500000000000007 5.5000000000000009 0.2401923015713692 12.500000000000002 74.500000000000014 57.500000000000007 5.5000000000000009 0.32851929962635046 0.10045871511101724 0.64969864487648021 0.40872192382812506 10.500000000000002 4.5000000000000009 0.15564253181219104 34.500000000000007 0.18469785153865817 76.500000000000014 50.500000000000007 60.500000000000007 83.500000000000014 30.500000000000004 39.500000000000007 43.500000000000007 1.0000000180025095e-35 0.21370023488998416 0.62542515993118297 11.500000000000002 14.500000000000002 7.5000000000000009 1.3061868548393252 0.73751363158226024 0.42020373046398168 0.21834935992956164 0.23904761672019961
decision_type=2 2 2 2 2 2 2 2 2 2 2 2 2 2 2 2 2 2 2 2 2 2 2 2 2 2 2 2 2 2 2 2 2 2 2 2 2 2 2 2 2 2 2 2 2 2 2 2 2 2 2 2 2 2 2 2 2 2 2 2 2 2
left_child=1 2 3 5 -4 6 -1 9 -8 16 -9 25 13 14 -13 38 -7 -18 -11 -17 21 23 -23 24 -19 28 -14 -16 29 30 31 32 33 34 -2 36 37 -32 -15 -36 -35 42 -38 -44 47 46 48 57 49 53 -51 -49 -53 55 -55 56 -46 59 -59 -43 -61 -62
right_child=11 -3 4 -5 -6 7 8 10 -10 18 -12 12 26 15 27 19 17 20 -20 -21 -22 22 -24 -25 -26 -27 -28 -29 -30 -31 35 -33 -34 40 39 -37 41 -39 -40 -41 -42 44 43 -45 45 -47 -48 51 -50 50 -52 52 -54 54 -56 -57 -58 58 -60 60 61 -63
leaf_value=0.0027587519110446527 0.028314270199491426 0.08580130305360345 -0.074594554907896307 0.058218657658831705 0.0024829906496134672 -0.042983127208856435 0.022105149484294304 -0.077421455012034554 0.11554544295743106 0.078115226293311399 -0.0064622094588620317 0.10010276691344651 -0.053315245147611275 -0.046801494031639426 -0.0031043671914621402 0.0018051954528482833 -0.024536844172891769 -0.017215465627037563 0.0083282083426328268 0.04900407347259008 -0.030877532561199135 0.073307138484799195 0.018251952519630785 -0.046695211048309621 0.047281903010877695 -0.048315192229368469 -0.0022850572247989473 0.052865140862282244 0.035814841728219214 -0.041179768401984271 -0.010367183607182841 -0.082050911826180642 -0.044446118631413283 0.0099012805521488199 -0.070339798392618405 -0.039726321330747091 -0.0028861363832526498 0.043289227999142699 0.0037560089648916166 -0.010917782666427747 0.069136413214117523 0.0009599179400355852 -0.081756673517326503 -0.007018022021677877 0.055400199592113494 0.06146363289710486 -0.038836965245906921 -0.01075565995842767 -0.018397943835803551 0.064085036353909816 0.0033243409712468423 -0.017389921314757445 -0.091896238533986943 -0.002938620430039297 0.062620744670250292 -0.00027966926893038894 -0.0055748446553843672 -0.0053241509445882459 0.066890375511399633 -0.051630030352403135 0.018595105584503877 -0.018541058299676328
leaf_weight=223 77 50 54 93 65 64 50 58 54 50 55 54 60 58 75 100 130 64 50 107 58 53 243 51 54 54 127 61 67 76 66 93 70 50 50 73 327 110 116 62 60 1122 71 55 86 52 101 162 227 72 61 57 53 100 91 1666 63 76 57 84 107 397
leaf_count=223 77 50 54 93 65 64 50 58 54 50 55 54 60 58 75 100 130 64 50 107 58 53 243 51 54 54 127 61 67 76 66 93 70 50 50 73 327 110 116 62 60 1122 71 55 86 52 101 162 227 72 61 57 53 100 91 1666 63 76 57 84 107 397
internal_value=1.56622e-05 0.00863434 0.00595124 0.00939093 -0.0328235 0.00573497 0.0246961 -0.000951373 0.0712606 0.00494379 -0.0432434 -0.00192399 0.0107452 0.020455 0.0447506 0.00825374 -0.000507791 0.00371454 0.0436497 0.026321 0.0107703 0.0160202 0.0283234 -0.00556854 0.0124496 -0.00352738 -0.0188549 0.0222022 -0.00311223 -0.00356226 -0.00306215 -0.0177383 -0.00135142 0.00885217 -0.010877 -0.00178838 -0.00125472 0.0232232 -0.0132676 -0.0378332 0.0425431 -0.00210601 -0.0159166 -0.0494448 -0.000752799 0.00374878 0.00250784 -0.00611349 0.00428843 0.00670348 0.0364501 -0.0282937 -0.0537929 0.00471406 0.0284599 0.00220089 0.0297535 -0.00282644 0.0258932 -0.00507401 -0.0165698 -0.0106358
internal_weight=8272 1519 1469 1350 119 1257 327 930 104 817 113 6753 758 571 190 381 717 653 100 207 523 465 296 169 118 5995 187 136 5941 5874 5798 462 369 299 189 5336 5263 176 174 112 110 5087 453 126 4634 2519 2467 2115 2366 2139 133 272 110 2006 191 1815 149 1843 133 1710 588 504
internal_count=8272 1519 1469 1350 119 1257 327 930 104 817 113 6753 758 571 190 381 717 653 100 207 523 465 296 169 118 5995 187 136 5941 5874 5798 462 369 299 189 5336 5263 176 174 112 110 5087 453 126 4634 2519 2467 2115 2366 2139 133 272 110 2006 191 1815 149 1843 133 1710 588 504
is_linear=0
shrinkage=0.03


Tree=138
num_leaves=63
num_cat=0
split_feature=111 71 19 236 275 225 144 19 63 228 13 141 37 64 240 63 255 27 257 240 14 229 147 4 176 173 87 173 54 235 114 255 152 108 13 164 278 46 75 195 112 151 18 10 256 14 78 78 240 259 238 49 107 264 246 156 265 214 207 256 63 217
split_gain=144.431 194.476 156.052 179.955 254.995 252.972 201.481 189.536 201.126 186.441 175.265 230.766 341.199 183.665 130.365 118.874 165.172 157.991 111.233 190.093 217.094 179.382 152.674 189.754 168.649 144.629 243.799 150.159 165.174 162.687 145.206 142.174 141.021 203.832 225.525 246.537 333.442 283.669 216.729 249.325 132.3 131.805 129.56 173.893 128.308 118.586 136.425 238.614 231.553 161.888 134.136 147.702 154.383 134 164.053 227.135 158.651 218.812 124.196 142.9 168.363 124.918
threshold=0.33227176964282995 5.5000000000000009 46.500000000000007 0.3514705896377564 0.26111659407615667 14.500000000000002 1.0000000180025095e-35 41.500000000000007 0.42162768542766577 3.5000000000000004 65.500000000000014 6.5000000000000009 0.15598165243864062 0.36703054606914526 7.5000000000000009 0.36398872733116155 0.15184453129768374 45.500000000000007 0.27681992948055273 9.5000000000000018 64.500000000000014 49.500000000000007 85.500000000000014 64.500000000000014 0.12973351776599887 0.84292763471603405 9.5000000000000018 0.57793521881103527 5.5000000000000009 0.41801074147224432 0.82055550813674938 0.22653958946466449 0.28550420701503759 4.5000000000000009 66.500000000000014 1.0000000180025095e-35 72.500000000000014 61.500000000000007 48.500000000000007 0.18834459781646731 0.43641386926174169 0.23883618414402011 24.500000000000004 18.500000000000004 0.2981481552124024 67.500000000000014 153.50000000000003 108.50000000000001 8.5000000000000018 10.500000000000002 18.500000000000004 74.500000000000014 11.500000000000002 1.5000000000000002 1.5000000000000002 0.083472687751054778 26.500000000000004 0.77502688765525829 21.500000000000004 0.094044812023639693 0.34630528092384344 0.1768428906798363
decision_type=2 2 2 2 2 2 2 2 2 2 2 2 2 2 2 2 2 2 2 2 2 2 2 2 2 2 2 2 2 2 2 2 2 2 2 2 2 2 2 2 2 2 2 2 2 2 2 2 2 2 2 2 2 2 2 2 2 2 2 2 2 2
left_child=18 2 3 4 7 6 -6 8 9 10 11 12 13 -2 -3 16 17 -12 21 22 -21 25 32 24 -24 27 -27 29 31 42 -30 -29 -20 34 35 36 -34 -38 39 -36 44 -33 43 -1 -35 53 47 48 50 -49 -47 52 -52 56 -55 -56 58 -58 59 -44 61 -61
right_child=1 14 -4 -5 5 -7 -8 -9 -10 -11 15 -13 -14 -15 -16 -17 -18 -19 19 20 -22 -23 23 -25 -26 26 -28 28 30 -31 -32 41 33 40 38 -37 37 -39 -40 -41 -42 -43 45 -45 -46 46 -48 49 -50 -51 51 -53 -54 54 55 -57 57 -59 -60 60 -62 -63
leaf_value=0.068085657353786869 -0.012363957715056398 0.020028645444129196 -0.039496761204844168 -0.034692457196552576 0.014008213544510446 -0.010844319638658742 0.087506655213067816 0.053597033953382854 -0.045839036599367479 0.049679029546174647 -0.063221566538725585 0.053388152905937389 -0.063033477411252162 0.068341183530933713 0.081319269377957373 -0.045040184505283833 0.028891219168682307 0.0013660564311695367 -0.0085542822083598882 0.073416108479723338 0.0044537131765079634 -0.05489546812361195 -0.029697418333414723 -0.045733427902344949 0.047474055347197196 0.01214446662309078 -0.064284461067368584 0.01413598816080636 0.073401912361627727 -0.058536248580853947 0.013775670694677453 0.011140549913747235 0.010863451459445058 -0.00018642447912134229 0.039150836059299414 -0.0094643861784691544 0.043371110503356174 0.12927291436594465 -0.030784390656691456 -0.035078267806933981 -0.036356094378445829 -0.039256050983954842 -0.0052139545873430403 -0.0053570557285360443 0.042631690772250291 0.0065595308079300866 0.043362756751122923 -0.064747666642069809 0.045530198682368232 -0.0067549992690456428 -0.014150621164193813 -0.0024494114793230624 -0.077051357952387711 -0.021742506274996801 -0.0085282703235068109 0.069783904368386537 0.0039332737580493639 -0.056538066099193401 0.029273630670984003 -0.083781788778655664 0.0032306655744711557 -0.030752181548440369
leaf_weight=50 50 83 65 81 52 60 96 62 78 73 55 98 57 50 50 89 84 87 635 71 96 62 50 131 50 64 89 322 60 50 94 79 95 854 166 70 76 65 107 53 83 112 769 67 67 803 62 83 103 90 93 343 56 85 65 67 80 163 67 50 107 198
leaf_count=50 50 83 65 81 52 60 96 62 78 73 55 98 57 50 50 89 84 87 635 71 96 62 50 131 50 64 89 322 60 50 94 79 95 854 166 70 76 65 107 53 83 112 769 67 67 803 62 83 103 90 93 343 56 85 65 67 80 163 67 50 107 198
internal_value=1.56008e-05 0.00931947 0.0052859 0.00803554 0.0115594 0.0410004 0.0619502 0.00369623 -0.000663116 0.00487968 -0.000934735 0.0175169 -0.00507027 0.0282657 0.0435051 -0.0158799 -0.00424864 -0.0239174 -0.00167299 0.00314406 0.0340355 -0.0046402 0.00106939 -0.0221129 0.00897632 -0.00389799 -0.0324429 -0.00282981 0.0101908 -0.00534862 0.0373304 0.00198684 0.00343613 0.00809249 0.0214246 0.0398779 0.0544915 0.0836027 0.0040344 0.0211089 -0.000312786 -0.0184619 -0.0045497 0.0263397 0.00297133 -0.00565789 7.50703e-05 -0.00165979 0.00246199 -0.0347903 -0.000996004 -0.0133158 -0.0381472 -0.011325 0.0106082 0.0314469 -0.0146491 -0.0366953 -0.010124 -0.0124963 -0.0282125 -0.0417372
internal_weight=8272 1270 1137 1072 991 208 148 783 721 643 570 255 157 100 133 315 226 142 7002 2669 167 4333 2502 231 100 4271 153 4118 667 3451 154 513 2271 1636 632 306 236 141 326 219 1004 191 3401 117 921 3284 1633 1571 1398 173 1295 492 149 1651 217 132 1434 243 1191 1124 355 248
internal_count=8272 1270 1137 1072 991 208 148 783 721 643 570 255 157 100 133 315 226 142 7002 2669 167 4333 2502 231 100 4271 153 4118 667 3451 154 513 2271 1636 632 306 236 141 326 219 1004 191 3401 117 921 3284 1633 1571 1398 173 1295 492 149 1651 217 132 1434 243 1191 1124 355 248
is_linear=0
shrinkage=0.03


Tree=139
num_leaves=63
num_cat=0
split_feature=111 71 152 175 140 135 4 63 6 11 228 2 43 2 27 179 231 245 131 34 192 90 95 215 256 152 108 9 152 111 176 231 236 108 249 187 28 109 216 256 204 32 260 36 257 152 109 13 48 165 85 76 227 106 2 192 11 152 56 47 136 173
split_gain=135.982 183.196 154.85 274.978 300.303 281.284 270.06 195.221 230.312 270.587 184.162 185.036 184.16 158.595 146.611 133.372 127.579 111.454 108.476 106.563 98.7231 180.23 251.817 249.477 169.744 194.174 274.513 203.905 203.77 186.975 171.284 169.319 244.845 222.327 227.758 224.916 192.39 287.837 242.875 162.32 193.028 170.972 158.282 177.62 157.134 177.178 172.628 167.11 171.082 163.805 177.197 169.066 151.911 194.551 159.865 156.132 151.268 150.043 149.784 148.772 146.26 143.205
threshold=0.33227176964282995 5.5000000000000009 0.32059945166110998 0.52086955308914196 33.500000000000007 0.2145502641797066 67.500000000000014 0.28426213562488561 51.500000000000007 69.500000000000014 3.5000000000000004 68.500000000000014 0.85334530472755443 81.500000000000014 35.500000000000007 1.5000000000000002 0.37089946866035467 9.5000000000000018 0.42940199375152593 0.28663457930088049 0.44151847064495092 2.5000000000000004 0.11489917337894441 0.073350071907043471 0.10102041065692903 0.2959305495023728 1.5000000000000002 87.500000000000014 0.37935706973075872 0.27426491677761083 0.23431372642517093 0.40370370447635656 0.077935222536325469 4.5000000000000009 26.500000000000004 7.5000000000000009 15.500000000000002 42.500000000000007 0.071858864277601256 0.22401433438062671 2.5000000000000004 15.500000000000002 11.500000000000002 0.8814179301261903 0.25611211359500891 0.23691816627979281 98.500000000000014 73.500000000000014 0.96420565247535717 1.5000000000000002 23.500000000000004 1.0000000180025095e-35 8.5000000000000018 23.500000000000004 72.500000000000014 0.13840996474027636 69.500000000000014 0.32205592095851904 17.500000000000004 12.500000000000002 0.13363095372915271 0.25403225421905523
decision_type=2 2 2 2 2 2 2 2 2 2 2 2 2 2 2 2 2 2 2 2 2 2 2 2 2 2 2 2 2 2 2 2 2 2 2 2 2 2 2 2 2 2 2 2 2 2 2 2 2 2 2 2 2 2 2 2 2 2 2 2 2 2
left_child=18 2 7 4 10 6 13 19 -9 -10 11 12 14 15 -4 -6 -17 -3 20 -2 24 -22 23 -23 25 26 -1 30 31 -30 52 33 -33 34 36 -36 -27 38 -38 40 44 -41 -24 -44 49 -46 47 48 -47 -26 59 -52 53 54 55 -28 -56 -39 -57 -51 -43 -35
right_child=1 17 3 -5 5 -7 -8 8 9 -11 -12 -13 -14 -15 -16 16 -18 -19 -20 -21 21 22 42 -25 39 28 27 -29 29 -31 -32 32 -34 61 35 -37 37 57 -40 41 -42 60 43 -45 45 46 -48 -49 -50 50 51 -53 -54 -55 56 58 -58 -59 -60 -61 -62 -63
leaf_value=0.010108716322882788 -0.039155643196969195 0.013374060396964734 -0.038466776432627338 0.055598907261429457 -0.010489062798608628 -0.032598379490402889 0.088182612452656031 0.087019833618354414 -0.019018192419453576 0.055881234471885005 0.019002254868100862 -0.0039286729283630846 -0.012111473089971696 -0.028293483365061028 -0.1035853015538305 0.011751885445050472 0.076218369681388135 0.068407496398048745 -0.045216101986520429 0.020332493372261524 0.025685136952187593 -0.0022247885987162585 -0.036595441524811784 0.074070784747052726 -0.077347558762105001 -0.0003470139605221602 -0.050472100881824286 -0.06348818165476236 -0.040066883015947845 0.0081029362391478472 0.028215292341872509 -0.06811381738403903 0.011993528432861158 -0.012868260975178299 0.028235867507755755 0.10495053417448486 0.019252694814931602 0.02953240930542609 0.09816409951213885 0.021988023576977867 0.028280313713373716 0.012734622346858184 -0.010717489894211165 0.051022645691957545 -0.060398868195121538 0.041724058429200128 -0.042781462282115636 0.023692555858352043 -0.016674890058314112 0.02521470128838877 -0.080587983765929447 -0.026589159438914552 -0.050753451460174147 0.012118613415569033 -0.019375320839462803 0.019947937823832033 -0.086622894855089866 -0.029617604240775107 -0.021427928746057052 -0.021012280342227314 -0.046454708289024947 0.0095473397949358395
leaf_weight=513 57 64 58 67 55 97 51 61 84 88 63 99 63 62 71 52 59 69 50 50 327 89 165 67 52 317 78 77 155 135 82 60 78 346 92 55 63 92 80 255 90 71 235 50 51 51 85 217 343 102 60 380 104 211 63 139 58 65 179 159 78 983
leaf_count=513 57 64 58 67 55 97 51 61 84 88 63 99 63 62 71 52 59 69 50 50 327 89 165 67 52 317 78 77 155 135 82 60 78 346 92 55 63 92 80 255 90 71 235 50 51 51 85 217 343 102 60 380 104 211 63 139 58 65 179 159 78 983
internal_value=1.56357e-05 0.00904327 0.00512844 -0.00210762 -0.00747279 0.0111855 0.0264699 0.022047 0.0374022 0.019404 -0.0272663 -0.037314 -0.0544187 0.0123409 -0.0748283 0.0275962 0.0463924 0.0422227 -0.00162283 -0.0114266 -0.00130284 0.00777226 -0.00191999 0.0308063 -0.00271062 0.000835758 -0.00769215 -0.0169078 0.00592444 -0.0176922 -0.0129186 0.00900084 -0.0230752 0.0111258 0.0240105 0.0574538 0.0159626 0.0331403 0.0637741 -0.009866 -0.0141789 0.007101 -0.0133082 0.000254641 -0.0167436 -0.00698059 -0.00298528 0.00261187 -0.00902914 -0.0264066 -0.0225231 -0.0341187 -0.0170016 -0.0121169 -0.0220123 -0.0127245 -0.0520555 0.00501109 -0.00333641 -0.00291928 -0.0183535 0.00370624
internal_weight=8272 1270 1137 797 730 376 279 340 233 172 354 291 192 228 129 166 111 133 7002 107 6952 933 606 156 6019 4025 1504 991 2521 290 914 2231 138 2093 764 147 617 300 143 1994 1590 404 450 285 1500 747 696 611 394 753 701 440 832 728 517 396 121 157 318 261 149 1329
internal_count=8272 1270 1137 797 730 376 279 340 233 172 354 291 192 228 129 166 111 133 7002 107 6952 933 606 156 6019 4025 1504 991 2521 290 914 2231 138 2093 764 147 617 300 143 1994 1590 404 450 285 1500 747 696 611 394 753 701 440 832 728 517 396 121 157 318 261 149 1329
is_linear=0
shrinkage=0.03


Tree=140
num_leaves=63
num_cat=0
split_feature=8 111 139 171 60 266 135 6 8 174 8 138 8 36 37 249 165 8 6 275 157 111 32 86 11 8 170 50 20 79 99 28 12 198 20 155 32 83 129 21 214 125 117 122 12 135 230 25 240 23 35 212 62 80 111 92 74 237 157 50 255 234
split_gain=149.645 207.535 407.056 452.171 265.237 429.684 311.4 315.084 285.361 185.336 191.165 184.795 354.173 230.144 241.567 177.077 167.543 162.962 153.239 145.92 163.826 143.601 188.765 195.779 162.335 151.13 141.807 221.702 172.626 201.101 250.47 236.645 155.971 153.486 147.951 139.725 136.865 135.491 135.475 119.892 168.925 163.265 135.319 120.307 110.868 105.49 97.7208 98.7093 176.786 146.458 192.944 174.939 143.393 138.917 132.461 117.282 128.47 106.345 108.245 101.928 171.96 154.396
threshold=72.500000000000014 0.27701576054096227 29.500000000000004 0.31339286267757421 89.500000000000014 8.5000000000000018 0.0372685194015503 45.500000000000007 60.500000000000007 1.2732057571411135 65.500000000000014 66.500000000000014 43.500000000000007 0.80565252900123607 0.20372539013624194 55.500000000000007 7.5000000000000009 50.500000000000007 38.500000000000007 0.064725596457719817 0.27982595562934881 0.29526825249195104 16.500000000000004 14.500000000000002 52.500000000000007 108.50000000000001 1.0000000180025095e-35 4.5000000000000009 102.50000000000001 6.5000000000000009 16.500000000000004 16.500000000000004 72.500000000000014 72.500000000000014 213.50000000000003 0.19241052865982058 11.500000000000002 5.5000000000000009 158.50000000000003 68.500000000000014 0.63100740313529979 35.500000000000007 0.28519292175769811 1.0000000180025095e-35 32.500000000000007 0.12531407177448275 12.500000000000002 4.5000000000000009 9.5000000000000018 13.500000000000002 0.4409624189138413 0.43920916318893438 0.30320054292678839 29.500000000000004 0.25940062105655676 0.32080516219139105 66.500000000000014 0.10172414034605028 0.17684544622898105 9.5000000000000018 0.15184453129768374 0.72755914926528942
decision_type=2 2 2 2 2 2 2 2 2 2 2 2 2 2 2 2 2 2 2 2 2 2 2 2 2 2 2 2 2 2 2 2 2 2 2 2 2 2 2 2 2 2 2 2 2 2 2 2 2 2 2 2 2 2 2 2 2 2 2 2 2 2
left_child=1 44 4 -4 6 8 7 -3 -6 10 -5 19 -13 17 -15 18 -9 -14 -2 -8 35 22 23 24 -20 38 -26 -28 -29 31 33 -30 -32 -31 -33 -21 45 39 -23 40 41 -24 43 -42 -1 -19 47 48 59 51 54 53 55 57 -51 56 -52 -49 -59 -46 61 -61
right_child=15 2 3 9 5 -7 11 16 -10 -11 -12 12 13 14 -16 -17 -18 36 21 20 -22 25 37 -25 26 -27 27 28 29 30 32 34 -34 -35 -36 -37 -38 -39 -40 -41 42 -43 -44 -45 46 -47 -48 49 -50 50 52 -53 -54 -55 -56 -57 -58 58 -60 60 -62 -63
leaf_value=0.04305060079285445 -0.054551283435689081 0.029016935110197099 0.12934280206175411 0.089350776543735327 -0.10805667604090737 0.023902728336552777 0.04586753758437493 -0.018100975355722339 -0.01214375644992545 -0.019795095600047198 0.0085956071089539274 0.083215675277193799 -0.044511905417722812 0.09941720324169312 0.017682560523971914 -0.057481461941938976 -0.088756724627954614 0.0083319874398875976 -0.052978575270622968 0.033649539589518447 -0.046223024761676786 0.0039772781215549344 -0.070571065396487484 0.047524736579507586 0.038937476517832172 -0.030430600490119007 -0.060857338691130275 0.036140572437920522 0.069251210815790623 -0.097165970378197158 -0.030984043149571667 -0.043548872132504461 0.029214989020477367 -0.023670071906076288 0.02670527902787382 -0.028871302770556145 -0.010025078160773722 -0.063548592452121827 0.051691073160951159 -0.048192349683454969 -0.022404223864220762 -0.0062424102386870938 0.048192231969853096 0.03076223969873455 -0.001483374742532396 0.063384418421025782 0.031791430401150136 0.018366632706089323 0.051010811541067513 -0.013826960552888947 0.055389353606204332 -0.065776621800548621 0.049076063432456817 -0.052121406637910581 0.025174990417840687 -0.006643705833346906 -0.0018577308317815715 -0.048319855438187148 -0.0083274119112946333 0.054458115488657206 -0.017045278962235899 -0.0079914792670923111
leaf_weight=51 53 70 50 52 60 89 50 67 52 52 53 96 50 55 79 57 55 63 59 81 74 1235 66 67 69 110 59 96 53 51 75 52 78 52 54 52 108 68 55 96 131 76 50 53 1288 62 79 125 68 530 76 52 101 66 91 195 65 64 986 121 79 50
leaf_count=51 53 70 50 52 60 89 50 67 52 52 53 96 50 55 79 57 55 63 59 81 74 1235 66 67 69 110 59 96 53 51 75 52 78 52 54 52 108 68 55 96 131 76 50 53 1288 62 79 125 68 530 76 52 101 66 91 195 65 64 986 121 79 50
internal_value=1.51048e-05 0.00291307 0.0130134 0.0516687 0.00609471 -0.0251675 0.012646 -0.0214562 -0.0640272 0.0262697 0.0490543 0.0211662 0.0315516 0.0194871 0.0517183 -0.00560178 -0.0504166 0.00409727 -0.00450913 0.000393801 -0.0107579 -0.00350883 -0.0106644 -0.00107167 -0.00579768 0.00316404 -0.00136541 -0.00630383 0.000101472 -0.00830212 -0.0247235 0.0181267 -0.000303917 -0.0606456 -0.00784392 0.00917226 0.0146741 -0.024227 0.00605005 -0.0184397 -0.0107356 -0.0364261 0.00494301 -0.00700647 -0.000474994 0.0359243 -0.00103552 -0.00169877 0.00403259 -0.00561399 0.00266284 -0.0123833 0.0179132 -0.0100949 -0.00808041 0.0084279 0.0291716 -0.00769196 -0.0108087 0.00192374 0.0194132 0.0362577
internal_weight=8272 5457 1370 207 1163 201 962 192 112 157 105 770 513 417 134 2815 122 283 2758 257 207 2705 1305 765 698 1400 639 570 511 415 256 159 153 103 106 133 233 540 1290 472 376 142 234 184 4087 125 4036 3957 1606 2351 1058 1293 437 1241 621 336 141 1175 1050 1538 250 171
internal_count=8272 5457 1370 207 1163 201 962 192 112 157 105 770 513 417 134 2815 122 283 2758 257 207 2705 1305 765 698 1400 639 570 511 415 256 159 153 103 106 133 233 540 1290 472 376 142 234 184 4087 125 4036 3957 1606 2351 1058 1293 437 1241 621 336 141 1175 1050 1538 250 171
is_linear=0
shrinkage=0.03


Tree=141
num_leaves=63
num_cat=0
split_feature=8 79 158 68 79 47 3 124 234 2 133 116 152 75 265 252 1 197 175 12 229 49 169 120 11 256 214 32 117 92 21 19 252 186 265 216 238 133 83 131 35 238 249 197 155 8 2 67 60 249 131 261 175 180 170 114 115 3 120 109 108 135
split_gain=145.699 211.685 161.262 394.416 161.126 137.977 162.46 257.119 276.388 239.201 281.654 252.419 240.593 264.502 220.853 198.164 195.859 212.339 184.257 172.829 275.055 170.633 170.456 170.228 168.763 156.654 151.632 142.06 149.73 140.605 138.783 134.97 132.247 129.303 129.086 144.47 139.143 120.113 175.072 170.811 146.523 136.913 153.695 198.958 143.683 135.275 113.554 109.492 109.302 179.859 197.208 163.949 186.672 221.26 180.377 173.488 205.238 168.937 152.481 320.231 146.038 170.737
threshold=57.500000000000007 24.500000000000004 11.500000000000002 0.10933997482061387 28.500000000000004 140.50000000000003 57.500000000000007 1.5000000000000002 0.82875940203666698 56.500000000000007 0.30040651559829717 0.10150588676333429 0.32581728696823126 59.500000000000007 41.500000000000007 0.24467120319604876 24.500000000000004 0.23861283808946612 0.2788888961076737 65.500000000000014 19.500000000000004 97.500000000000014 12.500000000000002 11.500000000000002 71.500000000000014 0.068573668599128737 0.74336451292037975 11.500000000000002 0.32013072073459631 0.30705207586288458 40.500000000000007 28.500000000000004 0.15504807978868487 10.500000000000002 19.500000000000004 0.079772725701332106 15.500000000000002 0.68349590897560131 4.5000000000000009 0.33678840100765234 0.40872192382812506 50.500000000000007 39.500000000000007 0.22767145186662677 0.15318948030471805 69.500000000000014 52.500000000000007 0.10900089889764787 71.500000000000014 13.500000000000002 0.24846418201923373 3.5000000000000004 0.063508063554763808 5.5000000000000009 3.5000000000000004 0.72210130095481884 0.19931507110595706 61.500000000000007 12.500000000000002 29.500000000000004 9.5000000000000018 0.029857398010790352
decision_type=2 2 2 2 2 2 2 2 2 2 2 2 2 2 2 2 2 2 2 2 2 2 2 2 2 2 2 2 2 2 2 2 2 2 2 2 2 2 2 2 2 2 2 2 2 2 2 2 2 2 2 2 2 2 2 2 2 2 2 2 2 2
left_child=1 2 32 -4 33 6 14 9 -9 10 31 -12 15 -14 16 -11 18 21 23 27 24 22 -18 29 46 -24 -27 28 -19 -5 -7 -8 -1 37 36 -36 -34 39 -39 41 -41 42 48 -44 -43 -42 -21 -13 49 50 -2 52 54 55 -51 -54 -57 -53 59 -52 61 -50
right_child=4 -3 3 5 -6 30 7 8 -10 12 11 47 13 -15 -16 -17 17 19 -20 20 -22 -23 25 -25 -26 26 -28 -29 -30 -31 -32 -33 34 -35 35 -37 -38 38 -40 40 45 44 43 -45 -46 -47 -48 -49 60 51 58 57 53 -55 -56 56 -58 -59 -60 -61 -62 -63
leaf_value=0.0077902388347228331 0.01076532963733594 0.062419248254675611 0.085595624272165619 0.024756119677796961 -0.04703077870496624 -0.046209089880918749 0.028560955861869915 0.11161356254990371 0.013482198058627545 0.068327355805565329 0.093482564973777965 -0.0087507281759205986 -0.064466325073166089 0.01634146935492754 -0.05913224428837352 -0.0045475035183357472 0.0061117634739583501 0.08861405967097534 0.076103451804568373 -0.070286333359666719 0.04276621791859006 0.021964820536659723 -0.078474467115269758 0.062859851682339513 0.007070302002923151 0.0075235719094052904 -0.061956404649159483 0.00059863824862986797 0.017065538956838492 -0.028065259284928933 0.0025708157063016423 -0.026729395930931248 -0.023433981302182844 0.045089469481916986 -0.012684923530382624 -0.082165905871045053 0.011290984177750983 -0.043519344883970919 0.016562532671544301 -0.011276892490212374 0.057838658996095707 -0.00099033895114513304 -0.082315110079944132 -0.00080803637196751011 0.063395101663063863 0.014402528531973812 -0.013440077097545708 0.05357362428132225 -0.027659926897631242 0.0059418872396183727 -0.0028336289588361979 -0.032187506045927017 -0.11193352363346254 -0.0079099945398537728 -0.043648102412940842 -0.0051391999471572134 -0.07889687139686051 0.038799272931206066 -0.0025881572502656175 -0.097482932586418949 -0.0094918272577118705 0.0081641021520389538
leaf_weight=338 516 56 57 99 73 84 77 52 51 50 83 50 93 59 50 98 77 56 53 66 85 66 80 50 112 63 50 71 50 82 137 80 243 50 58 50 180 143 62 133 87 72 51 56 54 246 61 50 129 190 74 50 50 94 100 61 76 73 205 56 935 1519
leaf_count=338 516 56 57 99 73 84 77 52 51 50 83 50 93 59 50 98 77 56 53 66 85 66 80 50 112 63 50 71 50 82 137 80 243 50 58 50 180 143 62 133 87 72 51 56 54 246 61 50 129 190 74 50 50 94 100 61 76 73 205 56 935 1519
internal_value=1.49416e-05 0.00513423 0.00406617 0.00840074 -0.00308086 0.00630069 0.00889362 0.0198561 0.0636211 0.0127244 0.0299155 0.0551006 -0.00679354 -0.0331983 0.00192693 0.0203657 0.00470063 -0.00261041 0.0261812 0.0097586 -0.00327886 -0.0210277 -0.0315793 0.0144485 -0.0197647 -0.0465706 -0.0234936 0.0335081 0.0553397 0.000803272 -0.0160946 0.000396668 -0.0068646 -0.00244042 -0.01619 -0.0453107 -0.00866562 -0.00292156 -0.025356 -0.00196372 0.0152808 -0.00380948 -0.00472885 -0.0400597 0.0268853 0.0258899 -0.0433005 0.0226333 -0.00380358 -0.0101127 -0.000864477 -0.0214356 -0.0281946 -0.0455807 -0.0112493 -0.0643739 -0.0463311 0.009916 -0.0187566 -0.0440385 -2.73628e-05 0.00534484
internal_weight=8272 3117 3061 2192 5155 2135 1914 743 103 640 340 183 300 152 1171 148 1121 837 284 501 324 336 270 231 239 193 113 177 106 181 221 157 869 5082 531 108 423 5032 205 4827 466 4361 4235 107 126 333 127 100 4128 1545 851 694 571 281 290 187 137 123 335 130 2583 1648
internal_count=8272 3117 3061 2192 5155 2135 1914 743 103 640 340 183 300 152 1171 148 1121 837 284 501 324 336 270 231 239 193 113 177 106 181 221 157 869 5082 531 108 423 5032 205 4827 466 4361 4235 107 126 333 127 100 4128 1545 851 694 571 281 290 187 137 123 335 130 2583 1648
is_linear=0
shrinkage=0.03


Tree=142
num_leaves=63
num_cat=0
split_feature=8 240 201 274 33 111 173 111 258 111 111 245 227 175 8 216 151 2 246 221 80 216 208 165 74 254 144 214 96 45 111 240 112 274 129 43 213 34 8 257 8 29 62 231 4 138 236 155 97 35 108 59 238 186 92 264 3 258 49 131 131 67
split_gain=138.021 314.216 194.706 237.239 197.302 408.7 357.961 194.18 172.312 180.326 158.821 157.069 143.55 250.678 128.895 144.018 219.145 176.932 161.926 179.195 148.65 151.925 173.563 350.458 325.663 175.084 179.142 154.555 150.917 144.744 171.413 167.118 218.315 140.89 140.35 131.385 129.651 146.599 116.695 116.709 115.643 209.829 245.702 251.073 235.836 224.191 115.133 114.343 112.755 109.393 108.534 155.711 124.199 118.101 177.351 224.917 106.165 204.828 107.85 102.016 138.218 101.566
threshold=45.500000000000007 11.500000000000002 1.0000000180025095e-35 1.0126824975013735 0.27529226243495947 0.28992752730846411 0.47722567617893225 0.24336075037717822 70.500000000000014 0.24257134646177295 0.26483158767223364 24.500000000000004 11.500000000000002 0.092329546809196486 94.500000000000014 0.033150184899568565 0.24407105147838595 58.500000000000007 8.5000000000000018 3.5000000000000004 36.500000000000007 0.12422839552164079 10.500000000000002 13.500000000000002 40.500000000000007 0.64577379822731029 2.5000000000000004 0.73922747373580944 0.020620748400688175 110.50000000000001 0.36749699711799627 2.5000000000000004 0.46697819232940679 0.87934815883636486 36.500000000000007 0.85334530472755443 0.36873432993888861 0.35411804914474493 56.500000000000007 0.096006143838167204 77.500000000000014 23.500000000000004 0.18655367195606234 0.15047170221805575 64.500000000000014 171.50000000000003 0.42481203377246862 0.19368479400873187 0.24666429311037066 0.39931720495224005 9.5000000000000018 7.5000000000000009 22.500000000000004 1.5000000000000002 0.40056496858596807 1.0000000180025095e-35 58.500000000000007 41.500000000000007 40.500000000000007 0.26692113280296331 0.14400921761989596 0.093121796846389784
decision_type=2 2 2 2 2 2 2 2 2 2 2 2 2 2 2 2 2 2 2 2 2 2 2 2 2 2 2 2 2 2 2 2 2 2 2 2 2 2 2 2 2 2 2 2 2 2 2 2 2 2 2 2 2 2 2 2 2 2 2 2 2 2
left_child=1 2 7 4 5 8 -6 59 9 56 11 12 40 -14 15 16 -12 -18 19 20 21 28 24 33 36 -26 27 -27 -17 31 38 -30 34 -24 48 -19 -23 -38 -31 -40 46 44 -43 -44 -42 -45 61 -29 -33 -48 51 52 -16 -52 55 -55 58 -58 -4 60 -1 -2
right_child=10 -3 3 -5 6 -7 -8 -9 -10 -11 14 -13 13 -15 50 18 17 35 -20 -21 -22 22 23 -25 25 26 -28 47 29 30 -32 32 -34 -35 -36 -37 37 -39 39 -41 41 42 43 45 -46 -47 49 -49 -50 -51 53 -53 -54 54 -56 -57 57 -59 -60 -61 -62 -63
leaf_value=0.012515876659502585 -0.0082001827559448626 0.079947347475110356 0.03200525163762169 0.061692327202297746 0.014757356983919938 0.07089624031700871 -0.079002649347868659 -0.059005152681732877 -0.020058672519028185 0.051703971898085191 0.020387402075494443 -0.046343688064030018 0.075691156029128112 -0.01809556341237005 -0.036444480490714019 -0.020874421306885778 -0.06094829154180606 0.011554474646125476 0.048586463427969392 -0.041810077507706253 -0.034901372335152704 0.057782664064317937 0.021139390082521869 0.084042193513167524 0.0011838593088621505 -0.1052826142486404 -0.0066659348839893931 -0.0078327494421425985 -0.024829042623357351 0.054350751648215873 0.060904514024720378 0.0030727738605581976 0.069895102310714857 -0.037630851297151477 0.02578808248389599 -0.040881659935694183 -0.034019572231918573 0.034541036870147361 0.039639903361236808 0.010692179469468899 -0.021939186970279977 -0.091705491193316196 0.016802306854233302 -0.010419465122123559 0.05520975201996043 -0.079097796958613104 -0.0042716449757034961 -0.07125306689408871 -0.052614891219597594 -0.066497700332718734 0.0099689765737275594 0.031220010972636585 0.018114088067784903 -0.022710793267983892 0.0071758088065115239 -0.10276125884767283 -0.0046977256912560687 0.075968136677088641 -0.0084406064079680741 0.032914872102696315 -0.032290978871116587 0.0039529405584784877
leaf_weight=116 1421 52 72 79 89 98 61 67 174 94 128 86 51 50 100 104 91 106 83 67 71 59 87 56 120 50 79 50 141 75 94 88 52 62 128 71 51 60 150 747 87 54 96 89 59 82 51 52 51 50 63 101 59 76 56 54 62 51 316 57 131 1095
leaf_count=116 1421 52 72 79 89 98 61 67 174 94 128 86 51 50 100 104 91 106 83 67 71 59 87 56 120 50 79 50 141 75 94 88 52 62 128 71 51 60 150 747 87 54 96 89 59 82 51 52 51 50 63 101 59 76 56 54 62 51 316 57 131 1095
internal_value=1.44405e-05 0.00818203 0.00558548 0.0119424 0.00802105 0.0135201 -0.0236424 -0.0131756 0.00612559 0.0138036 -0.00182369 -0.00656953 -0.00548135 0.0295399 0.00263516 0.00502402 -0.0117995 -0.0271911 0.00761282 0.0062303 0.00757318 0.00886745 -0.00254532 0.0207763 -0.011744 -0.0282254 -0.0434421 -0.0623876 0.0139491 0.0163345 0.0223992 0.00226222 0.0142769 -0.00340318 0.0032245 -0.00959073 0.0222511 0.00301773 0.0186167 0.0155717 -0.00663749 -0.0203737 -0.0339033 -0.0219143 0.00940093 -0.0436213 -0.00417943 -0.0405426 -0.0175893 -0.0354266 -0.0113003 0.00226205 -0.0162128 -0.0254143 -0.0373881 -0.0564931 0.00660378 0.032056 -0.000872208 -0.00291472 -0.0112825 -0.0029115
internal_weight=8272 1519 1467 1096 1017 867 150 371 769 595 6753 3271 3185 101 3482 2973 396 268 2577 2494 2427 2356 726 205 521 351 231 152 1630 1526 1066 460 319 149 267 177 170 111 972 897 3084 467 321 267 146 171 2617 102 139 101 509 260 159 249 186 130 501 113 388 304 247 2516
internal_count=8272 1519 1467 1096 1017 867 150 371 769 595 6753 3271 3185 101 3482 2973 396 268 2577 2494 2427 2356 726 205 521 351 231 152 1630 1526 1066 460 319 149 267 177 170 111 972 897 3084 467 321 267 146 171 2617 102 139 101 509 260 159 249 186 130 501 113 388 304 247 2516
is_linear=0
shrinkage=0.03


Tree=143
num_leaves=63
num_cat=0
split_feature=8 111 100 8 173 261 89 269 225 14 199 221 133 114 196 230 40 23 191 272 250 217 177 194 45 22 98 192 13 130 117 33 125 78 8 177 279 12 95 269 260 95 37 88 78 227 85 50 8 233 132 197 98 179 114 37 33 9 167 132 6 68
split_gain=133.592 193.717 183.922 208.691 393.752 556.566 364.647 367.106 274.427 182.478 157.321 146.237 147.554 183.933 305.964 360.717 132.579 168.35 203.236 144.473 132.067 139.413 157.788 208.39 179.749 130.731 129.123 126.776 155.479 225.303 187.323 150.519 131.974 124.789 122.226 129.249 121.217 119.491 156.613 117.782 148.605 115.836 151.646 137.718 116.751 127.541 112.416 264.278 135.184 206.626 161.096 111.269 105.147 110.934 105.137 104.113 150.402 102.641 113.697 120.201 122.324 189.948
threshold=75.500000000000014 0.2286924943327904 4.5000000000000009 43.500000000000007 0.48074074089527136 2.5000000000000004 49.500000000000007 60.500000000000007 12.500000000000002 41.500000000000007 4.5000000000000009 3.5000000000000004 0.74490004777908336 1.1080459952354433 0.16472868621349337 2.5000000000000004 3.5000000000000004 17.500000000000004 0.23431372642517093 0.40075758099555975 4.5000000000000009 0.31726674735546118 0.30901856720447546 0.75932890176773082 243.50000000000003 70.500000000000014 13.500000000000002 0.23904761672019961 57.500000000000007 1.5000000000000002 0.15811403095722201 0.30381019413471227 10.500000000000002 76.500000000000014 52.500000000000007 0.20761494338512423 222.50000000000003 43.500000000000007 0.14826761931180957 82.500000000000014 17.500000000000004 0.38653083145618444 0.27162922918796545 17.500000000000004 151.50000000000003 7.5000000000000009 31.500000000000004 10.500000000000002 49.500000000000007 0.26352339982986456 0.31800563633441931 0.24764151126146319 48.500000000000007 1.0000000180025095e-35 0.88449722528457653 0.2347713112831116 0.27336044609546667 84.500000000000014 7.5000000000000009 0.25852382183074957 56.500000000000007 0.26589012145996099
decision_type=2 2 2 2 2 2 2 2 2 2 2 2 2 2 2 2 2 2 2 2 2 2 2 2 2 2 2 2 2 2 2 2 2 2 2 2 2 2 2 2 2 2 2 2 2 2 2 2 2 2 2 2 2 2 2 2 2 2 2 2 2 2
left_child=1 16 10 4 6 -6 -4 -8 -7 -2 26 12 13 27 15 -15 17 25 -19 36 21 41 23 -23 33 37 -3 39 55 30 -30 32 -31 -24 -32 -36 46 38 -1 40 52 42 43 44 45 57 48 -48 -18 50 -50 -37 53 -5 -12 56 -29 58 59 -11 61 -61
right_child=9 2 3 11 5 8 7 -9 -10 20 54 -13 -14 14 -16 -17 19 18 -20 -21 -22 22 24 -25 -26 -27 -28 28 29 31 34 -33 -34 -35 35 51 -38 -39 -40 -41 -42 -43 -44 -45 -46 -47 47 -49 49 -51 -52 -53 -54 -55 -56 -57 -58 -59 -60 60 -62 -63
leaf_value=0.063692176892595778 -0.062040852592052782 -0.022691744991132745 0.0040595269463956354 0.0095012822289330268 -0.050394043163396414 -0.0012932836231501663 0.15041056461632252 0.039254922721948887 0.095791044870899483 0.018179999783155699 -0.070716783970089278 -0.030688860981214434 -0.0389403833784163 0.11064889114980092 -0.020513748813759197 0.0055728825448818926 -0.0067923469852910114 0.076559189805494893 -0.0038458749985900414 0.028345376860888789 -0.040131209954455654 -0.086713047907465979 -0.010404196266238003 -0.0054610661357500645 -0.050972000241701329 -0.038577995381306809 0.036970013473783765 0.014372944775458476 0.02003410227023638 -0.034421574213901109 -0.073841755914111296 0.053743663000048326 0.0047885217143365686 0.050470323913659035 -0.062816717897032234 0.024906002982096238 -0.057510374052958051 -0.0023659659228222824 -0.0042618219531141222 0.061803657262463049 -0.027307425920258869 0.037730083634024081 -0.037803995221853251 0.044834392566233873 -0.045666719334056742 0.037443927523608388 0.053087647407400337 -0.022597142189541567 0.013899101874912561 -0.080312708717584599 -0.054653874938043627 -0.034179041970521212 0.0085078419546644937 0.058023562279886726 -0.014899641117797449 -0.018926164201077292 0.061928286013833003 0.023565714252393014 0.037563247233629228 -0.0056449060277963007 -0.0057095395298964249 -0.080758638287392936
leaf_weight=58 50 68 59 71 95 50 55 53 54 168 58 92 59 67 54 52 219 55 57 63 90 62 72 52 52 82 61 218 64 82 61 52 1116 51 52 54 65 1427 63 52 65 68 99 59 51 77 65 111 68 74 55 59 250 106 64 50 82 131 56 73 1173 51
leaf_count=58 50 68 59 71 95 50 55 53 54 168 58 92 59 67 54 52 219 55 57 63 90 62 72 52 52 82 61 218 64 82 61 52 1116 51 52 54 65 1427 63 52 65 68 99 59 51 77 65 111 68 74 55 59 250 106 64 50 82 131 56 73 1173 51
internal_value=1.3799e-05 0.0024762 0.00714317 0.0091295 0.0303843 0.00182361 0.0642043 0.0967225 0.0495481 -0.00588749 -0.0175173 0.00629889 0.00758632 0.00865381 0.0384554 0.0651624 -0.00392175 0.000555802 0.0359668 -0.0147407 -0.00468476 -0.00327783 -0.0227204 -0.0500205 -0.00475321 -0.00189791 0.00558777 0.0065207 0.00284322 -0.0012628 -0.0250384 0.00426875 0.00207822 0.0150399 -0.0378343 -0.0241578 -0.018909 6.87427e-05 0.0285662 0.0192686 0.0146568 -0.000466854 -0.00182586 0.000130461 -0.00137564 -4.35526e-05 -0.0145808 0.00549664 -0.023068 -0.0410355 -0.0169482 -0.00597292 0.0210936 0.0387225 -0.0417949 0.0208618 0.027534 -0.00181245 -0.00401225 -0.00562602 -0.00872124 -0.0369374
internal_weight=8272 5837 3375 3124 366 199 167 108 104 2435 251 2758 2666 2607 173 119 2462 1742 112 720 2385 2295 289 114 175 1630 129 2434 1890 1540 290 1250 1198 123 226 165 657 1548 121 544 492 2006 1938 1839 1780 1729 592 176 416 197 123 113 427 177 122 350 300 1652 1521 1465 1297 124
internal_count=8272 5837 3375 3124 366 199 167 108 104 2435 251 2758 2666 2607 173 119 2462 1742 112 720 2385 2295 289 114 175 1630 129 2434 1890 1540 290 1250 1198 123 226 165 657 1548 121 544 492 2006 1938 1839 1780 1729 592 176 416 197 123 113 427 177 122 350 300 1652 1521 1465 1297 124
is_linear=0
shrinkage=0.03


Tree=144
num_leaves=63
num_cat=0
split_feature=8 79 111 100 60 136 131 31 145 3 260 245 255 117 257 9 7 157 231 256 79 158 265 254 275 113 252 111 10 89 27 238 155 120 135 111 185 150 6 197 52 39 272 77 245 246 157 144 116 272 20 8 228 85 219 106 8 100 105 111 145 49
split_gain=129.652 195.635 149.002 184.915 167.988 209.567 255.639 176.468 201.822 170.876 313.488 266.65 281.616 249.348 211.551 292.408 286.064 186.792 178.061 166.869 147.086 141.852 146.909 138.874 243.293 181.87 139.996 134.13 175.594 246.608 481.302 233.66 168.66 165.326 216.722 207.82 258.191 195.574 183.051 150.29 180.02 148.393 146.644 137.241 136.672 227.544 125.145 119.771 186.113 356.094 124.936 119.49 115.286 114.345 110.438 117.741 142.493 157.457 154.67 189.133 260.124 150.225
threshold=57.500000000000007 24.500000000000004 0.20325741171836856 3.5000000000000004 86.500000000000014 0.13168095052242282 0.29361438751220709 189.50000000000003 94.500000000000014 47.500000000000007 13.500000000000002 11.500000000000002 0.22305141389369967 0.18650391697883609 0.24025316536426547 73.500000000000014 40.500000000000007 0.29636949300765997 0.38348416984081274 0.15450928360223773 28.500000000000004 19.500000000000004 12.500000000000002 0.62479650974273693 0.23706512153148654 0.44693367183208471 0.36700680851936346 0.26483158767223364 5.5000000000000009 116.50000000000001 98.500000000000014 25.500000000000004 0.14756567031145099 7.5000000000000009 0.19242714345455172 0.2286924943327904 4.5000000000000009 7.5000000000000009 49.500000000000007 0.18469785153865817 2.5000000000000004 0.34456621110439306 0.40508365631103521 0.98337939381599437 12.500000000000002 1.5000000000000002 0.27911822497844702 2.5000000000000004 0.12204431369900705 0.27801932394504553 87.500000000000014 106.50000000000001 1.5000000000000002 65.500000000000014 15.500000000000002 29.500000000000004 79.500000000000014 35.500000000000007 48.500000000000007 0.29716350138187414 129.50000000000003 111.50000000000001
decision_type=2 2 2 2 2 2 2 2 2 2 2 2 2 2 2 2 2 2 2 2 2 2 2 2 2 2 2 2 2 2 2 2 2 2 2 2 2 2 2 2 2 2 2 2 2 2 2 2 2 2 2 2 2 2 2 2 2 2 2 2 2 2
left_child=1 2 47 -4 9 6 7 -6 -9 10 13 14 -13 -5 15 18 -16 -12 21 52 27 22 -11 24 25 -18 -25 28 31 33 -31 39 -33 38 35 36 -35 -38 41 -2 -41 -30 44 -37 45 -36 -47 50 49 -49 -1 53 -15 54 55 -29 57 -57 -58 -60 -61 -62
right_child=20 -3 3 4 5 -7 -8 8 -10 11 17 12 -14 19 16 -17 23 -19 -20 -21 -22 -23 -24 26 -26 -27 -28 51 29 30 -32 32 -34 34 42 43 37 -39 -40 40 -42 -43 -44 -45 -46 46 -48 48 -50 -51 -52 -53 -54 -55 -56 56 58 -59 59 60 61 -63
leaf_value=0.0055093240788001412 -0.040162186853739679 0.059913127673299683 -0.029230072106633868 0.067466739714145657 0.036033665940165521 0.03279761171102831 -0.06461120914954406 -0.06521418961031096 0.0077255035890795454 0.0067293026331546055 -0.084755771248959569 0.10634601894821694 0.023937003889506488 -0.001836134509460346 0.089275503586977722 0.045733077921664589 0.037827497473672818 -0.0034725728444755075 -0.060992156808911742 -0.046676100244855176 -0.044898171961508887 0.030350101127360873 -0.053425647507493311 -0.03892724932653123 0.083793314796639609 -0.032441950528060683 0.027285539386303799 -0.0024560294389150716 -0.063107950429503734 0.10499237713034985 -0.017889969006535552 -0.096209220075506266 -0.028060278402423703 -0.090000562037306803 0.017120367240160705 -0.0337940826546086 0.01487916706239476 -0.0524796951386136 0.017871755517220922 -0.025722716861319814 0.032979415832179608 0.0087623688506965457 0.051661482521278015 0.0015452004265988663 0.023504383734523734 -0.069363652317163849 -0.008113434958570408 -0.011808722914228666 -0.011877756851455687 0.092297038120813052 -0.016080427724020012 -0.026779504436999557 0.052356688308601199 0.0356783249097005 -0.035901888694326554 0.015586783959249579 0.015855573670067701 0.064553269917644304 -0.048622074276355925 -0.053198133822164081 0.034859210286775362 -0.02206675829179585
leaf_weight=376 97 56 104 65 74 96 77 55 87 83 51 66 86 110 65 96 94 50 58 50 73 77 64 57 63 50 56 1602 51 52 62 58 76 80 99 155 67 90 363 87 100 51 50 270 115 71 52 57 113 60 670 126 51 92 67 388 342 69 94 60 137 59
leaf_count=376 97 56 104 65 74 96 77 55 87 83 51 66 86 110 65 96 94 50 58 50 73 77 64 57 63 50 56 1602 51 52 62 58 76 80 99 155 67 90 363 87 100 51 50 270 115 71 52 57 113 60 670 126 51 92 67 388 342 69 94 60 137 59
internal_value=1.35367e-05 0.00484269 0.00381596 0.00941001 0.0118165 -0.00545623 -0.0180588 -0.00124251 -0.0207843 0.0170173 1.76171e-05 0.0240139 0.0601811 0.0165742 0.0167395 0.000784891 0.0323615 -0.0449451 -0.0146242 0.00065215 -0.00290681 -0.00240043 -0.0196446 0.0205587 0.035105 0.0133729 -0.00616232 -0.00229492 -0.00822992 -0.00376985 0.0385872 -0.0255503 -0.0580517 -0.00698258 -0.013579 -0.0239925 -0.046445 -0.023822 0.0078956 -0.0100652 0.00567724 -0.0274366 0.00425022 -0.0113923 -0.00291612 -0.0166464 -0.0437435 -0.00401081 0.0155461 0.0419086 -0.00832183 0.00170615 0.0155478 0.00294832 0.0018675 0.00280008 0.0101242 0.0231048 0.0015308 -0.0124718 0.000939608 0.0176983
internal_weight=8272 3117 3061 1785 1681 389 293 216 142 1292 377 915 152 276 763 378 385 101 282 211 5155 224 147 320 207 144 113 5082 2046 1628 114 418 134 1514 1049 662 237 157 465 284 187 102 387 425 337 222 123 1276 230 117 1046 3036 161 2910 2818 2751 1149 457 692 350 256 196
internal_count=8272 3117 3061 1785 1681 389 293 216 142 1292 377 915 152 276 763 378 385 101 282 211 5155 224 147 320 207 144 113 5082 2046 1628 114 418 134 1514 1049 662 237 157 465 284 187 102 387 425 337 222 123 1276 230 117 1046 3036 161 2910 2818 2751 1149 457 692 350 256 196
is_linear=0
shrinkage=0.03


Tree=145
num_leaves=63
num_cat=0
split_feature=8 3 112 63 249 229 269 266 188 256 256 48 196 123 226 8 41 133 131 67 192 116 81 258 6 78 158 46 72 165 215 35 77 137 111 32 85 8 129 114 157 187 8 83 77 218 46 4 172 151 169 87 276 4 233 37 6 77 193 169 168 21
split_gain=124.332 187.742 412.478 197.612 159.042 147.092 239.786 205.146 155.058 173.714 172.421 183.99 178.054 168.025 161.238 258.166 480.685 249.087 178.383 228.695 220.951 166.41 197.913 143.694 141.87 136.415 174.815 210.074 197.591 154.424 130.665 137.886 130.505 142.236 128.89 168.876 181.571 129.448 127.854 126.941 126.797 153.251 145.535 125.076 124.86 123.551 134.851 118.766 164.704 231.004 222.404 117.994 116.951 116.715 180.36 171.428 156.869 210.926 272.005 133.548 119.411 112.053
threshold=72.500000000000014 72.500000000000014 0.41827458143234258 0.25967782735824591 55.500000000000007 36.500000000000007 132.50000000000003 17.500000000000004 5.5000000000000009 0.10102041065692903 0.28348214924335485 0.99245759844779979 0.30602006614208227 6.5000000000000009 4.5000000000000009 38.500000000000007 1.0000000180025095e-35 0.66501650214195263 0.33678840100765234 0.098199937492609038 0.37965516746044164 0.17574992775917056 6.5000000000000009 72.500000000000014 38.500000000000007 42.500000000000007 21.500000000000004 85.500000000000014 0.83974358439445507 9.5000000000000018 0.25410278141498571 0.41157008707523351 0.97424843907356273 0.25658351182937628 0.29526825249195104 16.500000000000004 49.500000000000007 108.50000000000001 158.50000000000003 0.86675119400024425 0.37296918034553533 4.5000000000000009 54.500000000000007 5.5000000000000009 0.99524936079978954 13.500000000000002 150.50000000000003 52.500000000000007 0.32071428000926977 0.28322382271289831 12.500000000000002 12.500000000000002 0.10186786577105524 66.500000000000014 0.36266924440860754 0.17729790508747104 71.500000000000014 0.9786474108695985 0.25320513546466833 18.500000000000004 1.5000000000000002 68.500000000000014
decision_type=2 2 2 2 2 2 2 2 2 2 2 2 2 2 2 2 2 2 2 2 2 2 2 2 2 2 2 2 2 2 2 2 2 2 2 2 2 2 2 2 2 2 2 2 2 2 2 2 2 2 2 2 2 2 2 2 2 2 2 2 2 2
left_child=1 5 3 -3 24 7 -7 8 9 14 13 51 -13 25 23 16 -16 18 19 21 30 22 -17 47 -2 -11 29 28 -28 40 31 -21 33 -5 35 36 53 38 -36 44 41 -27 -43 61 -29 46 -34 48 -1 50 -50 -12 -47 56 55 -55 57 -26 -59 -58 -60 -37
right_child=4 2 -4 32 -6 6 -8 -9 -10 10 11 12 -14 -15 15 17 -18 -19 -20 20 -22 -23 -24 -25 34 26 27 39 -30 -31 -32 -33 45 -35 37 43 -38 -39 -40 -41 -42 42 -44 -45 -46 52 -48 -49 49 -51 -52 -53 -54 54 -56 -57 59 58 60 -61 -62 -63
leaf_value=-0.00321007521154191 -0.05222104355692863 0.051598238454898818 0.077147772989468635 0.055285496877582919 -0.054273362024847803 0.056816633866254455 -0.014967053515285673 -0.053829538165591655 0.03168922965951862 0.0073559238627878207 0.018938121426673161 0.08467260214335777 0.0052885553627633128 0.028599564980853486 0.097290222700685255 0.007555664145763575 -0.0041609133132408521 -0.051387260276824234 0.050474835992367427 0.02304962421515705 0.077487301676853804 -0.054252281785011292 -0.03830476494957552 -0.052575329279198363 0.007994651038731846 -0.033124710986365193 -0.0012815645191585645 0.007121847972801301 0.067669266737856948 -0.073406849935212556 0.054185152257743632 -0.030257742994775374 -0.06700639732182026 -0.0049479290735705388 0.0038698650544449387 -0.0097119121560987464 0.052224849130337432 -0.02787920888009909 0.050222273858131043 -0.066042834196020583 -0.064578018167557621 0.028550523062763004 -0.025414760594086889 -0.060493224000801205 -0.044361703197252661 0.020012034168994088 -0.00085528681719941743 -0.011123825430458879 0.01621404145825274 -0.030408192273568019 0.078853979978851879 -0.040126269841093125 -0.019507119220036725 0.063843598342561106 -0.017014011866625788 -9.7559428215026852e-05 0.023563036211909583 -0.10724536380515649 0.0080921073630452148 -0.026297069782657282 -0.055164834451422375 -0.045919331983499921
leaf_weight=575 53 81 89 72 57 102 70 63 136 188 62 50 51 80 82 585 85 63 87 110 63 52 98 50 83 291 127 112 52 67 56 71 55 68 1235 376 53 110 55 50 64 91 87 68 67 158 55 640 146 54 78 58 116 76 117 74 129 51 54 76 52 96
leaf_count=575 53 81 89 72 57 102 70 63 136 188 62 50 51 80 82 585 85 63 87 110 63 52 98 50 83 291 127 112 52 67 56 71 55 68 1235 376 53 110 55 50 64 91 87 68 67 158 55 640 146 54 78 58 116 76 117 74 129 51 54 76 52 96
internal_value=1.30038e-05 0.00265452 0.0172203 0.00829178 -0.00510682 0.000529025 0.0276847 -0.000494159 0.000259641 -0.000720581 -0.00901421 0.0154007 0.0450324 -0.0132516 0.00356968 0.0111294 0.045936 0.00618952 0.00946532 0.00597275 0.027999 -0.00304337 0.000929017 -0.00305715 -0.00407139 -0.0160725 -0.0204451 -0.00527526 0.0190135 -0.0307346 0.0145735 0.00208764 0.00151192 0.0262017 -0.00310902 -0.00988823 -0.000815182 0.00321271 0.0058835 -0.0242609 -0.0252431 -0.0197495 0.0021796 -0.0227164 -0.0122879 -0.00753422 -0.0342365 -0.00136472 0.00596191 0.0248763 0.0382797 -0.00970536 0.0032712 -0.0048311 0.0108246 0.0325076 -0.0142277 -0.0306385 -0.0509837 0.00504039 -0.0231651 -0.0171576
internal_weight=8272 5457 694 605 2815 4763 172 4591 4528 4392 1497 221 101 1276 2895 1352 167 1185 1122 1035 300 735 683 1543 2758 1196 1008 408 179 600 237 181 524 140 2705 1305 765 1400 1290 229 533 469 178 540 179 384 110 1493 853 278 224 120 274 712 267 150 445 240 157 205 106 472
internal_count=8272 5457 694 605 2815 4763 172 4591 4528 4392 1497 221 101 1276 2895 1352 167 1185 1122 1035 300 735 683 1543 2758 1196 1008 408 179 600 237 181 524 140 2705 1305 765 1400 1290 229 533 469 178 540 179 384 110 1493 853 278 224 120 274 712 267 150 445 240 157 205 106 472
is_linear=0
shrinkage=0.03


Tree=146
num_leaves=63
num_cat=0
split_feature=111 27 175 135 123 99 209 78 96 3 6 151 198 3 190 116 89 89 12 32 233 273 12 83 229 229 177 93 265 114 265 227 136 5 255 229 11 192 213 224 172 43 113 6 236 196 4 240 89 211 48 135 111 72 176 238 264 152 73 233 209 235
split_gain=115.923 174.876 186.66 285.754 254.193 228.333 263.848 178.47 341.687 177.411 179.345 163.822 236.352 167.738 180.255 190.989 146.68 139.071 136.894 104.117 104.078 184.16 172.367 142.019 179.182 149.447 161.925 244.131 145.213 253.726 133.976 162.742 152.742 189.862 161.938 131.207 130.927 220.104 142.253 126.039 131.511 124.674 122.077 124.218 108.256 105.11 114.529 98.5837 220.336 172.26 138.908 183.68 138.555 114.049 112.408 101.966 120.599 144.671 132.008 112.945 151.285 143.755
threshold=0.33227176964282995 48.500000000000007 0.56385868787765514 0.21409472823143008 3.5000000000000004 17.500000000000004 71.500000000000014 65.500000000000014 0.11372875422239305 60.500000000000007 78.500000000000014 0.24915219098329547 53.500000000000007 48.500000000000007 1.0000000180025095e-35 0.099618323147296919 66.500000000000014 87.500000000000014 64.500000000000014 19.500000000000004 0.91485509276390087 0.66877639293670665 58.500000000000007 9.5000000000000018 49.500000000000007 36.500000000000007 0.30368906259536749 0.38056400418281561 32.500000000000007 0.54543545842170726 28.500000000000004 8.5000000000000018 0.13655789196491244 69.500000000000014 0.094494048506021514 20.500000000000004 78.500000000000014 0.36140660941600805 0.54398864507675182 1.0000000180025095e-35 0.40270270407199865 0.77346038818359386 0.384968250989914 50.500000000000007 0.15707236528396609 0.098780486732721343 54.500000000000007 8.5000000000000018 90.500000000000014 0.26705427467823034 0.99165534973144542 0.16015266627073291 0.27151675522327429 0.73030304908752453 0.10912698507308961 28.500000000000004 1.0000000180025095e-35 0.33028914034366613 1.0000000180025095e-35 0.40967366099357611 62.500000000000007 0.10990338027477266
decision_type=2 2 2 2 2 2 2 2 2 2 2 2 2 2 2 2 2 2 2 2 2 2 2 2 2 2 2 2 2 2 2 2 2 2 2 2 2 2 2 2 2 2 2 2 2 2 2 2 2 2 2 2 2 2 2 2 2 2 2 2 2 2
left_child=20 11 3 4 7 -5 19 8 18 -9 17 12 -2 -13 15 -15 -16 -11 -3 -7 23 22 -22 24 25 28 27 -27 30 -30 31 47 34 -34 35 -32 39 38 -38 40 44 -41 -33 -44 -31 46 -36 48 55 50 51 -49 -51 54 -50 59 58 -58 -57 -1 -61 -62
right_child=1 2 -4 5 -6 6 -8 9 -10 10 -12 13 -14 14 16 -17 -18 -19 -20 -21 21 -23 -24 -25 -26 26 -28 -29 29 36 32 42 33 -35 45 -37 37 -39 -40 41 -42 -43 43 -45 -46 -47 -48 49 53 52 -52 -53 -54 -55 -56 56 57 -59 -60 60 61 -63
leaf_value=0.0023340480298365295 -0.011493851161782736 0.057819528089322406 0.071516386508010329 0.028731828373121587 0.084843914292164535 -0.08645105754866475 0.020061140727717426 -0.012336289253635483 -0.061131396851051248 0.04259903565157825 0.0096458777993986451 -0.06804370570513936 0.063928113240199008 -0.072697521571069956 -0.0144684173874557 0.0026444231322215448 0.053767906543281341 0.10528101164274491 -0.0023751272842377782 -0.027478014653658164 -0.083886698018408035 0.017646362091842532 -0.0169654957999846 0.034657504697889085 -0.050927344691008326 -0.040019239344686833 0.071189861813416841 0.048350917682051658 -0.072658672879915676 0.0059917976902526555 0.0041427484599512012 -0.0058144310913806731 0.087806236243472904 0.0061775708088980001 -0.028265487791801037 0.066949338618327275 0.021280984871311866 -0.080851398837837304 -0.042910692756032119 0.0010734936753224985 0.034301850987741578 -0.056273314956924878 -0.081346870167698287 -0.016310562193393708 -0.041387454227121041 -0.044577860662247983 0.029962141565595041 0.083782015109240118 -0.040512161433208183 -0.05178450054274155 -0.00013872827883929976 0.017266884352369553 0.01755170385711468 -0.060120977156795555 0.019570814623282504 -0.027387106389953536 0.0092051361256744717 0.075643733458959361 0.027129384296514639 -0.015445514334461782 -0.040807471317627152 0.011108969794508332
leaf_weight=2878 96 57 51 75 56 61 54 60 63 89 80 53 60 59 59 61 53 51 82 50 52 73 102 99 64 52 51 59 60 205 66 128 52 50 54 54 66 54 57 73 116 63 53 53 54 59 67 66 60 51 92 86 51 79 51 77 63 55 81 891 53 432
leaf_count=2878 96 57 51 75 56 61 54 60 63 89 80 53 60 59 59 61 53 51 82 50 52 73 102 99 64 52 51 59 60 205 66 128 52 50 54 54 66 54 57 73 116 63 53 53 54 59 67 66 60 51 92 86 51 79 51 77 63 55 81 891 53 432
internal_value=1.23027e-05 0.00834754 0.0164601 0.0127639 0.0248932 -0.0144164 -0.0340842 0.0177667 -0.0037242 0.0332289 0.0456554 -0.00690539 0.017737 -0.0204087 -0.00928127 -0.0346934 0.0180121 0.0660179 0.0225457 -0.0603691 -0.00150049 -0.0214369 -0.0399577 -0.000829447 -0.0013608 -0.000873402 0.0274964 0.0069646 -0.0015901 -0.014009 4.12102e-05 -0.0012265 0.0167164 0.0482406 0.00587352 0.0327254 -0.00879617 -0.0309541 -0.00857253 -0.00107566 0.00790244 -0.0257084 -0.0256322 -0.0492851 -0.00400769 -0.0121097 0.00395757 -9.43619e-05 -0.00122871 0.0153389 0.0289907 0.0465073 -0.0172826 -0.0327918 -0.0129782 0.000102074 0.0177386 0.0405477 0.000556071 -0.00104609 -0.00811243 0.00536333
internal_weight=8272 1270 829 778 538 240 165 482 202 280 220 441 156 285 232 120 112 140 139 111 7002 227 154 6775 6676 6612 162 111 6450 748 5702 5300 402 102 300 120 688 177 123 511 375 136 234 106 259 180 121 5066 4720 346 244 152 102 190 111 4530 276 118 158 4254 1376 485
internal_count=8272 1270 829 778 538 240 165 482 202 280 220 441 156 285 232 120 112 140 139 111 7002 227 154 6775 6676 6612 162 111 6450 748 5702 5300 402 102 300 120 688 177 123 511 375 136 234 106 259 180 121 5066 4720 346 244 152 102 190 111 4530 276 118 158 4254 1376 485
is_linear=0
shrinkage=0.03


Tree=147
num_leaves=63
num_cat=0
split_feature=8 3 111 146 92 219 43 235 159 93 105 20 111 111 8 254 169 211 12 92 74 8 250 59 8 247 12 131 148 83 35 111 56 88 58 8 120 159 257 113 4 32 36 92 119 111 6 273 274 71 8 208 66 114 193 6 111 91 72 205 177 62
split_gain=126.07 204.168 222.812 395.461 158.994 204.425 304.796 155.568 142.788 183.394 129.031 170.285 164.539 146.219 153.554 138.251 129.774 128.436 126.564 197.666 144.9 128.585 125.954 124.286 141.919 222.309 221.496 142.361 135.941 126.698 127.99 120.226 195.251 185.688 176.047 195.406 436.995 173.648 171.087 145.899 181.368 184.629 145.612 157.55 134.546 166.947 148.214 175.262 202.429 185.722 244.512 176.738 159.08 279.841 238.243 196.365 196.171 229.685 188.267 257.337 198.604 174.863
threshold=84.500000000000014 72.500000000000014 0.35505092144012457 18.500000000000004 0.41476388275623327 10.500000000000002 0.87689393758773815 0.14854215830564502 3.5000000000000004 0.32019416987895971 8.5000000000000018 204.50000000000003 0.26293487846851354 0.33971422910690313 98.500000000000014 0.69891774654388439 18.500000000000004 0.37573529779911047 39.500000000000007 0.35313725471496588 81.500000000000014 26.500000000000004 1.0000000180025095e-35 6.5000000000000009 65.500000000000014 5.5000000000000009 52.500000000000007 0.24846418201923373 19.500000000000004 5.5000000000000009 0.40198040008544927 0.20064935088157657 52.500000000000007 15.500000000000002 26.500000000000004 63.500000000000007 7.5000000000000009 6.5000000000000009 0.27178031206130987 0.28140169382095342 47.500000000000007 8.5000000000000018 0.89999830722808849 0.38902573287487036 20.500000000000004 0.28015151619911199 51.500000000000007 0.49218559265136724 0.99884214997291576 2.5000000000000004 45.500000000000007 3.5000000000000004 0.24880952388048175 0.89595121145248424 0.69631093740463268 54.500000000000007 0.2779617458581925 0.28966437280178076 0.82085561752319347 12.500000000000002 0.14087302237749103 0.25824573636054998
decision_type=2 2 2 2 2 2 2 2 2 2 2 2 2 2 2 2 2 2 2 2 2 2 2 2 2 2 2 2 2 2 2 2 2 2 2 2 2 2 2 2 2 2 2 2 2 2 2 2 2 2 2 2 2 2 2 2 2 2 2 2 2 2
left_child=1 18 23 -4 5 8 7 -7 9 -2 -10 12 -12 14 -13 -14 -15 22 19 20 -1 -20 -6 24 25 27 -26 -3 -28 30 -25 33 39 34 35 -23 38 -36 -37 40 -33 -42 43 -34 46 -46 47 49 51 -41 -51 -49 53 54 -48 -55 -54 -58 59 -57 -61 -60
right_child=4 2 3 -5 17 6 -8 -9 10 -11 11 13 15 16 -16 -17 -18 -19 21 -21 -22 31 -24 29 26 -27 28 -29 -30 -31 -32 32 42 -35 37 36 -38 -39 -40 44 41 -43 -44 -45 45 -47 52 48 -50 50 -52 -53 56 55 -56 58 57 -59 61 60 -62 -63
leaf_value=0.045659736613384808 -0.063568931475143739 -0.0068822853554841839 -0.0033294799544594505 0.11142371924387083 0.0051511702282088147 -0.046586247455966907 -0.097103164996951818 0.010395355040019148 0.037767194068950155 0.0058748531267046921 -0.076164804164033678 0.0026902048161425505 -0.048950809538364407 -0.0054847176104564875 -0.039542513889345259 0.016635757422408283 0.048729724217129428 -0.022727953576866317 0.045395187039214829 0.073738048777860749 -0.016303041966974127 -0.0059092905079619748 0.063663042392581692 0.021480131052620706 0.064064840113415442 0.09070029858632811 -0.016951062627809328 0.055735562999865838 0.03555840097175076 0.036435634231567378 -0.013123037417644286 -0.0012450996169989757 -0.02912181716926035 -0.061723059171746517 -0.0076205547302542771 -0.037203269720077509 -0.096487429917675172 0.052792865748528435 0.033359608662204214 0.0081952676324808169 0.017562722184004322 0.095268126954050625 -0.068381383713897112 0.02685994051164016 0.0053317689684194485 0.06793690425359597 0.0016994077790979179 -0.060809321437369689 0.022392656297142644 0.093718570872402651 0.018784305278452172 -0.0016330595588997792 -0.0049022319494100982 -0.080508956590951489 -0.044216165225614203 0.017888535330762508 0.084896593920531727 0.00014979189054833516 -0.02923560379651086 -0.012533660768531263 -0.079451916942725298 0.042181584448976947
leaf_weight=51 80 78 54 53 69 83 57 88 68 59 51 356 50 67 98 66 96 50 51 50 97 1134 63 124 50 55 188 55 57 74 417 109 154 57 88 64 72 82 58 598 61 50 52 63 110 58 1348 87 102 57 123 94 162 58 109 57 62 53 57 63 110 65
leaf_count=51 80 78 54 53 69 83 57 88 68 59 51 356 50 67 98 66 96 50 51 50 97 1134 63 124 50 55 188 55 57 74 417 109 154 57 88 64 72 82 58 598 61 50 52 63 110 58 1348 87 102 57 123 94 162 58 109 57 62 53 57 63 110 65
internal_value=1.18578e-05 0.0016845 0.0128928 0.0540163 -0.0081867 -0.0120932 -0.0376421 -0.0173724 -0.00618307 -0.0342614 -0.00156742 -0.00502286 -0.0318004 0.00226459 -0.00649298 -0.0118111 0.0265477 0.017901 -0.000701044 0.0228002 0.00521214 -0.00155605 0.033346 0.00883977 0.0202121 0.0405117 0.00718224 0.019235 -0.00463969 -0.000109969 -0.00516681 -0.00200639 0.00083002 -0.0090469 -0.0070027 -0.0106852 -0.0384286 0.0216584 -0.0036585 0.00267819 0.0262923 0.0531032 -0.0237743 -0.0128204 0.00113065 0.0272195 -0.00024494 0.00892088 -0.0112673 0.0162694 0.0429002 -0.0302547 -0.00478287 -0.00793189 -0.00176356 -0.0297944 0.0163939 0.0461774 -0.0212336 -0.0371592 -0.0552949 0.00884813
internal_weight=8272 6871 1205 107 1401 1219 228 171 991 139 852 784 167 617 454 116 163 182 5666 198 148 5468 132 1098 483 188 295 133 245 615 541 5417 3862 1555 1498 1328 194 170 122 3593 220 111 269 217 3373 168 3205 1061 283 778 180 181 2144 1867 1457 410 277 115 352 230 173 122
internal_count=8272 6871 1205 107 1401 1219 228 171 991 139 852 784 167 617 454 116 163 182 5666 198 148 5468 132 1098 483 188 295 133 245 615 541 5417 3862 1555 1498 1328 194 170 122 3593 220 111 269 217 3373 168 3205 1061 283 778 180 181 2144 1867 1457 410 277 115 352 230 173 122
is_linear=0
shrinkage=0.03


Tree=148
num_leaves=63
num_cat=0
split_feature=8 85 3 129 226 49 265 193 195 142 236 234 218 268 29 252 152 131 168 249 252 60 11 52 125 225 250 48 186 133 131 83 236 250 131 236 8 155 213 236 29 89 113 2 22 9 137 233 113 232 231 205 6 11 73 47 229 114 74 11 80 131
split_gain=119.679 212.202 167.744 263.967 224.182 374.545 206.236 204.019 450.47 455.508 149.07 141.323 135.91 130.258 214.595 143.59 168.526 172.859 141.684 140.449 137.025 121.344 117.052 126.732 121.461 113.195 120.757 111.535 111.106 101.877 178.488 147.061 124.453 124.031 152.422 126.246 121.532 116.553 182.208 150.279 160.787 223.744 177.314 163.355 167.575 175.474 143.308 124.041 148.728 146.719 133.225 154.399 146.828 187.392 156.647 176.514 150.638 144.516 142.371 163.35 159.055 127.195
threshold=54.500000000000007 66.500000000000014 57.500000000000007 121.50000000000001 4.5000000000000009 96.500000000000014 39.500000000000007 0.35067567229270941 0.15707236528396609 1.0000000180025095e-35 0.1085995100438595 1.4565705060958865 65.500000000000014 6.5000000000000009 25.500000000000004 0.28340132534503942 0.35270914435386663 0.25539679825305944 2.5000000000000004 27.500000000000004 0.26500600576400762 67.500000000000014 70.500000000000014 3.5000000000000004 24.500000000000004 9.5000000000000018 1.5000000000000002 0.99303781986236583 10.500000000000002 0.68349590897560131 0.34219357371330267 4.5000000000000009 0.16441441327333453 1.0000000180025095e-35 0.35495558381080633 0.14760348945856097 67.500000000000014 0.23220394551754001 0.36240942776203161 0.049390243366360671 65.500000000000014 84.500000000000014 0.63780611753463756 67.500000000000014 31.500000000000004 53.500000000000007 0.23734910041093829 0.95993587374687206 0.55036231875419628 0.46966911852359777 0.40370370447635656 25.500000000000004 49.500000000000007 76.500000000000014 1.5000000000000002 126.50000000000001 17.500000000000004 0.65084379911422741 27.500000000000004 51.500000000000007 33.500000000000007 0.20524267852306369
decision_type=2 2 2 2 2 2 2 2 2 2 2 2 2 2 2 2 2 2 2 2 2 2 2 2 2 2 2 2 2 2 2 2 2 2 2 2 2 2 2 2 2 2 2 2 2 2 2 2 2 2 2 2 2 2 2 2 2 2 2 2 2 2
left_child=1 2 6 4 5 21 11 10 -9 -10 27 13 28 15 -15 20 17 -17 -16 22 25 -4 23 -19 -24 26 -1 -6 29 30 37 32 -31 36 -35 -36 -32 47 -39 -40 43 42 -42 44 -41 -46 -45 49 -49 50 51 52 53 56 58 57 -2 -56 59 -54 -60 -61
right_child=12 -3 3 -5 7 -7 -8 8 9 -11 -12 -13 -14 14 18 16 -18 19 -20 -21 -22 -23 24 -25 -26 -27 -28 -29 -30 31 33 -33 -34 34 35 -37 -38 38 39 40 41 -43 -44 46 45 -47 -48 48 -50 -51 -52 -53 54 -55 55 -57 -58 -59 60 61 -62 -63
leaf_value=-0.0013388424634538365 0.0050235125719537508 0.056366906459902368 -0.0042887453292714782 0.078429742128334271 0.05463601945367242 -0.074828155636787408 -0.052608901426634359 0.11334279776329086 0.068982907918435102 -0.032933395928408528 -0.029590430038392936 0.045504136368876597 -0.050316319784746974 0.065641053801545723 -0.021099144686848138 -0.027606444312856131 -0.064110417685338428 -0.002824814681449662 0.028944181614764489 0.041530569111797172 0.050021852169718065 0.037075864770289124 0.040303845475246375 -0.056717094007879491 -0.018451825452761517 -0.041800943192313693 0.034659553141434596 -0.0062713798613480802 0.04038320886750113 -0.058008368743288491 0.035339927201469737 0.015287393802268939 -0.0018883604503103666 0.067456617459654811 -0.0062285939320684105 0.052447848556672824 -0.014411597945365576 -0.06268037695215925 0.019679637655388309 -0.01384677474872327 0.0022343018900154391 -0.035635280861999047 0.067845004308311377 -0.035246539441187205 -0.11323868896167438 -0.034345632804171092 0.021756988903144737 -0.06447278024954721 0.0051155348967474234 0.015076116944943194 -0.046432914297844539 0.007382422158106125 -0.039122701181242094 -0.06117363755519574 0.059473542110008354 -0.017911795594704311 -0.043723565542522595 0.012358323421503883 -0.0098585671337408816 0.04477187998285341 -0.062613195718990419 0.0033276279034988323
leaf_weight=494 173 70 239 54 55 59 67 62 78 78 75 60 52 64 105 280 55 114 97 70 55 86 76 59 53 50 100 52 54 100 62 65 55 74 93 50 147 62 130 70 136 98 50 81 51 52 76 59 51 488 60 1121 51 90 84 110 84 191 1107 105 53 180
leaf_count=494 173 70 239 54 55 59 67 62 78 78 75 60 52 64 105 280 55 114 97 70 55 86 76 59 53 50 100 52 54 100 62 65 55 74 93 50 147 62 130 70 136 98 50 81 51 52 76 59 51 488 60 1121 51 90 84 110 84 191 1107 105 53 180
internal_value=1.25262e-05 0.00518525 0.00380577 0.0148833 0.0104121 -0.00595685 -0.00135973 0.0261019 0.0456096 0.0181396 0.002614 0.00065199 -0.00250414 -0.000983774 0.0182273 -0.00462867 -0.0141523 -0.00984628 0.00295577 0.00355975 0.00501038 0.00673712 -0.00534944 -0.0214246 0.0162077 0.00109464 0.00476956 0.0252522 -0.00204412 -0.00247113 -0.00162914 -0.0224236 -0.0382346 0.0169604 0.0327917 0.0145094 0.000445233 -0.00327769 -0.0136794 -0.00951738 -0.0157211 0.000836147 0.0201401 -0.0299298 -0.0499532 -0.0741224 -0.00768942 -0.00118251 -0.0324537 -0.000291726 -0.00249542 -0.00169462 -0.00626292 -0.0241644 -0.00294943 0.0140928 -0.0110171 0.0269132 -0.00734179 0.00983305 -0.0123208 0.0186997
internal_weight=8272 2707 2637 838 784 384 1799 400 218 156 182 1732 5565 1672 266 1406 707 652 202 372 699 325 302 173 129 644 594 107 5513 5459 5239 220 155 426 217 143 209 4813 806 744 614 284 186 330 173 103 157 4007 110 3897 3409 3349 2228 347 1881 385 257 275 1496 336 1160 285
internal_count=8272 2707 2637 838 784 384 1799 400 218 156 182 1732 5565 1672 266 1406 707 652 202 372 699 325 302 173 129 644 594 107 5513 5459 5239 220 155 426 217 143 209 4813 806 744 614 284 186 330 173 103 157 4007 110 3897 3409 3349 2228 347 1881 385 257 275 1496 336 1160 285
is_linear=0
shrinkage=0.03


Tree=149
num_leaves=63
num_cat=0
split_feature=8 3 114 256 92 272 219 43 159 32 273 114 67 279 260 211 12 9 256 256 13 88 78 148 150 8 169 77 175 92 73 34 197 175 230 67 57 250 12 105 230 64 99 13 172 219 74 113 77 177 133 196 7 74 7 89 272 261 50 217 133 273
split_gain=118.05 191.375 197.651 163.231 147.457 224.859 122.796 315.561 172.132 177.943 170.108 135.178 153.488 128.582 131.357 120.788 118.473 189.604 121.539 195.706 181.468 172.656 181.141 151.483 166.51 148.22 129.384 194.973 167.163 145.777 168.292 133.446 214.891 131.262 168.12 159.957 130.096 128.592 266.744 216.368 209.746 182.901 203.718 259.402 181.35 174.594 174.656 270.675 170.219 156.402 141.456 139.453 139.307 159.423 130.894 128.209 126.514 140.875 120.711 116.482 178.113 131.734
threshold=84.500000000000014 72.500000000000014 1.0825855731964114 0.26794873178005224 0.41476388275623327 0.42008402943611151 10.500000000000002 0.87689393758773815 3.5000000000000004 17.500000000000004 0.41192631423473364 0.63774815201759349 0.038648245856165893 208.50000000000003 16.500000000000004 0.37573529779911047 39.500000000000007 41.500000000000007 0.2981481552124024 0.10102041065692903 95.500000000000014 17.500000000000004 149.50000000000003 7.5000000000000009 9.5000000000000018 28.500000000000004 21.500000000000004 0.98971715569496166 0.12310606241226198 0.35313725471496588 1.5000000000000002 0.27218705415725714 0.37321428954601293 0.070197045803070082 2.5000000000000004 0.087815694510936751 8.5000000000000018 1.5000000000000002 61.500000000000007 9.5000000000000018 3.5000000000000004 0.28902275860309606 15.500000000000002 68.500000000000014 0.43050193786621099 9.5000000000000018 32.500000000000007 0.60097089409828197 0.9800662398338319 0.16397849470376971 0.39443081617355352 0.098780486732721343 52.500000000000007 54.500000000000007 50.500000000000007 82.500000000000014 0.43670067191123968 1.5000000000000002 4.5000000000000009 0.091431558132171645 0.22792208194732669 0.31057780981063848
decision_type=2 2 2 2 2 2 2 2 2 2 2 2 2 2 2 2 2 2 2 2 2 2 2 2 2 2 2 2 2 2 2 2 2 2 2 2 2 2 2 2 2 2 2 2 2 2 2 2 2 2 2 2 2 2 2 2 2 2 2 2 2 2
left_child=1 16 3 59 5 6 8 10 9 -2 -8 -10 -13 -14 -15 -6 17 -1 19 20 25 22 26 -20 -25 -18 29 -28 -29 31 56 32 -21 35 -35 -33 -36 44 40 48 -39 -41 43 -43 -27 46 -46 51 -40 -42 -51 -48 53 -44 -50 -38 57 -31 -37 -3 -61 -62
right_child=4 2 -4 -5 15 -7 7 -9 11 -11 -12 12 13 14 -16 -17 18 -19 23 21 -22 -23 -24 24 -26 37 27 28 -30 30 -32 33 -34 34 36 58 55 38 39 41 49 42 52 -45 45 -47 47 -49 54 50 -52 -53 -54 -55 -56 -57 -58 -59 -60 60 61 -63
leaf_value=0.0023418876901268957 -0.06472576074373837 0.053945739015803802 0.056597743039622027 -0.039464060034034611 0.032180644143792916 -0.063895810533847117 -0.048765994794666763 -0.091007285166531796 0.042834925381036899 0.0045855482124676139 0.016789366971625357 -0.040734582365187538 0.017084449309017508 -0.016717385018061238 0.034780005103406994 -0.02219684006755843 0.049147692770376554 0.065588937137396108 -0.016040603970063898 -0.0071212779211275506 -0.036007808476819524 -0.050577278439286014 0.046575362203786004 0.064332154065902744 0.0075810001460167595 -0.0057537765760700393 0.027101214484723864 0.02609882033923093 -0.040179514718907218 -0.00045909602085457125 -0.064180648048350122 -0.017909321760644716 -0.083136175853364608 0.0077055567384257413 -0.0057407380582051391 -0.0083389185628454585 -0.083143144000138419 -0.0077065116076597134 0.075278082953871422 -0.055548118486713906 0.096106735033067783 0.0044168486274980207 0.071533285078545242 -0.080930698757108885 -0.0076689670763507075 -0.023161156406176501 0.0077530581370558382 0.099409632888786931 0.039762319309576862 0.064943615977341926 0.0043079612053492488 0.062553270557209065 -0.0065200525663882316 0.0060908520386754707 -0.024152796152565215 -0.017891238160869651 0.019091696545947341 -0.045882723048643749 0.044032343708367332 -0.031082682700283571 -0.0067930089010278119 0.019749170083967534
leaf_weight=137 77 55 84 58 132 69 55 54 64 58 97 82 299 313 51 50 60 61 81 98 111 92 51 83 105 1930 182 50 104 101 95 97 50 181 93 55 60 69 52 64 54 73 58 56 110 86 158 50 61 71 67 56 166 78 53 50 63 156 138 88 221 699
leaf_count=137 77 55 84 58 132 69 55 54 64 58 97 82 299 313 51 50 60 61 81 98 111 92 51 83 105 1930 182 50 104 101 95 97 50 181 93 55 60 69 52 64 54 73 58 56 110 86 158 50 61 71 67 56 166 78 53 50 63 156 138 88 221 699
internal_value=1.20952e-05 0.00163065 0.0124821 0.00912887 -0.00792139 -0.0116834 -0.00849788 -0.0294248 -0.0039049 -0.0351328 -0.00709502 0.00134313 -0.00227391 0.0025371 -0.00942657 0.0172021 -0.00067894 0.0220588 -0.00150617 -0.00252489 0.00156099 -0.0108142 -0.00853182 0.0181191 0.0328438 0.00280799 -0.010347 0.00614752 -0.018631 -0.0148286 -0.0293026 -0.00749447 -0.0331876 -0.00181185 -0.0133023 0.0133966 -0.0319795 0.00195393 0.0114648 0.00130923 0.0370813 -0.00863717 -0.00155882 -0.0329708 -0.00171838 0.0151885 0.0240451 0.0372384 0.0308428 0.0531334 0.0357474 0.0223175 0.0119234 0.0343185 0.0100958 -0.0539116 -0.0187805 -0.0281024 0.0291418 0.0118148 0.00946483 0.0133728
internal_weight=8272 6871 1205 1121 1401 1219 1150 206 944 135 152 809 745 663 364 182 5666 198 5468 5199 3483 1716 1624 269 188 3372 1573 336 154 1237 415 822 148 674 384 290 203 3312 922 661 261 495 431 129 2390 460 374 264 166 192 138 214 302 136 114 110 320 257 193 1063 1008 920
internal_count=8272 6871 1205 1121 1401 1219 1150 206 944 135 152 809 745 663 364 182 5666 198 5468 5199 3483 1716 1624 269 188 3372 1573 336 154 1237 415 822 148 674 384 290 203 3312 922 661 261 495 431 129 2390 460 374 264 166 192 138 214 302 136 114 110 320 257 193 1063 1008 920
is_linear=0
shrinkage=0.03


Tree=150
num_leaves=63
num_cat=0
split_feature=8 79 26 37 35 188 32 100 119 100 109 209 75 111 245 230 12 181 63 114 114 112 8 76 149 10 218 258 43 111 104 26 216 216 67 163 49 8 233 125 65 178 96 139 93 254 65 125 195 116 133 8 3 34 188 236 236 236 135 194 220 260
split_gain=115.189 271.946 160.393 222.408 151.734 257.56 281.395 213.118 143.323 204.683 274.989 170.398 159.424 135.466 144.006 140.443 116.76 150.631 294.628 242.294 119.027 188.932 113.856 210.339 233.004 250.74 149.989 140.698 131.087 130.067 134.521 126.825 111.06 144.929 167.566 173.758 159.288 150.687 182.791 195.908 185.703 169.724 161.075 143.531 141.312 136.784 155.892 132.02 182.095 249.497 135.529 119.863 167.073 119.557 110.03 125.172 127.741 178.062 106.354 171.221 134.88 243.578
threshold=45.500000000000007 20.500000000000004 4.5000000000000009 0.17190241068601611 0.48678246140480047 1.0000000180025095e-35 4.5000000000000009 18.500000000000004 8.5000000000000018 10.500000000000002 56.500000000000007 52.500000000000007 124.50000000000001 0.26483158767223364 25.500000000000004 11.500000000000002 51.500000000000007 1.0000000180025095e-35 0.31905722618103033 0.63196727633476268 0.7783702313899995 0.30793420970439916 77.500000000000014 6.5000000000000009 81.500000000000014 21.500000000000004 38.500000000000007 84.500000000000014 0.92450141906738292 0.20530383288860324 1.0000000180025095e-35 1.5000000000000002 0.033150184899568565 0.12579113990068438 0.1179633140563965 2.5000000000000004 118.50000000000001 92.500000000000014 0.93541666865348827 9.5000000000000018 0.62818214297294628 20.500000000000004 0.079915966838598265 9.5000000000000018 0.42471814155578619 0.90046438574790966 0.84611311554908764 53.500000000000007 0.13423423469066623 0.074227120727300658 0.37049986422061926 57.500000000000007 61.500000000000007 0.29379986226558691 5.5000000000000009 0.41421568393707281 0.24357284605503085 0.21320346742868426 0.066352203488349928 0.49962963163852697 6.5000000000000009 13.500000000000002
decision_type=2 2 2 2 2 2 2 2 2 2 2 2 2 2 2 2 2 2 2 2 2 2 2 2 2 2 2 2 2 2 2 2 2 2 2 2 2 2 2 2 2 2 2 2 2 2 2 2 2 2 2 2 2 2 2 2 2 2 2 2 2 2
left_child=1 2 4 -4 7 -6 -7 8 9 12 -11 -10 16 14 15 22 -1 20 19 -19 21 -18 26 24 -24 -26 27 54 31 -29 -31 -25 47 37 44 36 43 38 39 40 -34 -40 -42 -36 -35 -39 -47 48 50 -50 53 52 -41 -15 55 56 57 -2 -45 -60 61 -61
right_child=13 -3 3 -5 5 6 -8 -9 11 10 -12 -13 -14 32 -16 -17 17 18 -20 -21 -22 -23 23 28 25 -27 -28 29 -30 30 -32 -33 33 34 35 -37 -38 45 41 51 42 -43 -44 58 -46 46 -48 -49 49 -51 -52 -53 -54 -55 -56 -57 -58 -59 59 60 -62 -63
leaf_value=-0.031219734499481188 -0.0033857480946147913 0.075580157431609479 -0.00078756698064113922 0.085796784951406357 0.027079372015124299 0.01155360615372939 -0.075730926316732963 0.063151833004269159 0.00082898316781639179 0.090848129364361957 -0.00073378288187086571 -0.063680347939632065 -0.042681924183270895 0.013770254048354484 -0.047428473227632204 0.036048266918283618 -0.0038546535253059116 0.022139140662205008 -0.012316510278371074 0.10052426862574759 -0.033328117656321085 0.047786814657350379 -0.0011710454256911027 0.013442974578250538 -0.097610971182584758 -0.021128927549151213 0.037351520638912915 -0.070471354679992562 0.035668823431645118 0.022905342093897316 -0.039084496500099701 -0.041052189104065495 -0.049722526269416284 -0.0048256974625324155 -0.036765189091948897 0.046121568121572032 -0.053453384586355901 0.0058072919778872365 0.011348179582634876 0.019671911535431342 -0.022076760976885754 -0.062356931874697853 0.033796503846242554 0.035558684054633666 -0.065854819038084572 -0.064797702085017908 -0.00078123737818428451 0.028642831590204011 -0.0082633308186045584 -0.081817217100316683 0.02694022303819656 0.016353446455248763 0.087705312463331894 -0.047119013087495283 0.030781686641275882 -0.038082081660469794 0.017200684929193813 -0.047288679090039483 -0.051919182619939629 0.00078051578347422502 -0.020042979220667754 0.061044996175915002
leaf_weight=66 1882 50 56 50 67 52 90 56 101 58 59 57 63 50 73 72 299 83 92 62 78 80 94 76 80 75 77 51 69 52 77 76 72 67 84 66 54 214 57 86 89 54 95 86 69 67 69 62 92 75 94 1263 52 67 83 93 255 86 51 237 130 80
leaf_count=66 1882 50 56 50 67 52 90 56 101 58 59 57 63 50 73 72 299 83 92 62 78 80 94 76 80 75 77 51 69 52 77 76 72 67 84 66 54 214 57 86 89 54 95 86 69 67 69 62 92 75 94 1263 52 67 83 93 255 86 51 237 130 80
internal_value=1.19386e-05 0.00747345 0.00510548 0.0404742 0.00232721 -0.0211323 -0.0439103 0.00659056 0.00365099 0.0080992 0.045051 -0.0226975 0.00279773 -0.00166729 -0.00605033 -0.00509127 0.00661889 0.0102571 0.0296104 0.0561145 0.000177761 0.00714299 -0.00605004 -0.0196446 -0.0384941 -0.0609762 -0.00363788 -0.00487569 0.00167076 -0.0303819 -0.0141124 -0.0138948 0.0024507 0.00448911 -0.00542079 -9.66375e-05 -0.00437952 0.00881293 0.0123725 0.0148724 -0.00923031 -0.024745 0.0067976 -0.000338499 -0.0360437 -0.00915203 -0.0325615 -0.0116204 -0.0182826 -0.0415869 0.00027128 0.01928 0.0457542 -0.0212018 -0.00295007 -0.0041717 -0.00273656 -0.00532731 0.00495485 -0.000390822 0.00559102 0.0161334
internal_weight=8272 1519 1469 106 1363 209 142 1154 1098 940 117 158 823 6753 3271 3198 760 694 237 145 457 379 3126 470 249 155 2656 2579 221 180 129 152 3482 3042 924 788 722 2118 1768 1657 256 111 184 668 136 350 136 440 378 167 211 1401 138 117 2399 2316 2223 1968 584 498 447 317
internal_count=8272 1519 1469 106 1363 209 142 1154 1098 940 117 158 823 6753 3271 3198 760 694 237 145 457 379 3126 470 249 155 2656 2579 221 180 129 152 3482 3042 924 788 722 2118 1768 1657 256 111 184 668 136 350 136 440 378 167 211 1401 138 117 2399 2316 2223 1968 584 498 447 317
is_linear=0
shrinkage=0.03


Tree=151
num_leaves=63
num_cat=0
split_feature=8 248 89 111 100 8 173 225 210 89 132 221 211 92 141 111 178 64 269 1 215 40 144 113 137 42 272 259 103 80 35 254 154 237 108 213 2 63 227 211 252 108 6 206 193 127 39 161 37 112 73 8 276 155 10 215 165 68 31 62 111 129
split_gain=109.291 171.674 323.458 159.835 160.744 171.142 351.894 436.362 429.034 319.413 358.128 133.681 133.135 173.423 131.84 181.642 156.319 136.448 144.766 132.511 140.778 127.252 203.44 253.297 156.615 137.112 133.096 127.063 121.795 200.364 259.63 151.332 154.429 119.605 112.814 111.978 109.392 253.395 136.488 154.795 116.688 106.485 146.067 153.278 197.589 120.522 116.949 127.075 137.905 166.432 104.768 163.161 145.733 116.585 118.792 110.644 103.461 108.56 109.182 181.401 134.306 187.702
threshold=75.500000000000014 6.5000000000000009 137.50000000000003 0.2286924943327904 4.5000000000000009 43.500000000000007 0.48074074089527136 12.500000000000002 2.5000000000000004 49.500000000000007 0.34296141564846044 3.5000000000000004 0.39263109862804418 0.44783893227577215 5.5000000000000009 0.32663163542747503 26.500000000000004 0.55440163612365734 76.500000000000014 32.500000000000007 0.26847471296787268 3.5000000000000004 2.5000000000000004 0.26488307118415838 0.2334890961647034 2.5000000000000004 0.40075758099555975 4.5000000000000009 1.0000000180025095e-35 17.500000000000004 0.36474287509918218 0.77743652462959301 0.6606234908103944 0.20900537073612216 4.5000000000000009 0.17694497108459475 50.500000000000007 0.27754436433315283 7.5000000000000009 0.25126262009143835 0.39620383083820349 9.5000000000000018 55.500000000000007 5.5000000000000009 0.45080643892288214 18.500000000000004 0.25027716159820562 1.5000000000000002 0.2179193124175072 0.40849363803863531 1.5000000000000002 58.500000000000007 0.083551485091447844 0.16074930131435397 26.500000000000004 0.19707640260457995 18.500000000000004 0.37057843804359442 195.50000000000003 0.26425938308238989 0.25500200688838964 70.500000000000014
decision_type=2 2 2 2 2 2 2 2 2 2 2 2 2 2 2 2 2 2 2 2 2 2 2 2 2 2 2 2 2 2 2 2 2 2 2 2 2 2 2 2 2 2 2 2 2 2 2 2 2 2 2 2 2 2 2 2 2 2 2 2 2 2
left_child=3 2 36 21 27 6 9 8 -8 -6 -11 12 13 14 17 56 -17 18 19 20 28 22 -1 -24 -25 -26 35 -5 29 30 -7 32 -30 -34 -33 -23 37 -2 41 -40 -39 45 -43 44 -44 -38 47 48 49 -45 51 53 -53 -37 -55 -52 57 58 59 -16 -60 -62
right_child=1 -3 -4 4 5 11 7 -9 -10 10 -12 -13 -14 -15 15 16 -18 -19 -20 -21 -22 26 23 24 25 -27 -28 -29 31 -31 -32 34 33 -35 -36 50 38 40 39 -41 -42 42 43 46 -46 -47 -48 -49 -50 -51 55 52 -54 54 -56 -57 -58 -59 60 -61 61 -63
leaf_value=-0.0039325445394871091 -0.080340379749735194 0.044797205835580826 -0.060830288842320432 0.0048590984976007827 0.0032726938202977179 0.0026458635841331937 0.026757945973891764 0.059751927497175825 -0.082713390865496228 0.038220694126340292 0.14811250846175586 -0.029592556434292944 0.046963631110648586 -0.036275659266640163 0.010682901265681721 0.069819321489796554 0.0043749902314609949 -0.035941535816576921 -0.040129028179529888 0.039198665939707389 0.048370109220536854 0.024622310650918411 0.075040755668147038 -0.029631741652670116 0.0054868415985256432 0.062465978408498421 0.027182300279382614 -0.037712769970063148 0.0025902184017184303 -0.031471872540010562 0.08146401662379503 -0.010951239622901289 -0.017229971420966973 -0.07497640472948551 0.041575471395153107 -0.035381711254537589 -0.0029466768032680576 -0.0204878627841013 0.056649483582642796 -0.010902030150283059 0.02927667056259356 -0.050949097041572841 -0.0043014368138142994 -0.039501923967314806 -0.081390683738984823 0.02241586074437946 0.037412325073391775 0.016685661103745753 -0.058033912682994487 0.023555358381975575 0.014505988519354645 -0.096560044835011169 -0.024815837979754979 -0.035436126117679205 0.019358047113781519 -0.038019700666056727 -0.027431300663050603 -0.018668837000805776 -0.0025912122630436427 0.069888511759942609 -0.0076198771192381772 0.028422345612878847
leaf_weight=1435 53 59 94 125 59 101 59 71 69 58 50 92 72 84 119 86 53 94 66 93 51 50 65 68 119 55 63 126 81 61 59 97 58 74 58 182 1074 165 72 52 56 83 69 68 52 199 64 131 62 82 117 53 50 54 100 51 65 102 466 76 179 471
leaf_count=1435 53 59 94 125 59 101 59 71 69 58 50 92 72 84 119 86 53 94 66 93 51 50 65 68 119 55 63 126 81 61 59 97 58 74 58 182 1074 165 72 52 56 83 69 68 52 199 64 131 62 82 117 53 50 54 100 51 65 102 466 76 179 471
internal_value=1.10923e-05 -0.00532653 -0.00658951 0.0022383 0.00647754 0.00833454 0.0275826 0.000588391 -0.0324377 0.0595543 0.0899886 0.00577116 0.00700216 0.0058753 0.00729981 0.0124068 0.0450752 -0.0019512 0.00208759 0.0059383 0.00105154 -0.00357327 0.000813242 0.0229371 0.00869105 0.0237515 -0.0141726 -0.0165765 -0.00312069 0.0144435 0.0320355 -0.0136793 -0.0300346 -0.0499233 0.00884443 -0.0181734 -0.00432956 -0.0220749 -0.00189836 0.0284608 -0.00780277 -0.00391056 -0.0141943 -0.00833114 -0.0378263 0.00103257 0.000508907 -0.0064656 -0.0207825 -0.0051029 -0.0217333 -0.0294285 -0.0623063 -0.0191949 3.9844e-05 -0.00156993 0.00930607 0.0110142 0.0133362 0.0339968 0.0096989 0.0185004
internal_weight=8272 2435 2376 5837 3375 3124 366 199 128 167 108 2758 2666 2594 2510 1617 139 893 799 733 640 2462 1742 307 242 174 720 251 589 221 160 368 213 132 155 657 2282 274 2008 124 221 1884 611 528 121 1273 407 343 212 150 607 439 103 336 154 168 1478 1413 1311 195 1116 650
internal_count=8272 2435 2376 5837 3375 3124 366 199 128 167 108 2758 2666 2594 2510 1617 139 893 799 733 640 2462 1742 307 242 174 720 251 589 221 160 368 213 132 155 657 2282 274 2008 124 221 1884 611 528 121 1273 407 343 212 150 607 439 103 336 154 168 1478 1413 1311 195 1116 650
is_linear=0
shrinkage=0.03


Tree=152
num_leaves=63
num_cat=0
split_feature=8 85 111 7 156 245 246 129 120 118 136 178 233 273 229 273 115 196 7 131 164 189 36 274 113 45 135 12 225 226 181 95 232 256 103 195 12 117 197 111 7 200 110 129 196 21 111 114 150 43 251 254 91 217 167 33 168 179 195 132 14 134
split_gain=104.849 189.574 130.825 159.87 254.453 134.893 223.347 197.441 217.748 254.157 188.62 243.56 147 184.693 285.095 213.23 213.869 170.291 162.661 153.391 145.914 139.172 131.132 155.714 130.079 348.79 293.216 346.527 148.903 182.271 191.176 582.918 265.213 164.528 153.913 162.359 123.045 126.047 149.292 172.486 171.423 156.417 139.545 134.604 121.659 132.491 147.694 117.98 115.7 115.324 112.102 176.863 112.006 139.125 111.65 104.397 102.906 144.004 149.098 154.283 163.898 142.071
threshold=54.500000000000007 66.500000000000014 0.26483158767223364 35.500000000000007 0.029055860824882988 24.500000000000004 3.5000000000000004 88.500000000000014 18.500000000000004 80.500000000000014 0.086479108780622496 21.500000000000004 0.43534001708030706 0.33936762809753424 16.500000000000004 0.36749699711799627 0.1786896884441376 0.031754031777381904 71.500000000000014 0.25416782498359686 1.0000000180025095e-35 17.500000000000004 0.73275536298751842 0.84943854808807384 0.56773442029953014 159.50000000000003 0.088365435600280776 66.500000000000014 10.500000000000002 4.5000000000000009 1.5000000000000002 0.14326765388250354 0.22767145186662677 0.090326342731714263 1.5000000000000002 0.16064515709877017 44.500000000000007 0.15610665082931521 0.22653958946466449 0.18715659528970721 68.500000000000014 5.5000000000000009 5.5000000000000009 22.500000000000004 0.12973351776599887 10.500000000000002 0.27575154602527624 0.72210130095481884 20.500000000000004 0.8169856369495393 0.27308239042758947 0.95667830109596264 0.28412196040153509 0.21767000854015353 3.5000000000000004 0.24979338794946673 4.5000000000000009 1.0000000180025095e-35 0.10960961133241655 0.4591378271579743 47.500000000000007 0.78370174765586864
decision_type=2 2 2 2 2 2 2 2 2 2 2 2 2 2 2 2 2 2 2 2 2 2 2 2 2 2 2 2 2 2 2 2 2 2 2 2 2 2 2 2 2 2 2 2 2 2 2 2 2 2 2 2 2 2 2 2 2 2 2 2 2 2
left_child=1 24 3 4 -2 6 7 8 9 12 -8 -12 13 14 19 -15 17 -17 -14 21 52 54 -13 -24 28 26 -26 -28 29 36 32 -32 -31 -33 35 -30 -1 43 50 -40 41 -41 -43 -38 45 -34 -47 -36 -9 -10 -39 -52 53 -19 -5 -49 57 -4 -59 60 -60 -62
right_child=2 -3 56 5 -6 -7 10 48 49 -11 11 22 18 15 -16 16 -18 20 -20 -21 -22 -23 23 -25 25 -27 27 -29 34 30 31 33 44 -35 47 -37 37 38 39 40 -42 42 -44 -45 -46 46 -48 55 -50 -51 51 -53 -54 -55 -56 -57 -58 58 59 -61 61 -63
leaf_value=0.037776973815634843 0.0090529282174327142 0.053228381070452677 -0.015993501436519057 0.049105484436131698 -0.076443032533735841 -0.052230612559582702 0.035835872783884407 -0.04283444015094294 0.010453866547702447 -0.067116819963391333 -0.060339308359994077 0.0440997095213412 -0.046099019336203736 0.059554970121464212 -0.057527705852676608 -0.022171079948284596 -0.040550465515474428 0.092222491335481965 0.0076054718529310408 -0.032614698101367273 -0.017022934106940571 -0.015494027752982507 -0.031139666961306437 0.034538292960386796 -0.042489840116681929 0.080309558372688813 0.081809759721869504 -0.013767183184623716 -0.010939114378957912 0.064114517197859544 0.12107096431162689 -0.025393774517528389 -0.023153681437734788 0.044528272924686058 -0.034054640601287878 -0.083752926174137321 0.0024126933195774965 -0.012098711057573354 -0.015931505273226707 -0.012708586416112543 -0.021756884607835671 0.08296220602866794 0.024334676911207762 0.05734219653145322 -0.020484829409080637 0.0096001510940039066 0.065856699354660056 -0.0072251668120734396 -0.0081347782498536018 0.066952027717933946 -0.082181953014805909 -0.013414992689065736 0.0051549512262527757 0.02989970667908589 -0.0056220958752629269 0.047436262905024562 -0.011740920661429829 0.016157455722638298 -0.036507759298501391 -0.037454261623322965 -0.0058819979486017396 0.013423815795596546
leaf_weight=63 54 70 295 96 73 54 199 220 91 62 52 72 143 73 103 85 77 51 78 97 54 100 83 52 78 70 62 74 57 65 57 68 81 53 68 53 166 256 306 58 79 55 109 52 170 221 51 79 143 50 63 72 64 89 51 51 446 867 88 89 583 831
leaf_count=63 54 70 295 96 73 54 199 220 91 62 52 72 143 73 103 85 77 51 78 97 54 100 83 52 78 70 62 74 57 65 57 68 81 53 68 53 166 256 306 58 79 55 109 52 170 221 51 79 143 50 63 72 64 89 51 51 446 867 88 89 583 831
internal_value=1.09759e-05 0.00485262 -0.00234461 -0.00769157 -0.0403037 -0.00582459 -0.00465434 -0.00959355 -0.00435153 -0.00842823 0.0139505 -0.0029381 -0.00523906 -5.35212e-05 -0.0140025 0.0125967 0.00431284 0.0144728 -0.0271956 -0.000841317 0.0265844 0.0117177 0.0117023 -0.00577355 0.00354878 0.0226904 0.00355711 0.0300838 0.00122979 0.00416087 0.015724 0.0428741 0.00744623 0.00534718 -0.018182 -0.0464606 -0.00277122 -0.0049013 -0.00941636 -9.64334e-05 0.0160011 0.0294748 0.04438 0.0157172 0.000294416 0.010331 0.0203508 -0.00231707 -0.0292248 0.0308191 -0.0238477 -0.0458746 0.0381542 0.0530961 0.0302087 0.0144173 0.00161121 0.0037778 0.00615621 0.000699406 0.00298359 0.00546539
internal_weight=8272 2707 5565 2366 127 2239 2185 1727 1364 1223 458 259 1161 940 447 493 420 343 221 344 258 247 207 135 2637 284 214 136 2353 2045 766 178 588 121 308 110 1279 1216 998 607 301 222 164 218 523 353 272 198 363 141 391 135 204 140 147 130 3199 2753 2458 1591 1502 1414
internal_count=8272 2707 5565 2366 127 2239 2185 1727 1364 1223 458 259 1161 940 447 493 420 343 221 344 258 247 207 135 2637 284 214 136 2353 2045 766 178 588 121 308 110 1279 1216 998 607 301 222 164 218 523 353 272 198 363 141 391 135 204 140 147 130 3199 2753 2458 1591 1502 1414
is_linear=0
shrinkage=0.03


Tree=153
num_leaves=63
num_cat=0
split_feature=8 111 30 159 58 237 113 20 20 146 149 95 2 254 114 19 181 135 40 237 13 65 180 219 113 123 66 114 265 4 29 137 36 230 273 14 37 114 46 173 171 245 270 256 67 90 133 56 152 33 8 113 108 77 63 10 88 94 172 155 123 58
split_gain=105.276 140.084 319.412 176.522 196.889 269.636 180.234 173.02 314.772 343.335 258.115 236.792 185.168 234.154 267.173 283.507 205.155 258.713 183.001 170.271 166.972 140.482 138.317 146.597 201.57 300.598 141.699 137.681 136.339 134.042 133.931 132.657 123.929 123.202 291.897 121.143 133.092 129.934 110.486 109.429 104.064 94.9951 94.7878 84.4417 168.454 148.168 175.39 189.374 139.792 148.022 174.468 337.731 160.68 163.478 182.738 136.938 133.546 135.646 132.821 221.506 179.72 152.767
threshold=84.500000000000014 0.29046043753623968 50.500000000000007 1.5000000000000002 6.5000000000000009 0.080540537834167494 0.44494949281215673 318.50000000000006 227.50000000000003 23.500000000000004 257.50000000000006 0.21070533245801928 43.500000000000007 1.2030469179153445 1.1452763080596926 26.500000000000004 1.5000000000000002 0.0372685194015503 1.5000000000000002 0.096006143838167204 68.500000000000014 0.80721527338027965 12.500000000000002 10.500000000000002 0.43494854867458349 4.5000000000000009 0.051064753904938705 0.63774815201759349 35.500000000000007 48.500000000000007 156.50000000000003 0.24452438205480578 0.80462363362312328 11.500000000000002 0.35316231846809393 48.500000000000007 0.25539679825305944 1.0497816801071169 113.50000000000001 0.63060426712036144 0.4629120826721192 6.5000000000000009 3.5000000000000004 0.10102041065692903 0.096632707864046111 1.5000000000000002 0.29442724585533148 28.500000000000004 0.37935706973075872 0.24684341251850131 40.500000000000007 0.31838294863700872 1.5000000000000002 0.97108417749404918 0.30385951697826391 14.500000000000002 1.5000000000000002 0.72963166236877453 0.34330357611179357 0.062640134245157256 1.0000000180025095e-35 16.500000000000004
decision_type=2 2 2 2 2 2 2 2 2 2 2 2 2 2 2 2 2 2 2 2 2 2 2 2 2 2 2 2 2 2 2 2 2 2 2 2 2 2 2 2 2 2 2 2 2 2 2 2 2 2 2 2 2 2 2 2 2 2 2 2 2 2
left_child=1 30 3 -3 5 -5 19 8 9 12 -9 31 -8 14 16 -16 17 -14 -19 -6 -12 -18 23 26 -25 32 -2 -28 35 38 33 -10 -26 40 -35 -29 37 39 -21 -37 43 -39 -31 48 45 -45 -47 55 49 52 51 -51 -1 -54 -55 -48 57 -52 59 -46 -60 -62
right_child=22 2 -4 4 6 -7 7 10 11 -11 20 -13 13 -15 15 -17 21 18 -20 29 -22 -23 -24 24 25 -27 27 28 -30 42 -32 -33 -34 34 -36 36 -38 41 -40 -41 -42 -43 -44 44 58 46 47 -49 -50 50 56 -53 53 54 -56 -57 -58 -59 60 -61 61 -63
leaf_value=0.013823821734728233 -0.042592391294495366 -0.0440858151987195 0.071895724740411546 0.096555573071639686 -0.01823105846722187 0.00039454451865620087 -0.046833120413400507 0.060575619534540333 -0.047554312845071153 0.063408203199505797 -0.044720019019312329 -0.086017891131341451 -0.034396380620698136 0.050279224059701734 0.0018821502888380591 -0.08569306040043706 -0.057608818016567469 0.071634962019425902 0.011595975562315626 0.080902596280763017 0.029557043095203964 0.01020528078580705 0.035270956967312556 -0.071294599747657769 0.041381120237844203 -0.071655261226675732 0.036444119559247284 -0.051145892234688455 0.036067468644503282 -0.0063350687159691001 -0.042076414276147264 0.018695968559519809 -0.016799132687164778 -0.026341524037690658 0.064803530590820918 -0.0018515422012812146 -0.042070126245623521 0.0028841814496478094 0.02320984967626058 -0.041233155063043037 -0.035885466038200413 0.058334196929891523 0.044618820967152716 0.010826447678745285 -0.044264555636205169 -0.05777182905934751 0.042519797899149121 -0.035722540913920964 -0.023487779233067975 -0.0048489096733656803 0.0028566453163512053 0.10021616405674388 0.013151787226856912 -0.020185408419818387 0.0054469724667951525 -0.014032085823932106 0.013849433245516763 -0.054091090451587331 0.022077944675541441 0.01826822904697447 -0.037949777587671721 -0.0040732488091638746
leaf_weight=484 81 59 69 51 65 53 80 94 53 74 53 67 53 76 66 66 58 87 96 75 54 51 64 74 64 54 78 54 67 79 69 54 66 52 78 539 78 60 51 71 75 51 55 120 56 119 63 191 176 54 119 55 308 738 378 96 809 54 137 485 188 328
leaf_count=484 81 59 69 51 65 53 80 94 53 74 53 67 53 76 66 66 58 87 96 75 54 51 64 74 64 54 78 54 67 79 69 54 66 52 78 539 78 60 51 71 75 51 55 120 56 119 63 191 176 54 119 55 308 738 378 96 809 54 137 485 188 328
internal_value=1.11708e-05 0.00153965 0.0091901 0.00639024 0.00838903 0.0480209 0.00542757 -0.000463613 -0.00619902 0.00271375 0.0245814 -0.0422221 -0.00447047 0.00173142 -0.00609267 -0.0422205 0.00781224 0.0235075 0.0403733 0.0249819 -0.00730781 -0.026075 -0.00748079 -0.00955208 -0.029822 -0.0128476 -0.0046822 -0.00156576 -0.00482441 0.0358136 -0.000858261 -0.0142561 0.0119407 -0.000299367 0.0284227 -0.00807479 -0.00510356 -0.00105167 0.0579174 -0.00649529 -0.00104674 0.0286546 0.0147544 -0.000512606 -0.00573529 -0.0188495 -0.0264493 -0.0156655 0.00242121 0.00394903 0.0127575 0.0485947 -0.00109175 -0.00616752 -0.0115064 0.00850097 0.00873431 -0.0151277 0.000744292 0.0117256 -0.00835757 -0.0164654
internal_weight=8272 6871 1639 1570 1511 104 1407 1082 881 707 201 174 633 553 477 132 345 236 183 325 107 109 1401 1337 258 184 1079 998 920 260 5232 107 130 5163 130 853 799 721 126 610 5033 111 134 4958 1783 589 469 350 3175 2999 1091 109 1908 1424 1116 159 982 173 1194 541 653 516
internal_count=8272 6871 1639 1570 1511 104 1407 1082 881 707 201 174 633 553 477 132 345 236 183 325 107 109 1401 1337 258 184 1079 998 920 260 5232 107 130 5163 130 853 799 721 126 610 5033 111 134 4958 1783 589 469 350 3175 2999 1091 109 1908 1424 1116 159 982 173 1194 541 653 516
is_linear=0
shrinkage=0.03


Tree=154
num_leaves=63
num_cat=0
split_feature=13 180 136 263 265 60 272 94 14 191 195 135 8 122 112 229 181 276 273 113 238 112 198 157 249 117 148 25 112 58 246 130 196 105 220 48 258 193 272 21 124 209 174 232 254 19 105 104 227 261 112 76 255 234 174 48 112 56 114 131 143 147
split_gain=103.421 172.946 169.427 203.65 279.514 214.221 163.745 256.88 227.046 214.496 162.132 362.892 161.616 210.702 192.931 170.438 179.241 174.568 167.803 160.479 291.188 153.489 140.53 175.304 147.903 166.714 132.917 122.742 145.769 136.395 197.171 192.912 204.697 176.018 168.593 167.706 138.941 136.022 175.557 130.84 208.272 213.136 149.977 143.976 130.8 127.927 127.167 126.973 125.352 121.847 174.98 153.33 171.889 137.377 257.361 120.536 193.63 122.776 201.55 120.144 151.078 119.38
threshold=67.500000000000014 12.500000000000002 0.072595518082380309 3.5000000000000004 34.500000000000007 77.500000000000014 0.38651514053344732 0.84187713265419017 59.500000000000007 0.31072796881198889 0.072299651801586165 0.080178570002317442 54.500000000000007 1.0000000180025095e-35 0.43775826692581182 10.500000000000002 1.5000000000000002 0.078541532158851637 0.52679425477981578 0.76253134012222301 16.500000000000004 0.43775826692581182 80.500000000000014 0.29071223735809332 8.5000000000000018 0.34634424746036535 16.500000000000004 32.500000000000007 0.514928698539734 16.500000000000004 8.5000000000000018 4.5000000000000009 0.10582306981086732 22.500000000000004 5.5000000000000009 0.99209710955619823 32.500000000000007 0.69337606430053722 0.34391801059246069 11.500000000000002 1.0000000180025095e-35 39.500000000000007 0.69502153992652904 0.39415280520915991 0.66717666387557995 42.500000000000007 44.500000000000007 1.0000000180025095e-35 5.5000000000000009 2.5000000000000004 0.42131063342094427 5.5000000000000009 0.13921189308166507 1.2417478561401369 1.0981408357620241 0.98751115798950206 0.39862503111362463 31.500000000000004 0.69219493865966808 0.28793938457965856 12.500000000000002 13.500000000000002
decision_type=2 2 2 2 2 2 2 2 2 2 2 2 2 2 2 2 2 2 2 2 2 2 2 2 2 2 2 2 2 2 2 2 2 2 2 2 2 2 2 2 2 2 2 2 2 2 2 2 2 2 2 2 2 2 2 2 2 2 2 2 2 2
left_child=1 2 3 4 49 -5 10 8 -8 21 22 -12 15 14 18 -13 17 -17 -14 27 -21 -9 23 61 -25 -26 -11 28 29 35 31 46 34 -34 45 37 44 55 -39 -38 41 -41 -43 -42 47 48 -31 -37 -33 53 51 52 -51 54 -1 57 -57 -2 -59 60 -35 -4
right_child=19 -3 6 5 -6 -7 7 9 -10 26 11 12 13 -15 -16 16 -18 -19 -20 20 -22 -23 -24 24 25 -27 -28 -29 -30 30 -32 32 33 59 -36 36 39 38 -40 40 43 42 -44 -45 -46 -47 -48 -49 -50 50 -52 -53 -54 -55 -56 56 -58 58 -60 -61 -62 -63
leaf_value=0.0013412335227142528 0.0038499463851809825 0.048165904997618171 -0.036881500526020926 0.074582239406073794 -0.06149789821426823 0.012724098286680167 0.091114529284738718 -0.0017430614424266025 0.0076307969814852659 -0.0010614302903413772 0.068353055735880672 -0.021932505567212462 -0.023073887448782075 0.017150148745988393 0.019414159015259322 0.041108926008339035 0.061417893687399423 -0.017972594231222438 -0.080179880048447061 0.012470513182607564 -0.082979723353122092 -0.058393270709822254 -0.065718150830669508 -0.0017362696822885782 -0.087771473107454562 -0.021170540593220325 0.061581677978947043 -0.045126763053427818 0.047420786139037871 0.0064626623503942467 0.056307482773163275 0.0093720913287252197 -0.076148731691873292 0.024756452990695833 0.025659624655923707 0.0032497888021522535 -0.058899906901270144 -0.0025254418495466416 -0.068659051226708914 0.045713621188814821 -0.060775804744603541 -0.061052359879455148 0.003306348797875446 -0.0057120088848930141 0.021192361341565845 -0.052872754803134331 0.045330221349097512 -0.046713084915514895 -0.032824170333490277 0.064361932842895903 0.072522833205590193 -0.0034345794496156517 -0.0026175557269618429 -0.040729192742070215 0.066865502564429219 0.007198064206866547 0.068771564646771088 -0.074338850299553838 -0.0069721026634697843 -0.054719594534486528 -0.030751113256669998 0.0061355609863065182
leaf_weight=773 626 76 71 84 52 125 61 141 56 59 65 96 384 161 84 79 81 102 52 54 60 61 52 72 68 68 62 58 53 1183 60 219 58 80 173 105 99 96 57 64 129 50 90 64 124 53 80 80 88 86 54 185 57 60 57 239 56 50 186 59 96 299
leaf_count=773 626 76 71 84 52 125 61 141 56 59 65 96 384 161 84 79 81 102 52 54 60 61 52 72 68 68 62 58 53 1183 60 219 58 80 173 105 99 96 57 64 129 50 90 64 124 53 80 80 88 86 54 185 57 60 57 239 56 50 186 59 96 299
internal_value=1.06283e-05 0.00366418 0.00273907 0.0103734 0.00601512 0.0378225 -0.00264657 0.0136783 0.0515598 -0.000160301 -0.00679447 0.000138643 -0.00419048 -0.0127631 -0.0220399 0.0121068 0.0246152 0.00789855 -0.0300526 -0.00306845 -0.0380512 -0.0190537 -0.0189249 -0.0146089 -0.036573 -0.0548686 0.0312784 -0.00214841 -0.00156067 -0.00218046 0.00314182 0.00158859 -0.00967761 -0.0297739 0.00140478 -0.00758724 -0.0183546 -0.000961729 -0.0274493 -0.0281761 -0.0203858 0.000773623 -0.0199489 -0.0426399 -0.00254915 -0.0102898 0.0089585 -0.0184908 -0.00279056 0.00882123 0.0229702 0.0146165 0.037831 0.00272933 0.00591614 0.00256163 0.0190794 -0.00310678 -0.0214982 -0.0180541 -0.00552308 -0.00219623
internal_weight=8272 3783 3707 1533 1324 209 2174 440 117 323 1734 1104 1039 681 520 358 262 181 436 4489 114 202 630 578 208 136 121 4375 4317 4264 2149 2089 826 293 533 2115 805 1310 153 496 397 204 140 193 309 360 1263 185 307 1272 382 328 143 890 830 1157 295 862 236 235 176 370
internal_count=8272 3783 3707 1533 1324 209 2174 440 117 323 1734 1104 1039 681 520 358 262 181 436 4489 114 202 630 578 208 136 121 4375 4317 4264 2149 2089 826 293 533 2115 805 1310 153 496 397 204 140 193 309 360 1263 185 307 1272 382 328 143 890 830 1157 295 862 236 235 176 370
is_linear=0
shrinkage=0.03


Tree=155
num_leaves=63
num_cat=0
split_feature=13 180 136 211 87 28 263 265 41 172 41 1 269 112 14 2 132 13 274 194 214 116 132 131 62 115 31 118 75 114 34 192 232 261 112 172 48 234 174 34 119 195 47 99 207 114 134 255 174 196 72 216 43 143 5 91 43 219 4 76 256 68
split_gain=97.429 162.855 159.52 210.193 245.677 256.023 191.742 263.292 203.792 244.003 175.749 201.486 172.173 182.133 160.755 244.632 224.218 274.888 180.85 176.941 196.768 172.685 167.003 156.029 134.827 134.817 194.751 227.807 168.583 149.337 117.165 121.983 116.839 114.755 164.839 165.234 131.417 129.387 242.414 111.63 110.785 110.526 109.222 107.302 105.618 151.164 137.912 135.552 131.77 116.828 154.143 136.935 176.315 140.072 158.364 196.5 156.729 143.269 166.578 135.632 132.9 131.373
threshold=67.500000000000014 12.500000000000002 0.072595518082380309 0.31158185005187994 15.500000000000002 26.500000000000004 3.5000000000000004 34.500000000000007 1.0000000180025095e-35 0.38013136386871343 1.5000000000000002 27.500000000000004 85.500000000000014 0.32510161399841314 59.500000000000007 71.500000000000014 0.37150664627552038 54.500000000000007 0.72178319096565258 0.86371782422065746 0.88245883584022533 0.18780940771102908 0.32437589764595037 0.34802019596099859 0.22874354571104052 0.31838294863700872 260.50000000000006 55.500000000000007 48.500000000000007 1.1184247732162478 0.29634092748165136 0.25962962210178381 0.60357144474983226 2.5000000000000004 0.42131063342094427 0.27681992948055273 0.99049127101898204 1.2417478561401369 1.0981408357620241 0.3404406756162644 10.500000000000002 0.096006143838167204 5.5000000000000009 11.500000000000002 2.5000000000000004 0.3502978533506394 0.54241031408309948 1.0000000180025095e-35 1.3715796470642092 0.022991543635725979 0.41428571939468389 0.032522473484277732 0.85334530472755443 15.500000000000002 69.500000000000014 0.33489097654819494 0.7923850715160371 16.500000000000004 30.500000000000004 57.500000000000007 0.11834733933210374 0.16875293105840686
decision_type=2 2 2 2 2 2 2 2 2 2 2 2 2 2 2 2 2 2 2 2 2 2 2 2 2 2 2 2 2 2 2 2 2 2 2 2 2 2 2 2 2 2 2 2 2 2 2 2 2 2 2 2 2 2 2 2 2 2 2 2 2 2
left_child=1 2 6 12 10 -6 7 33 9 -8 11 -5 14 -14 15 16 22 -18 23 20 39 24 30 -16 -17 29 27 28 43 32 -4 -32 44 37 35 36 -35 38 -1 -20 -34 -37 -24 -27 47 46 -46 -2 49 61 59 52 -52 54 55 57 -56 58 -53 -51 -55 -47
right_child=25 -3 3 4 5 -7 8 -9 -10 -11 -12 -13 13 -15 18 21 17 -19 19 -21 -22 -23 42 -25 -26 26 -28 -29 -30 -31 31 -33 40 34 -36 41 -38 -39 -40 -41 -42 -43 -44 -45 45 48 -48 -49 -50 50 51 53 -54 60 56 -57 -58 -59 -60 -61 -62 -63
leaf_value=0.0013010485965375925 -0.00022628358200840328 0.046739693700771343 -0.0057999681501704099 -0.050532274857163426 0.086057783085349449 0.012609040059773161 0.022144097355273316 -0.059687771251741441 0.0056454190937341138 0.11212259909926126 0.036541330202349592 0.015646297904094317 -6.7593315222733442e-05 -0.064282652893630055 -0.017703186741168112 0.032543513601737434 0.0039072198744090096 0.096526137051674038 -0.016074006417766212 0.029075775708954192 -0.056322775322266601 -0.062801093247924322 0.0074269119605165105 -0.072320416773167931 -0.023636950862038736 -0.02366953020516251 0.017217315009117801 -0.084644087390193051 -0.055445642338498781 0.03650871003729772 0.074378139760552187 0.016835611003733587 -0.0024224739912897348 0.012933497991351808 0.070386705470356067 0.022236546581667481 0.078025139702378579 -0.039527348250028536 0.064894123520573666 0.037124171199612928 -0.062961062721230768 -0.020666987835703528 -0.050688825493394318 0.032884058858556997 0.0015040853170349316 -0.033405163245615217 -0.064306869883813081 0.051702173205092551 -0.0441952598469652 -0.0082438897949397294 0.008985681449427553 0.062121377122752813 -0.048428963841309389 0.0050837286575810027 0.069109385121362596 -0.034921266440302128 0.017086586136652461 -0.034284551593546687 0.01315292284237045 0.037308799327020678 -0.049040382268731711 -0.004275011042106933
leaf_weight=773 114 76 84 89 73 102 58 52 100 51 69 76 70 91 516 60 52 64 84 151 65 58 57 51 103 62 87 61 68 90 53 88 54 60 54 98 52 60 57 60 54 118 58 57 50 180 66 74 63 1155 114 67 82 123 88 79 128 51 794 61 60 607
leaf_count=773 114 76 84 89 73 102 58 52 100 51 69 76 70 91 516 60 52 64 84 151 65 58 57 51 103 62 87 61 68 90 53 88 54 60 54 98 52 60 57 60 54 118 58 57 50 180 66 74 63 1155 114 67 82 123 88 79 128 51 794 61 60 607
internal_value=9.61508e-06 0.00355575 0.00265803 -0.00256778 0.0167848 0.0435625 0.0100658 0.00583686 0.0367003 0.0648807 -0.00334148 -0.0201394 -0.00705927 -0.0365358 -0.00407967 0.00702779 0.0195694 0.0553956 -0.0121904 0.00443351 -0.0134239 -0.0188214 0.00721968 -0.0227345 -0.00288469 -0.00297893 -0.0212573 -0.0347694 -0.0181365 -0.00150011 0.0222203 0.0388365 -0.00235061 0.00856032 0.0222914 0.0141834 0.0435777 0.00264838 0.00574112 0.00619506 -0.0329917 -0.00118873 -0.0220679 0.00346746 -0.00150597 -0.00260302 -0.0361697 0.020379 -0.00152722 -0.000766136 0.00210314 0.00826207 -0.0151586 0.0115731 0.0152808 0.0101858 0.0385019 0.0141271 0.0170311 -0.00592998 -0.012832 -0.0109715
internal_weight=8272 3783 3707 2174 409 175 1533 1324 209 109 234 165 1765 161 1604 677 456 116 927 360 209 221 340 567 163 4489 335 248 187 4154 225 141 4064 1272 382 328 112 890 830 144 108 216 115 119 3956 3768 116 188 3652 3589 2802 1586 196 1390 1207 991 216 912 861 1216 183 787
internal_count=8272 3783 3707 2174 409 175 1533 1324 209 109 234 165 1765 161 1604 677 456 116 927 360 209 221 340 567 163 4489 335 248 187 4154 225 141 4064 1272 382 328 112 890 830 144 108 216 115 119 3956 3768 116 188 3652 3589 2802 1586 196 1390 1207 991 216 912 861 1216 183 787
is_linear=0
shrinkage=0.03


Tree=156
num_leaves=63
num_cat=0
split_feature=8 3 112 63 167 77 267 228 18 136 249 35 36 112 229 215 266 188 12 236 266 125 85 13 86 150 35 51 129 197 265 151 275 151 107 111 279 111 273 115 167 114 39 33 111 247 156 116 79 274 212 104 113 117 234 8 279 11 159 77 111 258
split_gain=102.448 150.81 353.517 181.816 131.687 165.181 135.082 137.467 155.377 134.475 129.796 132.555 154.75 138.286 116.599 209.718 188.071 135.913 120.206 117.931 307.107 157.299 170.134 157.344 197.725 219.06 193.215 153.671 188.381 147.195 146.012 173.243 160.416 144.137 307.697 215.094 205.65 199.043 143.45 142.061 141.131 139.216 139.206 127.417 117.083 116.17 112.305 149.254 111.15 165.086 134.815 148.655 109.819 109.329 108.296 115.452 130.32 113.284 177.037 111.37 105.137 222.23
threshold=72.500000000000014 72.500000000000014 0.41827458143234258 0.25967782735824591 7.5000000000000009 0.97424843907356273 9.5000000000000018 2.5000000000000004 35.500000000000007 0.0835828371345997 55.500000000000007 0.26738430559635168 0.59514790773391735 0.22767145186662677 36.500000000000007 0.19895833730697635 17.500000000000004 5.5000000000000009 64.500000000000014 0.3514705896377564 5.5000000000000009 66.500000000000014 50.500000000000007 67.500000000000014 14.500000000000002 7.5000000000000009 0.49135440587997442 17.500000000000004 88.500000000000014 0.25290697813034063 17.500000000000004 0.23156555742025378 0.22163742780685428 0.27694551646709448 4.5000000000000009 0.35505092144012457 195.50000000000003 0.31271257996559149 0.27622890472412115 0.15133897215127948 5.5000000000000009 0.93604674935340892 0.30439612269401556 0.20621778070926669 0.25568476319313055 10.500000000000002 0.096856482326984419 0.055777778849005706 8.5000000000000018 0.82361701130867015 0.38364128768444067 1.0000000180025095e-35 0.24037037044763568 0.32515059411525732 0.97665730118751537 66.500000000000014 216.50000000000003 53.500000000000007 4.5000000000000009 0.9665265977382661 0.24642784148454669 37.500000000000007
decision_type=2 2 2 2 2 2 2 2 2 2 2 2 2 2 2 2 2 2 2 2 2 2 2 2 2 2 2 2 2 2 2 2 2 2 2 2 2 2 2 2 2 2 2 2 2 2 2 2 2 2 2 2 2 2 2 2 2 2 2 2 2 2
left_child=1 14 3 -3 5 9 -7 8 -8 -5 11 -2 -13 -14 16 -16 17 19 -19 21 53 22 23 24 33 -26 27 30 38 -24 32 43 -25 35 -35 37 -36 41 -29 -33 -28 44 48 -32 54 52 47 -46 49 -40 51 -50 -15 -21 55 56 59 -58 -59 -1 61 -54
right_child=10 2 -4 4 -6 6 7 -9 -10 -11 -12 12 13 45 15 -17 -18 18 -20 20 -22 -23 29 26 25 -27 40 28 -30 -31 31 39 -34 34 36 -37 -38 -39 42 -41 -42 -43 -44 -45 46 -47 -48 -49 50 -51 -52 -53 60 -55 -56 -57 57 58 -60 -61 -62 -63
leaf_value=0.016897063844256453 -0.044163658675986907 0.048736939041807155 0.070941058095544574 0.06911940452083945 -0.035011598770565623 -0.026793258595383829 0.06344962205949492 -0.017103446011157597 -0.0061582314158574892 0.0034712214845543103 -0.049054081342343625 0.036727969507718908 -0.051911604934424725 0.038823586311549516 -0.0022033323845826089 0.065232487918566104 -0.051475822585634885 -0.0030069865248465943 0.053818042506522765 -0.01952041532844305 -0.072885241842595858 0.037931604435046513 -0.055102590889699994 -0.0059827198117950739 0.085097001925110813 0.0063492870982736344 -0.01783367267095369 0.06502703801625305 -0.018851164152762692 -0.00048001748184825098 -0.032114385751713263 -0.023067315298524731 0.040397445277808468 -0.015439154941360559 0.003595390455687747 -0.053598238452067293 0.078438329440446528 0.055614522810847979 0.0093306783174493292 -0.084879257392078147 -0.076051612908349317 -0.043229739038182086 0.049387773067890842 0.022646284968072136 0.047919069176109934 0.027069283596088959 0.048192890199658632 -0.01404680672510762 -0.018670991662571107 -0.054452613545091531 0.06004985384507612 0.039437372689135372 0.024137223327861113 0.029580118659831265 -0.037310647591715679 -0.030262329015494419 -0.0035317091643082676 0.010429739984830743 0.073325108371045375 -0.011062602304900708 -0.0030071456709809289 -0.038645751962719466
leaf_weight=181 70 81 89 59 78 134 65 84 51 53 57 86 52 51 104 68 63 58 78 95 71 98 92 832 59 68 145 53 156 85 75 75 72 97 50 61 97 62 101 61 50 60 78 76 51 110 90 106 94 56 54 67 67 70 69 93 95 94 70 433 2121 201
leaf_count=181 70 81 89 59 78 134 65 84 51 53 57 86 52 51 104 68 63 58 78 95 71 98 92 832 59 68 145 53 156 85 75 75 72 97 50 61 97 62 101 61 50 60 78 76 51 110 90 106 94 56 54 67 67 70 69 93 95 94 70 433 2121 201
internal_value=9.8604e-06 0.00240767 0.0154624 0.0071975 0.00069573 0.00700486 -0.00359235 0.0120082 0.0330551 0.0383594 -0.0046376 -0.0037022 -0.00263248 -0.00394701 0.000502663 0.0246803 -0.00040832 0.000313413 0.0297388 -0.000604317 -0.0211878 0.00056934 -0.000342076 0.000973039 0.00734606 0.0433119 -0.00474945 -0.00174772 0.00986686 -0.0290215 -0.00817714 -0.0267797 -0.00224817 0.00464958 0.0259481 0.00108697 0.0531778 0.00349935 0.0187932 -0.051209 -0.0330732 0.00105203 0.0132158 -0.00458506 0.00315658 -0.00294894 0.0216707 0.00625812 0.00551922 -0.0136207 0.0194942 0.00560492 -0.00431276 0.00136282 -0.00127842 0.00133123 0.00472764 0.0225302 0.037557 -0.00280635 -0.00524949 -0.0229186
internal_weight=8272 5457 694 605 524 446 334 200 116 112 2815 2758 2688 2602 4763 172 4591 4528 136 4392 236 4156 4058 3881 1836 127 2045 1850 659 177 1191 287 904 1709 244 1465 147 1404 503 136 195 1342 450 151 1282 2550 247 157 372 157 215 161 2440 165 1035 966 873 259 164 614 2389 268
internal_count=8272 5457 694 605 524 446 334 200 116 112 2815 2758 2688 2602 4763 172 4591 4528 136 4392 236 4156 4058 3881 1836 127 2045 1850 659 177 1191 287 904 1709 244 1465 147 1404 503 136 195 1342 450 151 1282 2550 247 157 372 157 215 161 2440 165 1035 966 873 259 164 614 2389 268
is_linear=0
shrinkage=0.03


Tree=157
num_leaves=63
num_cat=0
split_feature=12 111 140 112 141 168 175 101 22 239 13 151 115 135 192 112 141 268 6 100 73 116 170 232 6 46 231 171 7 115 159 237 58 189 13 10 257 34 191 89 199 215 269 209 66 207 116 38 135 35 74 118 167 93 208 135 77 134 67 259 253 253
split_gain=96.4453 111.875 176.994 173.807 156.178 141.66 228.877 212.663 249.066 149.429 145.271 205.934 161.815 192.151 179.916 171.955 214.683 325.961 220.28 172.73 165.015 156.015 144.1 132.115 132.011 149.124 129.566 193.277 190.888 128.336 127.61 134.196 135.238 123.812 158.791 153.807 148.459 167.565 151.382 138.808 122.4 200.649 169.075 195.135 281.004 163.455 125.731 229.498 183.605 159.148 148.451 141.561 137.469 133.434 122.575 121.135 120.802 129.804 118.349 118.331 139.259 169.076
threshold=32.500000000000007 0.22127521038055423 40.500000000000007 0.2401923015713692 19.500000000000004 4.5000000000000009 0.16904762387275699 5.5000000000000009 109.50000000000001 1.5000000000000002 92.500000000000014 0.2710451632738114 0.059114735573530204 1.0000000180025095e-35 0.19722222536802295 0.44494949281215673 3.5000000000000004 3.5000000000000004 67.500000000000014 20.500000000000004 1.0000000180025095e-35 0.19215384870767596 4.5000000000000009 0.57793521881103527 45.500000000000007 61.500000000000007 0.45227272808551794 0.4463601559400559 53.500000000000007 0.31612257659435278 2.5000000000000004 0.17902930825948718 27.500000000000004 24.500000000000004 76.500000000000014 4.5000000000000009 0.28700129687786108 0.27310544252395635 0.2124435901641846 115.50000000000001 7.5000000000000009 0.066300369799137129 29.500000000000004 56.500000000000007 0.24519053101539615 12.500000000000002 0.058292880654335029 0.070949692279100432 0.096998207271099104 0.48678246140480047 115.50000000000001 23.500000000000004 2.5000000000000004 0.44268552958965307 1.0000000180025095e-35 0.20497374236583712 0.9844154715538026 0.90183931589126598 0.052864462137222297 8.5000000000000018 0.44115383923053747 0.55684757232666027
decision_type=2 2 2 2 2 2 2 2 2 2 2 2 2 2 2 2 2 2 2 2 2 2 2 2 2 2 2 2 2 2 2 2 2 2 2 2 2 2 2 2 2 2 2 2 2 2 2 2 2 2 2 2 2 2 2 2 2 2 2 2 2 2
left_child=-1 2 29 -4 30 10 56 9 -9 -8 12 -12 14 24 -3 23 17 -17 20 -20 -18 -16 -11 26 -14 -26 27 40 -28 33 -5 -32 -33 35 -35 36 38 -38 -2 -37 46 -42 45 44 -44 -43 49 48 -48 50 54 -49 53 -53 -15 58 -7 -58 -56 -45 -61 -62
right_child=1 5 3 4 -6 6 7 8 -10 22 11 -13 13 15 21 16 18 -19 19 -21 -22 -23 -24 -25 25 -27 28 -29 -30 -31 31 32 -34 34 -36 39 37 -39 -40 -41 41 42 43 59 -46 -47 47 51 -50 -51 -52 52 -54 -55 55 -57 57 -59 -60 60 61 -63
leaf_value=0.028859005427548604 -0.078411651689966666 0.060246002721102088 -0.0700217516622261 0.024252608192708486 0.034628004662405981 -0.060220162636001717 -0.016649807960569085 -0.077943617077544325 0.0081600494315506693 0.055562142954344661 -0.00097229323372685238 -0.062082397252793457 0.0096449156384915118 -0.028251647367063214 0.0055536492802202705 0.035572402641844393 0.027887004795281785 -0.058743511814337505 -0.024082213524100067 0.039895617589354511 0.085635111416379611 0.058454960094572142 0.0030605936116938079 -0.030188606275076215 -0.063970397221599959 -0.0065272529393434519 0.066626020792339535 -0.042400761858538485 -0.0018014904534300932 -0.045528906293605502 0.0031386260999315373 -0.046841970759885922 -0.00081753680155939091 0.0041637683922136331 0.053134705126061138 -0.0010993269334025964 -0.037371885410564784 0.036592700771987438 -0.017788970909531708 0.046447697583152425 -0.042650262932293112 0.012669661803679032 0.015949901578088219 0.021150355254135587 0.085318837296406852 -0.05419616102156314 0.014233713402516312 -0.041178163070739675 -0.036596485157707526 -0.037975073507233684 0.065608577745465135 0.011911747272242791 -0.0030348187352021066 0.066032333558138756 0.030599390392502146 0.056337702346725325 -0.0016045688717324931 -0.055788884202116411 -0.014144707801385915 0.014525945721794824 -0.040264478875771163 0.0049268134176554913
leaf_weight=102 63 85 56 51 51 90 76 52 70 108 165 70 75 58 374 66 91 64 76 74 89 57 83 109 90 74 69 85 77 56 108 235 76 212 82 1169 50 59 90 57 63 65 155 458 79 65 80 65 309 50 51 197 635 51 107 61 132 56 104 337 124 184
leaf_count=102 63 85 56 51 51 90 76 52 70 108 165 70 75 58 374 66 91 64 76 74 89 57 83 109 90 74 69 85 77 56 108 235 76 212 82 1169 50 59 90 57 63 65 155 458 79 65 80 65 309 50 51 197 635 51 107 61 132 56 104 337 124 184
internal_value=1.05229e-05 -0.00035313 -0.00577106 -0.0202509 -0.0147773 0.00192103 -0.0110685 0.00379405 -0.0288752 0.0187736 0.0036257 -0.0193612 0.00474257 0.00285068 0.0206077 0.00437768 0.0216391 -0.010954 0.0344731 0.00753537 0.0567556 0.012669 0.0328821 0.00218974 -0.023241 -0.0382476 0.00319808 0.00199938 0.0307708 -0.0012169 -0.0202004 -0.0256561 -0.0356335 0.000200376 0.0179561 -0.00331752 -0.0241352 0.00263269 -0.0430983 0.00114731 0.00315622 0.00936611 0.0116275 0.0148056 0.0396327 -0.0209217 -0.00221997 -0.00676209 -0.0261333 0.0118531 0.0184745 0.0012058 0.00436885 0.0232619 0.011014 0.0194596 -0.0318043 -0.0179544 0.00858274 0.00950741 0.00122008 -0.0133385
internal_weight=8272 8170 2415 577 521 5755 667 389 122 267 5088 235 4853 4337 516 4098 460 130 330 150 180 431 191 3638 239 164 3529 3383 146 1838 470 419 311 1782 294 1488 262 109 153 1226 3298 1530 1467 1337 234 130 1768 1337 389 431 381 948 883 248 330 272 278 188 211 1103 645 308
internal_count=8272 8170 2415 577 521 5755 667 389 122 267 5088 235 4853 4337 516 4098 460 130 330 150 180 431 191 3638 239 164 3529 3383 146 1838 470 419 311 1782 294 1488 262 109 153 1226 3298 1530 1467 1337 234 130 1768 1337 389 431 381 948 883 248 330 272 278 188 211 1103 645 308
is_linear=0
shrinkage=0.03


Tree=158
num_leaves=63
num_cat=0
split_feature=8 111 71 254 248 254 113 115 174 119 172 173 278 113 14 13 133 8 4 111 275 68 46 32 86 144 92 240 197 33 13 211 100 197 27 249 145 8 172 189 116 134 31 185 196 226 1 280 233 160 201 141 31 96 8 119 3 60 197 146 169 111
split_gain=102.108 103.995 152.286 137.839 204.992 178.813 201.051 270.151 205.38 171.993 229.338 153.982 138.1 150.592 137.579 182.677 127.905 120.816 157.386 234.639 183.161 160.252 132.931 129.773 125.421 121.965 116.006 107.848 94.6322 92.5499 187.362 193.068 167.517 172.185 170.002 259.423 169.693 206.1 196.15 171.468 155.475 147.635 133.05 214.051 160.239 131.642 175.462 188.626 129.984 126.803 140.4 122.963 131.314 122.823 174.232 132.37 119.882 141.259 117.496 142.386 110.119 115.962
threshold=26.500000000000004 0.33227176964282995 5.5000000000000009 1.1167635917663576 1.0000000180025095e-35 1.0390720367431643 0.77346038818359386 0.45346321165561682 1.3828431367874148 4.5000000000000009 0.31142240762710577 0.45080643892288214 73.500000000000014 0.57097071409225475 55.500000000000007 64.500000000000014 0.69282051920890819 86.500000000000014 63.500000000000007 0.27303031086921697 0.11143790930509569 0.19913793355226519 113.50000000000001 22.500000000000004 7.5000000000000009 1.5000000000000002 0.32133604586124426 7.5000000000000009 0.23166368901729587 0.24684341251850131 80.500000000000014 0.27887915074825292 8.5000000000000018 0.23861283808946612 81.500000000000014 20.500000000000004 104.50000000000001 63.500000000000007 0.34549072384834295 19.500000000000004 0.040161289274692542 0.83234518766403209 93.500000000000014 11.500000000000002 0.064866758882999434 13.500000000000002 26.500000000000004 1.0000000180025095e-35 0.38379706442356115 2.5000000000000004 2.5000000000000004 4.5000000000000009 227.50000000000003 0.14595036953687671 53.500000000000007 13.500000000000002 63.500000000000007 59.500000000000007 0.19098278135061267 13.500000000000002 26.500000000000004 0.29797463119030004
decision_type=2 2 2 2 2 2 2 2 2 2 2 2 2 2 2 2 2 2 2 2 2 2 2 2 2 2 2 2 2 2 2 2 2 2 2 2 2 2 2 2 2 2 2 2 2 2 2 2 2 2 2 2 2 2 2 2 2 2 2 2 2 2
left_child=-1 17 3 5 -5 6 8 -8 9 14 -11 -12 13 -13 -3 -16 -6 29 19 21 -20 -19 -21 24 -22 -24 -17 -4 -26 40 32 49 33 42 35 58 39 38 -38 -36 51 56 -31 44 -44 -42 -47 -48 -33 -32 -51 -2 -53 54 -41 -56 57 -35 -34 -60 61 -39
right_child=1 2 27 4 16 -7 7 -9 -10 10 11 12 -14 -15 15 26 -18 18 20 22 23 -23 25 -25 28 -27 -28 -29 -30 30 31 48 34 41 36 -37 37 60 -40 53 45 -43 43 -45 -46 46 47 -49 -50 50 -52 52 -54 -55 55 -57 -58 -59 59 -61 -62 -63
leaf_value=0.041916645586204067 0.0027064954253373978 -0.047728785733986444 0.016566045427961008 0.075193369460425208 0.028781984634697437 -0.04630265266324083 -0.081205622351595327 0.010262108329744611 0.063383532786055616 0.07603851064179952 -0.025579417831358614 0.0066876929182861306 -0.0086483469467772099 0.066377563606482004 0.031316782500474684 -0.057386057697133057 -0.027751067263123236 -0.028905055663199161 0.041048068536854374 0.021751710749231278 -0.032141628174175471 -0.10035728452340612 -0.059879606857895847 -0.042431466478288549 -0.0035410114164863313 -0.0091897713329137255 -0.00074925054986792867 0.072276222951271951 0.050463495148853822 -0.00049023458004805699 -0.036236693962876279 -0.0057338958753098265 -0.012158470376902682 0.013340493949130177 0.017981224630752371 0.07494921546814072 0.084276530911093175 0.004156472615518228 0.022513675325710712 -0.065500732037154119 -0.0045808156613684923 -0.014825806358090506 -0.055035483630167116 -0.087141199780374087 0.013187144553824645 0.010408886150727348 -0.092911860596049917 -0.017356274968652583 -0.051398399043423325 0.041691379363182929 -0.0061823028469314943 0.059137139907654596 -0.0017206248132368694 0.027480809611953656 -0.0002131205446579877 -0.048941201965969336 -0.0066780377718909031 0.079543397303285274 0.070816100832576362 0.004367095187528809 -0.026154809284955262 0.039835856494070454
leaf_weight=51 352 75 83 55 97 71 55 60 56 51 88 73 91 79 92 53 56 63 81 79 57 52 59 78 62 150 82 50 54 165 55 95 87 59 215 91 68 323 144 65 2779 115 53 54 72 61 54 66 137 95 129 84 51 52 220 64 57 57 51 66 74 109
leaf_count=51 352 75 83 55 97 71 55 60 56 51 88 73 91 79 92 53 56 63 81 79 57 52 59 78 62 150 82 50 54 165 55 95 87 59 215 91 68 323 144 65 2779 115 53 54 72 61 54 66 137 95 129 84 51 52 220 64 57 57 51 66 74 109
internal_value=1.01623e-05 -0.000254876 0.00764649 0.00406882 0.0260749 -0.000897019 0.00292319 -0.0338063 0.00866907 0.00410353 0.0174592 0.00823156 0.0205305 0.0379418 -0.012792 -0.00109024 0.00804431 -0.00169538 -0.013189 -0.0257652 0.00210826 -0.0618005 -0.0112121 -0.010571 0.00395514 -0.0237163 -0.0232429 0.0378928 0.0218155 -0.000335087 0.00374523 -0.0126446 0.00745338 -0.00565019 0.0125375 0.0331095 0.00796681 0.0178673 0.0426271 -0.0035833 -0.00361652 0.0114423 -0.0199519 -0.037789 -0.0159465 -0.0062014 -0.0309213 -0.0518432 -0.0328044 0.00417649 0.0142163 0.012075 0.0363028 -0.0151613 -0.0215752 -0.0113273 0.0288886 0.046273 0.0141712 0.0336867 0.00743004 0.0132301
internal_weight=8272 8221 1267 1134 208 926 855 115 740 684 382 331 243 152 302 227 153 6954 735 403 332 115 288 251 173 209 135 133 116 6219 2772 511 2261 632 1629 295 1334 718 212 616 3447 288 344 179 125 2960 181 120 232 279 224 487 135 401 349 284 173 116 204 117 506 432
internal_count=8272 8221 1267 1134 208 926 855 115 740 684 382 331 243 152 302 227 153 6954 735 403 332 115 288 251 173 209 135 133 116 6219 2772 511 2261 632 1629 295 1334 718 212 616 3447 288 344 179 125 2960 181 120 232 279 224 487 135 401 349 284 173 116 204 117 506 432
is_linear=0
shrinkage=0.03


Tree=159
num_leaves=63
num_cat=0
split_feature=8 240 100 239 108 26 153 100 129 251 3 74 3 233 111 112 191 229 131 195 63 247 213 37 45 111 124 39 73 6 272 129 8 118 197 10 8 193 279 133 33 55 18 1 130 97 154 247 103 13 6 3 267 13 236 197 7 11 135 112 112 237
split_gain=97.05 235.956 175.208 133.796 122.798 139.367 243.568 131.51 380.456 183.339 171.194 126.947 172.583 202.645 150.8 191.219 258.844 137.242 110.53 195.45 222.405 161.758 132.474 132.185 136.478 114.78 179.883 219.479 153.267 260.028 243.27 213.774 218.37 197.541 154.002 166.458 121.013 135.302 134.653 129.783 124.91 122.831 120.378 127.072 167.104 202.497 216.934 157.498 170.414 190.946 116.942 156.277 112.126 118.849 140.266 135.289 124.449 123.496 125.373 119.768 114.709 169.562
threshold=45.500000000000007 11.500000000000002 20.500000000000004 5.5000000000000009 11.500000000000002 3.5000000000000004 0.40325899422168737 10.500000000000002 49.500000000000007 0.23466833680868152 65.500000000000014 130.50000000000003 57.500000000000007 0.35043859481811529 0.36332502961158758 0.30691786110401159 0.20881782472133639 11.500000000000002 0.33678840100765234 0.29217478632926946 0.32866927981376654 5.5000000000000009 0.32230727374553686 0.2179193124175072 156.50000000000003 0.22127521038055423 1.5000000000000002 0.2428158521652222 1.5000000000000002 49.500000000000007 0.40405073761940008 63.500000000000007 64.500000000000014 111.50000000000001 0.27681992948055273 12.500000000000002 104.50000000000001 0.93440860509872448 215.50000000000003 0.60883498191833507 0.32851929962635046 1.0000000180025095e-35 60.500000000000007 28.500000000000004 1.0000000180025095e-35 0.27591805160045629 0.61001983284950267 7.5000000000000009 1.0000000180025095e-35 71.500000000000014 61.500000000000007 54.500000000000007 37.500000000000007 58.500000000000007 0.26794873178005224 0.25677657127380377 90.500000000000014 62.500000000000007 0.26333570480346685 0.43932314217090612 0.42131063342094427 0.30725525319576269
decision_type=2 2 2 2 2 2 2 2 2 2 2 2 2 2 2 2 2 2 2 2 2 2 2 2 2 2 2 2 2 2 2 2 2 2 2 2 2 2 2 2 2 2 2 2 2 2 2 2 2 2 2 2 2 2 2 2 2 2 2 2 2 2
left_child=1 2 3 4 5 7 -7 10 -9 -10 11 12 14 -14 15 -1 -17 -18 25 20 22 -22 -20 24 -21 26 28 -28 30 -30 31 42 33 -33 35 -31 37 39 -38 40 52 -41 43 47 -45 46 -46 48 50 -50 51 -2 53 56 60 -56 57 58 -27 -57 -55 -62
right_child=18 -3 -4 -5 -6 6 -8 8 9 -11 -12 -13 13 -15 -16 16 17 -19 19 23 21 -23 -24 -25 -26 36 27 -29 29 34 -32 32 -34 -35 -36 -37 38 -39 -40 41 -42 -43 -44 44 45 -47 -48 -49 49 -51 -52 -53 -54 54 55 59 -58 -59 -60 -61 61 -63
leaf_value=-0.0074298187730851666 0.020040681491750225 0.069048061587338172 0.052377895948223091 -0.036089753388826334 -0.031212878205158095 0.0032734670744393951 0.087418553163023549 0.091832372733790954 0.029864520879293029 -0.045458966690975308 -0.048280922976555299 -0.035946117371950352 0.005503236416926874 0.084452100958236867 -0.049522471671157024 -0.0099311170342721439 0.019949947946394483 0.085039303233819225 0.018689826317131519 -0.069842312000691895 0.025131754035411989 0.083373750757206877 -0.030151687873767156 0.010297895562008162 -0.0058443967591632496 0.00014708563979519041 -0.085262392372747908 -0.010717772718454742 -0.032108202309292906 0.091648677776512852 0.03970572253614664 -0.051968600262344497 -0.098008253912386642 0.021608137345801179 -0.0055636889334410838 0.023286501941581564 -0.048417210053921356 0.038793697336481678 0.0072844332371923056 -0.062731708304448561 -0.043766498956829311 -0.0086415971069250305 0.034898693130906815 0.013742179488624211 -0.11528554728802513 -0.013427199488266921 -0.026651631913640918 0.04321711419522762 -0.065336720298975706 0.0087897269742993195 0.034655868326912496 -0.044896445274353027 -0.035502248203050195 -0.00075569641902770547 -0.0012850058857520022 -0.020956859834436955 0.057080164657762417 0.037524131816358136 0.047449011169373986 -0.076338460471700217 0.0075313741376599923 0.059489360203885511
leaf_weight=431 70 52 65 76 80 79 50 55 65 51 63 70 69 50 50 94 53 66 98 55 284 50 100 106 65 607 60 86 84 50 74 89 50 51 72 89 96 80 65 54 55 122 51 66 50 116 50 59 79 51 83 62 72 2433 198 117 51 116 54 50 315 68
leaf_count=431 70 52 65 76 80 79 50 55 65 51 63 70 69 50 50 94 53 66 98 55 284 50 100 106 65 607 60 86 84 50 74 89 50 51 72 89 96 80 65 54 55 122 51 66 50 116 50 59 79 51 83 62 72 2433 198 117 51 116 54 50 315 68
internal_value=1.00873e-05 0.00685897 0.00460905 0.00235863 0.00458784 0.00690963 0.0363094 0.00348487 0.0276151 -0.00335733 -0.000901503 0.0025297 0.00588259 0.0391024 0.00013834 0.00406479 0.0272499 0.0564578 -0.00153127 0.00925502 0.0191737 0.0340735 -0.00600516 -0.014075 -0.0355116 -0.00289639 -0.0102693 -0.0417242 -0.00669636 0.0122788 -0.0122951 -0.0164845 -0.0447747 -0.0252025 0.0300175 0.0483562 -0.000559533 0.0003796 -0.0260228 -0.000341921 0.000734459 -0.0254981 -0.00914046 -0.0124605 -0.0278765 -0.0405981 -0.0716712 -0.00165763 -0.00943459 -0.0364112 0.00696993 -0.0105683 0.00134478 0.00201522 -0.000621173 -0.0180926 0.0121322 0.0091124 0.00407723 -0.0378939 0.00164903 0.0168872
internal_weight=8272 1519 1467 1402 1326 1246 129 1117 171 116 946 883 813 119 694 644 213 119 6753 758 532 334 198 226 120 5995 1442 146 1296 295 1001 927 190 140 211 139 4553 4392 161 4312 4136 176 737 686 282 216 100 404 345 130 215 132 4081 4009 3181 365 828 777 661 167 2816 383
internal_count=8272 1519 1467 1402 1326 1246 129 1117 171 116 946 883 813 119 694 644 213 119 6753 758 532 334 198 226 120 5995 1442 146 1296 295 1001 927 190 140 211 139 4553 4392 161 4312 4136 176 737 686 282 216 100 404 345 130 215 132 4081 4009 3181 365 828 777 661 167 2816 383
is_linear=0
shrinkage=0.03


Tree=160
num_leaves=63
num_cat=0
split_feature=8 100 113 8 22 146 248 89 180 118 62 67 111 174 8 112 255 35 234 48 273 211 196 218 2 79 157 166 65 21 111 232 235 266 155 212 161 172 111 256 240 23 111 259 111 10 232 74 269 212 95 176 215 137 137 111 46 230 255 58 167 171
split_gain=96.0354 143.293 255.546 313.618 190.448 216.043 138.797 350.575 198.592 135.475 127.444 138.182 213.281 126.467 177.384 115.437 138.855 108.61 152.181 140.309 123.318 143.699 229.293 271.861 237.201 209.001 177.431 136.22 178.284 175.475 169.608 131.648 178.461 129.551 151.783 195.136 138.624 133.038 134.214 124.352 298.583 151.517 162.726 177.894 127.027 114.07 106.879 126.857 163.247 133.498 106.463 133.408 354.839 148.874 121.619 126.212 172.676 164.708 142.803 174.394 151.936 142.34
threshold=72.500000000000014 17.500000000000004 0.6116674840450288 40.500000000000007 66.500000000000014 20.500000000000004 6.5000000000000009 137.50000000000003 5.5000000000000009 86.500000000000014 0.17574992775917056 0.038648245856165893 0.24789856374263766 1.4708710312843325 51.500000000000007 0.29645323753356939 0.16561181843280795 0.55535131692886364 1.4565705060958865 0.99483427405357372 0.71010184288024913 0.29561458528041845 0.039230769500136382 29.500000000000004 43.500000000000007 17.500000000000004 0.26322452723979956 2.5000000000000004 0.85120612382888805 17.500000000000004 0.26293487846851354 0.29340028762817388 0.070802006870508208 9.5000000000000018 0.18036001175642016 0.28647416830062872 1.0000000180025095e-35 0.53708791732788097 0.36023256182670599 0.095695972442626967 8.5000000000000018 12.500000000000002 0.26046043634414678 3.5000000000000004 0.33227176964282995 2.5000000000000004 0.30860807001590734 52.500000000000007 30.500000000000004 0.28402076661586767 0.39237348735332495 0.21807064861059192 0.33534136414527899 0.30040651559829717 0.23410988599061969 0.32270763814449316 48.500000000000007 2.5000000000000004 0.050641026347875602 13.500000000000002 2.5000000000000004 0.27429467439651495
decision_type=2 2 2 2 2 2 2 2 2 2 2 2 2 2 2 2 2 2 2 2 2 2 2 2 2 2 2 2 2 2 2 2 2 2 2 2 2 2 2 2 2 2 2 2 2 2 2 2 2 2 2 2 2 2 2 2 2 2 2 2 2 2
left_child=1 4 3 -3 13 -6 7 10 -9 -7 11 -2 -13 17 -15 16 -5 18 20 -19 21 25 31 24 -24 33 -27 -26 30 -30 -29 -23 -33 37 35 -35 -36 38 39 40 44 42 46 -44 45 -1 47 49 -49 -41 51 54 53 -53 55 57 -57 61 59 -59 -60 -12
right_child=6 2 -4 15 5 9 -8 8 -10 -11 50 12 -14 14 -16 -17 -18 19 -20 -21 -22 22 23 -25 27 26 -28 28 29 -31 -32 32 -34 34 36 -37 -38 -39 -40 41 -42 -43 43 -45 -46 -47 -48 48 -50 -51 -52 52 -54 -55 -56 56 -58 58 60 -61 -62 -63
leaf_value=-0.024163954893295848 0.015427997883122699 0.06895688398353135 0.072828432685085417 0.0017355437469466224 -0.064486724546662072 0.015602132045127198 0.036632361588999629 -0.017941644558175041 -0.1000934231351569 -0.027377119322866201 0.024336655967143232 -0.091120306497768436 -0.014580913555184181 0.0085967389538529372 -0.061948124878108503 0.0080852299336735215 -0.059329808393739303 -0.048885565829213433 0.048455086001264511 0.0086170513213922571 -0.040572996386166273 0.024748704623603058 -0.031608611190458762 0.094346515962567462 -0.010996736867247886 -0.077723132705146622 -0.0036407781906780744 0.030025341628979029 -0.022605133205652238 0.050795339906499502 0.1061471063447626 0.016917658178487192 -0.053866957514660391 0.043042772687398465 0.0037114926997353047 -0.032581682595610617 0.066090744245486957 0.046052144402638079 -0.038446466602930211 -0.059120017324964844 0.057882863230282258 0.030954339299176355 0.003857102293237033 -0.061009661021557721 0.047949246497086755 0.0036506187834608791 0.0090262229669727922 0.043664364813095227 -0.016819331093468299 -0.0044258163310587403 0.032943212613463405 0.0018600907189594137 -0.091870906116331322 -0.042091015044892773 0.010430013077480165 -0.033528454762003189 0.017361867656044735 -0.030747125797857672 -0.0010263238841544766 0.041602678269636435 -0.043522049859782461 -0.018417817173843703
leaf_weight=148 51 71 57 91 80 117 71 54 52 149 162 50 93 62 65 956 52 81 66 71 57 68 63 51 52 54 62 51 54 62 56 52 81 51 50 74 89 55 81 92 92 79 58 109 52 1212 267 55 141 71 77 314 50 88 728 72 337 58 105 60 271 122
leaf_count=148 51 71 57 91 80 117 71 54 52 149 162 50 93 62 65 956 52 81 66 71 57 68 63 51 52 54 62 51 54 62 56 52 81 51 50 74 89 55 81 92 92 79 58 109 52 1212 267 55 141 71 77 314 50 88 728 72 337 58 105 60 271 122
internal_value=9.91464e-06 0.00233147 0.0113532 0.00829859 -0.000287533 -0.021582 -0.00448975 -0.00556672 -0.0588013 -0.00848508 -0.00340618 -0.0267461 -0.0417899 0.00161451 -0.0277108 0.00432069 -0.0207278 0.00261292 0.00366266 -0.022145 0.00281386 0.00353554 0.0170152 0.0304327 0.0205391 0.000780618 -0.0384969 0.0325569 0.0427166 0.016725 0.0704787 -0.00897423 -0.026272 0.00243517 0.0223851 -0.00163017 0.043839 0.000330449 -0.000711352 0.000590706 0.00581541 -0.00841704 -0.0123733 -0.0385922 0.00238435 0.000608208 -0.00532844 -0.0159999 0.000288626 -0.0354684 -0.00154332 -0.00267863 -0.0173192 -0.00784162 0.000784234 -0.00513543 0.00834325 -0.0122229 -0.0226729 0.00608137 -0.0316891 0.00597012
internal_weight=8272 5457 1227 1170 4230 346 2815 2744 106 266 2638 194 143 3884 127 1099 143 3757 3605 152 3539 3482 590 389 338 2892 116 275 223 116 107 201 133 2776 264 125 139 2512 2457 2376 1504 872 793 167 1412 1360 626 359 196 163 2444 2367 452 402 1915 1187 409 778 494 118 376 284
internal_count=8272 5457 1227 1170 4230 346 2815 2744 106 266 2638 194 143 3884 127 1099 143 3757 3605 152 3539 3482 590 389 338 2892 116 275 223 116 107 201 133 2776 264 125 139 2512 2457 2376 1504 872 793 167 1412 1360 626 359 196 163 2444 2367 452 402 1915 1187 409 778 494 118 376 284
is_linear=0
shrinkage=0.03


Tree=161
num_leaves=63
num_cat=0
split_feature=83 43 229 229 82 265 114 265 212 195 113 8 114 91 269 14 128 98 236 198 208 108 29 89 114 115 163 276 106 170 29 234 153 8 189 134 191 8 254 52 13 45 85 273 2 153 128 15 30 171 96 216 96 131 115 72 240 8 134 216 176 276
split_gain=94.7295 193.577 127.561 162.836 173.844 144.729 211.405 173.03 167.12 164.61 136.97 126.548 125.655 204.739 124.131 123.128 153.577 201.824 168.113 154.927 123.123 103.978 101.643 99.8176 92.7784 268.015 244.91 230.227 189.606 210.689 115.824 97.6791 150.881 134.189 343.546 122.817 117.481 170.448 127.195 121.113 165.06 155.553 118.605 141.847 116.203 230.022 123.524 116.048 105.168 154.641 104.967 103.489 122.08 102.085 98.1276 136.275 196.343 155.476 139.488 122.659 142.148 108.949
threshold=9.5000000000000018 0.79772728681564342 49.500000000000007 36.500000000000007 1.0000000180025095e-35 32.500000000000007 0.54543545842170726 29.500000000000004 0.40268759429454809 0.14160401374101642 0.73773446679115307 61.500000000000007 1.0213494300842287 0.28821194171905523 84.500000000000014 51.500000000000007 2.5000000000000004 60.500000000000007 0.17274536192417148 70.500000000000014 4.5000000000000009 2.5000000000000004 97.500000000000014 82.500000000000014 1.0825855731964114 0.29256787896156317 1.0000000180025095e-35 0.12024096399545671 16.500000000000004 3.5000000000000004 18.500000000000004 0.73046398162841808 0.52843216061592113 34.500000000000007 15.500000000000002 1.1350017786026003 0.2639319002628327 90.500000000000014 0.6155870556831361 2.5000000000000004 59.500000000000007 116.50000000000001 29.500000000000004 0.5137012004852296 80.500000000000014 0.47229200601577764 10.500000000000002 74.500000000000014 12.500000000000002 0.19399641454219821 0.088998902589082732 0.069971442222595229 0.11915683746337892 0.22046361118555072 0.11791443824768068 0.36666667461395269 8.5000000000000018 59.500000000000007 0.78803819417953502 0.045715779066085822 0.11651583760976793 0.045361017808318145
decision_type=2 2 2 2 2 2 2 2 2 2 2 2 2 2 2 2 2 2 2 2 2 2 2 2 2 2 2 2 2 2 2 2 2 2 2 2 2 2 2 2 2 2 2 2 2 2 2 2 2 2 2 2 2 2 2 2 2 2 2 2 2 2
left_child=2 -2 3 5 -5 7 -7 14 9 11 12 -9 15 -14 24 -8 21 19 23 -18 -11 -17 -20 -19 31 27 -27 -26 30 -30 -28 33 36 34 -1 44 37 38 39 41 -41 50 43 53 47 46 48 -35 49 -46 -33 -34 -53 -40 -38 59 57 58 -57 -56 -61 -59
right_child=1 -3 -4 4 -6 6 10 8 -10 20 -12 -13 13 -15 -16 16 17 18 22 -21 -22 -23 -24 -25 25 26 28 -29 29 -31 -32 32 51 35 -36 -37 54 -39 42 40 -42 -43 -44 -45 45 -47 -48 -49 -50 -51 -52 52 -54 -55 55 56 -58 61 -60 60 -62 -63
leaf_value=-0.001493653031912717 0.061480775335660348 -0.015144487460228529 -0.040414712991512995 0.055786129845073446 -0.002734475598924539 -0.065080666932607847 -0.043813359540228435 0.080154687147842699 -0.019668605530261993 -0.031119692062630371 -0.050528958909923122 0.027048327272659854 0.069331318651435561 -0.011952746592221722 -0.045166703267361628 0.00026796647511860902 0.0026792297005239457 -0.032394098977812306 -0.063151299359451518 0.074932532874453395 0.027352180963151913 -0.054615851980066153 -0.0059343125402708261 0.012051157341143931 0.081001751516014339 -0.060386387416058111 0.010546912289582766 0.0035661322214911059 0.068850698305600103 -0.0034305752116280978 -0.047092081578295739 -0.071746252363218965 -0.065983021901412447 -0.0019972764665016395 0.091608063539244083 -0.036448449290466388 -0.010597711178268689 -0.053577176228939712 0.0043620447426730271 0.054379868713041686 0.0026171790997513793 0.0065316519533078392 0.0043790198419999364 -0.071913054668312437 -0.037174994856119151 0.061683717534134659 -0.026173334331035095 0.02841349958647358 0.025457212714522722 0.021459431061521171 -0.011993606430723478 0.019929415986818425 -0.038987861928929168 -0.034987759129389333 0.027338370903026918 0.00028318537972294366 0.056681448489893226 -0.043225722251569516 0.066131499161463353 -0.037784535439596291 0.0032933492810314235 0.0058258821951968614
leaf_weight=109 64 54 70 95 87 61 81 72 74 50 62 94 50 61 54 50 53 54 63 53 88 81 50 262 79 53 64 61 72 72 60 50 54 2630 52 76 339 76 97 72 231 153 132 57 74 78 85 117 251 87 56 50 83 151 85 51 99 50 66 125 190 202
leaf_count=109 64 54 70 95 87 61 81 72 74 50 62 94 50 61 54 50 53 54 63 53 88 81 50 262 79 53 64 61 72 72 60 50 54 2630 52 76 339 76 97 72 231 153 132 57 74 78 85 117 251 87 56 50 83 151 85 51 99 50 66 125 190 202
internal_value=9.13765e-06 0.0265824 -0.000378628 -2.69961e-05 0.0279499 -0.000674819 -0.0114527 0.000854298 0.0205619 0.0303873 -0.00783013 0.0504245 -0.00468943 0.0249538 -0.000287214 -0.00912172 -0.00484311 0.00230314 -0.00687571 0.0391686 0.00609525 -0.0338245 -0.0381082 0.00437785 9.31649e-05 0.0130497 -0.00208778 0.0475265 0.00962305 0.0329356 -0.0174965 -0.000899708 -0.00548353 0.00228089 0.0289563 0.00100884 -0.00335378 -0.0105619 -0.00723911 0.00220266 0.0150556 -0.0128339 -0.0193589 -0.0296131 0.00187649 0.0141278 0.00655545 -0.000692155 0.0133548 -0.00555367 -0.0405859 -0.0313173 -0.0168551 -0.0196412 0.00306944 0.00841324 0.0193856 0.00925318 0.037674 -0.0044407 -0.0130754 -0.00403896
internal_weight=8272 118 8154 8084 182 7902 981 6921 378 304 920 166 858 111 6543 747 666 535 429 106 138 131 113 316 6489 461 321 140 268 144 124 6028 2469 3559 161 3398 2282 1075 999 562 303 259 437 305 3322 575 497 2747 412 161 106 187 133 248 1207 868 468 369 117 400 315 252
internal_count=8272 118 8154 8084 182 7902 981 6921 378 304 920 166 858 111 6543 747 666 535 429 106 138 131 113 316 6489 461 321 140 268 144 124 6028 2469 3559 161 3398 2282 1075 999 562 303 259 437 305 3322 575 497 2747 412 161 106 187 133 248 1207 868 468 369 117 400 315 252
is_linear=0
shrinkage=0.03


Tree=162
num_leaves=63
num_cat=0
split_feature=96 236 61 275 209 46 13 274 52 95 149 126 95 174 47 133 239 174 229 113 238 54 4 211 113 13 43 136 46 111 277 45 152 208 197 273 127 12 97 92 135 78 45 269 156 12 71 63 13 178 4 95 115 22 6 111 219 161 196 255 14 63
split_gain=94.213 133.46 155.386 128.235 124.377 100.72 95.1959 173.252 193.115 251.931 301.916 235.222 206.463 192.737 192.196 203.833 181.55 174.118 166.543 159.643 159.197 157.969 154.897 193.771 263.314 159.525 152.156 150.873 142.671 251.261 207.963 189.769 177.042 201.129 190.101 159.483 155.547 175.891 132.725 132.646 131.638 130.527 129.428 128.829 126.656 150.951 195.945 148.758 139.55 149.294 131.689 121.501 118.569 177.692 142.263 130.71 148.52 114.611 171.202 183.24 212.919 136.191
threshold=0.23570261150598529 0.40454545617103582 6.5000000000000009 0.18655367195606234 61.500000000000007 169.50000000000003 67.500000000000014 0.73768293857574474 2.5000000000000004 0.15419580787420276 151.50000000000003 3.5000000000000004 0.28660714626312261 0.909307360649109 36.500000000000007 0.39300976693630224 3.5000000000000004 1.0715838074684145 15.500000000000002 0.76253134012222301 17.500000000000004 3.5000000000000004 78.500000000000014 0.3067986816167832 0.51075392961502086 59.500000000000007 0.8313007950782777 0.038192249834537513 75.500000000000014 0.19684550911188128 0.15831244736909869 136.50000000000003 0.32533001899719244 3.5000000000000004 0.21680375933647159 0.40936473011970526 12.500000000000002 69.500000000000014 0.32563473284244543 0.33082579076290136 0.249161072075367 126.50000000000001 159.50000000000003 47.500000000000007 0.062589030712842955 63.500000000000007 2.5000000000000004 0.29960630834102636 72.500000000000014 24.500000000000004 54.500000000000007 0.12778327614068988 0.14717282354831698 68.500000000000014 55.500000000000007 0.2408523038029671 10.500000000000002 1.5000000000000002 0.037749288603663451 0.054804805666208274 59.500000000000007 0.25595575571060186
decision_type=2 2 2 2 2 2 2 2 2 2 2 2 2 2 2 2 2 2 2 2 2 2 2 2 2 2 2 2 2 2 2 2 2 2 2 2 2 2 2 2 2 2 2 2 2 2 2 2 2 2 2 2 2 2 2 2 2 2 2 2 2 2
left_child=1 6 4 -2 5 -3 7 16 14 10 11 -10 22 -14 15 18 41 -15 -9 28 -21 -17 23 24 26 -26 39 -18 30 32 35 36 33 34 -30 -8 37 -31 -36 -11 -24 57 44 -37 48 47 50 -46 -32 -50 -47 -12 53 54 -29 -54 -57 61 -59 -60 -61 -1
right_child=3 2 -4 -5 -6 -7 19 8 9 12 51 -13 13 17 -16 21 27 -19 -20 20 -22 -23 40 -25 25 -27 -28 52 29 31 42 -33 -34 -35 38 43 -38 -39 -40 -41 -42 -43 -44 -45 45 46 -48 -49 49 -51 -52 -53 55 -55 -56 56 -58 58 59 60 -62 -63
leaf_value=0.010455364567747845 -0.0044529721179847109 -0.04056284465553129 -0.066957870576944606 0.047021409929416065 0.030008496841732062 0.010892504470852705 0.0030850037123969533 0.0019030642547711199 0.04171201002115095 0.052013648704510848 0.038747890289676817 0.12736721257733946 0.00020676602467732582 0.097533976164247305 -0.051856607085644775 0.060765995214072367 0.026608098819851874 0.030058148299997787 -0.061921010398051958 -0.0016090053407584921 -0.07661439570383384 -0.0042197824845788996 -0.051600833111084425 -0.012816470835867497 0.026339661802508327 0.099601759255494707 -0.029939123886461191 -0.05718921200051659 -0.069377632998368313 -0.078294931618418065 -0.0055391635107142588 0.0013505532486486579 -0.064120530317343036 0.013128878118115521 0.016798828178611787 -0.015951485508007974 0.00018757159123197197 -0.018220939057547663 -0.047053283987676393 -0.0022513245143446787 0.003829903665494609 0.04746583674495157 0.035314153463937917 -0.077083731245468648 -0.05930081743976244 -0.027373888761142332 0.044224810994341286 -0.001538065618501519 0.021483747505073279 0.083559860738943212 0.016520690359175205 -0.025012242697617586 -0.04781806777127915 -0.083623831618216724 0.0032745327037501048 -0.016250236042136892 0.047971317369271724 0.06231316805351525 -0.041755170718292302 0.071828996784546795 -0.0084190486619869862 -0.009791382310894766
leaf_weight=473 85 101 53 88 52 51 193 111 70 72 56 50 91 55 70 71 57 93 54 50 51 63 77 211 56 52 73 60 84 70 83 2143 90 125 68 81 147 117 50 91 76 56 194 50 64 115 108 105 105 52 130 50 53 61 82 88 50 63 52 50 71 809
leaf_count=473 85 101 53 88 52 51 193 111 70 72 56 50 91 55 70 71 57 93 54 50 51 63 77 211 56 52 73 60 84 70 83 2143 90 125 68 81 147 117 50 91 76 56 194 50 64 115 108 105 105 52 130 50 53 61 82 88 50 63 52 50 71 809
internal_value=8.56881e-06 -0.000460625 -0.021691 0.0218503 -0.00966122 -0.0233399 0.000237819 0.00385578 0.011429 0.0173801 0.0457722 0.0781593 0.0105633 0.03461 -0.00748445 0.00304191 -0.0019139 0.0556199 -0.019232 -0.00278116 -0.0398628 0.030408 0.00240843 0.00977975 0.0236366 0.0622042 0.00579907 -0.0186727 -0.00187454 -0.00556273 0.00646204 -0.00193126 -0.0270776 -0.0167179 -0.0351611 -0.0142794 -0.0229291 -0.0410054 -0.0104252 0.0218895 -0.0242205 0.00289683 0.0134991 -0.0396916 0.00790618 -0.000398173 0.0107609 -0.0236329 0.0258949 0.0424427 -0.00411041 0.00871968 -0.0252743 -0.0411835 -0.0224948 -0.00823911 0.00719616 0.00122248 0.0203887 0.00485105 0.0250583 -0.00231892
internal_weight=8272 8099 257 173 204 152 7842 3567 1542 1173 226 120 947 239 369 299 2025 148 165 4275 101 134 708 555 344 108 236 451 4174 2894 1280 2477 417 327 202 324 334 187 118 163 153 1574 956 131 762 522 353 169 240 157 245 106 394 203 142 191 138 1518 236 173 121 1282
internal_count=8272 8099 257 173 204 152 7842 3567 1542 1173 226 120 947 239 369 299 2025 148 165 4275 101 134 708 555 344 108 236 451 4174 2894 1280 2477 417 327 202 324 334 187 118 163 153 1574 956 131 762 522 353 169 240 157 245 106 394 203 142 191 138 1518 236 173 121 1282
is_linear=0
shrinkage=0.03


end of trees

feature_importances:
CLT_old=1090
szn_risp_avg=872
szn_risp_ops=172
szn_risp_obp=129
m1_risp_avg=115
REAC_old=104
since_risp_avg=100
VIS_old=89
szn_ab=85
since_pa=82
szn_vslhp_avg=79
CON_R_old=73
szn_risp_slug=72
szn_avg=71
since_vslhp_bb_pct=71
szn_risp_h=70
m1_risp_k_pct=69
szn_risp_ab=68
szn_vsrhp_avg=67
szn_put_outs=65
POW_L_old=62
CON_L_old=61
ARM_old=60
szn_slug=60
szn_risp_bb_pct=60
szn_vslhp_ab=60
szn_vsrhp_pa=60
m1_vsrhp_bb_pct=59
szn_field_pct=58
m1_pa=58
szn_obp=57
m1_avg=56
szn_chances=55
since_vsrhp_ab=54
szn_vslhp_iso=53
since_risp_ab=53
since_risp_bb_pct=53
STEAL_old=52
szn_lob=51
since_ab=51
since_vsrhp_so=51
szn_risp_iso=50
since_vsrhp_pa=50
szn_pa=49
since_vslhp_pa=49
szn_vsrhp_ab=48
POW_R_old=47
m1_risp_ops=47
since_risp_k_pct=47
m1_k_pct=46
since_risp_ops=46
m1_ab=45
szn_risp_pa=44
szn_vslhp_pa=44
szn_vslhp_slug=44
since_vslhp_ab=44
age=43
m1_field_pct=43
szn_risp_tb=43
szn_vsrhp_iso=43
since_vslhp_k_pct=43
ACC_old=42
szn_risp_k_pct=42
m1_risp_obp=42
m1_iso=41
m1_bb_pct=41
szn_risp_bb=41
szn_vsrhp_obp=41
m1_vsrhp_avg=41
since_risp_pa=41
szn_vsrhp_bb_pct=40
szn_h=39
szn_vslhp_bb_pct=39
m1_vslhp_iso=39
m1_vsrhp_iso=39
szn_vslhp_obp=38
m1_vslhp_bb_pct=38
since_vslhp_iso=38
FLD_old=37
m1_ops=37
m1_chances=37
szn_risp_lob=37
szn_vslhp_ops=37
szn_vsrhp_h=37
szn_vsrhp_k_pct=37
m1_vslhp_avg=37
DISC_old=36
m1_obp=36
szn_vslhp_k_pct=35
m1_vslhp_k_pct=35
m1_vsrhp_k_pct=35
SPD_old=34
since_vslhp_ops=34
szn_hbp=33
m1_vslhp_obp=33
szn_bb_pct=32
szn_sb_pct=32
m1_so=32
since_r=32
since_risp_obp=32
since_vsrhp_tb=32
since_vsrhp_slug=32
szn_so=31
since_so=31
szn_vsrhp_r=31
m1_vslhp_pa=31
since_risp_so=31
since_risp_slug=31
since_vsrhp_avg=31
since_iso=30
m1_vslhp_h=30
szn_tb=29
szn_iso=29
szn_assists=29
m1_slug=29
m1_put_outs=29
since_obp=29
since_k_pct=29
szn_vslhp_so=29
m1_vsrhp_ops=29
since_vslhp_avg=29
szn_k_pct=28
since_tb=28
szn_vsrhp_bb=28
szn_vsrhp_slug=28
m1_vsrhp_slug=28
since_risp_h=28
since_risp_rbi=28
DRG_BNT_old=27
szn_vslhp_h=27
szn_vsrhp_ops=27
m1_risp_pa=27
m1_risp_ab=27
weight_lbs=27
szn_r=26
szn_vslhp_tb=26
m1_risp_slug=26
m1_vslhp_slug=26
since_vslhp_rbi=26
szn_ops=25
since_rbi=25
szn_risp_r=25
m1_vslhp_ops=25
since_vsrhp_r=25
since_vsrhp_h=25
since_vsrhp_bb_pct=25
m1_h=24
m1_assists=24
szn_risp_so=24
szn_vsrhp_so=24
m1_risp_tb=24
m1_vsrhp_pa=24
m1_vsrhp_ab=24
m1_vsrhp_obp=24
since_risp_lob=24
since_vsrhp_obp=24
szn_bb=23
m1_sb_attempts=23
since_bb_pct=23
szn_risp_hbp=23
since_vslhp_h=23
since_vslhp_tb=23
m1_risp_h=22
m1_risp_iso=22
since_risp_r=22
since_risp_tb=22
since_vsrhp_iso=22
since_h=21
since_ops=21
szn_risp_rbi=21
szn_vsrhp_lob=21
m1_vsrhp_so=21
m1_vsrhp_bb=21
since_vsrhp_ops=21
since_vsrhp_k_pct=21
m1_tb=20
since_avg=20
szn_vsrhp_tb=20
m1_risp_bb_pct=20
m1_vslhp_ab=20
since_vslhp_lob=20
szn_risp_hr=19
m1_risp_r=19
m1_risp_so=19
szn_vslhp_lob=18
szn_vsrhp_hbp=18
szn_vsrhp_rbi=18
m1_vslhp_r=18
since_vsrhp_lob=18
szn_hr=17
m1_sb_pct=17
since_bb=17
m1_vslhp_rbi=17
since_risp_iso=17
since_vslhp_slug=17
since_vsrhp_doubles=17
BNT_old=16
m1_errors=16
since_slug=16
m1_vslhp_tb=16
m1_vsrhp_h=16
m1_rbi=15
m1_lob=15
szn_vsrhp_doubles=15
szn_doubles=14
szn_sb_attempts=14
m1_doubles=14
since_hr=14
since_vslhp_obp=14
since_doubles=13
m1_vslhp_bb=13
m1_vsrhp_doubles=13
since_vslhp_so=13
since_vsrhp_bb=13
szn_sb=12
szn_cs=12
szn_vslhp_r=12
szn_vslhp_bb=12
m1_risp_rbi=12
m1_vslhp_doubles=12
m1_vslhp_so=12
m1_bb=11
m1_sb=11
m1_risp_bb=11
since_risp_bb=11
since_vsrhp_rbi=11
height_inches=11
is_if=11
szn_rbi=10
since_lob=10
szn_vsrhp_hr=10
m1_risp_doubles=10
m1_vsrhp_tb=10
since_vslhp_r=10
since_vsrhp_hbp=10
szn_errors=9
m1_r=9
szn_risp_doubles=9
szn_vslhp_rbi=9
m1_vsrhp_r=9
since_vslhp_doubles=9
szn_vslhp_hr=8
m1_risp_lob=8
m1_vslhp_lob=8
m1_vsrhp_rbi=8
m1_vsrhp_lob=8
since_risp_doubles=8
BLK_old=7
szn_vslhp_hbp=7
since_vslhp_bb=7
m1_vsrhp_hbp=6
m1_hr=5
m1_hbp=5
since_vsrhp_hr=5
age_sq=5
szn_triples=4
szn_vsrhp_triples=4
m1_vsrhp_hr=4
since_vslhp_hr=4
since_risp_hr=3
szn_vslhp_doubles=2
szn_vslhp_triples=2
m1_risp_hr=2
m1_risp_hbp=2
m1_vslhp_hr=2
since_risp_hbp=2
age_bucket_prime=2
m1_triples=1
since_triples=1
szn_risp_triples=1
since_vslhp_hbp=1
age_bucket_young=1
age_bucket_old=1

parameters:
[boosting: gbdt]
[objective: regression]
[metric: rmse,l2]
[tree_learner: serial]
[device_type: cpu]
[data_sample_strategy: bagging]
[data: ]
[valid: ]
[num_iterations: 3000]
[learning_rate: 0.03]
[num_leaves: 63]
[num_threads: 2]
[seed: 42]
[deterministic: 0]
[force_col_wise: 1]
[force_row_wise: 0]
[histogram_pool_size: -1]
[max_depth: -1]
[min_data_in_leaf: 50]
[min_sum_hessian_in_leaf: 0.001]
[bagging_fraction: 0.8]
[pos_bagging_fraction: 1]
[neg_bagging_fraction: 1]
[bagging_freq: 0]
[bagging_seed: 400]
[bagging_by_query: 0]
[feature_fraction: 0.8]
[feature_fraction_bynode: 1]
[feature_fraction_seed: 30056]
[extra_trees: 0]
[extra_seed: 12879]
[early_stopping_round: 0]
[early_stopping_min_delta: 0]
[first_metric_only: 0]
[max_delta_step: 0]
[lambda_l1: 0]
[lambda_l2: 1]
[linear_lambda: 0]
[min_gain_to_split: 0]
[drop_rate: 0.1]
[max_drop: 50]
[skip_drop: 0.5]
[xgboost_dart_mode: 0]
[uniform_drop: 0]
[drop_seed: 17869]
[top_rate: 0.2]
[other_rate: 0.1]
[min_data_per_group: 100]
[max_cat_threshold: 32]
[cat_l2: 10]
[cat_smooth: 10]
[max_cat_to_onehot: 4]
[top_k: 20]
[monotone_constraints: ]
[monotone_constraints_method: basic]
[monotone_penalty: 0]
[feature_contri: ]
[forcedsplits_filename: ]
[refit_decay_rate: 0.9]
[cegb_tradeoff: 1]
[cegb_penalty_split: 0]
[cegb_penalty_feature_lazy: ]
[cegb_penalty_feature_coupled: ]
[path_smooth: 0]
[interaction_constraints: ]
[verbosity: -1]
[saved_feature_importance_type: 0]
[use_quantized_grad: 0]
[num_grad_quant_bins: 4]
[quant_train_renew_leaf: 0]
[stochastic_rounding: 1]
[linear_tree: 0]
[max_bin: 255]
[max_bin_by_feature: ]
[min_data_in_bin: 3]
[bin_construct_sample_cnt: 200000]
[data_random_seed: 175]
[is_enable_sparse: 1]
[enable_bundle: 1]
[use_missing: 1]
[zero_as_missing: 0]
[feature_pre_filter: 1]
[pre_partition: 0]
[two_round: 0]
[header: 0]
[label_column: ]
[weight_column: ]
[group_column: ]
[ignore_column: ]
[categorical_feature: ]
[forcedbins_filename: ]
[precise_float_parser: 0]
[parser_config_file: ]
[objective_seed: 16083]
[num_class: 1]
[is_unbalance: 0]
[scale_pos_weight: 1]
[sigmoid: 1]
[boost_from_average: 1]
[reg_sqrt: 0]
[alpha: 0.9]
[fair_c: 1]
[poisson_max_delta_step: 0.7]
[tweedie_variance_power: 1.5]
[lambdarank_truncation_level: 30]
[lambdarank_norm: 1]
[label_gain: ]
[lambdarank_position_bias_regularization: 0]
[eval_at: ]
[multi_error_top_k: 1]
[auc_mu_weights: ]
[num_machines: 1]
[local_listen_port: 12400]
[time_out: 120]
[machine_list_filename: ]
[machines: ]
[gpu_platform_id: -1]
[gpu_device_id: -1]
[gpu_use_dp: 0]
[num_gpu: 1]

end of parameters

pandas_categorical:[]
