tree
version=v4
num_class=1
num_tree_per_iteration=1
label_index=0
max_feature_idx=332
objective=regression
feature_names=is_fielding age CON_L_old CON_R_old POW_L_old POW_R_old VIS_old DISC_old CLT_old SPD_old STEAL_old FLD_old ARM_old REAC_old ACC_old K/9_old BB/9_old H/9_old HR/9_old STA_old VEL_old BRK_old CTRL_old PCLT_old BNT_old DRG_BNT_old szn_pa szn_h szn_tb szn_so szn_ab szn_lob szn_avg szn_obp szn_slug szn_ops szn_k_pct szn_pab szn_ppitches_thrown szn_ph szn_pdoubles szn_ptriples szn_phr szn_pbb szn_pk szn_pr szn_per szn_pbatters_faced szn_pballs_thrown szn_pstrikes_thrown szn_outs_pitched szn_ip szn_era szn_k9 szn_bb9 szn_hr9 szn_whip szn_avg_against szn_strike_pct szn_risp_pab szn_risp_ppitches_thrown szn_risp_ph szn_risp_pdoubles szn_risp_ptriples szn_risp_phr szn_risp_pbb szn_risp_pk szn_risp_pr szn_risp_per szn_risp_pbatters_faced szn_risp_pballs_thrown szn_risp_pstrikes_thrown szn_risp_outs_pitched szn_risp_ip szn_risp_era szn_risp_k9 szn_risp_bb9 szn_risp_hr9 szn_risp_whip szn_risp_avg_against szn_risp_strike_pct szn_vslhb_pab szn_vslhb_ppitches_thrown szn_vslhb_ph szn_vslhb_pdoubles szn_vslhb_ptriples szn_vslhb_phr szn_vslhb_pbb szn_vslhb_pk szn_vslhb_pr szn_vslhb_per szn_vslhb_pbatters_faced szn_vslhb_pballs_thrown szn_vslhb_pstrikes_thrown szn_vslhb_outs_pitched szn_vslhb_ip szn_vslhb_era szn_vslhb_k9 szn_vslhb_bb9 szn_vslhb_hr9 szn_vslhb_whip szn_vslhb_avg_against szn_vslhb_strike_pct szn_vsrhb_pab szn_vsrhb_ppitches_thrown szn_vsrhb_ph szn_vsrhb_pdoubles szn_vsrhb_ptriples szn_vsrhb_phr szn_vsrhb_pbb szn_vsrhb_pk szn_vsrhb_pr szn_vsrhb_per szn_vsrhb_pbatters_faced szn_vsrhb_pballs_thrown szn_vsrhb_pstrikes_thrown szn_vsrhb_outs_pitched szn_vsrhb_ip szn_vsrhb_era szn_vsrhb_k9 szn_vsrhb_bb9 szn_vsrhb_hr9 szn_vsrhb_whip szn_vsrhb_avg_against szn_vsrhb_strike_pct szn_errors szn_chances szn_put_outs szn_assists szn_field_pct m1_pa m1_so m1_ab m1_k_pct m1_pab m1_ppitches_thrown m1_ph m1_pdoubles m1_ptriples m1_phr m1_pbb m1_pk m1_pr m1_per m1_pbatters_faced m1_pballs_thrown m1_pstrikes_thrown m1_outs_pitched m1_ip m1_era m1_k9 m1_bb9 m1_hr9 m1_whip m1_avg_against m1_strike_pct m1_risp_pab m1_risp_ppitches_thrown m1_risp_ph m1_risp_pdoubles m1_risp_ptriples m1_risp_phr m1_risp_pbb m1_risp_pk m1_risp_pr m1_risp_per m1_risp_pbatters_faced m1_risp_pballs_thrown m1_risp_pstrikes_thrown m1_risp_outs_pitched m1_risp_ip m1_risp_era m1_risp_k9 m1_risp_bb9 m1_risp_hr9 m1_risp_whip m1_risp_avg_against m1_risp_strike_pct m1_vslhb_pab m1_vslhb_ppitches_thrown m1_vslhb_ph m1_vslhb_pdoubles m1_vslhb_ptriples m1_vslhb_phr m1_vslhb_pbb m1_vslhb_pk m1_vslhb_pr m1_vslhb_per m1_vslhb_pbatters_faced m1_vslhb_pballs_thrown m1_vslhb_pstrikes_thrown m1_vslhb_outs_pitched m1_vslhb_ip m1_vslhb_era m1_vslhb_k9 m1_vslhb_bb9 m1_vslhb_hr9 m1_vslhb_whip m1_vslhb_avg_against m1_vslhb_strike_pct m1_vsrhb_pab m1_vsrhb_ppitches_thrown m1_vsrhb_ph m1_vsrhb_pdoubles m1_vsrhb_ptriples m1_vsrhb_phr m1_vsrhb_pbb m1_vsrhb_pk m1_vsrhb_pr m1_vsrhb_per m1_vsrhb_pbatters_faced m1_vsrhb_pballs_thrown m1_vsrhb_pstrikes_thrown m1_vsrhb_outs_pitched m1_vsrhb_ip m1_vsrhb_era m1_vsrhb_k9 m1_vsrhb_bb9 m1_vsrhb_hr9 m1_vsrhb_whip m1_vsrhb_avg_against m1_vsrhb_strike_pct m1_errors m1_chances m1_put_outs m1_assists m1_field_pct since_pa since_so since_ab since_k_pct since_pab since_ppitches_thrown since_ph since_pdoubles since_ptriples since_phr since_pbb since_pk since_pr since_per since_pbatters_faced since_pballs_thrown since_pstrikes_thrown since_outs_pitched since_ip since_era since_k9 since_bb9 since_hr9 since_whip since_avg_against since_strike_pct since_risp_pab since_risp_ppitches_thrown since_risp_ph since_risp_pdoubles since_risp_ptriples since_risp_phr since_risp_pbb since_risp_pk since_risp_pr since_risp_per since_risp_pbatters_faced since_risp_pballs_thrown since_risp_pstrikes_thrown since_risp_outs_pitched since_risp_ip since_risp_era since_risp_k9 since_risp_bb9 since_risp_hr9 since_risp_whip since_risp_avg_against since_risp_strike_pct since_vslhb_pab since_vslhb_ppitches_thrown since_vslhb_ph since_vslhb_pdoubles since_vslhb_ptriples since_vslhb_phr since_vslhb_pbb since_vslhb_pk since_vslhb_pr since_vslhb_per since_vslhb_pbatters_faced since_vslhb_pballs_thrown since_vslhb_pstrikes_thrown since_vslhb_outs_pitched since_vslhb_ip since_vslhb_era since_vslhb_k9 since_vslhb_bb9 since_vslhb_hr9 since_vslhb_whip since_vslhb_avg_against since_vslhb_strike_pct since_vsrhb_pab since_vsrhb_ppitches_thrown since_vsrhb_ph since_vsrhb_pdoubles since_vsrhb_ptriples since_vsrhb_phr since_vsrhb_pbb since_vsrhb_pk since_vsrhb_pr since_vsrhb_per since_vsrhb_pbatters_faced since_vsrhb_pballs_thrown since_vsrhb_pstrikes_thrown since_vsrhb_outs_pitched since_vsrhb_ip since_vsrhb_era since_vsrhb_k9 since_vsrhb_bb9 since_vsrhb_hr9 since_vsrhb_whip since_vsrhb_avg_against since_vsrhb_strike_pct szn_risp_pa szn_risp_so szn_risp_ab szn_risp_k_pct m1_risp_pa since_risp_pa height_inches weight_lbs is_sp is_rp age_sq age_bucket_young age_bucket_prime age_bucket_old
feature_infos=none [19:43] [0:87] [0:110] [0:118] [0:120] [0:72] [0:100] [0:100] [0:86] [0:99] [0:95] [0:99] [0:90] [0:92] [28:121] [6:109] [22:124] [17:100] [21:101] [-24:99] [0:99] [30:502] [6:125] [0:99] [0:62] [0:737] [0:197] [0:411] [0:190] [0:636] [0:53] [0:1] [0:1] [0:1.5] [0:2.5] [0:1] [0:820] [0:3348] [0:226] [0:54] [0:11] [0:44] [0:99] [0:281] [0:130] [0:124] [0:886] [0:1319] [0:2231] [0:681] [0:227] [0:81] [0:21] [0:81] [0:18] [0:12] [0:0.66666668653488159] [0:0.875] [0:193] [0:876] [0:60] [0:21] [0:4] [0:17] [0:28] [0:60] [0:94] [0:88] [0:222] [0:359] [0:538] [0:163] [0:54.099998474121094] [0:189] [0:27] [0:81] [0:36] [0:18] [0:1] [0:1] [0:443] [0:1828] [0:116] [0:33] [0:8] [0:26] [0:51] [0:141] [0:72] [0:69] [0:480] [0:653] [0:1204] [0:376] [0:125.09999847412109] [0:81] [0:27] [0:54] [0:27] [0:12] [0:1] [0:0.83333331346511841] [0:643] [0:2678] [0:165] [0:44] [0:6] [0:32] [0:78] [0:214] [0:98] [0:89] [0:698] [0:1063] [0:1783] [0:510] [0:170] [0:54] [0:27] [0:27] [0:27] [0:9] [0:1] [0:1] [0:6] [0:55] [0:32] [0:41] [0:1] [0:130] [0:39] [0:113] [0:1] [0:165] [0:662] [0:48] [0:15] [0:4] [0:13] [0:23] [0:66] [0:33] [0:29] [0:177] [0:265] [0:448] [0:143] [0:47.200000762939453] [0:81] [0:27] [0:81] [0:27] [0:13.5] [0:1] [0:0.875] [0:54] [0:204] [0:18] [0:8] [0:2] [0:6] [0:12] [0:20] [0:31] [0:25] [0:58] [0:90] [0:130] [0:44] [0:14.199999809265137] [0:243] [0:27] [0:81] [0:54] [0:15] [0:1] [0:1] [0:99] [0:401] [0:28] [0:10] [0:3] [0:8] [0:15] [0:36] [0:21] [0:20] [0:110] [0:151] [0:268] [0:83] [0:27.200000762939453] [0:67.5] [0:27] [0:54] [0:54] [0:10.5] [0:1] [0:1] [0:135] [0:579] [0:40] [0:13] [0:4] [0:9] [0:21] [0:62] [0:26] [0:26] [0:146] [0:205] [0:390] [0:110] [0:36.200000762939453] [0:81] [0:27] [0:81] [0:27] [0:15] [0:1] [0:0.94444441795349121] [0:4] [0:35] [0:15] [0:22] [0:1] [0:231] [0:60] [0:200] [0:1] [0:495] [0:2022] [0:151] [0:36] [0:5] [0:21] [0:49] [0:127] [0:89] [0:83] [0:538] [0:746] [0:1297] [0:378] [0:126] [0:94.5] [0:23.399999618530273] [0:81] [0:27] [0:13.5] [0:1] [0:0.875] [0:118] [0:509] [0:42] [0:12] [0:4] [0:7] [0:27] [0:31] [0:68] [0:62] [0:131] [0:202] [0:307] [0:90] [0:30] [0:243] [0:27] [0:81] [0:54] [0:18] [0:1] [0:1] [0:261] [0:1092] [0:70] [0:19] [0:5] [0:13] [0:29] [0:56] [0:40] [0:39] [0:284] [0:417] [0:675] [0:199] [0:66.099998474121094] [0:81] [0:27] [0:108] [0:54] [0:15] [0:1] [0:1] [0:361] [0:1644] [0:107] [0:21] [0:4] [0:19] [0:38] [0:87] [0:55] [0:52] [0:405] [0:609] [0:1035] [0:266] [0:88.199996948242188] [0:108] [0:27] [0:135] [0:36] [0:21] [0:1] [0:1] [0:177] [0:39] [0:145] [0:1] [0:35] [0:49] [67:83] [145:290] [0:1] [0:1] [361:1849] [0:1] [0:1] [0:1]
tree_sizes=5456 5536 5536 5528 5532 5564 5553 5556 5557 5561 5552 5551 5575 5556 5564 5565 5562 5540 5576 5561 5563 5555 5540 5551 5555 5601 5556 5577 5572 5604 5564 5571 5566 5554 5563

Tree=0
num_leaves=63
num_cat=0
split_feature=147 17 327 308 15 249 37 308 271 189 105 170 250 18 308 78 98 24 24 102 15 238 46 281 241 55 194 299 17 318 26 37 50 52 16 172 134 287 13 16 147 233 272 213 14 251 45 134 124 58 43 326 234 307 24 272 147 266 52 291 80 24
split_gain=18497.1 15763.5 9078.24 6138.5 3352.36 3190.78 3421.02 3409.39 2495.64 2184.34 3190.41 1777.67 1611.62 1519.65 1626.46 1373.04 1304.86 1108.85 865.668 855.688 851.081 1137.08 842.912 805.034 757.413 848.823 497.896 543.997 386.159 386.072 294.42 479.89 310.109 292.341 280.491 361.017 285.672 277.484 394.695 275.85 271.063 294.429 256.565 256.068 255.912 250.268 242.721 237.59 231.001 228.674 224.678 272.405 217.875 197.764 300.073 181.609 157.063 150.424 146.019 134.144 186.56 148.472
threshold=56.500000000000007 63.500000000000007 1.0000000180025095e-35 38.500000000000007 61.500000000000007 1.8046391606330874 58.500000000000007 111.50000000000001 1.4660933613777163 24.500000000000004 10.500000000000002 3.1499999761581425 1.3047162890434267 55.500000000000007 92.500000000000014 0.71583852171897899 3.5538958311080937 29.500000000000004 54.500000000000007 0.62648829817771923 56.500000000000007 6.5000000000000009 24.500000000000004 5.5000000000000009 103.50000000000001 0.72053414583206188 3.0428571701049809 6.5000000000000009 66.500000000000014 0.68577751517295849 1.0000000180025095e-35 167.50000000000003 225.50000000000003 1.8027355670928957 51.500000000000007 7.0217392444610605 79.500000000000014 35.500000000000007 47.500000000000007 53.500000000000007 85.500000000000014 29.500000000000004 1.8596059083938601 30.500000000000004 49.500000000000007 0.21353768557310107 14.500000000000002 79.500000000000014 0.6316201686859132 0.68704596161842357 10.500000000000002 218.50000000000003 11.500000000000002 43.500000000000007 34.500000000000007 1.0741758346557619 89.500000000000014 13.500000000000002 5.5168437957763681 13.229024410247805 0.57935476303100597 26.500000000000004
decision_type=2 2 2 2 2 2 2 2 2 2 2 2 2 2 2 2 2 2 2 2 2 2 2 2 2 2 2 2 2 2 2 2 2 2 2 2 2 2 2 2 2 2 2 2 2 2 2 2 2 2 2 2 2 2 2 2 2 2 2 2 2 2
left_child=1 2 3 9 5 6 -5 8 11 20 -11 -8 18 14 17 44 -6 -3 22 -12 21 -1 24 29 50 -26 27 -15 39 45 32 -32 43 -20 35 -14 -36 -19 -39 -28 -24 -42 46 53 -4 -17 -38 -35 -37 56 -2 -52 -48 59 -55 -41 -49 -47 -44 61 -61 -30
right_child=12 13 15 4 16 -7 7 -9 -10 10 19 -13 34 26 -16 23 -18 37 33 -21 -22 -23 40 -25 25 -27 28 -29 30 -31 31 -33 -34 47 36 48 42 38 -40 55 41 -43 58 -45 -46 57 52 49 -50 -51 51 -53 -54 54 -56 -57 -58 -59 -60 60 -62 -63
leaf_value=-1.0247165343634468 -0.96092663645036369 -1.1356104308938921 -0.9881765334169843 -1.4846599921700856 -1.0042460113269345 -1.0841698720101127 -1.0707204531692223 -1.4647054518882401 -1.3871002739566893 -1.3031399769272871 -1.0085856142851495 -1.256474781093109 -0.88807288556086761 -1.0143835670867234 -1.2064241966914602 -1.0855478127928497 -1.1909533243350368 -0.98803382345154556 -0.90359753579334512 -1.160456041046626 -0.98572397091957042 -1.1925542463409029 -0.97590366758045943 -1.1558461043855797 -0.74053276760188802 -0.89215223379398056 -1.1056271062798522 -1.11702536780772 -0.95299846714239356 -1.118457717148521 -1.1178694829763731 -0.99561922248544577 -1.0524730296408262 -1.0267322278756092 -1.0515708216100517 -1.0303440858599577 -0.92286297936561001 -1.0150044376984353 -1.1042366958532699 -0.98363528771493081 -0.94743892518925321 -0.86557288642055008 -1.0039375542592126 -0.936456035861022 -0.9104560387816496 -0.99530774652965393 -0.99297590731015506 -0.98067260807791334 -0.94345636629992358 -0.90345709299244481 -0.92845120432170769 -0.84422673109574253 -0.93108811834686089 -1.0869478607944023 -1.0080739058640069 -1.0570915377415593 -0.95557869171994858 -1.0472999971067605 -1.05619766704107 -1.0631635985898618 -1.0028304183925913 -0.99341543255171627
leaf_weight=90 96 94 108 86 56 62 96 63 58 95 75 90 51 117 63 54 83 143 69 59 120 60 219 68 52 99 52 76 87 50 50 66 96 57 76 52 58 147 63 55 187 51 214 59 59 139 529 435 57 53 121 51 56 52 239 65 480 77 61 50 485 1267
leaf_count=90 96 94 108 86 56 62 96 63 58 95 75 90 51 117 63 54 83 143 69 59 120 60 219 68 52 99 52 76 87 50 50 66 96 57 76 52 58 147 63 55 187 51 214 59 59 139 529 435 57 53 121 51 56 52 239 65 480 77 61 50 485 1267
internal_value=-1.01902 -1.05495 -1.13079 -1.18092 -1.24604 -1.28542 -1.31693 -1.26858 -1.21633 -1.10311 -1.17106 -1.16139 -0.961816 -1.01735 -1.06494 -1.03194 -1.11616 -1.04463 -0.945327 -1.07601 -1.04513 -1.09256 -0.923077 -1.06287 -0.892305 -0.83845 -1.00871 -1.0551 -1.00529 -1.04275 -1.00224 -1.04871 -0.999915 -0.963214 -0.990005 -0.953233 -0.995985 -1.02014 -1.04205 -1.04862 -0.951505 -0.929328 -0.991352 -0.997648 -0.960236 -1.02841 -0.980994 -0.967336 -0.984634 -0.963834 -0.923207 -0.902612 -0.986912 -0.999341 -1.02235 -1.02341 -0.967454 -1.01389 -1.01562 -0.995796 -1.00854 -0.990772
internal_weight=8098 4974 1648 1093 594 455 393 307 244 499 229 186 3124 3326 510 555 139 447 1970 134 270 150 876 388 419 151 2816 193 2623 320 2451 116 2335 1094 1154 160 994 353 210 172 457 238 918 2239 167 270 643 1025 109 968 268 172 585 2180 291 120 915 216 275 1889 535 1354
internal_count=8098 4974 1648 1093 594 455 393 307 244 499 229 186 3124 3326 510 555 139 447 1970 134 270 150 876 388 419 151 2816 193 2623 320 2451 116 2335 1094 1154 160 994 353 210 172 457 238 918 2239 167 270 643 1025 109 968 268 172 585 2180 291 120 915 216 275 1889 535 1354
is_linear=0
shrinkage=1


Tree=1
num_leaves=63
num_cat=0
split_feature=147 19 327 19 190 19 144 290 105 19 150 147 242 221 157 19 19 19 271 213 19 180 22 57 92 250 239 70 268 146 17 19 19 75 19 19 317 19 270 179 118 211 80 25 201 152 80 250 250 116 281 90 201 121 74 299 19 134 243 316 18 19
split_gain=17417.2 53716.4 67774.3 22665.8 13064 14636.8 13430.1 6965.67 3261.89 2444.59 1823.92 1714.09 1208.52 1121.42 967.547 914.303 767.634 763.159 707.135 661.794 677.757 569.637 653.513 326.31 323.601 291.477 276.961 205.833 190.317 171.122 157.575 153.745 150.833 144.176 141.92 141.816 134.64 119.782 118.829 111.301 107.25 100.416 88.9223 86.0226 84.0679 83.0658 80.5296 79.0634 74.6543 69.4635 66.1463 65.4308 57.5626 57.4309 55.8875 51.3896 50.2372 58.6387 49.9525 43.8665 40.4798 39.3035
threshold=56.500000000000007 40.500000000000007 1.0000000180025095e-35 52.500000000000007 26.500000000000004 60.500000000000007 64.500000000000014 4.9623503684997567 20.500000000000004 69.500000000000014 5.9630777835845956 82.500000000000014 180.50000000000003 0.63421601057052623 45.500000000000007 77.500000000000014 63.500000000000007 66.500000000000014 1.2607194781303408 30.500000000000004 36.500000000000007 2.5000000000000004 52.500000000000007 0.28728675842285162 116.50000000000001 1.161726236343384 11.500000000000002 63.500000000000007 24.364285469055179 226.50000000000003 48.500000000000007 81.500000000000014 33.500000000000007 7.0293235778808603 75.500000000000014 73.500000000000014 0.19796823710203174 82.500000000000014 5.016949176788331 79.500000000000014 4.0922286510467538 88.500000000000014 0.60648983716964733 7.5000000000000009 124.50000000000001 1.6713347434997561 0.74675324559211742 1.2792407870292666 1.030076861381531 108.50000000000001 6.5000000000000009 6.5000000000000009 42.500000000000007 1.2008902430534365 11.946563720703127 7.5000000000000009 85.500000000000014 110.50000000000001 202.50000000000003 1.3514705896377566 63.500000000000007 27.500000000000004
decision_type=2 2 2 2 2 2 2 2 2 2 2 2 2 2 2 2 2 2 2 2 2 2 2 2 2 2 2 2 2 2 2 2 2 2 2 2 2 2 2 2 2 2 2 2 2 2 2 2 2 2 2 2 2 2 2 2 2 2 2 2 2 2
left_child=1 19 4 -2 10 13 7 8 14 16 -3 23 17 -6 -7 27 -5 -4 -14 20 30 44 -23 26 -18 31 29 36 39 43 -1 53 46 -25 -31 -28 -13 54 41 -24 56 -29 49 -11 52 47 61 -44 55 -37 -39 -41 -19 58 -27 -36 57 -33 -17 -47 -45 -32
right_child=3 2 12 9 5 6 -8 -9 -10 11 -12 15 18 -15 -16 25 24 21 -20 -21 -22 22 28 33 -26 37 35 38 -30 34 32 40 -34 -35 48 42 -38 50 -40 51 -42 -43 45 60 -46 59 -48 -49 -50 -51 -52 -53 -54 -55 -56 -57 -58 -59 -60 -61 -62 -63
leaf_value=0.068204016960523223 0.68279375887201987 0.0033531531107683591 0.083977536678314202 0.24155903005869026 -0.12792941591143608 -0.96072151179497056 -0.23718328303836569 -0.46216731853459192 -0.56804051915804543 -0.022524821911187421 -0.24155000452267922 0.17119668462446758 -0.19243326890994522 -0.30214923548379113 -0.74685245258991528 0.065951888897957708 0.162484837058222 0.015906334857222336 -0.035839077033779837 0.12859989017993212 -0.071991535231471046 -0.11956144009910834 -0.0404837387789573 0.0014852693935057946 0.073765896793567778 0.060747144072782241 0.038367115561308895 0.12496701317738641 -0.067087027144725198 0.071414996042019785 0.031057602280376101 0.041984521590879766 -0.012666340376286264 -0.058582463794015348 0.031831048861390251 -0.050506182016272626 0.10285727410577238 0.024045947287639136 0.046926954649950794 0.023177420565327844 0.014871435908795291 0.07423805985054592 0.038605160448286269 0.040140053249067727 -0.015448962230933829 -0.034784889880959922 0.06079488257298598 0.0018109469825944658 0.022136872641753919 -0.0031931859134745441 -0.013078579343591797 -0.01204444460254514 0.049567675445167748 0.055150240088607798 0.030797658521731042 0.072952957831661808 0.046433963378518822 0.080055906758308412 0.10575449492782354 -0.00083819201023414217 0.0026233516732121214 0.023476542790949802
leaf_weight=93 50 51 79 53 59 77 77 91 53 61 58 55 50 83 64 51 62 190 54 59 59 71 69 69 98 119 85 73 60 107 2243 57 77 74 60 55 63 239 57 85 66 81 80 53 59 56 73 150 238 56 52 105 60 58 113 54 224 124 95 86 50 875
leaf_count=93 50 51 79 53 59 77 77 91 53 61 58 55 50 83 64 51 62 190 54 59 59 71 69 69 98 119 85 73 60 107 2243 57 77 74 60 55 63 239 57 85 66 81 80 53 59 56 73 150 238 56 52 105 60 58 113 54 224 124 95 86 50 875
internal_value=-5.20026e-06 -0.0348708 -0.1852 0.0555008 -0.427213 -0.491548 -0.59277 -0.687676 -0.790543 0.0450788 -0.127974 0.0377477 -0.0167047 -0.231163 -0.869589 0.0594418 0.142914 -0.00380622 -0.11224 0.0297636 0.0280214 -0.0138332 -0.0378978 0.012889 0.10894 0.0472063 0.018034 0.103717 -0.0194051 0.0318309 0.029798 0.0602395 0.0286845 -0.0297897 0.0412123 0.00287175 0.135881 0.0303024 0.0851738 -0.00814352 0.0506062 0.098936 -0.00344122 0.00548373 0.0165639 0.00360539 0.0296859 0.0147207 0.031855 -0.0268782 0.0173899 0.00375156 0.0241504 0.0821258 0.0463545 0.0517748 0.0563787 0.0683631 0.0923941 -0.0143753 0.0221284 0.0289383
internal_weight=8098 4974 1495 3124 613 504 362 285 194 3074 109 2861 882 142 141 1527 213 778 104 3479 3420 699 390 1334 160 1198 1191 329 319 623 3361 675 3268 143 459 568 118 523 211 259 471 154 483 164 309 372 3191 230 352 111 291 190 250 204 232 114 405 181 146 142 103 3118
internal_count=8098 4974 1495 3124 613 504 362 285 194 3074 109 2861 882 142 141 1527 213 778 104 3479 3420 699 390 1334 160 1198 1191 329 319 623 3361 675 3268 143 459 568 118 523 211 259 471 154 483 164 309 372 3191 230 352 111 291 190 250 204 232 114 405 181 146 142 103 3118
is_linear=0
shrinkage=0.03


Tree=2
num_leaves=63
num_cat=0
split_feature=134 19 327 19 190 19 135 290 74 19 106 150 20 153 242 19 19 135 19 134 47 180 18 19 144 134 19 56 153 118 120 313 17 19 144 146 246 118 19 96 243 68 153 265 70 24 201 19 200 94 166 80 208 201 19 311 153 43 150 19 121 290
split_gain=16036.7 51483.8 65247.3 20786.5 12917.7 14315.2 10836.4 5770.19 2540.49 1886.23 1751.13 1717.93 1715.04 1528.83 1291.38 973.055 796.406 749.053 683.521 613.071 607.541 507.734 672.147 419.056 356.964 352.384 238.562 221.619 187.285 169.532 153.887 165.023 144.376 161.624 135.42 131.659 125.763 117.525 106.766 104.073 101.88 112.678 100.19 97.1399 77.5507 134.599 73.2396 66.3736 65.7139 63.9467 61.8531 58.3123 55.3796 54.2336 54.205 57.1872 54.1401 50.5147 49.0491 42.6422 42.0832 36.9098
threshold=71.500000000000014 40.500000000000007 1.0000000180025095e-35 55.500000000000007 26.500000000000004 60.500000000000007 230.50000000000003 4.9623503684997567 10.345212936401369 71.500000000000014 3.5000000000000004 5.9630777835845956 75.500000000000014 1.2279220819473269 180.50000000000003 48.500000000000007 66.500000000000014 254.50000000000003 36.500000000000007 92.500000000000014 178.50000000000003 2.5000000000000004 51.500000000000007 81.500000000000014 112.50000000000001 104.50000000000001 78.500000000000014 1.3429402112960818 1.147603511810303 5.840996742248536 1.8252056837081911 10.951233863830568 48.500000000000007 33.500000000000007 92.500000000000014 228.50000000000003 4.9771335124969491 3.2963414192199711 77.500000000000014 2.7374066114425664 236.50000000000003 14.500000000000002 1.5943433642387392 55.500000000000007 10.500000000000002 36.500000000000007 124.50000000000001 76.500000000000014 62.500000000000007 82.500000000000014 27.500000000000004 0.63015723228454601 5.5000000000000009 42.500000000000007 75.500000000000014 7.5999999046325692 0.96379423141479503 13.500000000000002 9.7850546836853045 85.500000000000014 1.1230536103248598 6.1049907207489023
decision_type=2 2 2 2 2 2 2 2 2 2 2 2 2 2 2 2 2 2 2 2 2 2 2 2 2 2 2 2 2 2 2 2 2 2 2 2 2 2 2 2 2 2 2 2 2 2 2 2 2 2 2 2 2 2 2 2 2 2 2 2 2 2
left_child=1 17 4 -2 11 15 7 10 -8 19 12 -3 -7 23 16 -6 -4 18 32 27 -21 46 -23 25 29 35 36 -5 -22 40 -24 54 -1 44 -25 -11 50 38 -27 -37 47 -42 57 56 45 -34 53 -15 -45 -43 -26 -41 -40 -18 -32 -56 58 -28 -36 -59 -53 -51
right_child=3 2 14 9 5 6 8 -9 -10 13 -12 -13 -14 24 -16 -17 21 -19 -20 20 28 22 30 34 26 37 42 -29 -30 -31 31 -33 33 -35 43 39 -38 -39 52 51 41 49 -44 48 -46 -47 -48 -49 -50 61 -52 60 -54 -55 55 -57 -58 59 -60 -61 -62 -63
leaf_value=0.065111818095481916 0.62057113506292039 0.0032544933628434174 0.088524941130529472 0.093101388090848919 -0.15717840398957089 -0.74306708866730331 -0.49503261082312633 -0.48204880008428563 -0.2022164004079757 0.012381112620083463 -0.62614940866827962 -0.23442632438772815 -1.0281157543378716 0.042410803057968481 -0.11896966012528068 -0.32001338188765477 0.015431643384581929 0.13159453902216184 -0.072454482746905968 0.2257377350535886 0.14698939195963054 -0.10549648125540473 0.026222550794016568 -0.0077830299778999575 0.039280088807886034 0.13607292821407319 -0.0074197889252934808 0.01471275927783069 0.076089086961932478 -0.044930108155935039 0.01512631817808691 -0.070984881497603264 0.088583736763388474 -0.015508001920963195 0.079124295321004137 0.08444412484928801 0.013599999218590949 0.073030362212434044 0.069878192615509024 0.023961027460051819 -0.047400956932793968 0.026561958251449351 -0.012333841346473425 0.0046595563032579687 0.027786887883347267 0.029631465077400207 -0.013050129342553837 0.0046062723013243359 0.039611689816991036 0.00033705871955205037 0.081818178584799173 0.079063217937946309 0.11342224240303039 0.048105022089029129 -0.042004054789036765 0.0011271677377089012 0.041232873682351324 0.031106858635739407 0.047438312968906923 0.0085935846365048623 0.040660223430623449 -0.03237309041643479
leaf_weight=96 56 51 78 74 81 63 50 81 61 73 50 58 50 55 94 60 190 62 60 57 64 92 69 52 51 74 52 58 79 92 52 52 52 75 86 90 56 202 74 76 65 51 108 87 3030 107 61 166 109 77 91 50 50 60 58 52 306 244 105 111 61 51
leaf_count=96 56 51 78 74 81 63 50 81 61 73 50 58 50 55 94 60 190 62 60 57 64 92 69 52 51 74 52 58 79 92 52 52 52 75 86 90 56 202 74 76 65 51 108 87 3030 107 61 166 109 77 91 50 50 60 58 52 306 244 105 111 61 51
internal_value=-1.0162e-05 -0.0337187 -0.18299 0.0528504 -0.421299 -0.486208 -0.587741 -0.699803 -0.337358 0.0423879 -0.804414 -0.124199 -0.877107 0.034249 -0.0146572 -0.228236 -0.00168416 0.0290339 0.0271367 0.109865 0.142956 -0.0120551 -0.0355175 0.0547997 0.0100334 0.0706455 0.0240771 0.0590275 0.108621 -0.00795448 -0.0124768 -0.0250186 0.0289362 0.0278526 0.0387743 0.0484296 0.0519851 0.0899153 0.106688 0.057851 -0.000558152 -0.0138953 0.0132675 0.0422739 0.0288769 0.0493446 0.0162588 0.0141633 0.0241996 -0.00153271 0.0669219 0.044671 0.0882032 0.0234337 -0.00991905 -0.0217883 0.0493389 0.0200745 0.0620431 0.0241114 0.0585103 -0.0128458
internal_weight=8098 4945 1463 3153 605 496 355 244 111 3097 163 109 113 2765 858 141 764 3482 3420 332 200 686 375 1495 1270 750 713 132 143 557 283 214 3360 3264 745 350 198 400 198 277 465 244 515 693 3189 159 311 221 196 179 142 187 124 250 162 110 497 407 191 355 111 128
internal_count=8098 4945 1463 3153 605 496 355 244 111 3097 163 109 113 2765 858 141 764 3482 3420 332 200 686 375 1495 1270 750 713 132 143 557 283 214 3360 3264 745 350 198 400 198 277 465 244 515 693 3189 159 311 221 196 179 142 187 124 250 162 110 497 407 191 355 111 128
is_linear=0
shrinkage=0.03


Tree=3
num_leaves=63
num_cat=0
split_feature=148 19 327 19 190 19 144 24 246 19 213 148 75 148 254 19 8 19 19 213 19 19 197 18 157 93 57 153 239 70 146 89 17 19 19 75 19 19 317 270 250 211 153 80 25 19 80 218 56 74 113 46 249 250 11 185 281 249 211 19 240 18
split_gain=15470.1 47662 60102.6 20278.7 11589.6 12982.7 12068 6288.66 4021.29 2170.14 1820.94 1536.13 1433.86 1117.82 1078.98 1120.78 931.379 819.632 688.937 613.982 612.874 603.378 473.474 444.3 344.811 299.574 296.234 271.391 250.168 188.253 151.957 147.492 139.995 134.924 133.88 132.964 125.673 125.521 123.922 109.752 98.1742 93.9351 88.1722 83.4161 81.0669 80.9777 74.2252 72.3035 70.8986 69.9416 68.7198 65.7876 64.3954 67.9818 60.5481 76.533 58.459 48.514 40.4482 37.6848 43.0814 37.6027
threshold=18.60000038146973 40.500000000000007 1.0000000180025095e-35 52.500000000000007 26.500000000000004 60.500000000000007 67.500000000000014 42.500000000000007 5.1985633373260507 69.500000000000014 21.500000000000004 27.150000572204593 5.942476987838746 12.150000095367433 57.500000000000007 66.500000000000014 8.5000000000000018 77.500000000000014 63.500000000000007 30.500000000000004 71.500000000000014 36.500000000000007 1.1479974985122683 53.500000000000007 59.500000000000007 170.50000000000003 0.28728675842285162 1.1435935497283938 11.500000000000002 63.500000000000007 226.50000000000003 9.5000000000000018 48.500000000000007 82.500000000000014 33.500000000000007 7.0293235778808603 73.500000000000014 75.500000000000014 0.19796823710203174 5.016949176788331 1.2401922941207888 88.500000000000014 1.0392307639122011 0.60422238707542431 7.5000000000000009 81.500000000000014 0.74675324559211742 1.5247142910957339 1.1439268589019778 11.744565010070803 161.50000000000003 19.500000000000004 2.1452921628952031 1.2639318704605105 40.500000000000007 3.5000000000000004 6.5000000000000009 0.73304668068885814 39.500000000000007 27.500000000000004 14.500000000000002 63.500000000000007
decision_type=2 2 2 2 2 2 2 2 2 2 2 2 2 2 2 2 2 2 2 2 2 2 2 2 2 2 2 2 2 2 2 2 2 2 2 2 2 2 2 2 2 2 2 2 2 2 2 2 2 2 2 2 2 2 2 2 2 2 2 2 2 2
left_child=1 19 4 -2 12 13 7 8 10 18 -7 26 -3 -6 15 -4 20 29 -5 21 -16 32 54 -24 -22 -20 28 33 30 38 44 -26 -1 47 46 -28 -30 -32 -13 41 -27 -31 -39 50 -11 49 59 51 57 -29 -38 -19 53 -45 -17 -56 -47 -35 -25 -34 -61 -46
right_child=3 2 14 9 5 6 -8 -9 -10 11 -12 17 -14 -15 16 22 -18 27 25 -21 24 -23 23 58 31 40 35 45 36 39 37 -33 34 48 -36 -37 43 42 -40 -41 -42 -43 -44 52 61 56 -48 -49 -50 -51 -52 -53 -54 -55 55 -57 -58 -59 -60 60 -62 -63
leaf_value=0.064204653490612162 0.64563537318916875 -0.0080561821990542942 0.14046089253642341 0.22805609696027304 -0.2864671909116035 -0.9050776721934477 -0.16243233215808867 -0.42452756026759741 -0.47965827845610104 -0.022005781279876829 -0.66329830537671619 0.16256611867674758 -0.22498180975843418 -0.11210319339715201 0.05990986596150645 -0.0059913959673472813 -0.13688094753531679 0.10665085611136063 0.16060642197728156 0.12320253364741801 -0.096762525997189583 -0.068036451265215861 -0.11205036291054317 0.0089429785715321349 0.010509274452924728 0.099725033421265444 0.0013677085731178523 0.063766227937464059 0.035903065097193383 0.11861832627170794 0.06725634046726757 -0.051173800398474148 0.029255167186748296 0.066194571822229098 -0.012001679190076314 -0.056318050748109819 -0.051704436874547705 0.053310688312810196 0.097110273158177732 0.043561925618941413 0.041070781499147412 0.069662374098126478 0.020254542827233674 0.031008335421332616 0.038701496545432347 0.02551125345423335 0.057758044834072528 0.043058585514787764 0.021908888278099208 0.024782127716711587 -0.0023963135102873338 0.06916748083209337 -0.020795899981231842 9.114368979386251e-06 0.015241008533451419 0.052485802118112712 -0.0056316245466758331 0.0419710173756681 -0.027023342650176748 0.023493363583545115 -0.0048328936443879046 0.0025422794700545423
leaf_weight=93 50 53 54 53 85 89 59 95 51 61 68 55 56 57 57 62 92 68 53 59 85 59 55 58 70 56 69 86 85 73 107 68 2243 136 77 74 51 103 63 57 51 81 249 90 53 277 73 60 90 83 50 145 80 212 155 73 67 186 53 824 51 50
leaf_count=93 50 53 54 53 85 89 59 95 51 61 68 55 56 57 57 62 92 68 53 59 85 59 55 58 70 56 69 86 85 73 107 68 2243 136 77 74 51 103 63 57 51 81 249 90 53 277 73 60 90 83 50 145 80 212 155 73 67 186 53 824 51 50
internal_value=-1.75169e-05 -0.0328765 -0.174481 0.052294 -0.402385 -0.462981 -0.558312 -0.63461 -0.728071 0.0424362 -0.805219 0.0355289 -0.120536 -0.217749 -0.0158081 0.0125303 -0.0545887 0.056066 0.134616 0.0280065 -0.0271589 0.0263287 -0.00289356 -0.0431524 -0.0495822 0.102439 0.0119961 0.0444816 0.0168984 0.0979861 0.0300109 -0.0200348 0.0280049 0.0568438 0.0269554 -0.0286675 0.00248867 0.0388514 0.128729 0.0802673 0.0724075 0.0934843 0.0300508 -0.00345374 0.0051829 0.027896 0.0278989 0.073299 0.0457892 0.0448786 -0.0275573 0.0815765 0.0029745 0.00931914 0.0202202 0.027343 0.0194469 0.0523753 -0.00831808 0.0271816 0.0218387 0.0213417
internal_weight=8098 4974 1495 3124 613 504 362 303 208 3074 157 2861 109 142 882 510 372 1527 213 3479 280 3420 456 166 223 160 1334 1198 1191 329 623 138 3361 685 3268 143 568 459 118 211 107 154 352 483 164 513 3191 273 412 169 101 213 382 302 290 228 344 322 111 3118 875 103
internal_count=8098 4974 1495 3124 613 504 362 303 208 3074 157 2861 109 142 882 510 372 1527 213 3479 280 3420 456 166 223 160 1334 1198 1191 329 623 138 3361 685 3268 143 568 459 118 211 107 154 352 483 164 513 3191 273 412 169 101 213 382 302 290 228 344 322 111 3118 875 103
is_linear=0
shrinkage=0.03


Tree=4
num_leaves=63
num_cat=0
split_feature=148 19 327 19 190 19 135 246 246 39 19 20 148 75 148 111 19 242 121 105 19 135 19 19 19 82 57 250 60 22 246 250 242 119 19 17 19 119 118 146 19 250 16 282 114 19 135 312 109 118 98 198 286 218 80 19 19 240 121 299 74 243
split_gain=14570.2 44877.2 56597.2 19104 10912.3 12225.3 11587.1 4554.67 3274.31 2498.96 2044.57 1541.94 1446.46 1350.58 1052.26 1040.23 772.182 685.204 693.306 663.36 648.972 611.089 611.267 392.601 325.96 286.345 278.919 251.389 205.907 221.525 202.665 173.632 133.767 130.768 128.802 127.418 143.985 126.932 162.493 117.372 138.654 121.383 116.576 114.825 111.403 102.551 100.39 108.573 142.239 97.1374 95.895 93.9714 79.8118 79.1734 68.2465 54.6824 52.4736 51.7907 51.4349 49.5046 48.6041 46.6833
threshold=18.60000038146973 40.500000000000007 1.0000000180025095e-35 52.500000000000007 26.500000000000004 60.500000000000007 230.50000000000003 5.1985633373260507 4.1933605670928964 31.500000000000004 69.500000000000014 77.500000000000014 27.150000572204593 5.942476987838746 12.150000095367433 1.5000000000000002 77.500000000000014 180.50000000000003 0.45892719924449926 32.500000000000007 63.500000000000007 254.50000000000003 36.500000000000007 68.500000000000014 71.500000000000014 302.50000000000006 0.28728675842285162 1.161726236343384 43.500000000000007 55.500000000000007 4.1933605670928964 1.1983606815338137 140.50000000000003 7.8215599060058603 81.500000000000014 48.500000000000007 33.500000000000007 10.006437778472902 3.2744389772415166 224.50000000000003 75.500000000000014 1.0354231595993044 60.500000000000007 7.5000000000000009 230.50000000000003 82.500000000000014 447.50000000000006 4.853076934814454 13.500000000000002 4.0922286510467538 2.8949264287948613 0.28483246266841894 71.500000000000014 0.70591250061988842 0.74675324559211742 75.500000000000014 76.500000000000014 14.500000000000002 1.2008902430534365 8.5000000000000018 11.946563720703127 202.50000000000003
decision_type=2 2 2 2 2 2 2 2 2 2 2 2 2 2 2 2 2 2 2 2 2 2 2 2 2 2 2 2 2 2 2 2 2 2 2 2 2 2 2 2 2 2 2 2 2 2 2 2 2 2 2 2 2 2 2 2 2 2 2 2 2 2
left_child=1 21 4 -2 13 14 7 9 -8 11 20 -7 26 -3 -6 24 31 18 -17 -19 -5 22 35 -20 -4 -22 30 34 -25 -30 39 37 55 -28 58 -1 54 38 -14 50 53 59 -33 51 -27 60 47 -34 -49 -36 -12 56 -43 -41 -37 -32 -31 -47 61 -42 -29 -18
right_child=3 2 15 10 5 6 8 -9 -10 -11 12 -13 16 -15 -16 17 27 19 23 -21 25 -23 -24 28 -26 44 33 45 29 43 32 42 46 -35 49 36 -38 -39 -40 40 41 52 -44 -45 -46 57 -48 48 -50 -51 -52 -53 -54 -55 -56 -57 -58 -59 -60 -61 -62 -63
leaf_value=0.061181086353266356 0.62664608773063202 -0.0078189708126915822 0.10630010767010124 0.22134111133300596 -0.27797310347473897 -0.70545724935531617 -0.46734017862213983 -0.43534179863200256 -0.14779625398868865 -0.54584122407767499 -0.022116262572394175 -0.96390143614548907 0.16090846627950667 -0.21835076901473496 -0.10879808026141133 -0.095780958932136062 0.059643425620519191 -0.18138859023066128 0.063337286752648644 -0.0298492182709954 0.15179420033097266 0.12213623605296016 -0.068685056107943177 0.039538419670783552 0.020795508877766367 0.03477604077142827 -0.0059327723049437224 0.055728279408067467 -0.064912815254468181 0.039914182502633108 0.039174568067966521 0.032963661794599732 0.0051210604597990575 -0.065284984437221624 0.051935519794451775 0.026451845288668435 -0.014746939730585405 0.072955797036163145 0.09503111918893041 0.090467961405714351 0.032389570592154922 0.026525309116768234 0.092710811038586222 -0.042384997533977418 0.098572763353586196 0.02321487147242985 0.016669901882038936 -0.074873425695274415 -0.0088216295478995271 0.012469240255765061 0.02688087720754026 -0.025080725412385967 -0.010385710739768867 0.041261903566295562 0.055584780263900756 0.0098600198013586698 0.00068899750476703048 -0.0051683351865503937 0.049866976386914813 0.071741980401412497 0.027822327553049513 0.097831543423235412
leaf_weight=96 50 53 54 53 85 74 53 66 65 53 65 51 70 56 57 91 51 50 63 54 59 59 60 51 151 50 91 119 90 51 75 56 73 52 405 3115 75 60 78 53 70 136 65 75 51 212 78 57 60 66 78 77 85 72 74 237 75 79 58 52 113 95
leaf_count=96 50 53 54 53 85 74 53 66 65 53 65 51 70 56 57 91 51 50 63 54 59 59 60 51 151 50 91 119 90 51 75 56 73 52 405 3115 75 60 78 53 70 136 65 75 51 212 78 57 60 66 78 77 85 72 74 237 75 79 58 52 113 95
internal_value=-2.06023e-05 -0.0319095 -0.169315 0.0507465 -0.390473 -0.449272 -0.541781 -0.6599 -0.294041 -0.740266 0.0411785 -0.817716 0.034474 -0.116984 -0.211301 -0.0153387 0.0544026 -0.0332618 -0.0203118 -0.103738 0.130652 0.0271681 0.0254945 -0.00589469 0.0437254 0.0994224 0.0116384 0.0431586 -0.0164303 -0.024273 0.0163953 0.0950912 0.00368168 -0.0278189 0.0552614 0.0271963 0.0261783 0.111877 0.12706 0.028438 0.0356933 0.0257058 0.0655561 -0.0109307 0.0676408 0.0274627 -0.0118398 -0.0235697 -0.0413625 0.0464433 0.00461053 0.0008412 0.0123459 0.0626777 0.0271451 0.0170094 0.0167551 0.0155182 0.0752948 0.0496096 0.0423139 0.0849883
internal_weight=8098 4974 1495 3124 613 504 362 244 118 178 3074 125 2861 109 142 882 1527 677 573 104 213 3479 3420 482 205 160 1334 1198 419 368 1191 329 580 143 675 3360 3264 208 148 611 468 343 121 278 101 523 268 190 117 471 143 203 221 125 3189 312 126 291 204 122 232 146
internal_count=8098 4974 1495 3124 613 504 362 244 118 178 3074 125 2861 109 142 882 1527 677 573 104 213 3479 3420 482 205 160 1334 1198 419 368 1191 329 580 143 675 3360 3264 208 148 611 468 343 121 278 101 523 268 190 117 471 143 203 221 125 3189 312 126 291 204 122 232 146
is_linear=0
shrinkage=0.03


Tree=5
num_leaves=63
num_cat=0
split_feature=148 23 328 18 244 124 17 17 287 44 104 22 65 54 53 221 46 241 55 153 289 184 120 180 309 271 303 5 2 15 18 304 14 112 106 297 116 271 98 254 71 184 272 149 239 23 99 167 112 79 220 266 55 22 76 152 274 40 254 250 168 146
split_gain=13745.8 11097.7 6636.93 5099.98 5009.97 3222.06 2728.25 2252.57 1868.58 1622.16 3257.16 1977.01 2327.54 1654.23 1345.16 1332.99 1188.66 998.578 868.757 824.15 783.845 968.247 1285.91 669.685 630.648 773.592 577.586 495.415 483.68 545.568 465.613 467.477 465.798 441.001 344.935 343.461 457.243 341.471 336.379 331.634 433.151 242.355 467.776 217.922 213.923 207.38 259.668 321.433 198.972 274.363 193.403 184.941 179.932 153.446 144.437 142.195 128.558 125.071 107.966 108.935 104.913 99.3922
threshold=21.150000572204593 54.500000000000007 1.0000000180025095e-35 65.500000000000014 20.500000000000004 0.60984477400779735 71.500000000000014 63.500000000000007 130.50000000000003 46.500000000000007 335.50000000000006 56.500000000000007 1.5000000000000002 3.8197239637374882 10.192965030670168 0.66585329174995433 10.500000000000002 103.50000000000001 1.052436411380768 1.1435935497283938 3.6000000238418584 1.5000000000000002 3.352332711219788 2.5000000000000004 111.50000000000001 0.58071228861808788 3.5000000000000004 4.5000000000000009 5.5000000000000009 52.500000000000007 49.500000000000007 3.5000000000000004 52.500000000000007 12.500000000000002 3.5000000000000004 96.500000000000014 207.50000000000003 0.87810683250427257 2.3172991275787358 72.500000000000014 61.500000000000007 4.5000000000000009 0.95599612593650829 6.7927215099334726 4.5000000000000009 67.500000000000014 1.9036453962326052 5.5000000000000009 8.5000000000000018 0.20599461346864703 0.29758481681346899 7.5000000000000009 0.90075123310089122 69.500000000000014 1.2343260049819949 0.76778975129127514 0.62736186385154735 11.500000000000002 131.50000000000003 1.2844234108924868 29.500000000000004 264.50000000000006
decision_type=2 2 2 2 2 2 2 2 2 2 2 2 2 2 2 2 2 2 2 2 2 2 2 2 2 2 2 2 2 2 2 2 2 2 2 2 2 2 2 2 2 2 2 2 2 2 2 2 2 2 2 2 2 2 2 2 2 2 2 2 2 2
left_child=1 2 14 4 23 -6 9 8 20 10 11 13 -13 15 24 -7 17 44 -16 35 27 22 34 -4 30 -26 52 51 29 -23 31 -1 -32 38 -22 53 -37 41 -21 55 -41 45 -43 61 -2 46 47 -9 -42 -50 58 -3 -5 54 -18 -39 -45 -47 59 -40 -51 -35
right_child=16 7 3 26 5 6 -8 37 -10 -11 -12 12 -14 -15 18 -17 19 -19 -20 33 21 28 -24 -25 25 -27 -28 -29 -30 -31 32 -33 -34 43 -36 36 -38 39 50 40 48 42 -44 56 -46 57 -48 -49 49 60 -52 -53 -54 -55 -56 -57 -58 -59 -60 -61 -62 -63
leaf_value=0.023500498453194789 0.10952183646948209 0.01739763122645363 0.021442605947022849 0.021595224204563324 -0.3828861785657478 0.024710491539970517 -0.022633166117210911 -0.063760805726051334 -0.16909489692160576 -0.068008942902088157 -0.44999993155896661 -0.44229361688430335 -0.16285877500072513 -0.26838366056824553 -0.19419236468641382 -0.18167000244443232 0.11913739853139434 0.19677822021605529 -0.025725503508340228 0.11974327292991802 -0.10352060016173011 -0.11821874384043946 -0.21445554053527302 -0.11173237643825511 -0.14227408159237639 0.0027482415235641857 -0.108419425366814 -0.052546786653668909 0.053115217952057717 0.0034074733746719769 0.027002677332009038 -0.088637476402979629 0.13037968400514349 0.007651635197010666 0.00049414914387923019 0.17175762130391029 0.050225846188248324 -0.031456695743385825 0.069890268569992434 -0.1065614863907775 0.022860807508767879 0.1277906510146225 0.015950919934871171 -0.049707758393443116 0.030233770286218382 0.023049826417081823 -0.059259869009256359 0.014545153110645449 -0.089815908399537223 -0.045748218287798494 0.096976332356189854 0.082193561636151796 -0.042050065322447629 0.048622716268663907 0.067305884378251121 0.017115239803871092 0.011555869590466547 -0.0065190740829737448 -0.001735418718646873 0.025217506183704379 0.0037110268705023018 0.033035142366387958
leaf_weight=93 55 112 91 123 98 61 72 52 98 53 59 54 56 57 56 51 55 91 54 71 51 53 63 53 51 91 56 72 69 86 154 51 52 170 64 62 52 61 92 51 96 50 100 51 70 1339 61 429 50 54 57 61 58 440 498 436 75 142 54 108 129 774
leaf_count=93 55 112 91 123 98 61 72 52 98 53 59 54 56 57 56 51 55 91 54 71 51 53 63 53 51 91 56 72 69 86 154 51 52 170 64 62 52 61 92 51 96 50 100 51 70 1339 61 429 50 54 57 61 58 440 498 436 75 142 54 108 129 774
internal_value=-2.6399e-05 -0.0282463 -0.095986 -0.145668 -0.186093 -0.226549 -0.192704 -0.000551555 -0.0478901 -0.223884 -0.248054 -0.203893 -0.302785 -0.138124 -0.0181324 -0.0700424 0.0540956 0.121583 -0.112467 0.0483539 -0.0288281 -0.0554145 -0.10657 -0.0280057 0.00314406 -0.0499679 -0.0251389 0.0131139 -0.0113363 -0.0434812 0.0247733 -0.0165524 0.0536016 0.0334503 -0.0461289 0.0678544 0.117241 0.0107751 0.0610945 -0.00502162 -0.0260841 0.0171499 0.0538302 0.0235332 0.0657129 0.0144049 -0.00147149 0.00596492 -0.0133237 -0.0282664 0.0473644 0.0405858 0.00108162 0.0620724 0.0726667 0.0111025 -0.0134375 0.0202122 0.0358943 0.0460125 -0.0110528 0.0284769
internal_weight=8098 5323 1544 942 705 561 463 3779 729 391 338 279 110 169 602 112 2775 216 110 2559 631 386 178 144 492 142 237 245 208 139 350 144 206 1452 115 1107 114 3050 382 877 380 2173 150 1070 125 2023 542 481 329 233 311 173 181 993 553 497 126 1481 254 200 183 944
internal_count=8098 5323 1544 942 705 561 463 3779 729 391 338 279 110 169 602 112 2775 216 110 2559 631 386 178 144 492 142 237 245 208 139 350 144 206 1452 115 1107 114 3050 382 877 380 2173 150 1070 125 2023 542 481 329 233 311 173 181 993 553 497 126 1481 254 200 183 944
is_linear=0
shrinkage=0.03


Tree=6
num_leaves=63
num_cat=0
split_feature=147 23 146 17 327 24 103 266 17 285 212 198 76 25 149 167 22 60 77 52 71 70 144 282 123 313 296 25 43 24 56 150 266 111 249 144 46 24 17 50 13 17 89 102 299 213 23 7 13 121 217 77 16 58 216 135 55 263 152 46 153 14
split_gain=13000.3 11304.3 5926.32 4774 5704.27 4317.11 3986.3 3263.09 2417.12 2342.52 1816.81 2039.76 1650.16 1582.13 1281.28 962.08 1442.95 764.742 1150.81 712.615 648.256 613.915 1021.35 520.273 709.413 437.103 683.223 346.108 345.626 313.809 296.315 377.231 290.71 285.347 255.629 247.053 236.531 439.601 280.975 236.022 228.546 213.144 354.575 189.589 188.326 293.346 185.302 168.98 161.733 164.029 146.971 140.152 285.803 177.762 132.743 132.693 127.97 121.415 113.343 112.846 110.031 106.92
threshold=56.500000000000007 54.500000000000007 52.500000000000007 57.500000000000007 1.0000000180025095e-35 32.500000000000007 37.500000000000007 20.500000000000004 63.500000000000007 51.500000000000007 51.500000000000007 0.24602774530649188 6.4358766078948983 7.5000000000000009 4.2485954761505136 26.500000000000004 60.500000000000007 55.500000000000007 1.070367753505707 1.6934003233909609 33.500000000000007 28.500000000000004 103.50000000000001 4.5000000000000009 0.22811275720596316 9.770909786224367 0.6150338649749757 4.5000000000000009 37.500000000000007 57.500000000000007 1.4163511991500857 6.4036183357238778 23.500000000000004 5.5000000000000009 1.0623065233230593 90.500000000000014 26.500000000000004 38.500000000000007 66.500000000000014 150.50000000000003 44.500000000000007 68.500000000000014 2.5000000000000004 0.66595479846000682 13.500000000000002 30.500000000000004 63.500000000000007 9.5000000000000018 45.500000000000007 1.3481302261352541 0.7014169991016389 1.3377383351325991 40.500000000000007 0.67300519347190868 7.0373642444610605 448.50000000000006 0.43431948125362402 20.500000000000004 2.9794520139694218 14.500000000000002 1.2279220819473269 52.500000000000007
decision_type=2 2 2 2 2 2 2 2 2 2 2 2 2 2 2 2 2 2 2 2 2 2 2 2 2 2 2 2 2 2 2 2 2 2 2 2 2 2 2 2 2 2 2 2 2 2 2 2 2 2 2 2 2 2 2 2 2 2 2 2 2 2
left_child=1 2 33 4 5 6 -4 12 9 15 -7 13 20 -12 19 23 -17 -6 -19 -2 -5 22 -21 43 -25 -22 -27 -26 41 30 31 -23 55 61 -30 -31 37 38 -16 -38 -28 42 -10 47 45 51 -46 -3 49 -39 -37 58 -53 -54 -44 57 -52 -33 -43 -57 -41 -1
right_child=14 8 3 7 17 10 -8 -9 28 -11 11 -13 -14 -15 36 16 -18 18 -20 21 25 29 -24 24 27 26 40 -29 34 35 -32 32 -34 -35 -36 50 39 48 -40 60 -42 44 54 -45 46 -47 -48 -49 -50 -51 56 52 53 -55 -56 59 -58 -59 -60 -61 -62 -63
leaf_value=0.026395424172534779 0.14655388885017098 0.049126771088181566 -0.58804751170308955 -0.12015277823433279 0.045289775425737554 -0.048935353199937449 -0.2426952738378729 -0.25320672963733798 -0.066057592877481558 -0.20578126246668396 -0.19400406944266121 -0.12421779847743504 -0.16369522837131437 -0.42326764664053912 0.050946326202247288 -0.21863142079806752 -0.003211994676997787 -0.19776745245737187 -0.0085121652177151501 0.051527510333358298 0.021956223539810808 0.1346870874531749 0.22310786962930887 -0.12519357480843302 0.050324572753161191 -0.12926675491983242 0.038067261590844108 -0.049045635333939179 0.0040360326670548499 -0.012611975030082722 0.010905239734994738 0.052673126889721436 0.11312780975662172 -0.038570423150604417 -0.091345759555697431 0.084077740813670462 -0.048857668888790964 0.022268657362284627 0.13867748154470552 0.041448960924804532 -0.04736171583918964 0.021777605468005761 -0.026221203107120734 -0.031849819493748377 -0.056569923004898867 0.080494018760438144 0.0069216102071452974 -0.0092498120588853077 0.046729436486872819 -0.045759423173286691 0.085801531192043728 -0.059450489444247745 0.017709190365471198 -0.029888907069606441 0.023718789106872126 0.10768506564456841 0.039235164890019943 0.002858764784676688 -0.020307029698044061 0.060558896204524662 0.011603822292916404 0.076055968684308667
leaf_weight=176 86 131 56 50 54 66 69 76 78 79 55 93 85 59 95 55 56 50 67 78 215 81 52 70 54 54 62 73 50 68 75 152 99 54 50 85 51 75 51 137 50 1596 69 58 60 64 128 67 85 54 57 58 444 83 151 57 771 62 59 273 580 50
leaf_count=176 86 131 56 50 54 66 69 76 78 79 55 93 85 59 95 55 56 50 67 78 215 81 52 70 54 54 62 73 50 68 75 152 99 54 50 85 51 75 51 137 50 1596 69 58 60 64 128 67 85 54 57 58 444 83 151 57 771 62 59 273 580 50
internal_value=-3.30656e-05 -0.0301551 -0.100939 -0.130795 -0.192801 -0.254944 -0.400852 -0.0709727 -0.00126406 -0.0538239 -0.186918 -0.230465 -0.0436942 -0.315307 0.0479211 -0.0322126 -0.11095 -0.0475234 -0.0903811 0.0623615 -0.019704 0.058496 0.121339 -0.0127173 -0.0492438 -0.00624172 -0.0426759 -0.00673067 0.0104446 0.0538408 0.0678299 0.0737036 0.0658241 0.0228807 -0.0440871 0.0423895 0.0223363 0.0423725 0.0823271 0.0129014 -0.000152301 0.0124143 -0.0115344 0.0154732 0.0152816 0.0176377 -0.0135337 0.0294259 0.0148576 -0.00634116 0.0464953 0.0158067 0.00317806 0.0101703 0.00800802 0.0570238 0.0425405 0.0383214 0.020266 0.0689996 0.0173562 0.0376689
internal_weight=8098 4974 1441 1161 569 398 125 592 3533 643 273 207 516 114 3124 564 111 171 117 1996 431 1910 130 453 197 381 166 127 2890 1780 799 724 643 280 100 981 1128 360 146 768 112 2790 298 256 2492 2304 188 198 214 129 913 2240 585 527 220 544 828 214 1655 330 717 226
internal_count=8098 4974 1441 1161 569 398 125 592 3533 643 273 207 516 114 3124 564 111 171 117 1996 431 1910 130 453 197 381 166 127 2890 1780 799 724 643 280 100 981 1128 360 146 768 112 2790 298 256 2492 2304 188 198 214 129 913 2240 585 527 220 544 828 214 1655 330 717 226
is_linear=0
shrinkage=0.03


Tree=7
num_leaves=63
num_cat=0
split_feature=147 19 328 19 135 19 135 251 97 19 266 270 221 57 147 260 19 16 316 19 135 19 19 93 60 50 99 102 57 153 17 328 239 19 270 146 119 19 123 19 19 40 134 52 250 248 80 153 19 290 239 249 74 94 281 250 299 19 56 70 23 13
split_gain=12242.1 40765.3 44431.7 17857.6 9844.45 9342.88 9709.3 4571.93 2619.63 1906.97 1625.89 1375.55 1321.54 1268.12 1258.38 710.487 698.198 666.574 1078.76 602.981 584.745 582.215 541.517 260.28 259.272 279.34 245.849 262.186 244.421 215.501 206.498 244.596 204.53 160.192 134.38 125.989 123.789 121.197 113.293 111.28 107.581 106.095 86.8179 94.3286 85.6618 79.6117 77.5379 73.7074 70.9992 70.9374 68.2476 61.9546 59.6186 55.972 53.4673 53.4146 49.2605 78.4635 44.1137 43.4664 39.2435 35.6438
threshold=56.500000000000007 40.500000000000007 1.0000000180025095e-35 52.500000000000007 107.50000000000001 60.500000000000007 254.50000000000003 0.28769527375698095 7.2461121082305917 69.500000000000014 15.500000000000002 1.5790013670921328 0.64199930429458629 0.1901117414236069 82.500000000000014 7.5000000000000009 77.500000000000014 49.500000000000007 1.4292389750480654 63.500000000000007 254.50000000000003 67.500000000000014 36.500000000000007 170.50000000000003 47.500000000000007 119.50000000000001 0.36120806634426122 0.65376928448677074 0.28728675842285162 1.1435935497283938 63.500000000000007 1.0000000180025095e-35 11.500000000000002 72.500000000000014 5.016949176788331 226.50000000000003 7.8215599060058603 85.500000000000014 0.24642784148454669 73.500000000000014 75.500000000000014 10.500000000000002 109.50000000000001 3.1793067455291752 1.1716517806053164 2.0269509553909306 0.60648983716964733 1.0392307639122011 81.500000000000014 5.5432033538818368 1.5000000000000002 2.1452921628952031 11.744565010070803 98.500000000000014 6.5000000000000009 1.2639318704605105 12.500000000000002 28.500000000000004 1.1355287432670595 73.500000000000014 60.500000000000007 45.500000000000007
decision_type=2 2 2 2 2 2 2 2 2 2 2 2 2 2 2 2 2 2 2 2 2 2 2 2 2 2 2 2 2 2 2 2 2 2 2 2 2 2 2 2 2 2 2 2 2 2 2 2 2 2 2 2 2 2 2 2 2 2 2 2 2 2
left_child=1 20 11 -2 -4 12 7 8 -7 19 -10 21 -6 -13 28 17 33 18 -15 -5 22 -3 30 -21 50 -26 -19 38 32 37 31 -1 35 -16 41 45 -30 42 -28 -34 -37 -35 -18 59 -25 -11 49 -42 52 -41 61 55 -31 -43 -50 -48 -32 -58 -39 -44 -45 -23
right_child=3 2 4 9 5 6 -8 -9 10 14 -12 13 -14 15 16 -17 29 26 -20 23 -22 24 -24 44 25 -27 27 -29 36 48 56 -33 39 34 -36 40 -38 58 -40 46 47 53 43 60 -46 -47 51 -49 54 -51 -52 -53 -54 -55 -56 -57 57 -59 -60 -61 -62 -63
leaf_value=0.099685652733581959 0.60328811350990741 0.10869913681465036 -0.086155431243715816 0.21103505516062593 -0.095718919209071565 -0.47649459674450995 -0.18358309909854439 -0.33232216154038902 -0.62280449761748313 -0.027594972252845764 -0.85683484126813703 -0.20277308045941242 -0.29020015595008186 -0.19266331228263237 0.1324006540292213 -0.12590481430019548 0.039359844784651481 0.044003377501802464 -0.01456212427180547 0.1477650697280963 0.11993720407783985 0.024554319111983986 -0.063250883040858089 0.094148057927103596 -0.087268819988650423 0.00096106266388355679 0.031160097312448277 -0.077260285287673744 -0.0061597215473327945 0.057215328185722746 0.024572641415436976 0.03626517402557624 0.032346338305708974 0.11198695588856936 0.035755259453736497 0.06011529734151231 -0.063911924990913208 0.039249198235608088 -0.020944289492983971 -0.051317748899519851 0.046953777196602181 0.046555873922637249 0.10550769468600099 0.07256748817725614 0.039393120803709686 0.017201141923862066 0.027439801368241507 0.016751706365346907 0.021797730908067494 -0.003472103315634432 0.051863738275491268 -0.021895547091396742 0.021266156924622397 0.090136912871490824 -0.0079582887718125297 -0.00026292249992273853 0.021534550282980829 -0.017499026412616914 0.0078604649580441971 0.069194162503669138 0.039849481232464311 -0.0061782281100749969
leaf_weight=60 50 50 96 53 62 73 72 59 99 51 55 50 66 50 61 81 139 73 77 53 59 78 60 50 50 88 62 52 91 86 2507 577 85 97 57 107 52 202 92 53 103 60 65 54 57 113 89 249 277 58 51 77 83 54 67 206 150 66 51 75 99 59
leaf_count=60 50 50 96 53 62 73 72 59 99 51 55 50 66 50 61 81 139 73 77 53 59 78 60 50 50 88 62 52 91 86 2507 577 85 97 57 107 52 202 92 53 103 60 65 54 57 113 89 249 277 58 51 77 83 54 67 206 150 66 51 75 99 59
internal_value=-3.87165e-05 -0.0292692 -0.160228 0.0464962 -0.364829 -0.419586 -0.49823 -0.576527 -0.638262 0.0372464 -0.711375 -0.0295471 -0.197471 -0.0603171 0.0307726 -0.0453056 0.0493604 -0.0289557 -0.0856381 0.123652 0.0270366 0.0144416 0.0253994 0.0935756 -0.000303252 -0.0314041 -0.00294028 -0.0197079 0.00947462 0.0386721 0.0270008 0.0423857 0.0139284 0.0880449 0.0774943 0.0257846 -0.0274585 0.0496868 9.84981e-05 0.000901717 0.0338339 0.0885479 0.0593737 0.0687021 0.0656144 0.00318783 -0.00468741 0.0256972 0.0238963 -0.0265715 0.0225715 0.00189626 0.0397888 0.0678038 0.015996 0.00815931 0.0233875 0.00958195 0.0329777 0.0866827 0.0517932 0.0113703
internal_weight=8098 4974 1495 3124 582 486 358 286 227 3074 154 913 128 537 2861 487 1527 406 127 213 3479 376 3420 160 326 138 279 206 1334 1198 3360 637 1191 329 268 623 143 685 154 568 459 211 432 293 107 164 483 352 513 111 188 372 169 114 344 295 2723 216 253 140 153 137
internal_count=8098 4974 1495 3124 582 486 358 286 227 3074 154 913 128 537 2861 487 1527 406 127 213 3479 376 3420 160 326 138 279 206 1334 1198 3360 637 1191 329 268 623 143 685 154 568 459 211 432 293 107 164 483 352 513 111 188 372 169 114 344 295 2723 216 253 140 153 137
is_linear=0
shrinkage=0.03


Tree=8
num_leaves=63
num_cat=0
split_feature=147 23 327 18 298 47 24 310 58 189 17 287 181 46 78 241 15 167 288 114 57 250 77 18 254 297 5 104 326 18 22 15 265 71 140 157 252 70 53 116 114 194 252 7 239 265 147 24 165 20 54 100 234 97 102 135 315 79 265 150 190 194
split_gain=11553.8 9348.88 5812.64 5229.45 4472.91 3800.53 4200.98 2766.38 2742.87 2256.96 1906.05 1599.08 1197.87 1027.54 922.106 907.942 873.251 1576.21 683.92 948.909 690.893 677.54 598.794 894.117 725.24 584.604 439.961 371.341 446.767 368.253 356.199 301.602 417.761 618.953 294.627 262.133 260.934 252.658 215.122 211.951 298.951 206.531 198.011 193.47 184.07 179.075 177.248 164.502 157.694 157.365 149.58 143.82 143.015 140.818 128.523 116.719 114.52 108.093 113.968 102.025 93.2967 92.6944
threshold=64.500000000000014 54.500000000000007 1.0000000180025095e-35 65.500000000000014 77.500000000000014 68.500000000000014 35.500000000000007 60.500000000000007 0.62559443712234508 33.500000000000007 63.500000000000007 130.50000000000003 1.0000000180025095e-35 10.500000000000002 0.71583852171897899 103.50000000000001 59.500000000000007 18.500000000000004 11.500000000000002 50.500000000000007 0.22474487125873568 1.2506684660911562 1.3377383351325991 47.500000000000007 71.500000000000014 37.500000000000007 4.5000000000000009 248.50000000000003 204.50000000000003 51.500000000000007 51.500000000000007 69.500000000000014 47.500000000000007 62.500000000000007 8.5000000000000018 47.500000000000007 0.65167668461799633 34.500000000000007 10.808385372161867 54.500000000000007 87.500000000000014 5.0428779125213632 0.7130790948867799 5.5000000000000009 4.5000000000000009 29.500000000000004 86.500000000000014 54.500000000000007 17.500000000000004 80.500000000000014 1.4985659718513491 1.0440183281898501 12.500000000000002 7.3675324916839608 0.62871778011322033 425.50000000000006 0.99390244483947765 0.1465040594339371 23.500000000000004 8.3616700172424334 53.500000000000007 6.9552996158599862
decision_type=2 2 2 2 2 2 2 2 2 2 2 2 2 2 2 2 2 2 2 2 2 2 2 2 2 2 2 2 2 2 2 2 2 2 2 2 2 2 2 2 2 2 2 2 2 2 2 2 2 2 2 2 2 2 2 2 2 2 2 2 2 2
left_child=1 2 3 4 12 6 -6 8 9 -7 11 18 54 15 29 44 17 -10 26 -20 -21 30 23 -16 -25 41 45 -22 -29 -4 -15 32 38 -34 -33 -35 -18 -32 42 40 -23 -5 50 -30 -2 -3 51 49 52 59 -12 55 60 -53 -1 -39 -24 58 -52 -48 -41 -58
right_child=13 10 14 25 5 7 -8 -9 16 -11 31 -13 -14 21 22 -17 36 -19 19 20 27 39 56 24 -26 -27 -28 28 43 -31 37 34 33 35 -36 -37 -38 46 -40 48 -42 -43 -44 -45 -46 -47 47 -49 -50 -51 57 53 -54 -55 -56 -57 61 -59 -60 -61 -62 -63
leaf_value=0.042748354554176332 0.099715654958521818 0.018883472673084226 0.021377504752440882 -0.04809908316685603 -0.55265268355607988 -0.38608282217383383 -0.21264826676950732 -0.36673613387346266 -0.032132607571882743 -0.11014013525317697 -0.022867255564275622 -0.15616425083837274 -0.13141482304533322 0.1138717252909555 -0.15305010033004424 0.18400459872963634 0.028824035569227167 -0.23405877007335862 -0.13850821438020672 -0.12530821225390984 0.057339666550979017 0.013964845807506487 0.047931545847760777 0.038356599546968934 -0.096442103649351338 -0.10199901695978843 -0.049110540842560869 -0.10109965746720823 0.033830399137933724 0.12142769108215967 0.10719503729801784 0.016820232739996509 -0.11958713555392229 -0.052728479958325622 0.07874187398906031 0.003187884887160322 -0.063656090531084258 0.087465943328985191 -0.032435672343708574 -0.0070532113959322152 0.11467579418261135 0.02017998334477868 -0.029254620973627233 -0.038027471990324559 0.026215985264156905 0.085973012201926297 0.13734972150886759 0.04863216808812975 -0.025815991445701441 0.058863278345014508 0.021292447318117341 -0.0098262185258445912 0.070548343210149619 0.03584234182475015 -0.020932723949937261 0.030738901907489409 0.021984746024744321 0.017182009409333218 0.076751366177054706 0.077613981569355173 0.025410645325352893 -0.033374882089501283
leaf_weight=64 55 123 87 51 55 59 84 54 72 50 73 98 89 95 67 91 55 67 86 51 63 51 55 81 63 58 72 51 76 53 75 1351 52 99 72 307 53 72 95 88 55 170 85 59 70 50 50 520 57 180 76 80 58 247 50 62 55 780 60 65 804 52
leaf_count=64 55 123 87 51 55 59 84 54 72 50 73 98 89 95 67 91 55 67 86 51 63 51 55 81 63 58 72 51 76 53 75 1351 52 99 72 307 53 72 95 88 55 170 85 59 70 50 50 520 57 180 76 80 58 247 50 62 55 780 60 65 804 52
internal_value=-4.19429e-05 -0.0259141 -0.0880877 -0.129114 -0.170222 -0.214657 -0.350169 -0.167975 -0.136883 -0.261656 -0.000494956 -0.0440405 -0.0495895 0.0495774 -0.00554417 0.112322 -0.0809877 -0.130441 -0.0264071 -0.0512413 -0.0258478 0.0442394 -0.0301819 -0.0633701 -0.0208762 -0.0181011 0.0127687 -0.0050566 -0.0263844 0.0598462 0.057783 0.00992416 0.0010992 -0.0231571 0.0200064 -0.0105429 -0.0167274 0.0537576 0.0106142 0.0266076 0.0668039 0.00427759 0.0144488 0.00237715 0.0590906 0.0386562 0.0505352 0.0589693 0.0223143 0.0769649 0.0182306 0.0355293 0.0252263 0.0246737 0.0148789 0.0616412 0.0131684 0.0215273 0.0461413 0.104546 0.0222036 -0.00497892
internal_weight=8098 5323 1544 1031 752 549 139 410 356 109 3779 729 203 2775 513 216 247 139 631 386 300 2559 373 211 144 279 245 249 186 140 1446 3050 1627 458 1423 406 108 1351 1169 1113 106 221 1074 135 125 173 1276 815 1007 295 989 461 950 327 114 134 162 916 136 115 892 107
internal_count=8098 5323 1544 1031 752 549 139 410 356 109 3779 729 203 2775 513 216 247 139 631 386 300 2559 373 211 144 279 245 249 186 140 1446 3050 1627 458 1423 406 108 1351 1169 1113 106 221 1074 135 125 173 1276 815 1007 295 989 461 950 327 114 134 162 916 136 115 892 107
is_linear=0
shrinkage=0.03


Tree=9
num_leaves=63
num_cat=0
split_feature=147 19 327 19 190 19 135 246 106 20 19 150 147 19 111 19 213 19 242 112 105 19 19 290 195 19 17 327 252 93 328 56 250 19 19 265 19 65 151 218 295 127 190 19 118 252 329 143 118 234 283 52 65 312 135 281 19 180 19 242 245 308
split_gain=10906.5 37742 47261.5 16770.8 9370.32 10410.9 10147.6 5350.57 3658.04 3255.51 1787.2 1411.87 1135.37 1006.18 844.84 643.821 563.363 561.238 543.281 668.012 617.848 452.061 295.992 256.366 335.833 264.047 252.062 251.162 276.07 238.206 237.383 216.925 191.521 185.961 150.268 118.985 108.617 104.057 117.628 96.2886 93.8316 109.199 156.72 89.3603 86.2342 79.2299 73.4306 64.7073 63.7659 61.9151 61.029 59.6249 58.9397 57.5221 72.5139 53.1814 52.097 104.451 142.745 51.8665 46.5726 44.4032
threshold=56.500000000000007 40.500000000000007 1.0000000180025095e-35 52.500000000000007 26.500000000000004 60.500000000000007 251.50000000000003 5.1985633373260507 3.5000000000000004 80.500000000000014 69.500000000000014 5.9630777835845956 82.500000000000014 48.500000000000007 1.5000000000000002 77.500000000000014 30.500000000000004 63.500000000000007 180.50000000000003 2.5000000000000004 32.500000000000007 36.500000000000007 71.500000000000014 6.1538960933685312 2.6809859275817876 70.500000000000014 63.500000000000007 1.0000000180025095e-35 0.6364232897758485 170.50000000000003 1.0000000180025095e-35 1.5604053735733034 1.161726236343384 74.500000000000014 72.500000000000014 56.500000000000007 81.500000000000014 5.5000000000000009 2.7883043289184575 1.0318890213966372 0.2356245890259743 2.5000000000000004 42.500000000000007 82.500000000000014 4.0922286510467538 0.6422870159149171 1056.5000000000002 14.500000000000002 3.2963414192199711 2.5000000000000004 6.5000000000000009 3.4378510713577275 3.5000000000000004 4.7024772167205819 406.50000000000006 6.5000000000000009 28.500000000000004 5.5000000000000009 32.500000000000007 68.500000000000014 23.050000190734867 72.500000000000014
decision_type=2 2 2 2 2 2 2 2 2 2 2 2 2 2 2 2 2 2 2 2 2 2 2 2 2 2 2 2 2 2 2 2 2 2 2 2 2 2 2 2 2 2 2 2 2 2 2 2 2 2 2 2 2 2 2 2 2 2 2 2 2 2
left_child=1 16 4 -2 11 13 7 8 9 -7 17 -3 27 -6 22 34 21 -5 19 -16 -20 26 -4 25 -25 -21 30 28 -12 -19 -1 33 36 39 -14 50 51 48 -39 -29 41 42 -27 -34 -38 -31 53 -33 -36 -26 60 -17 -42 54 -37 -45 -28 58 -58 -32 -35 -41
right_child=3 2 14 10 5 6 -8 -9 -10 -11 12 -13 15 -15 18 32 -18 29 20 23 -22 -23 -24 24 49 40 56 31 -30 45 59 47 43 35 37 46 44 38 -40 61 52 -43 -44 55 -46 -47 -48 -49 -50 -51 -52 -53 -54 -55 -56 -57 57 -59 -60 -61 -62 -63
leaf_value=0.10086724906149556 0.58345970700768868 0.012968697381707337 0.099907974015582685 0.20285330295355783 -0.12002167900350977 -0.62504713951273161 -0.19420348010681293 -0.35525815773363173 -0.45535401575267315 -0.94750561154805701 0.013246111159815508 -0.2023192745750233 0.12636636800587087 -0.28367559595186204 -0.11599903221641267 0.077600943378584322 0.11772788374125957 0.1413925735792145 -0.16676026542123187 0.063683151404062902 -0.020714947550134224 -0.056756295457482335 0.018445902191298571 -0.097822524303739722 0.014647939358102649 -0.0004373683527393161 0.024332028376101045 0.063538480975194697 -0.085253456060129851 0.035714738286203807 0.028763843894851201 -0.053680271596976498 0.036202554835142495 0.018964587416454175 0.11339699393476951 0.037944419712644735 0.043698276143355912 0.077480715108169632 0.017985898198352918 0.04208851038335034 0.041578343968619313 0.0097547749347554943 -0.074099882447805548 0.017189540501945884 0.0066134375311545472 0.088254308894276615 -0.029436567429000058 -0.0057643453952354881 0.070943266203006103 -0.028062218429351391 -0.0031640816939508785 0.042959738327311224 -0.0039603490568697452 -0.011004692290185226 -0.00090206957152374426 -0.016057969241772059 0.014036285450512713 0.043699871286749833 -0.038357623600297507 0.046951992517823109 0.043540658816887894 0.0036816740106662797
leaf_weight=58 50 51 54 53 82 93 80 75 63 51 50 58 61 60 55 128 59 53 50 62 54 59 151 54 56 52 2234 96 51 53 306 50 232 366 65 72 405 70 53 51 50 77 51 239 66 54 73 51 80 65 91 76 51 134 106 52 351 84 53 275 86 57
leaf_count=58 50 51 54 53 82 93 80 75 63 51 50 58 61 60 55 128 59 53 50 62 54 59 151 54 56 52 2234 96 51 53 306 50 232 366 65 72 405 70 53 51 50 77 51 239 66 54 73 51 80 65 91 76 51 134 106 52 351 84 53 275 86 57
internal_value=-4.61161e-05 -0.027636 -0.153645 0.0438769 -0.355743 -0.410225 -0.495585 -0.580095 -0.659459 -0.744998 0.0349135 -0.102386 0.0286468 -0.190671 -0.0129418 0.0463026 0.0265416 0.11856 -0.0290949 -0.0175649 -0.0918485 0.0249345 0.040285 -0.00691006 -0.0363489 0.00817178 0.026385 0.00841703 -0.0368395 0.0895514 0.0433444 0.012151 0.0360406 0.0159151 0.0834475 0.0101899 0.0466021 0.0732453 0.0521965 0.0417823 -0.00425867 -0.0172127 -0.0372728 0.0223466 0.0385267 0.0628017 -0.00256611 -0.0297788 0.0906206 -0.00833749 0.0192223 0.0649679 0.0187702 0.00379485 0.0149353 0.0112138 0.0223893 0.0134641 0.00708509 0.0374386 0.0237264 0.022038
internal_weight=8098 4974 1495 3124 613 504 362 282 207 144 3074 109 2861 142 882 1527 3479 213 677 573 104 3420 205 518 175 343 3361 1334 101 160 639 1233 1198 1132 329 928 675 268 123 204 281 180 103 523 471 107 385 101 145 121 543 204 101 312 178 291 2722 488 404 581 452 108
internal_count=8098 4974 1495 3124 613 504 362 282 207 144 3074 109 2861 142 882 1527 3479 213 677 573 104 3420 205 518 175 343 3361 1334 101 160 639 1233 1198 1132 329 928 675 268 123 204 281 180 103 523 471 107 385 101 145 121 543 204 101 312 178 291 2722 488 404 581 452 108
is_linear=0
shrinkage=0.03


Tree=10
num_leaves=63
num_cat=0
split_feature=147 19 327 19 19 144 190 106 19 72 188 213 19 19 178 246 124 147 264 210 101 19 88 156 22 312 17 328 239 285 89 250 96 56 194 296 246 19 52 244 20 102 19 116 19 98 239 54 19 312 19 119 149 19 19 79 19 286 198 221 316 250
split_gain=10294 29707.7 43236.4 13775.6 10044 10747.1 14142.2 5028.85 4345.12 4327.03 2422.3 1617.77 1052.63 894.198 882.376 805.263 756.846 675.803 498.071 768.639 420.157 413.45 384.691 297.698 469.469 750.871 233.669 225.056 206.333 195.424 188.32 183.646 134.823 123.91 113.317 112.924 106.511 123.156 91.7377 92.3912 76.7063 74.029 71.7613 69.4679 68.0305 65.7184 64.4535 63.4941 57.9869 62.5554 50.7598 54.269 49.5784 55.9409 49.0099 101.902 159.104 46.4365 46.2883 46.1649 42.4215 41.5577
threshold=64.500000000000014 36.500000000000007 1.0000000180025095e-35 61.500000000000007 48.500000000000007 67.500000000000014 26.500000000000004 5.5000000000000009 70.500000000000014 13.500000000000002 20.500000000000004 30.500000000000004 66.500000000000014 72.500000000000014 18.500000000000004 3.9104691743850712 0.64244997501373302 85.500000000000014 51.500000000000007 40.500000000000007 0.22716293483972552 81.500000000000014 11.500000000000002 4.5000000000000009 53.500000000000007 4.0937304496765146 63.500000000000007 1.0000000180025095e-35 11.500000000000002 42.500000000000007 12.500000000000002 1.2559857964515688 6.2259836196899423 1.1640071272850039 9.3567504882812518 0.62077134847641002 7.0164935588836679 84.500000000000014 2.8396966457366948 71.500000000000014 76.500000000000014 0.66372972726821911 80.500000000000014 61.500000000000007 75.500000000000014 4.8482265472412118 13.500000000000002 4.007132053375245 77.500000000000014 4.429532766342164 77.500000000000014 9.0970411300659197 3.3030612468719487 86.500000000000014 28.500000000000004 0.1465040594339371 32.500000000000007 32.500000000000007 0.12880184501409533 0.6708662509918214 1.2233560085296633 1.0595842003822329
decision_type=2 2 2 2 2 2 2 2 2 2 2 2 2 2 2 2 2 2 2 2 2 2 2 2 2 2 2 2 2 2 2 2 2 2 2 2 2 2 2 2 2 2 2 2 2 2 2 2 2 2 2 2 2 2 2 2 2 2 2 2 2 2
left_child=1 11 4 -2 14 6 -6 8 10 -10 -8 26 15 22 20 -4 -7 28 23 -20 -3 31 -5 58 25 -25 27 -1 40 34 -31 38 41 52 -24 -34 37 45 39 -19 43 42 47 -15 -42 48 -35 -26 49 -30 51 -40 53 -23 -28 -56 -57 -29 -14 -50 -44 -46
right_child=3 2 12 13 5 16 7 -9 9 -11 -12 -13 18 17 -16 -17 -18 21 19 -21 -22 33 29 24 32 -27 54 57 36 30 -32 -33 35 46 -36 -37 -38 -39 50 -41 44 -43 60 -45 61 -47 -48 -49 59 -51 -52 -53 -54 -55 55 56 -58 -59 -60 -61 -62 -63
leaf_value=0.097892520831803151 0.44785636772252618 -0.20380544237573356 0.16609101148114019 0.15749189428157276 -0.10204481993753885 -0.026380374567317112 -0.55409592069112334 -0.28922048350698065 -0.50664671818415319 -0.85020832290774895 -0.28821047782913733 0.18150065920636299 0.012051820090465288 -0.015615587674081326 0.0048340665060898347 0.0059088945672625586 -0.18290793448686599 0.067181982162336881 -0.15158261168685 0.0015257282219827174 -0.078825571412111023 0.0583473993781954 0.0087029845309283208 -0.14423573595704511 0.026783357633232887 -0.010305010393982933 0.02360239423943946 0.02846407766996481 0.053975074554738753 0.13809141156980051 0.063284074319753705 0.035843584945376622 -0.0058877603989094494 0.024168138705469942 0.068439792905259755 -0.06853308427075927 -0.030253203442383012 -0.025908572191761417 0.10450105277924901 0.1247065288512433 0.066457886059696852 -0.022384628615303277 0.0098841508898254628 0.021482739689212941 0.04316944006024985 -0.014195482518989591 -0.0073181365549807309 -0.011034895568945498 0.017749972950640906 0.010263559118741088 0.055171866140441402 0.058438012980143811 0.024540247157508251 0.032866999385364214 0.041140828833301016 0.013883684760084478 -0.041524613346490588 0.04576975494804375 0.043383364733308553 -0.01384965927797859 -0.023347202237928286 0.019419081396310878
leaf_weight=58 74 50 51 53 96 62 77 75 71 75 58 60 181 59 57 62 50 51 58 59 50 159 57 63 165 92 2234 326 67 51 81 147 52 161 57 51 88 90 53 60 51 98 58 188 110 66 91 52 141 53 172 50 152 162 93 342 53 256 55 58 83 173
leaf_count=58 74 50 51 53 96 62 77 75 71 75 58 60 181 59 57 62 50 51 58 59 50 159 57 63 165 92 2234 326 67 51 81 147 52 161 57 51 88 90 53 60 51 98 58 188 110 66 91 52 141 53 172 50 152 162 93 342 53 256 55 58 83 173
internal_value=-5.01002e-05 -0.024471 -0.119527 0.0467859 -0.302384 -0.361394 -0.426484 -0.513443 -0.572051 -0.687717 -0.442823 0.0283541 -0.00763595 0.035636 -0.0894545 0.0790263 -0.097259 0.0295212 -0.0168793 -0.0750155 -0.142715 0.0446887 0.0844963 -0.00964797 -0.0192981 -0.065317 0.0255678 0.0418818 0.0128178 0.0681957 0.0930079 0.0647445 -0.00644404 0.0298754 0.0389068 -0.037267 -0.000130158 0.00550237 0.0756297 0.0991122 0.0253434 0.000584485 0.00691696 0.012594 0.0347061 0.0128933 0.0128141 0.0177119 0.0185247 0.0349135 0.0658266 0.0829173 0.0389189 0.0456301 0.0217181 0.0130614 0.00636307 0.0361416 0.0195059 0.00851683 -0.00970423 0.0287702
internal_weight=8098 5323 1901 2775 721 564 452 356 281 146 135 3422 1180 2701 157 113 112 2402 1067 117 100 1258 299 950 714 155 3362 640 1144 246 132 533 559 725 114 103 563 475 386 111 581 456 358 247 334 385 252 217 319 120 275 103 473 321 2722 488 395 582 236 199 141 283
internal_count=8098 5323 1901 2775 721 564 452 356 281 146 135 3422 1180 2701 157 113 112 2402 1067 117 100 1258 299 950 714 155 3362 640 1144 246 132 533 559 725 114 103 563 475 386 111 581 456 358 247 334 385 252 217 319 120 275 103 473 321 2722 488 395 582 236 199 141 283
is_linear=0
shrinkage=0.03


Tree=11
num_leaves=63
num_cat=0
split_feature=147 19 327 19 190 19 135 290 251 173 19 150 147 318 19 264 19 135 19 19 180 22 41 327 252 56 268 153 19 19 15 74 24 19 254 270 19 19 315 114 305 120 134 52 145 59 274 250 143 281 293 19 187 15 19 74 244 153 56 70 23 299
split_gain=9720.43 33529.3 41900 15235.4 8334.06 9335.38 9437.22 4946.15 3646.89 1809.46 1565.95 1328.93 1010.1 975.666 755.321 700.065 581.617 525.686 456.364 427.112 395.343 724.018 232.308 229.55 250.407 199.612 188.149 173.03 164.557 138.952 121.931 212.537 601.378 164.707 118.806 116.902 103.045 101.665 89.637 87.8902 87.0969 82.5421 80.141 80.5499 79.4407 108.22 69.5021 66.3695 62.016 61.7947 58.6798 58.4558 56.3802 54.1485 47.1935 43.9331 43.5743 41.7788 39.4844 38.3451 38.1809 37.5162
threshold=56.500000000000007 40.500000000000007 1.0000000180025095e-35 52.500000000000007 26.500000000000004 61.500000000000007 230.50000000000003 4.9623503684997567 0.25887605547904974 4.7930672168731698 69.500000000000014 5.9630777835845956 82.500000000000014 0.63544234633445751 66.500000000000014 51.500000000000007 77.500000000000014 254.50000000000003 63.500000000000007 36.500000000000007 2.5000000000000004 52.500000000000007 1.0000000180025095e-35 1.0000000180025095e-35 0.6364232897758485 1.5604053735733034 24.364285469055179 1.1435935497283938 74.500000000000014 72.500000000000014 59.500000000000007 5.4421875476837167 34.500000000000007 32.500000000000007 95.500000000000014 5.1565349102020273 85.500000000000014 78.500000000000014 1.2607194781303408 230.50000000000003 5.5000000000000009 2.3456110954284672 109.50000000000001 3.1793067455291752 125.50000000000001 34.500000000000007 0.59102103114128124 1.2596296072006228 14.500000000000002 7.5000000000000009 2.0611888170242314 82.500000000000014 3.5000000000000004 61.500000000000007 81.500000000000014 12.107798576354982 69.500000000000014 1.0392307639122011 1.1355287432670595 73.500000000000014 55.500000000000007 20.500000000000004
decision_type=2 2 2 2 2 2 2 2 2 2 2 2 2 2 2 2 2 2 2 2 2 2 2 2 2 2 2 2 2 2 2 2 2 2 2 2 2 2 2 2 2 2 2 2 2 2 2 2 2 2 2 2 2 2 2 2 2 2 2 2 2 2
left_child=1 17 4 -2 11 13 7 9 -8 -7 18 -3 23 -6 -4 20 29 19 -5 30 40 -22 -20 24 -12 28 37 36 38 -14 31 32 -1 -32 50 47 42 -23 52 -24 46 -39 -18 59 -36 -46 -16 56 -27 54 51 53 -25 -30 55 -29 -31 -53 -38 -44 -34 -56
right_child=3 2 14 10 5 6 8 -9 -10 -11 12 -13 16 -15 15 -17 27 -19 22 -21 21 26 39 25 -26 48 -28 49 34 35 33 -33 60 -35 44 -37 58 41 -40 -41 -42 -43 43 -45 45 -47 -48 -49 -50 -51 -52 57 -54 -55 61 -57 -58 -59 -60 -61 -62 -63
leaf_value=0.14209169345892084 0.55570251140524352 0.015634902772995143 0.070003705099069821 0.18724259318576919 -0.075576615887430476 -0.57744940533041955 -0.38765821724685273 -0.37554663502588503 -0.048003335772082205 -0.8081378947198391 0.012362420103129218 -0.19318190550400038 0.12020393832676833 -0.23951658094182926 0.0098958743696234055 -0.1058751550493762 0.03354044803637745 0.11304593350179493 0.13336163651455063 -0.05532260918714961 -0.11336814752025411 0.017678359562615195 0.028870950542952651 0.079774092298774232 -0.081450958807881058 -0.052127085345632887 -0.058531877923579438 0.052385407264890341 0.0218192445115112 0.067445757763515066 0.02258891080381642 0.026165242793689588 0.049505318273913183 -0.02864759368500833 0.030056555840688257 0.027582098148190057 0.034313694601282106 0.0060966586234567112 0.016110618299042635 0.084879103729573011 -0.021392347877675837 -0.041765842932675559 0.095830598077313464 0.046046937712794778 -0.04469655211782083 -0.00064991297522703042 0.043702257001253811 0.047701245491515915 -0.0052282855136749837 -0.0056752032142664702 0.0022452598729520846 0.031793848629689439 0.036950060167265208 0.050343232021419972 0.022610816317033176 0.019331552535295487 0.10157338149231773 -0.00044030488780497209 0.0046856297781834233 0.06193302387469693 0.017632549045979978 -0.0053842423552260639
leaf_weight=58 50 51 89 53 52 99 66 81 50 63 50 58 61 93 181 79 139 59 57 60 78 132 52 52 51 50 62 86 162 67 2417 677 52 57 51 51 202 60 87 51 54 69 65 153 63 233 78 52 51 69 156 52 65 97 241 65 98 114 51 75 99 52
leaf_count=58 50 51 89 53 52 99 66 81 50 63 50 58 61 93 181 79 139 59 57 60 78 132 52 52 51 50 62 86 162 67 2417 677 52 57 51 51 202 60 87 51 54 69 65 153 63 233 78 52 51 69 156 52 65 97 241 65 98 114 51 75 99 52
internal_value=-5.32773e-05 -0.0260998 -0.144869 0.0414128 -0.335157 -0.386539 -0.468561 -0.574838 -0.242917 -0.671569 0.0328697 -0.0962247 0.0270036 -0.181645 -0.012386 -0.0217093 0.0436569 0.0249647 0.111168 0.0234125 -0.0122617 -0.0319505 0.0849618 0.00792251 -0.0353428 0.0114923 -0.012 0.0339037 0.0151031 0.0789611 0.0248345 0.0343974 0.0608117 0.0213973 0.00971733 0.0691618 0.0437725 -0.000765233 0.0394364 0.0571526 0.0129839 -0.0196286 0.0526989 0.0616427 -0.00416586 -0.0101436 0.0202059 0.0787626 -0.0287289 0.0206665 0.0180019 0.0237667 0.0564977 0.0326545 0.0247637 0.0383777 0.0882053 0.00978706 0.0283832 0.0782392 0.0288621 0.017641
internal_weight=8098 4974 1495 3124 613 504 359 243 116 162 3074 109 2861 145 882 793 1527 3479 213 3420 714 401 160 1334 101 1233 323 1198 1132 329 3360 886 209 2474 928 268 685 261 204 103 313 129 432 293 347 296 259 217 101 513 581 425 117 259 444 151 165 166 253 140 151 293
internal_count=8098 4974 1495 3124 613 504 359 243 116 162 3074 109 2861 145 882 793 1527 3479 213 3420 714 401 160 1334 101 1233 323 1198 1132 329 3360 886 209 2474 928 268 685 261 204 103 313 129 432 293 347 296 259 217 101 513 581 425 117 259 444 151 165 166 253 140 151 293
is_linear=0
shrinkage=0.03


Tree=12
num_leaves=63
num_cat=0
split_feature=147 19 327 19 19 134 190 106 171 54 124 213 190 188 19 153 246 19 269 260 146 244 19 197 18 19 313 17 328 149 147 52 212 147 19 102 213 88 21 242 274 147 19 19 227 60 271 295 244 56 118 17 19 19 150 242 56 118 278 19 180 19
split_gain=9174.89 26401.2 38345.7 12329.9 9025.57 9016.42 13078.2 4811.38 2927.83 2421.68 2091.57 1479.77 1260.05 1088.06 927.631 799.775 752.88 572.524 491.717 473.683 733.741 299.951 272.387 260.57 469.814 251.517 214.673 214.497 211.558 197.302 176.841 156.138 149.218 142.269 129.416 120.819 117.764 113.811 101.056 97.7782 95.7297 91.9343 81.2671 73.7446 71.6553 95.7592 69.0627 67.4579 62.4071 60.0117 55.1781 53.3982 52.1633 51.7408 51.1299 48.504 48.2233 47.5573 46.97 46.0998 97.6868 122.319
threshold=64.500000000000014 36.500000000000007 1.0000000180025095e-35 61.500000000000007 52.500000000000007 59.500000000000007 26.500000000000004 5.5000000000000009 7.2346153259277353 3.6691905260086064 0.62913459539413463 30.500000000000004 59.500000000000007 34.500000000000007 66.500000000000014 1.1725705265998843 3.9104691743850712 72.500000000000014 8.2788462638854998 7.5000000000000009 183.50000000000003 63.500000000000007 73.500000000000014 1.1169630885124209 47.500000000000007 81.500000000000014 11.790865421295168 63.500000000000007 1.0000000180025095e-35 6.7927215099334726 85.500000000000014 6.6309928894042978 79.500000000000014 84.500000000000014 77.500000000000014 0.66227489709854137 13.500000000000002 13.500000000000002 86.500000000000014 187.50000000000003 0.62736186385154735 90.500000000000014 75.500000000000014 79.500000000000014 1.0000000180025095e-35 183.50000000000003 1.2960829138755801 0.20091743022203448 65.500000000000014 1.1614532470703127 3.1986842155456547 71.500000000000014 83.500000000000014 86.500000000000014 8.5323886871337908 68.500000000000014 1.4308657646179201 2.9597151279449467 1.0000000180025095e-35 28.500000000000004 5.5000000000000009 32.500000000000007
decision_type=2 2 2 2 2 2 2 2 2 2 2 2 2 2 2 2 2 2 2 2 2 2 2 2 2 2 2 2 2 2 2 2 2 2 2 2 2 2 2 2 2 2 2 2 2 2 2 2 2 2 2 2 2 2 2 2 2 2 2 2 2 2
left_child=1 11 4 -2 12 6 -6 8 9 -8 -10 27 18 -7 16 17 -4 21 -3 23 -21 -5 37 32 -25 30 31 28 -1 33 38 42 36 39 -35 -34 -16 -17 47 43 -31 -27 -26 56 45 57 -41 -19 -40 53 51 -36 -52 -43 -39 -30 -24 -32 -45 -29 61 -61
right_child=3 2 14 15 5 13 7 -9 10 -11 -12 -13 -14 -15 19 22 -18 25 -20 20 -22 -23 29 24 26 41 -28 59 55 40 44 -33 35 34 50 -37 -38 54 48 46 -42 49 -44 58 -46 -47 -48 -49 -50 -51 52 -53 -54 -55 -56 -57 -58 -59 -60 60 -62 -63
leaf_value=0.093949599099361292 0.42360423001646996 -0.09933503598691179 0.15819139742579025 0.053886968906247806 -0.096934099664813589 -0.19757079550464238 -0.5427830198287964 -0.26832191173797065 -0.30263606236715401 -0.83661095563103172 -0.5519436642953327 0.1731566766899873 0.023754841799245162 -0.009528786120271044 0.011438815451380032 0.089109753961316665 0.0033474892661685034 -0.010264869117392942 -0.21593276748647453 -0.15700476934130375 -0.010987156211183621 0.14221884893166808 0.035724334965816278 -0.086927877805780526 0.027108890219363121 0.015330572792815291 -0.067901812897009001 0.022163189391861828 0.025740241651399084 -0.05401837326120585 0.11739360707625746 -0.049126759252764961 0.0039369216994256584 0.065934280306876952 0.060457591687873853 -0.051525545921713975 0.058560044132173056 0.05313189878079963 0.028906762162392786 -0.031775483672731912 -0.00050841690759862888 0.057743435389847067 -0.0048035838276841115 0.027285660380231481 0.036175653127515139 0.06168044473793681 0.010562181769516961 0.037908212863049413 0.072057929264008988 0.013079279354389975 0.025079566518847757 0.022139757230229998 -0.0037889133252203464 0.032598044317629596 0.015282929794954471 0.043286412367242913 0.0021269950941907906 0.076199558260185374 -0.0036550346732086114 0.012214022862555629 0.041181645836023718 -0.036284485451049273
leaf_weight=58 74 77 51 61 94 55 74 68 55 50 83 60 50 55 200 51 62 51 60 51 77 85 148 85 105 246 50 2234 307 53 59 54 110 71 52 51 62 71 54 86 68 145 222 55 50 183 57 52 74 67 129 91 99 161 60 275 52 62 208 351 84 53
leaf_count=58 74 77 51 61 94 55 74 68 55 50 83 60 50 55 200 51 62 51 60 51 77 85 148 85 105 246 50 2234 307 53 59 54 110 71 52 51 62 71 54 86 68 145 222 55 50 183 57 52 74 67 129 91 99 161 60 275 52 62 208 351 84 53
internal_value=-5.45863e-05 -0.0231098 -0.11272 0.0441623 -0.284925 -0.347677 -0.410376 -0.499097 -0.557744 -0.667007 -0.455474 0.0266888 -0.104833 -0.104483 -0.00734688 0.0336137 0.0740074 0.0499387 -0.151594 -0.0160239 -0.0699321 0.105931 0.017276 -0.00860879 -0.0228983 0.0430667 -0.0100987 0.0240241 0.0396538 0.0119365 0.0571808 -0.00235505 0.00883527 0.0161275 0.0290515 -0.0138415 0.0227699 0.0513195 0.0365068 0.00666868 -0.0241973 0.0296572 0.00549495 0.0133615 0.0705306 0.0760439 -0.0149435 0.0141862 0.0542187 0.0390396 0.0218348 0.0363966 0.0125828 0.0446626 0.0360436 0.034091 0.0270431 0.0970835 0.0028943 0.0203361 0.0119436 0.00577771
internal_weight=8098 5323 1901 2775 721 534 424 330 262 124 138 3422 187 110 1180 2701 113 1350 137 1067 128 146 1351 939 516 1204 431 3362 640 1169 585 381 423 1048 442 161 262 182 231 606 121 619 327 463 354 304 143 103 128 373 371 143 228 306 131 582 200 121 263 2722 488 404
internal_count=8098 5323 1901 2775 721 534 424 330 262 124 138 3422 187 110 1180 2701 113 1350 137 1067 128 146 1351 939 516 1204 431 3362 640 1169 585 381 423 1048 442 161 262 182 231 606 121 619 327 463 354 304 143 103 128 373 371 143 228 306 131 582 200 121 263 2722 488 404
is_linear=0
shrinkage=0.03


Tree=13
num_leaves=63
num_cat=0
split_feature=147 19 327 19 190 19 135 24 19 246 150 19 150 147 55 111 19 145 112 242 271 19 38 19 268 19 313 327 252 56 156 154 250 19 70 15 74 24 19 254 317 119 97 19 274 249 20 48 199 19 145 52 249 134 143 238 104 124 52 56 195 21
split_gain=8654.52 29788.1 37852.8 13838 7542.71 7589.34 8572.06 3687.04 3070.42 2582.51 1895.41 1371.15 1296.54 898.066 844.447 718.025 522.854 496.94 490.141 590.265 607.304 432.123 426.739 250.404 220.874 347.739 308.301 210.689 228.412 182.569 172.393 158.236 155.342 146.167 129.285 115.313 196.838 555.029 145.502 108.906 105.433 104.295 98.3044 88.236 87.4209 85.7666 78.7438 138.027 77.7676 74.6222 68.9255 68.4704 63.65 63.5441 59.4429 50.8668 50.7399 45.735 44.5913 42.8663 42.2203 37.7555
threshold=56.500000000000007 41.500000000000007 1.0000000180025095e-35 52.500000000000007 26.500000000000004 61.500000000000007 230.50000000000003 38.500000000000007 74.500000000000014 4.1933605670928964 8.7142138481140154 69.500000000000014 5.9630777835845956 82.500000000000014 0.79579299688339245 1.5000000000000002 77.500000000000014 95.500000000000014 2.5000000000000004 180.50000000000003 1.2607194781303408 36.500000000000007 560.50000000000011 71.500000000000014 24.364285469055179 68.500000000000014 7.6720693111419687 1.0000000180025095e-35 0.6364232897758485 1.5604053735733034 18.500000000000004 0.31835016608238226 1.161726236343384 74.500000000000014 63.500000000000007 59.500000000000007 5.4421875476837167 34.500000000000007 32.500000000000007 95.500000000000014 0.19796823710203174 9.9073657989501971 6.9801433086395273 85.500000000000014 0.63347700238227855 0.96086627244949352 75.500000000000014 363.50000000000006 0.66545438766479503 83.500000000000014 133.50000000000003 3.3010791540145878 1.1418511271476748 109.50000000000001 14.500000000000002 21.500000000000004 326.50000000000006 0.67860704660415661 4.1137835979461679 1.206133306026459 1.1369680762290957 59.500000000000007
decision_type=2 2 2 2 2 2 2 2 2 2 2 2 2 2 2 2 2 2 2 2 2 2 2 2 2 2 2 2 2 2 2 2 2 2 2 2 2 2 2 2 2 2 2 2 2 2 2 2 2 2 2 2 2 2 2 2 2 2 2 2 2 2
left_child=1 17 4 -2 12 14 7 8 10 -8 -7 22 -3 27 -6 23 34 21 -17 24 -21 35 -5 -4 25 -20 -26 28 -13 33 -24 42 43 45 40 36 37 -1 -37 52 -15 44 -27 51 -36 -29 47 -41 56 58 -48 53 57 -18 -31 -47 -44 -35 -34 -51 -55 -25
right_child=3 2 15 11 5 6 9 -9 -10 -11 -12 13 -14 16 -16 18 32 -19 19 20 -22 -23 30 61 26 31 -28 29 -30 54 -32 -33 49 39 41 38 -38 -39 -40 46 -42 -43 48 -45 -46 55 50 -49 -50 59 -52 -53 -54 60 -56 -57 -58 -59 -60 -61 -62 -63
leaf_value=0.13515183426439761 0.52920333813218512 0.018098398962846169 0.092102503698657856 0.17958405178613387 -0.25946667685924518 -0.37755969307001896 -0.38481772813659448 -0.37730879381812849 -0.81823791727423667 -0.099040987434034986 -0.65335502858431826 0.011562484788763172 -0.18893791356991077 0.13076267335464115 -0.10725560165941715 -0.11174353124307734 0.036515441238135098 0.10818607301680279 0.07722434438984184 -0.1581261210275047 -0.013495025825094093 -0.052075344449707434 0.047258767860562156 0.0036742685542387118 0.0076173542176975924 0.031646850642819815 -0.096574588131446093 0.06183368763921758 -0.078039706504115694 -0.050506301452953581 0.11001268536085614 -0.049651220213799245 0.039851470271775706 0.020936303727571732 0.051097428549214126 0.021060211544021212 0.024645740488597443 0.027034432275318786 -0.026696323383662658 -0.060395953521275754 0.071524495081685013 0.02517050295547282 0.020507923712810645 0.027216443504522167 0.097812339955494848 0.040212346085633795 0.037490556222551014 0.0026712061875040017 -0.038446617409586901 0.017575918274874588 -0.0023166803339738731 0.035597910575080112 0.0072923280590223337 0.094265274294616216 -0.0046030236164537755 0.0021921065786764736 -0.011920118062015699 0.050608628079295156 0.015235483856465814 -0.0080567293032547636 0.059666513147892369 0.03379445409073549
leaf_weight=59 50 51 54 51 61 50 51 86 55 65 52 50 57 55 75 55 74 60 50 50 54 69 80 84 50 77 51 78 51 50 82 62 168 229 83 2412 680 151 58 51 63 58 77 253 70 64 50 78 54 146 168 182 293 51 51 62 97 59 112 97 115 67
leaf_count=59 50 51 54 51 61 50 51 86 55 65 52 50 57 55 75 55 74 60 50 50 54 69 80 84 50 77 51 78 51 50 82 62 168 229 83 2412 680 151 58 51 63 58 77 253 70 64 50 78 54 146 168 182 293 51 51 62 97 59 112 97 115 67
internal_value=-5.81957e-05 -0.0246352 -0.137119 0.0390684 -0.320088 -0.369589 -0.441883 -0.543158 -0.631042 -0.226899 -0.523139 0.0309266 -0.0919017 0.0254374 -0.176922 -0.0118074 0.04114 0.0232663 -0.026699 -0.0190117 -0.0838729 0.0217493 0.104193 0.037262 -0.00585287 0.00381759 -0.0454254 0.00744566 -0.0340037 0.0108657 0.0795031 -0.00636601 0.0318931 0.0143191 0.0746127 0.0232804 0.03255 0.0579068 0.0199285 0.009243 0.100002 0.0600091 0.00256646 0.0414041 0.0729666 0.0372525 -0.00404904 -0.0225351 -0.00734986 0.0195622 0.00694292 0.0498255 0.0171749 0.0604223 -0.0275998 0.0216685 0.00246541 0.0271691 0.0300943 0.00735287 0.0707971 0.0171733
internal_weight=8098 4974 1485 3124 603 495 359 243 157 116 102 3074 108 2861 136 882 1527 3489 677 622 104 3429 213 205 518 417 101 1334 101 1233 162 367 1198 1132 329 3360 890 210 2470 928 118 211 305 675 153 204 347 129 228 523 218 422 581 240 101 126 174 288 280 243 166 151
internal_count=8098 4974 1485 3124 603 495 359 243 157 116 102 3074 108 2861 136 882 1527 3489 677 622 104 3429 213 205 518 417 101 1334 101 1233 162 367 1198 1132 329 3360 890 210 2470 928 118 211 305 675 153 204 347 129 228 523 218 422 581 240 101 126 174 288 280 243 166 151
is_linear=0
shrinkage=0.03


Tree=14
num_leaves=63
num_cat=0
split_feature=148 23 327 18 298 47 24 303 17 102 287 277 122 52 15 124 70 78 244 96 292 167 83 308 53 303 246 271 291 18 75 24 221 40 47 87 261 154 271 184 153 253 89 220 23 100 177 196 276 153 318 291 246 153 84 74 75 121 146 231 7 22
split_gain=8183.28 6725.46 4138.14 3641.86 3578.72 2814.35 3439.9 2430.34 1372.1 1371.29 1294.77 970.422 1337.35 882.485 819.656 1179.77 767.737 758.039 683.292 565.983 522.996 830.866 746.318 1426.09 515 490.829 435.871 385.005 475.7 337.182 322.951 293.743 276.768 259.006 352.712 393.598 431.074 244.468 240.443 248.35 440.874 242.821 491.57 205.578 189.679 421.276 181.202 173.729 261.21 146.941 144.715 132.899 124.171 120.785 119.532 112.429 102.676 86.2904 82.7363 81.0884 124.824 71.04
threshold=21.150000572204593 54.500000000000007 1.0000000180025095e-35 65.500000000000014 77.500000000000014 68.500000000000014 35.500000000000007 6.5000000000000009 63.500000000000007 0.6038438379764558 130.50000000000003 1.5000000000000002 1.0895481705665591 1.6934003233909609 59.500000000000007 0.65977773070335399 28.500000000000004 0.71583852171897899 74.500000000000014 2.8945254087448125 4.6140885353088388 15.500000000000002 10.500000000000002 49.500000000000007 9.8238377571105975 3.5000000000000004 5.1985633373260507 1.2607194781303408 8.4236679077148455 51.500000000000007 7.3538181781768808 57.500000000000007 0.65294873714447033 8.5000000000000018 134.50000000000003 10.500000000000002 6.5000000000000009 0.22360680997371676 0.87810683250427257 4.5000000000000009 1.3288426995277407 11.500000000000002 2.5000000000000004 0.26902399957180029 66.500000000000014 1.1867618560791018 0.80243903398513805 3.7370690107345585 54.500000000000007 1.1550480723381045 0.65468618273735057 5.2014169692993173 7.0478587150573739 1.1435935497283938 7.5000000000000009 15.639653205871584 6.896808624267579 0.69104436039924633 264.50000000000006 67.500000000000014 1.5000000000000002 58.500000000000007
decision_type=2 2 2 2 2 2 2 2 2 2 2 2 2 2 2 2 2 2 2 2 2 2 2 2 2 2 2 2 2 2 2 2 2 2 2 2 2 2 2 2 2 2 2 2 2 2 2 2 2 2 2 2 2 2 2 2 2 2 2 2 2 2
left_child=1 2 3 4 11 6 -6 9 10 -7 20 -1 -13 -2 15 -11 18 29 -15 -19 21 27 23 -23 37 51 31 28 -3 -4 -24 33 -22 34 -18 36 -36 -21 39 46 -41 -40 -43 -39 45 -44 47 54 -49 59 -16 -5 57 56 -10 -54 -35 -28 -59 -33 -61 -60
right_child=13 8 17 25 5 7 -8 -9 38 14 -12 12 -14 16 50 -17 26 19 -20 24 32 22 30 -25 -26 -27 52 -29 -30 -31 -32 49 -34 53 35 -37 -38 43 41 40 -42 42 44 -45 -46 -47 -48 48 -50 -51 -52 -53 55 -55 -56 -57 -58 58 61 60 -62 -63
leaf_value=0.034131956053897738 0.1412716963661548 0.016704362670890986 0.017594635042954575 -0.032422452736961642 -0.48287995053189142 -0.22603458779294097 -0.17571423793189667 -0.2842046305973982 0.016325525264253748 -0.18719476718067501 -0.1381105276897098 -0.20883155866580849 0.0017382511345006651 0.049342520333626974 0.025005327963403292 -0.01839187598457703 0.015815384909585718 -0.10157480806766732 0.19357753073691197 0.055590110034555995 -0.014848829415337793 -0.22225453827140934 0.029768270552158353 -0.011488297808055695 -0.090099625484527726 -0.0866739484378794 0.055162181228399269 0.0736315809075649 -0.084105951004303417 0.11328087261981434 -0.073122730664231569 0.022247888562732278 0.060903962629622423 0.087514886499031802 0.076382312698801982 0.036821803650818767 0.18454557331628166 -0.053903872995774767 0.016103755560329308 0.11687568010468231 0.010996008347915975 -0.097023356156271015 -0.10381615567665833 0.014560952959249595 0.0060132889020306293 -3.8424818353219462e-05 -0.043107022146383921 0.016021802019985282 -0.073890969367588266 0.018885518972134752 -0.044867304624880061 0.020490386355307793 0.0084440908258415978 0.03094663232251663 -0.024530781084921821 -0.044108315723300984 0.047377786000464182 -0.016250579438055864 0.050253135530186482 0.082649365670942262 0.040208434768379306 0.013238357444134789
leaf_weight=95 77 119 87 58 55 66 84 86 1787 89 98 50 58 69 55 64 61 73 52 73 86 66 54 51 56 67 54 51 64 53 54 160 86 76 74 65 63 60 320 56 94 60 51 111 337 109 53 67 50 492 50 154 96 329 66 58 258 63 60 75 389 204
leaf_count=95 77 119 87 58 55 66 84 86 1787 89 98 50 58 69 55 64 61 73 52 73 86 66 54 51 56 67 54 51 64 53 54 160 86 76 74 65 63 60 320 56 94 60 51 111 337 109 53 67 50 492 50 154 96 329 66 58 258 63 60 75 389 204
internal_value=-6.24682e-05 -0.0218362 -0.0745698 -0.109186 -0.143492 -0.183233 -0.299836 -0.143068 -0.000276621 -0.104847 -0.0372228 -0.0356431 -0.0967693 0.0416967 -0.0730924 -0.117162 0.0388036 -0.00492288 0.112406 -0.0272616 -0.0213602 -0.0380575 -0.0790838 -0.131258 -0.0089014 -0.0165384 0.0353054 0.00155948 -0.0188172 0.0543652 -0.0218761 0.0416189 0.0231607 0.0541233 0.0793575 0.0983735 0.127098 0.010026 0.00856342 0.0139127 0.0510367 -0.00469168 -0.0166462 -0.00963552 -0.00676742 -0.0335569 0.0111362 0.0126167 -0.022703 0.0312042 -0.00837674 0.00592998 0.0111751 0.0440089 0.0148579 -0.0115053 0.0567448 0.0203487 0.014449 0.0408713 0.0472315 0.0218087
internal_weight=8098 5323 1544 1031 752 549 139 410 3779 324 729 203 108 2775 258 153 2698 513 121 373 631 459 225 117 300 279 2577 234 183 140 108 2042 172 926 263 202 137 244 3050 2173 150 877 557 171 497 160 2023 1970 117 1116 105 212 535 663 1853 154 334 381 327 624 464 264
internal_count=8098 5323 1544 1031 752 549 139 410 3779 324 729 203 108 2775 258 153 2698 513 121 373 631 459 225 117 300 279 2577 234 183 140 108 2042 172 926 263 202 137 244 3050 2173 150 877 557 171 497 160 2023 1970 117 1116 105 212 535 663 1853 154 334 381 327 624 464 264
is_linear=0
shrinkage=0.03


Tree=15
num_leaves=63
num_cat=0
split_feature=144 19 327 19 135 144 19 290 317 272 19 19 19 247 153 246 242 213 48 17 19 171 318 298 19 134 144 72 16 199 17 15 19 153 44 215 199 118 197 317 19 66 145 80 265 24 155 19 136 200 13 25 272 144 264 110 154 199 253 152 269 299
split_gain=7663.01 25299.9 36559.3 13318.2 6667.38 7358.67 8648.24 5010.63 2413.2 2947.15 1690.3 1193.36 835.694 783.604 714.773 692.045 637.234 587.185 430.039 305.879 518.593 258.38 462.686 252.819 235.52 182.106 167.044 164.161 278.025 126.564 125.328 124.34 119.142 118.447 116.925 115.325 129.176 105.735 99.2937 96.7461 76.7454 75.1802 74.8883 69.6637 68.2145 66.3858 65.2015 58.719 57.1259 53.7945 52.7512 47.5672 46.2776 44.7018 44.2906 40.1034 37.8728 37.5714 37.1012 35.8027 35.5353 33.9175
threshold=85.500000000000014 40.500000000000007 1.0000000180025095e-35 55.500000000000007 107.50000000000001 64.500000000000014 60.500000000000007 4.8107144832611093 0.26480327546596533 0.84495192766189586 71.500000000000014 71.500000000000014 66.500000000000014 8.9707794189453143 1.2279220819473269 3.9104691743850712 188.50000000000003 30.500000000000004 212.50000000000003 48.500000000000007 35.500000000000007 11.775815010070803 0.68691259622573864 352.50000000000006 81.500000000000014 107.50000000000001 120.50000000000001 15.500000000000002 57.500000000000007 0.66545438766479503 63.500000000000007 62.500000000000007 80.500000000000014 1.1528159379959109 38.500000000000007 6.5565109252929696 0.63833710551261913 3.2963414192199711 1.2757978439331057 0.124143835157156 79.500000000000014 9.5000000000000018 177.50000000000003 0.69518002867698681 55.500000000000007 38.500000000000007 0.66210490465164196 73.500000000000014 21.500000000000004 62.500000000000007 45.500000000000007 10.500000000000002 1.2709789872169497 120.50000000000001 52.500000000000007 47.500000000000007 0.22127521038055423 0.66021290421485912 20.500000000000004 0.48431468009948736 8.9224138259887713 12.500000000000002
decision_type=2 2 2 2 2 2 2 2 2 2 2 2 2 2 2 2 2 2 2 2 2 2 2 2 2 2 2 2 2 2 2 2 2 2 2 2 2 2 2 2 2 2 2 2 2 2 2 2 2 2 2 2 2 2 2 2 2 2 2 2 2 2
left_child=1 17 4 -2 -3 6 13 8 9 -8 -7 18 15 -6 24 -4 21 19 -5 -1 30 27 29 33 25 31 35 39 -29 38 43 34 42 -20 -13 40 -37 41 -23 50 48 -27 -28 -21 53 -40 -30 -41 -16 -46 -14 -33 -34 -26 -42 -50 -39 -36 -54 -55 -43 -32
right_child=3 2 12 11 5 10 7 -9 -10 -11 -12 14 16 -15 26 -17 -18 -19 23 20 -22 22 -24 -25 44 37 32 28 46 -31 61 51 52 -35 57 36 -38 56 45 47 54 60 -44 -45 49 -47 -48 -49 55 -51 -52 -53 58 59 -56 -57 -58 -59 -60 -61 -62 -63
leaf_value=0.073905564413539002 0.51878658561145563 -0.072045764940977086 0.15218573103275368 0.15645686770600378 -0.1185711115955467 -0.00093300085447051303 -0.44408788015257639 -0.30563729972559578 -0.38813871761163077 -0.7451277012594284 -0.23517375699783624 -0.011980782213675625 0.021114913805534964 -0.27159741988307551 -0.011808278477854197 -0.002570522791809506 -0.088336011512261448 0.11410551828908778 0.077194978420247695 0.031466373187200775 -0.059593999367207287 0.025733497506380078 -0.11146752434618332 0.12333462172503848 0.021111398756356359 0.11054132378675409 0.065436077916118163 -0.06276091195642948 -0.0065540656479211841 -0.05245280186890771 0.020179518927119951 0.07424750007586936 0.022725519862025974 0.026912692871552946 0.024340095235482914 -0.00058403533829662661 -0.051402660631807519 0.063241422725946045 0.0039043965255436686 0.063684179476565794 -0.00026959623210132122 0.084654485450613853 0.024208786490530071 0.068655310939340033 -0.006368382898280801 -0.037662880118404116 0.035260821025769572 0.022914594042911584 0.014568953633594749 0.024690790184446282 -0.015122651522574217 0.038860743175940335 0.014096196034680241 0.061499912403523919 -0.029092928913058869 0.043001020434090778 0.034685990274573364 0.055636403206735845 -0.015595072427365396 0.033865466947655798 0.047772480255613724 0.0077135423681263804
leaf_weight=97 50 99 50 63 70 54 52 97 53 92 56 67 75 56 53 53 98 62 76 492 71 74 50 55 226 60 67 69 81 56 2496 72 119 97 105 103 79 88 68 53 257 52 100 50 91 69 56 82 160 110 68 73 68 53 58 62 89 53 83 242 53 215
leaf_count=97 50 99 50 63 70 54 52 97 53 92 56 67 75 56 53 53 98 62 76 492 71 74 50 55 226 60 67 69 81 56 2496 72 119 97 105 103 79 88 68 53 257 52 100 50 91 69 56 82 160 110 68 73 68 53 58 62 89 53 83 242 53 215
internal_value=-6.48135e-05 -0.0223557 -0.119828 0.0381322 -0.298898 -0.341057 -0.398207 -0.487273 -0.574712 -0.640231 -0.121227 0.0297671 -0.00723125 -0.188186 0.0233983 0.0732948 -0.0165285 0.0233092 0.0873337 0.0216308 0.0200836 -0.00764382 -0.028653 0.067634 0.037716 0.0499651 0.00639875 0.006147 -0.0141103 -0.0127866 0.0218404 0.0352169 0.0211974 0.0493187 0.021105 -0.00199479 -0.022803 0.0657716 -0.00206125 0.0211546 0.00445174 0.0831893 0.0410401 0.0350172 0.0255842 -0.0171522 0.0106698 0.039271 0.0160037 0.0106673 0.00389771 0.0568203 0.00881813 0.0313076 -0.00565202 0.0226667 0.0491586 0.0351221 -0.0022194 0.0390213 0.0666642 0.0191941
internal_weight=8098 5114 1631 2984 629 530 420 294 197 144 110 2934 1002 126 2643 103 899 3483 291 3421 3324 801 317 228 1434 712 1209 484 206 267 3253 370 437 173 225 772 182 342 211 278 590 165 167 542 722 137 137 135 275 201 143 145 270 521 315 222 177 158 151 295 105 2711
internal_count=8098 5114 1631 2984 629 530 420 294 197 144 110 2934 1002 126 2643 103 899 3483 291 3421 3324 801 317 228 1434 712 1209 484 206 267 3253 370 437 173 225 772 182 342 211 278 590 165 167 542 722 137 137 135 275 201 143 145 270 521 315 222 177 158 151 295 105 2711
is_linear=0
shrinkage=0.03


Tree=16
num_leaves=63
num_cat=0
split_feature=147 19 327 19 172 19 135 246 24 255 19 147 169 111 145 19 55 242 105 38 19 171 252 19 17 19 147 19 328 327 250 156 122 119 59 167 144 56 261 52 157 311 44 249 135 198 147 163 181 23 135 242 70 152 56 22 137 195 286 21 19 239
split_gain=7281.34 26043.4 32835.1 12328 6873.23 6527.07 7354.89 5723.34 2895.66 2331.28 1203.91 776.365 753.151 628.706 460.081 450.818 444.437 508.665 501.83 385.021 361.631 288.084 413.854 248.691 228.726 224.185 189.353 225.112 175.971 174.376 168.136 165.389 144.216 127.436 119.487 117.083 185.659 113.975 112.588 109.776 97.1402 89.7997 81.6399 69.9307 68.2556 72.6726 68.277 66.7845 63.5896 55.088 53.77 52.8139 52.0808 51.8496 54.052 49.0506 46.893 46.7742 43.3246 37.5477 34.0441 96.8356
threshold=56.500000000000007 41.500000000000007 1.0000000180025095e-35 52.500000000000007 2.1184616088867192 52.500000000000007 251.50000000000003 5.1985633373260507 42.500000000000007 3.5000000000000004 69.500000000000014 85.500000000000014 2.5000000000000004 1.5000000000000002 95.500000000000014 80.500000000000014 0.45537619292736059 180.50000000000003 33.500000000000007 560.50000000000011 36.500000000000007 11.775815010070803 0.65167668461799633 73.500000000000014 63.500000000000007 71.500000000000014 70.500000000000014 77.500000000000014 1.0000000180025095e-35 1.0000000180025095e-35 1.2559857964515688 18.500000000000004 1.6573055982589724 6.5754179954528817 32.500000000000007 16.500000000000004 62.500000000000007 1.0616480708122256 6.5000000000000009 4.2011671066284189 96.500000000000014 13.59999990463257 44.500000000000007 0.7128790318965913 495.50000000000006 0.2327174320816994 103.50000000000001 4.5000000000000009 2.5000000000000004 60.500000000000007 409.50000000000006 68.500000000000014 51.500000000000007 0.85488721728324901 1.1668744683265688 60.500000000000007 4.5000000000000009 1.0062500238418581 71.500000000000014 59.500000000000007 27.500000000000004 7.5000000000000009
decision_type=2 2 2 2 2 2 2 2 2 2 2 2 2 2 2 2 2 2 2 2 2 2 2 2 2 2 2 2 2 2 2 2 2 2 2 2 2 2 2 2 2 2 2 2 2 2 2 2 2 2 2 2 2 2 2 2 2 2 2 2 2 2
left_child=1 14 4 -2 12 -6 7 8 9 -7 19 26 -3 25 20 30 -15 21 -19 -5 24 23 35 -18 28 -4 29 37 -1 -12 33 -21 40 -13 -25 -23 -37 -28 50 43 53 -41 52 57 45 55 -46 56 -42 -45 -29 -30 -40 54 -31 -35 -39 -17 -55 -27 -26 -62
right_child=3 2 13 10 5 6 -8 -9 -10 -11 11 15 -14 16 -16 39 17 18 -20 31 -22 22 -24 34 60 59 27 38 51 32 -32 -33 -34 44 -36 36 -38 47 42 41 48 -43 -44 49 46 -47 -48 -49 -50 -51 -52 -53 -54 58 -56 -57 -58 -59 -60 -61 61 -63
leaf_value=0.086456457449183344 0.49844347652267007 0.00025663254516465319 0.086730430658568031 0.16836868202743621 -0.11936287275515496 -0.50934028175412394 -0.14535070215603885 -0.25445268611113231 -0.36986965967927654 -0.76085148195120011 -0.058079830881427319 0.11641404309310019 -0.1597861935811884 -0.11020821270697256 0.10388970029509825 0.069015799161906421 0.057189630560658788 -0.1445680427436645 -0.012505074160981853 0.041875282926829877 -0.046817704538149492 0.030464775028137062 -0.081480878996987666 0.023884403031805286 0.020374788522126461 0.0023924409080954157 0.076961968697320957 0.040272160967566313 0.024368204222871111 0.01067529588297475 0.03261499617459776 0.10320651882419261 -0.046320962798264288 0.039581046233626078 -0.029261408954858778 -0.062270794016010357 0.0098477434412371813 -0.0085138118469108969 -0.0058035257595798204 0.02279409257811494 0.00098433777370987682 -0.030281985170172096 0.0041695760205956332 0.046154573979445654 0.021261683320795945 0.10551422538171554 0.06731177546591921 0.039537437977195382 -0.042539251013300743 0.018359372750509622 0.011041196984115704 0.042697614424217205 -0.048395761014784079 0.013430625476197611 0.051595205250450152 0.077995959269211559 0.029688218757510182 0.036494563916239189 -0.015924175881026757 0.032411005339201764 0.019100335144752758 -0.0057800013196492002
leaf_weight=61 50 55 54 51 95 97 84 89 69 64 50 53 50 50 60 51 90 51 52 80 69 64 85 68 1977 84 51 90 307 63 127 82 53 52 84 52 81 58 53 63 72 51 294 78 54 57 65 188 51 362 153 272 50 160 54 84 56 206 62 67 555 188
leaf_count=61 50 55 54 51 95 97 84 89 69 64 50 53 50 50 60 51 90 51 52 80 69 64 85 68 1977 84 51 90 307 63 127 82 53 52 84 52 81 58 53 63 72 51 294 78 54 57 65 188 51 362 153 272 50 160 54 84 56 206 62 67 555 188
internal_value=-6.56185e-05 -0.0226087 -0.127785 0.035823 -0.298196 -0.344641 -0.39732 -0.463007 -0.542258 -0.613399 0.0281386 0.0229954 -0.0767427 -0.011074 0.0221808 0.0400754 -0.0250086 -0.0180497 -0.0786568 0.0967907 0.0207212 -0.00600938 -0.0265724 0.0179632 0.0221216 0.0348421 0.00869439 0.0165775 0.0382561 -0.00516524 0.0627187 0.0733622 7.47024e-05 0.0730754 -0.00548494 -0.00258902 -0.0186033 0.0357755 0.00594939 0.0262783 0.0054857 -0.00100732 -0.00389837 0.0307362 0.065365 0.0765324 0.0467664 0.0285891 -0.0172596 0.0233802 0.0219882 0.0330377 -0.0267459 0.0137649 0.0298386 0.063704 0.0103471 0.0431907 0.00519779 0.0158375 0.0183126 0.0128056
internal_weight=8098 4974 1485 3124 603 498 403 319 230 161 3074 2861 105 882 3489 1303 677 627 103 213 3429 524 282 242 3360 205 1558 993 640 565 492 162 515 365 152 197 133 353 640 811 462 114 397 697 312 193 119 302 123 440 243 579 103 339 117 136 114 257 222 151 2720 743
internal_count=8098 4974 1485 3124 603 498 403 319 230 161 3074 2861 105 882 3489 1303 677 627 103 213 3429 524 282 242 3360 205 1558 993 640 565 492 162 515 365 152 197 133 353 640 811 462 114 397 697 312 193 119 302 123 440 243 579 103 339 117 136 114 257 222 151 2720 743
is_linear=0
shrinkage=0.03


Tree=17
num_leaves=63
num_cat=0
split_feature=144 19 327 19 190 19 290 106 157 97 19 221 255 149 146 38 325 136 210 145 251 19 146 19 19 17 57 249 153 56 144 98 120 231 56 56 65 149 19 291 19 25 17 144 144 124 282 215 292 140 19 69 292 144 144 19 272 254 305 88 104 106
split_gain=6842.86 28782.9 30521.1 11306.2 8177.91 7808.3 4024.73 2758.86 1766.17 1157.81 992.395 802.24 766.212 755.838 631.14 559.846 527.362 456.25 371.291 897.658 318.011 302.683 277.105 261.484 220.89 215.675 309.951 465.53 202.023 197.608 174.671 170.886 131.292 109.955 115.696 106.316 97.9561 92.5127 102.913 89.9612 87.4281 90.728 76.296 73.4545 65.648 65.0808 60.412 61.0665 54.035 53.658 51.5187 50.2378 50.1645 50.0205 49.9644 48.6544 48.029 45.3535 43.5577 42.6556 38.9292 36.289
threshold=69.500000000000014 41.500000000000007 1.0000000180025095e-35 50.500000000000007 26.500000000000004 60.500000000000007 4.9623503684997567 3.5000000000000004 46.500000000000007 7.5297293663024911 71.500000000000014 0.63421601057052623 1.5000000000000002 4.1416289806365976 236.50000000000003 606.50000000000011 73.500000000000014 17.500000000000004 29.500000000000004 83.500000000000014 0.27188724279403692 36.500000000000007 226.50000000000003 70.500000000000014 81.500000000000014 69.500000000000014 0.17078252136707309 0.36736392974853521 1.147603511810303 1.2773235440254214 112.50000000000001 2.8949264287948613 4.3829391002655038 49.500000000000007 0.92898315191268932 1.261488199234009 4.5000000000000009 6.900296926498414 80.500000000000014 8.2576532363891619 77.500000000000014 5.5000000000000009 46.500000000000007 119.50000000000001 119.50000000000001 0.597944736480713 6.5000000000000009 7.0525085926055917 2.3911764621734624 7.5000000000000009 75.500000000000014 18.500000000000004 3.5697835683822636 120.50000000000001 112.50000000000001 86.500000000000014 1.1504524946212771 92.500000000000014 4.5000000000000009 18.500000000000004 41.000000000000007 13.500000000000002
decision_type=2 2 2 2 2 2 2 2 2 2 2 2 2 2 2 2 2 2 2 2 2 2 2 2 2 2 2 2 2 2 2 2 2 2 2 2 2 2 2 2 2 2 2 2 2 2 2 2 2 2 2 2 2 2 2 2 2 2 2 2 2 2
left_child=1 21 4 -2 9 11 7 8 -7 -3 14 -6 23 22 20 -16 -14 -15 36 -20 -5 25 31 -4 29 26 27 -1 -17 33 32 -12 46 -24 -35 44 52 38 48 -30 41 -36 -28 58 57 -44 50 -48 -32 -33 -19 60 -18 59 -43 -46 -45 -26 -42 -31 -25 -52
right_child=3 2 12 10 5 6 -8 -9 -10 -11 13 -13 16 17 15 28 18 30 19 -21 -22 -23 24 51 35 -27 42 -29 39 53 37 49 -34 34 40 -37 -38 -39 -40 -41 43 54 45 56 55 -47 47 -49 -50 -51 61 -53 -54 -55 -56 -57 -58 -59 -60 -61 -62 -63
leaf_value=0.02855538665006558 0.38038343577759293 0.013661340742275633 0.07630666435882448 0.052653010863411641 -0.079406455541556731 -0.70787607016471721 -0.28764546611099218 -0.36834517523050309 -0.47314407425660354 -0.18287389891989089 -0.035037043981254103 -0.23453455513245181 -0.10348315180716465 -0.085128908051685839 0.18260930874281461 0.10665745474429181 0.0040682623097125226 0.033323370857902296 -0.15082735331475433 0.0065233527972728385 -0.040703319526380961 -0.03922674534741688 0.020301642502985291 0.0057902232245091471 0.022211345437111611 0.017216801678604794 0.059826951147688011 0.14788684294504278 0.072370548251232028 -0.010560326524492767 0.058074591918848451 0.038996483235405041 -0.054861121440635006 0.10304689214040991 0.097703127790714647 -0.0084771289884351016 -0.024975079639869575 -0.015757402987632004 0.0081756897368790264 0.018627747432489333 0.046799040621013512 0.031048004714927326 0.056808165095069189 0.075610806413654544 0.044702319003543101 0.022854907269259133 -0.0053179030412095875 -0.038021448857110479 0.024800012444185327 -0.00068547547747523096 0.009696793745992317 -0.014285233704533704 0.045859156010879414 0.041576837303484195 0.07020754450881804 0.023958273191537174 0.036262428514444486 -0.0071056451741605998 0.011515021328814327 0.023215461932122705 0.036408030109273064 -0.019819889217293982
leaf_weight=71 81 57 59 83 52 77 97 74 64 50 84 75 97 54 53 89 50 52 55 78 53 73 73 123 187 2383 61 50 56 53 65 64 50 51 70 85 50 78 310 57 55 53 54 71 207 774 203 68 141 58 105 73 53 70 73 209 51 63 74 89 53 57
leaf_count=71 81 57 59 83 52 77 97 74 64 50 84 75 97 54 53 89 50 52 55 78 53 73 73 123 187 2383 61 50 56 53 65 64 50 51 70 85 50 78 310 57 55 53 54 71 207 774 203 68 141 58 105 73 53 70 73 209 51 63 74 89 53 57
internal_value=-6.65537e-05 -0.0234952 -0.147664 0.0323859 -0.315085 -0.372311 -0.452984 -0.525901 -0.605413 -0.0790205 0.023768 -0.172134 -0.0151111 0.0177499 0.0685982 0.09635 -0.0433911 -0.000753011 -0.0227207 -0.0591865 0.01624 0.0208499 0.0303229 0.0200819 0.0347075 0.0221536 0.033773 0.0786739 0.0729296 0.0458606 0.00335445 -0.0023373 -0.00907053 0.0550413 0.0600828 0.0230336 0.0091568 0.0145417 0.0191435 0.0456625 0.0549618 0.0700958 0.0275801 0.0429127 0.0270619 0.0251351 -0.00424668 -0.0136336 0.0355291 0.0202791 0.00764858 0.00650766 0.0258065 0.020991 0.0541098 0.0343629 0.0595904 0.0148246 0.0268029 0.0106233 0.015164 -0.000746586
internal_weight=8098 4703 1237 3395 546 439 312 215 141 107 3314 127 691 2923 391 255 383 1183 286 133 136 3466 1740 308 1534 3393 1010 121 202 783 1129 206 535 571 498 751 153 594 516 113 447 196 889 251 666 828 485 271 206 122 214 249 103 212 126 416 122 250 129 142 176 162
internal_count=8098 4703 1237 3395 546 439 312 215 141 107 3314 127 691 2923 391 255 383 1183 286 133 136 3466 1740 308 1534 3393 1010 121 202 783 1129 206 535 571 498 751 153 594 516 113 447 196 889 251 666 828 485 271 206 122 214 249 103 212 126 416 122 250 129 142 176 162
is_linear=0
shrinkage=0.03


Tree=18
num_leaves=63
num_cat=0
split_feature=147 19 327 19 19 144 190 24 19 96 101 253 213 178 19 58 246 19 147 101 260 146 90 19 197 156 252 157 17 328 285 239 56 250 201 12 213 263 99 274 78 19 56 130 52 37 20 78 68 19 318 150 317 242 215 80 19 178 1 239 19 147
split_gain=6501.15 19336.6 27855.9 9628.49 6832.43 7166.56 9668.76 4627.87 2943.82 2601.77 2124.65 1380.24 1209.16 726.514 720.681 696.588 606.741 597.285 445.483 401.522 389.602 645.359 320.773 276.907 209.412 304.54 435.248 249.332 200.858 184.424 155.547 149.117 145.793 127.571 107.787 151.222 127.437 94.2694 89.6411 84.8065 110.963 100.264 79.7817 78.2045 83.0783 69.217 68.4486 66.4468 65.2105 53.9663 51.1881 67.4425 50.7186 49.8879 47.8382 41.2531 38.2602 90.7461 143.671 103.667 36.4469 34.6551
threshold=64.500000000000014 36.500000000000007 1.0000000180025095e-35 61.500000000000007 48.500000000000007 67.500000000000014 26.500000000000004 45.500000000000007 69.500000000000014 3.5082467794418339 0.26278617978096014 13.500000000000002 30.500000000000004 18.500000000000004 66.500000000000014 0.63677850365638744 3.9104691743850712 72.500000000000014 85.500000000000014 0.22716293483972552 7.5000000000000009 183.50000000000003 4.5000000000000009 81.500000000000014 1.1169630885124209 12.500000000000002 0.65497615933418285 39.500000000000007 63.500000000000007 1.0000000180025095e-35 42.500000000000007 11.500000000000002 1.2835965752601626 1.2559857964515688 118.50000000000001 55.500000000000007 13.500000000000002 23.500000000000004 1.9036453962326052 0.61230221390724193 1.5656968951225283 79.500000000000014 1.2773235440254214 1.5000000000000002 2.8396966457366948 215.50000000000003 76.500000000000014 1.3006023764610293 6.5000000000000009 75.500000000000014 0.64568233489990245 7.4527094364166269 0.34222380816936498 68.500000000000014 1.8980726599693301 0.64867776632308971 28.500000000000004 16.500000000000004 26.500000000000004 7.5000000000000009 76.500000000000014 96.500000000000014
decision_type=2 2 2 2 2 2 2 2 2 2 2 2 2 2 2 2 2 2 2 2 2 2 2 2 2 2 2 2 2 2 2 2 2 2 2 2 2 2 2 2 2 2 2 2 2 2 2 2 2 2 2 2 2 2 2 2 2 2 2 2 2 2
left_child=1 12 4 -2 13 6 -6 8 -8 -9 11 -10 28 19 16 -7 -4 22 31 -3 24 -22 -5 33 34 26 27 -26 29 -1 45 46 -32 43 36 -36 -16 54 52 40 -33 42 -41 44 -20 -24 48 61 -19 -48 -46 -52 60 -31 -25 -44 -30 59 -59 -58 -27 -39
right_child=3 2 14 17 5 15 7 9 10 -11 -12 -13 -14 -15 20 -17 -18 18 23 -21 21 -23 30 37 25 38 -28 -29 56 53 32 39 -34 -35 35 -37 -38 47 -40 41 -42 -43 55 -45 50 -47 49 -49 -50 -51 51 -53 -54 -55 -56 -57 57 58 -60 -61 -62 -63
leaf_value=0.086539020420888721 0.37245928483009338 -0.17518073348821522 0.14092687931055059 0.13584217702540069 -0.076591652619470027 -0.0046115951850370035 -0.34495601350069044 -0.40810866544345537 -0.52441474160977763 -0.11542135367505862 -0.39625409052922173 -0.77379224869586971 0.15554072512924427 0.017966580529665124 0.0090960617474655607 -0.15380878091479341 0.0019389990326904112 -0.021317800561793977 0.090665038809210299 -0.05397317539243137 -0.14454810250657968 -0.0076469190819905353 0.0029112000014200538 0.046586258812722832 0.014289337378668497 0.033656053319017387 -0.11793268801066381 -0.062658045230167256 0.018831761882815434 0.022225881211169356 0.11373346537558568 0.0001601457130163908 0.048745062491959992 0.027503164951765056 -0.047613592569025295 0.011393927366314631 0.059666576084905651 0.0049319462750743075 -0.027792684075882635 0.051541734892874953 -0.047491519174848992 -0.0071590777592257003 0.025631783483059781 0.026478490516786801 0.035797740019974301 0.049377214381868234 0.057011805165272489 -0.017595709183738685 0.015955300403615605 0.023488420562025051 0.09489654601909793 0.052038689115512606 -0.017777625276323629 0.03997139067406786 0.024796732375457372 -0.01154087703291546 0.0093371747365364657 0.060440438097037037 0.0077513580111366115 -0.032166536593437191 0.0055251026007573341 0.034805831508335446
leaf_weight=58 74 50 51 51 96 59 89 51 55 60 51 50 60 57 200 53 62 53 92 50 51 77 55 120 82 66 57 69 2234 307 53 113 80 147 61 105 57 81 82 59 71 214 56 54 79 60 51 70 194 283 51 110 50 275 393 50 194 66 154 74 110 61
leaf_count=58 74 50 51 51 96 59 89 51 55 60 51 50 60 57 200 53 62 53 92 50 51 77 55 120 82 66 57 69 2234 307 53 113 80 147 61 105 57 81 82 59 71 214 56 54 79 60 51 70 194 283 51 110 50 275 393 50 194 66 154 74 110 61
internal_value=-6.76382e-05 -0.0194749 -0.0961641 0.0371529 -0.242937 -0.291604 -0.344754 -0.416651 -0.489764 -0.252342 -0.569655 -0.649346 0.0231433 -0.0673721 -0.00635332 -0.0759502 0.065354 0.027832 0.0228354 -0.115711 -0.0140015 -0.0628912 0.0677626 0.0351496 -0.00727731 -0.0200877 -0.048039 -0.0210529 0.020735 0.0358557 0.0532731 0.00927515 0.0752982 0.0515606 0.0083601 -0.0104448 0.0204999 0.0230302 -0.00111718 -0.00172944 -0.0183845 0.0063835 0.0238851 0.0606276 0.0660858 0.027371 0.0199234 0.00616472 0.00790372 0.0287622 0.0563267 0.0661168 0.00864134 0.030665 0.0299744 0.00815352 0.0171679 0.00952807 0.02376 -0.00219978 0.0162048 0.0179187
internal_weight=8098 5323 1901 2775 721 564 452 356 245 111 156 105 3422 157 1180 112 113 2701 2402 100 1067 128 299 1258 939 516 208 151 3362 640 248 1144 133 533 423 166 257 725 308 563 184 379 165 386 332 115 581 212 247 334 240 161 226 582 513 106 2722 488 220 268 176 142
internal_count=8098 5323 1901 2775 721 564 452 356 245 111 156 105 3422 157 1180 112 113 2701 2402 100 1067 128 299 1258 939 516 208 151 3362 640 248 1144 133 533 423 166 257 725 308 563 184 379 165 386 332 115 581 212 247 334 240 161 226 582 513 106 2722 488 220 268 176 142
is_linear=0
shrinkage=0.03


Tree=19
num_leaves=63
num_cat=0
split_feature=148 19 327 19 172 19 246 25 17 272 250 19 221 148 76 111 327 22 316 155 148 93 17 19 19 54 306 20 19 193 269 118 310 201 155 144 19 52 128 52 19 17 57 250 193 213 245 232 210 21 19 310 245 316 195 239 260 78 148 216 21 238
split_gain=6139.46 23462.2 26079.7 11124.1 6670.3 6185.38 7036.76 3498.04 3223.82 1921.49 2783.15 1011.05 835.661 769.708 732.113 680.086 575.218 528.475 1433.78 504.722 488.503 538.468 379.156 489.407 319.389 313.449 239.708 197.527 192.095 170.44 167.654 167.016 144.578 211.608 130.087 123.157 115.131 110.793 103.981 101.082 97.0769 94.6236 99.7426 93.5828 90.4756 86.668 71.4608 76.7171 68.6463 70.4846 58.6575 58.3175 57.2347 55.8725 49.0912 43.7917 39.1316 40.9656 39.1316 36.598 34.9542 30.7964
threshold=17.150000572204593 41.500000000000007 1.0000000180025095e-35 50.500000000000007 2.1184616088867192 60.500000000000007 5.1985633373260507 6.5000000000000009 63.500000000000007 0.81534090638160717 1.2433797717094424 71.500000000000014 0.63268041610717785 28.050000190734867 2.6866337060928349 1.5000000000000002 1.0000000180025095e-35 52.500000000000007 1.4523689746856692 0.64291617274284374 25.150000572204593 200.50000000000003 48.500000000000007 35.500000000000007 80.500000000000014 5.3477957248687753 11.500000000000002 74.500000000000014 71.500000000000014 2.6189515590667729 7.3304669857025155 5.8937304019927987 29.500000000000004 131.50000000000003 0.63292628526687633 62.500000000000007 79.500000000000014 2.6574143171310429 1.5000000000000002 3.9205713272094731 76.500000000000014 63.500000000000007 0.17078252136707309 1.0176242589950564 3.2782554626464848 33.500000000000007 23.050000190734867 408.50000000000006 66.500000000000014 75.500000000000014 85.500000000000014 41.500000000000007 40.600000381469734 0.92517483234405529 1.087297320365906 15.500000000000002 3.5000000000000004 1.1747943162918093 30.150000572204593 7.3804483413696298 59.500000000000007 19.500000000000004
decision_type=2 2 2 2 2 2 2 2 2 2 2 2 2 2 2 2 2 2 2 2 2 2 2 2 2 2 2 2 2 2 2 2 2 2 2 2 2 2 2 2 2 2 2 2 2 2 2 2 2 2 2 2 2 2 2 2 2 2 2 2 2 2
left_child=1 22 4 -2 14 12 8 -8 9 -7 -11 20 -6 16 -3 28 19 18 -17 -13 29 -22 27 35 37 26 32 -1 -4 -5 -23 36 33 40 -31 41 38 -15 -18 50 -19 42 -24 -38 56 -33 53 -48 49 -46 54 -41 -49 -39 -26 -45 -40 -58 -52 -51 -30 -56
right_child=3 2 15 11 5 6 7 -9 -10 10 -12 13 -14 24 -16 17 31 25 -20 -21 21 30 23 -25 39 -27 -28 -29 60 34 -32 45 -34 -35 -36 -37 43 46 44 51 -42 -43 -44 55 48 -47 47 52 -50 59 58 -53 -54 -55 61 -57 57 -59 -60 -61 -62 -63
leaf_value=0.11762204447617897 0.42335649280284998 0.017992782306212648 0.080497497455640263 -0.0057549660481062944 -0.047692362157737506 -0.38372085619431279 -0.36746033614644635 -0.026695137142107403 -0.29945812049814879 -0.77996341918644152 -0.47386954326238206 0.00063409418259796342 -0.2080913190972315 0.085852114425972098 -0.13949021097746761 -0.18054985197699244 -0.011424887863387403 0.033086824709478817 0.012037817556411028 -0.12730268748781898 0.17777146382966919 0.10397865306569094 0.065226729937236411 -0.053085934723124784 0.064706537626468788 -0.081287845876067868 -0.06395420166560345 0.034396360005872949 0.0018992096185684202 0.022480643529475465 0.029494012015822683 -0.053431117088810695 0.034594098389233378 -0.055685833263255297 0.082076356872597608 0.060801948673235108 0.026617166624855599 0.056127858519215472 0.024772778957242697 0.019738330167151756 -0.011831885961073567 0.016721860517297595 0.025633090407585601 0.0038459653226351463 -0.02041349816388624 -0.0040334468042455248 0.086711317751723985 0.03236188100287829 0.040526920376488793 0.00061110969421199776 0.0011480389796197415 -0.013513845236551377 0.069215536180023948 0.022077058063341409 0.019608504440273261 -0.014161660632560566 0.073310512358115767 0.036739166919142002 0.025283189970428218 0.029834705805504007 0.030975939831626949 0.040727799196380143
leaf_weight=51 63 51 54 57 50 51 51 57 67 56 66 56 72 79 54 67 73 78 71 54 62 54 65 84 51 55 53 53 84 60 56 52 98 62 75 64 127 65 70 96 95 2693 468 387 58 81 63 100 77 65 79 92 64 134 107 176 53 65 258 94 66 159
leaf_count=51 63 51 54 57 50 51 51 57 67 56 66 56 72 79 54 67 73 78 71 54 62 54 65 84 51 55 53 53 84 60 56 52 98 62 75 64 127 65 70 96 95 2693 468 387 58 81 63 100 77 65 79 92 64 134 107 176 53 65 258 94 66 159
internal_value=-7.13872e-05 -0.0215232 -0.127224 0.0317283 -0.28045 -0.328669 -0.393066 -0.189507 -0.483501 -0.552647 -0.619571 0.0238859 -0.143276 0.0178279 -0.0635503 -0.0144866 0.00295019 -0.0310719 -0.0820911 -0.0627523 0.0708902 0.107512 0.0197727 0.0180194 0.0342485 -0.0149571 -0.00532021 0.0759405 0.0325082 0.037696 0.0666665 0.00823665 0.00417547 -0.00860258 0.0559494 0.0198504 0.011654 0.053103 0.0218135 0.0228908 0.00849424 0.0190194 0.0305747 0.00346254 0.0268608 -0.0236014 0.0468429 0.0584083 0.0163774 0.00766162 0.0284566 0.00348058 0.0470761 0.0334242 0.0377324 -0.00179855 0.0430816 0.0536433 0.0196455 0.0179664 0.0148134 0.0323377
internal_weight=8098 4836 1358 3262 575 470 348 108 240 173 122 3199 122 2835 105 783 1488 579 138 110 364 172 3478 3374 1347 441 386 104 204 192 110 1378 333 235 135 3290 1245 505 555 842 173 3226 533 690 482 133 426 227 294 217 654 188 164 199 317 563 188 118 337 159 150 266
internal_count=8098 4836 1358 3262 575 470 348 108 240 173 122 3199 122 2835 105 783 1488 579 138 110 364 172 3478 3374 1347 441 386 104 204 192 110 1378 333 235 135 3290 1245 505 555 842 173 3226 533 690 482 133 426 227 294 217 654 188 164 199 317 563 188 118 337 159 150 266
is_linear=0
shrinkage=0.03


Tree=20
num_leaves=63
num_cat=0
split_feature=134 23 214 17 79 327 242 17 17 253 12 76 11 292 25 163 149 126 76 100 52 70 263 112 217 197 244 282 260 14 124 67 148 200 145 17 240 239 23 198 102 198 10 46 24 136 47 314 243 14 90 117 98 55 13 68 191 219 197 313 47 3
split_gain=5805.04 5318.47 3367.3 2657.46 2181.75 1968.4 1777.14 1716.8 1216.27 1516.37 1156.24 1073.99 1136.16 1073.09 911.7 1088.06 742.795 632.411 1149.19 608.016 527.043 497.918 738.213 468.71 447.528 426.311 416.501 397.827 332.49 306.236 251.491 246.328 209.837 353.475 297.3 260.824 161.6 254.82 148.157 219.64 447.165 164.804 143.597 138.236 228.094 212.97 191.756 130.005 115.502 137.763 157.45 155.766 151.119 108.713 104.973 113.119 101.681 100.64 99.0972 116.034 105.719 74.0897
threshold=71.500000000000014 54.500000000000007 3.0499999523162846 53.500000000000007 0.2633154839277268 1.0000000180025095e-35 126.50000000000001 46.500000000000007 63.500000000000007 14.500000000000002 59.500000000000007 6.4358766078948983 48.500000000000007 3.9609038829803471 4.5000000000000009 2.5000000000000004 4.2485954761505136 2.5000000000000004 2.6866337060928349 1.3974937796592715 1.6934003233909609 28.500000000000004 16.500000000000004 6.5000000000000009 2.6643192768096928 1.7384210824966433 44.500000000000007 4.5000000000000009 1.5000000000000002 48.500000000000007 0.64177674055099498 7.5000000000000009 16.150000572204593 36.500000000000007 97.500000000000014 74.500000000000014 15.500000000000002 19.500000000000004 66.500000000000014 0.28483246266841894 0.6508983075618745 0.048809524625539787 11.500000000000002 26.500000000000004 38.500000000000007 27.500000000000004 222.50000000000003 4.1662087440490732 131.50000000000003 55.500000000000007 4.5000000000000009 33.600000381469734 2.1926807165145878 1.216714680194855 45.500000000000007 12.500000000000002 41.500000000000007 1.2886904478073122 1.3363095521926882 6.0780403614044198 210.50000000000003 1.0000000180025095e-35
decision_type=2 2 2 2 2 2 2 2 2 2 2 2 2 2 2 2 2 2 2 2 2 2 2 2 2 2 2 2 2 2 2 2 2 2 2 2 2 2 2 2 2 2 2 2 2 2 2 2 2 2 2 2 2 2 2 2 2 2 2 2 2 2
left_child=1 2 23 4 5 7 11 -4 9 26 19 17 -13 -8 24 -16 20 18 -5 -6 -2 22 -22 28 -11 31 27 29 -1 53 -31 -19 33 34 38 -34 48 -38 39 41 -41 -10 -43 44 45 57 -45 -33 -23 50 52 56 -50 -3 55 -46 -51 -18 59 -52 -60 -39
right_child=16 8 3 6 10 -7 13 -9 32 14 -12 12 -14 -15 15 -17 43 25 -20 -21 21 36 -24 -25 -26 -27 -28 -29 -30 30 -32 47 35 -35 -36 -37 37 61 -40 40 -42 42 -44 46 54 -47 -48 -49 49 51 58 -53 -54 -55 -56 -57 -58 -59 60 -61 -62 -63
leaf_value=0.015668382630497215 0.1176330653709791 0.017162191453208398 -0.13782015686424878 0.017106820651771205 -0.097798224231776074 -0.080442896123277027 -0.062066340148448938 -0.35686690961500422 -0.046859295298071466 -0.088960493665475107 -0.17892746462063355 -0.22598564157755496 -0.024195033259251538 -0.23498906090251498 -0.03440316593210245 -0.19964168086422213 0.059473810279025478 0.067578043975407551 -0.14425270809525889 0.041107699277345089 0.034781068847902739 0.0075594919983306775 0.18418459910899401 -0.05744040308339942 0.032841019128498281 -0.056193607665975635 0.079509257668486003 -0.066433710352179001 0.096347578153014174 -0.072168129582056081 0.016711442707074357 0.020016794932646839 0.093876356844557446 -0.056395538894907581 0.078346728982649883 0.00305242569138438 0.11887295471396869 0.013334487534471248 0.010599890708053606 -0.00062967083442991029 -0.10669900011271237 0.016690545922943525 -0.03562922906751434 -0.049837048876170929 -0.035878210585953585 0.10398255540678898 0.009734409364434659 -0.036692119231995411 0.033908244210217257 -0.039070625309097141 0.073414406276496355 0.032436094311581523 0.091057226485713863 0.074094593916088344 0.033752802665560293 0.017773985274601726 0.018694380397539373 0.00044250724564816026 -0.018312003234815268 0.036368698850495075 0.029184507109148768 0.059239323952794069
leaf_weight=199 81 76 51 75 50 63 59 96 50 51 65 50 50 73 57 98 51 78 83 63 71 151 51 61 56 78 51 87 59 56 57 126 55 78 52 58 51 56 1995 106 53 377 53 51 66 53 752 50 75 56 88 223 98 50 90 74 52 52 53 589 195 74
leaf_count=199 81 76 51 75 50 63 59 96 50 51 65 50 50 73 57 98 51 78 83 63 71 151 51 61 56 78 51 87 59 56 57 126 55 78 52 58 51 56 1995 106 53 377 53 51 66 53 752 50 75 56 88 223 98 50 90 74 52 52 53 589 195 74
internal_value=-7.40305e-05 -0.0203548 -0.0691351 -0.0938041 -0.157062 -0.222422 -0.0596394 -0.282316 -0.000515162 -0.0379213 -0.0791398 -0.0372354 -0.126329 -0.158746 -0.0932088 -0.139487 0.0317297 -0.0188328 -0.0680321 -0.0206738 0.043056 0.0397872 0.0982263 0.0167288 -0.0255001 0.00471533 0.000646318 -0.0118966 0.034419 0.00814997 -0.0275818 0.0235667 0.00780326 0.00615574 0.00799251 0.0476945 0.0356852 0.0625517 0.00657438 -0.00599046 -0.036432 0.00414807 0.0101741 0.0130003 0.0277309 0.0556124 0.00589364 0.00379003 0.0325698 0.0352055 0.0403225 0.018161 0.0666189 0.0401599 0.0086611 -0.00759426 -0.0113415 0.0299624 0.0353377 0.0412853 0.0190013 0.0397177
internal_weight=8098 4945 1429 1110 388 210 722 147 3516 639 178 590 100 132 262 155 3153 490 158 113 1964 1883 122 319 107 332 377 326 258 239 113 254 2877 2764 2686 113 1761 181 2634 639 159 480 430 1189 386 156 803 176 1580 1429 1098 331 173 126 230 140 108 103 925 677 248 130
internal_count=8098 4945 1429 1110 388 210 722 147 3516 639 178 590 100 132 262 155 3153 490 158 113 1964 1883 122 319 107 332 377 326 258 239 113 254 2877 2764 2686 113 1761 181 2634 639 159 480 430 1189 386 156 803 176 1580 1429 1098 331 173 126 230 140 108 103 925 677 248 130
is_linear=0
shrinkage=0.03


Tree=21
num_leaves=63
num_cat=0
split_feature=144 19 327 19 172 19 246 17 19 147 19 53 201 135 97 38 327 188 19 294 55 250 247 19 17 19 144 19 147 6 118 19 149 88 17 101 57 121 19 147 20 118 252 168 56 44 232 176 119 216 122 155 19 314 147 19 173 55 110 270 195 72
split_gain=5485.81 23770.9 25127.7 9809.14 7288.79 6353.48 4804.73 2628.03 1831.38 850.56 946.335 786.938 646.589 588.632 563.382 485.784 410.104 821.839 387.191 372.774 547.975 355.798 286.396 267.148 257.178 450.267 195.738 177.431 172.569 164.375 164.318 131.229 120.136 116.577 111.038 98.9002 96.6202 96.2417 94.1609 84.0246 143 75.2541 69.2808 79.7638 64.5378 63.3213 58.5848 58.544 56.6907 54.3518 50.9734 48.1786 47.553 47.5415 44.7676 47.0443 40.3788 56.6009 40.0725 36.7696 30.6157 30.5975
threshold=69.500000000000014 41.500000000000007 1.0000000180025095e-35 50.500000000000007 2.1184616088867192 60.500000000000007 5.1985633373260507 63.500000000000007 73.500000000000014 70.500000000000014 72.500000000000014 9.1556210517883319 115.50000000000001 230.50000000000003 6.4365203380584726 560.50000000000011 1.0000000180025095e-35 37.500000000000007 69.500000000000014 1.1680790781974795 0.86332502961158764 1.161726236343384 9.1469612121582049 70.500000000000014 48.500000000000007 35.500000000000007 62.500000000000007 81.500000000000014 89.500000000000014 5.5000000000000009 5.8937304019927987 75.500000000000014 6.7927215099334726 11.500000000000002 63.500000000000007 0.20393180102109912 0.17403517663478854 1.8955289721488955 81.500000000000014 85.500000000000014 81.500000000000014 4.1845726966857919 0.65953195095062267 62.500000000000007 1.4208537340164187 34.500000000000007 141.50000000000003 0.18834459781646731 9.3200063705444354 8.5811686515808123 1.2794649600982668 0.64208438992500316 77.500000000000014 1.8101123571395876 93.500000000000014 86.500000000000014 4.5775861740112314 1.0884354710578921 37.500000000000007 2.0378165245056157 5.4613637924194345 33.500000000000007
decision_type=2 2 2 2 2 2 2 2 2 2 2 2 2 2 2 2 2 2 2 2 2 2 2 2 2 2 2 2 2 2 2 2 2 2 2 2 2 2 2 2 2 2 2 2 2 2 2 2 2 2 2 2 2 2 2 2 2 2 2 2 2 2
left_child=1 24 4 -2 14 11 7 8 -7 16 15 -6 19 -14 -3 -11 17 -5 -18 23 -21 27 -15 -4 29 26 34 39 35 -1 37 -22 38 -32 36 -17 -26 42 44 40 -12 54 43 47 49 -40 -25 -20 52 56 -37 -49 -41 -44 -29 59 57 -23 -51 -56 -47 -50
right_child=3 2 12 9 5 6 -8 -9 -10 10 21 -13 13 22 -16 28 18 -19 30 20 31 32 -24 46 25 -27 -28 41 -30 -31 33 -33 -34 -35 -36 50 -38 -39 45 48 -42 -43 53 -45 -46 60 -48 51 61 58 -52 -53 -54 -55 55 -57 -58 -59 -60 -61 -62 -63
leaf_value=0.027004391768648519 0.35312247267038355 0.015487469329553491 0.089027965410302085 -0.13286277562373397 -0.073232894511449903 -0.43159341997866119 -0.21835791656504505 -0.31040887202344725 -0.64532938354756941 0.16416196637277333 0.013517466607578571 -0.22873924440351026 -0.11932581262326383 0.019631573428175873 -0.12462087460283963 0.080765441692311243 0.065557826482863346 0.026648847934058199 0.026915313429199159 -0.10848649544927937 0.032674676519632337 0.065327526684608561 -0.068651890874791288 0.0042587542580138265 0.064099929737193237 -0.05081914795296532 0.076790450988864556 0.018507717505500402 0.10696726088491032 0.10278683138405026 -0.0050436972067333177 -0.021925260701349803 -0.021196854099955247 -0.067846564650535582 0.016116872367117355 0.012830011296848003 0.026084792127291999 -0.03409495918658273 -0.026563328340211335 0.091430063861506913 0.073074947886942132 -0.0050520276245863537 0.0095383681482277237 -0.024582120864962538 0.0038247769107072624 0.011605306765253218 0.038861938576784827 0.0073989750782493501 0.06105997641365659 0.00051369237569088004 0.052949872614565088 -0.025829999826124144 0.056962861825578658 0.04566472477648921 0.032813100923829885 0.024815555365729918 0.016580895717930175 0.029835894922575643 0.027989962851120664 0.066585962785757138 -0.012511436786088678 0.031894204409493664
leaf_weight=52 81 50 53 60 62 83 91 66 85 52 117 57 82 78 52 52 80 55 95 51 74 76 56 153 69 83 52 222 58 52 51 83 91 55 2694 65 464 57 50 65 52 68 77 89 121 394 61 143 58 79 51 53 102 57 60 141 57 92 120 63 53 83
leaf_count=52 81 50 53 60 62 83 91 66 85 52 117 57 82 78 52 52 80 55 95 51 74 76 56 153 69 83 52 222 58 52 51 83 91 55 2694 65 464 57 50 65 52 68 77 89 121 394 61 143 58 79 51 53 102 57 60 141 57 92 120 63 53 83
internal_value=-7.47286e-05 -0.021052 -0.133893 0.0289821 -0.285803 -0.338245 -0.406867 -0.478934 -0.542912 0.0209555 0.0300344 -0.149005 -0.0136213 -0.0565268 -0.0564568 0.0820516 -0.00447496 -0.0570025 0.00356947 0.00596718 -0.0240786 0.0233171 -0.0174982 0.0293761 0.0192476 0.0177973 0.0195492 0.0360628 0.062519 0.0655137 -0.00384149 0.00385366 0.0116973 -0.0379596 0.0186033 0.0466316 0.0311169 0.00254747 0.0145876 0.0494796 0.0321649 0.0244424 0.00666924 0.000110529 0.0231889 0.00512801 0.0142572 0.0077209 0.0588453 0.028693 0.0307707 -0.00167192 0.0708426 0.02513 0.0285711 0.0369317 0.0387905 0.0461832 0.0171394 0.0505089 0.00872428 0.044237
internal_weight=8098 4703 1237 3395 546 444 325 234 168 3314 2442 119 691 216 102 278 872 115 757 475 208 2164 134 267 3466 3362 3279 1031 226 104 677 157 1133 106 3227 168 533 571 1042 477 169 554 514 380 545 497 214 291 308 424 116 196 167 134 486 264 225 168 199 123 447 141
internal_count=8098 4703 1237 3395 546 444 325 234 168 3314 2442 119 691 216 102 278 872 115 757 475 208 2164 134 267 3466 3362 3279 1031 226 104 677 157 1133 106 3227 168 533 571 1042 477 169 554 514 380 545 497 214 291 308 424 116 196 167 134 486 264 225 168 199 123 447 141
is_linear=0
shrinkage=0.03


Tree=22
num_leaves=63
num_cat=0
split_feature=134 19 327 19 190 134 99 11 122 197 19 135 19 178 97 153 260 164 18 312 134 93 17 71 135 173 19 328 19 134 152 52 269 15 44 19 170 263 272 216 134 265 38 246 243 99 192 25 52 255 67 94 326 15 152 119 13 52 99 90 308 215
split_gain=5176.71 19742.7 26988.6 9500.35 6818.05 5000.73 3322.61 2818.48 2059.03 1365.26 777.918 764.161 1030 581.759 531.004 498.53 449.668 348.548 490.801 1251.8 303.321 332.247 195.575 189.672 315.412 328.808 180.772 160.536 146.92 144.102 135.062 120.16 112.492 105.348 94.4552 91.4312 150.116 134.589 89.8001 84.2485 73.3789 62.4071 59.9603 56.8275 55.5885 49.7556 68.3416 43.9266 40.7142 40.3465 39.3108 40.4865 38.62 36.7039 36.4916 36.0616 40.052 35.7027 36.3221 31.4806 35.4523 31.0075
threshold=71.500000000000014 48.500000000000007 1.0000000180025095e-35 55.500000000000007 26.500000000000004 51.500000000000007 0.8195638656616212 49.500000000000007 1.3479636907577517 1.4230262637138369 71.500000000000014 254.50000000000003 36.500000000000007 18.500000000000004 8.2911653518676776 1.2279220819473269 7.5000000000000009 1.5000000000000002 49.500000000000007 5.3767242431640634 95.500000000000014 200.50000000000003 63.500000000000007 37.500000000000007 230.50000000000003 3.7906404733657841 81.500000000000014 1.0000000180025095e-35 69.500000000000014 107.50000000000001 1.2587481141090395 6.4028117656707773 7.3304669857025155 62.500000000000007 38.500000000000007 80.500000000000014 4.5999999046325692 21.500000000000004 1.2643914222717287 8.6039652824401873 87.500000000000014 54.500000000000007 613.50000000000011 2.6754766702651982 305.50000000000006 0.45189075171947485 13.59999990463257 10.500000000000002 3.6495795249938969 10.500000000000002 11.500000000000002 70.500000000000014 216.50000000000003 61.500000000000007 0.48431468009948736 7.4830691814422616 45.500000000000007 4.0886976718902597 0.73114392161369335 4.5000000000000009 29.500000000000004 2.6851648092269902
decision_type=2 2 2 2 2 2 2 2 2 2 2 2 2 2 2 2 2 2 2 2 2 2 2 2 2 2 2 2 2 2 2 2 2 2 2 2 2 2 2 2 2 2 2 2 2 2 2 2 2 2 2 2 2 2 2 2 2 2 2 2 2 2
left_child=1 11 4 -2 -3 6 8 -8 -6 -7 20 12 22 14 -14 26 17 28 19 -19 30 -22 27 -20 25 -25 29 -1 -4 33 -5 35 -23 34 -12 36 37 -17 39 43 -28 54 -37 -31 59 -38 53 -35 -43 61 -26 -52 -41 -47 -42 56 -30 58 -36 60 -29 -44
right_child=3 2 16 10 5 9 7 -9 -10 -11 15 -13 13 -15 -16 31 -18 18 23 -21 21 32 -24 24 50 -27 40 44 55 38 -32 -33 -34 47 57 42 45 -39 -40 52 41 48 49 -45 -46 46 -48 -49 -50 -51 51 -53 -54 -55 -56 -57 -58 -59 -60 -61 -62 -63
leaf_value=0.080502680820855696 0.41375983533106353 -0.061106806178482208 0.065163034461956051 0.062723418776819015 -0.61820754145158496 -0.27872881150124845 -0.42034214638746698 -0.13928990495872909 -0.37552985921502113 -0.087544747154873148 -0.011629212829696981 0.11306522712627476 -0.033868006252937691 0.02297631447418378 -0.16964420278282727 0.013259533142050106 -0.080585076730651198 -0.17984423580269018 0.03452197439448778 0.022242934725394372 0.15167657418523806 0.091473157020706325 0.015612022600542869 -0.11127594407647848 0.029678738922453842 -0.0045000229860251801 -0.010926745388287064 0.01891244586049156 0.015390722773416521 0.10625729609755272 0.0069612389659652338 -0.032244767680620914 0.032216333780309248 0.063524104355132907 0.019371754613998524 -0.027054178625345229 0.046072606125101445 -0.043168904468078501 0.029979721586136935 0.027420258481900002 0.044660934032215931 0.015633127093008767 0.023972883172100411 0.062334813327204593 0.059237229017650377 0.0032033376748004227 0.039779208778020214 0.030588616756616498 -0.015145314484834671 -0.021184607608724506 -0.021433491397578761 0.01254744985516971 0.062061807734862667 0.028108759931431113 0.023563401112514839 0.027152520400750172 -0.014557325243949889 0.0072744363106109879 0.052251951658954986 0.017829297056223485 0.040776030163305839 0.0015232412837734377
leaf_weight=60 56 97 53 79 81 73 77 57 63 64 78 73 54 51 50 89 78 53 85 56 58 61 2723 51 51 52 67 109 90 52 77 77 57 76 60 74 74 65 101 58 93 151 63 68 50 179 101 76 51 61 52 77 63 75 383 76 71 54 64 234 184 412
leaf_count=60 56 97 53 79 81 73 77 57 63 64 78 73 54 51 50 89 78 53 85 56 58 61 2723 51 51 52 67 109 90 52 77 77 57 76 60 74 74 65 101 58 93 151 63 68 50 179 101 76 51 61 52 77 63 75 383 76 71 54 64 234 184 412
internal_value=-7.49516e-05 -0.0192267 -0.116653 0.0299583 -0.288299 -0.341127 -0.41431 -0.302707 -0.515358 -0.190698 0.0228871 0.0176427 0.0156294 -0.0597425 -0.100139 0.0176625 -0.0124325 -0.00540587 -0.0211583 -0.0767613 0.0662152 0.0931571 0.0191231 -0.00452558 -0.0163339 -0.0579313 0.0293975 0.034084 0.0204879 0.0397957 0.0354194 0.00383616 0.0633604 0.0276433 0.0157955 0.00619 0.0146747 -0.0106825 0.0541703 0.0641425 0.0188903 0.0218485 -0.00192986 0.0820888 0.0291262 0.0237809 0.0190178 0.0473639 0.007826 0.00158271 0.00765757 -0.0012098 0.0458176 0.0106387 0.0277704 0.0102654 0.00217548 0.0278109 0.0366244 0.0261625 0.0327345 0.00454488
internal_weight=8098 4945 1357 3153 512 415 278 134 144 137 3097 3588 3515 155 104 2765 845 767 477 109 332 176 3360 368 283 103 1495 637 290 750 156 1270 118 408 256 1193 583 154 342 241 745 678 610 120 577 429 355 152 202 536 180 129 121 254 476 237 161 178 124 527 293 475
internal_count=8098 4945 1357 3153 512 415 278 134 144 137 3097 3588 3515 155 104 2765 845 767 477 109 332 176 3360 368 283 103 1495 637 290 750 156 1270 118 408 256 1193 583 154 342 241 745 678 610 120 577 429 355 152 202 536 180 129 121 254 476 237 161 178 124 527 293 475
is_linear=0
shrinkage=0.03


Tree=23
num_leaves=63
num_cat=0
split_feature=144 19 327 19 172 135 57 238 24 72 134 148 19 19 148 303 260 122 38 176 18 77 19 307 21 149 52 23 53 72 119 19 254 61 245 119 144 272 197 56 307 19 241 215 19 54 19 97 19 241 80 251 2 19 19 100 316 242 218 234 275 68
split_gain=4892.3 16535.3 26398.5 9611 5971.6 6128.83 4041.45 3346.78 2334.08 1531.45 1135.84 1042.08 1155.98 777.719 466.873 458.83 401.736 430.357 352.555 292.962 458.49 912.241 251.83 190.255 164.288 149.11 142.208 114.908 196.603 111.235 152.957 147.934 110.397 120.51 109.757 123.385 94.3782 93.1132 89.4553 86.577 82.8659 79.0881 76.6545 70.2693 75.8657 90.057 67.6046 62.3337 60.878 60.0881 59.0748 55.317 53.256 50.052 49.582 67.4645 46.9847 39.7886 39.6883 37.7265 34.9871 33.9872
threshold=85.500000000000014 48.500000000000007 1.0000000180025095e-35 55.500000000000007 2.1184616088867192 254.50000000000003 0.28584440052509313 7.5000000000000009 42.500000000000007 13.500000000000002 43.500000000000007 16.150000572204593 36.500000000000007 71.500000000000014 28.150000572204593 2.5000000000000004 7.5000000000000009 1.3192130327224734 549.50000000000011 0.18834459781646731 49.500000000000007 1.1297268867492678 80.500000000000014 98.500000000000014 71.500000000000014 8.0824675559997576 6.4028117656707773 53.500000000000007 6.3832831382751474 15.500000000000002 9.8144965171813983 70.500000000000014 93.500000000000014 6.5000000000000009 23.050000190734867 6.6886310577392587 61.500000000000007 0.87867647409439098 0.94590643048286449 1.3001056909561159 58.500000000000007 31.500000000000004 105.50000000000001 6.5247497558593759 79.500000000000014 3.1983951330184941 76.500000000000014 8.9243879318237322 85.500000000000014 67.500000000000014 0.75112614035606395 0.21753918379545215 5.5000000000000009 77.500000000000014 28.500000000000004 1.7620137333869936 0.91355299949646007 126.50000000000001 0.70591250061988842 4.5000000000000009 17.500000000000004 20.500000000000004
decision_type=2 2 2 2 2 2 2 2 2 2 2 2 2 2 2 2 2 2 2 2 2 2 2 2 2 2 2 2 2 2 2 2 2 2 2 2 2 2 2 2 2 2 2 2 2 2 2 2 2 2 2 2 2 2 2 2 2 2 2 2 2 2
left_child=1 11 4 -2 -3 6 7 -6 9 -9 -11 12 27 18 26 -14 19 -18 -5 29 21 -21 34 37 -22 38 32 28 -1 31 53 -4 46 -34 56 -36 50 -20 -26 48 -39 -30 -37 44 45 -35 49 -44 58 -15 54 -48 -33 -31 -29 59 -16 -51 61 -56 -40 -24
right_child=3 2 16 13 5 -7 -8 8 -10 10 -12 -13 15 14 22 -17 17 -19 23 20 24 -23 39 -25 25 -27 -28 36 41 30 -32 52 33 43 35 42 -38 40 60 -41 -42 -43 47 -45 -46 -47 51 -49 -50 57 -52 -53 -54 -55 55 -57 -58 -59 -60 -61 -62 -63
leaf_value=0.086200423358043413 0.43875661972691027 -0.052753391391352607 0.068180758847194087 0.14095772264668574 -0.21405449455976486 -0.096174127530387551 -0.14880876608433261 -0.39792711644144402 -0.31876770983423502 -0.71973925754427903 -0.48960977878210682 0.14336273678730979 -0.00056050225382759452 0.0083013412399005199 0.052709245563625065 -0.10526902428886387 -0.0028705785339171027 -0.12440321404135452 0.069701532614417375 -0.16476715099504766 0.03290188714820013 0.011951996194368059 0.061480488248635078 0.10586079381625442 -0.035815382272059132 -0.059210383104828165 -0.036285638822352181 0.016725404853583935 0.029429307419830446 0.037404847158692203 -0.046433274700091433 0.033556148371275733 -0.035501151259125369 0.048008821761960953 0.10264355031741169 0.080097055853312379 0.055654268801057089 0.044292057857203936 -0.012048895398400865 -0.0055758801473006995 -0.0050894597041256286 -0.0081548295228889116 0.020741142803044229 -0.019665610290577878 -0.0029572045548659997 0.005038206924698042 0.025064743226224723 0.062005959069035173 0.016045003106141438 0.061990233530001396 0.046104005971657376 0.0043671647047228883 0.0027030551505088803 -0.0045522898501333059 0.005152570523513764 0.037938802285263168 0.022822893827471175 0.026912653415535503 0.025541087220582792 -0.02223912476848524 0.017566673876883994 0.03032514326972887
leaf_weight=52 50 94 61 51 59 91 61 57 69 51 52 57 62 67 72 95 52 52 63 50 88 54 68 50 55 52 67 2243 470 51 51 84 81 77 54 57 53 77 52 96 50 56 80 91 204 101 164 57 364 57 55 395 124 50 348 51 144 64 218 51 111 65
leaf_count=52 50 94 61 51 59 91 61 57 69 51 52 57 62 67 72 95 52 52 63 50 88 54 68 50 55 52 67 2243 470 51 51 84 81 77 54 57 53 77 52 96 50 56 80 91 204 101 164 57 364 57 55 395 124 50 348 51 144 64 218 51 111 65
internal_value=-7.53794e-05 -0.0178862 -0.100762 0.0304447 -0.270464 -0.31675 -0.373825 -0.420805 -0.47291 -0.536991 -0.609382 0.0172155 0.0151421 0.0233393 0.0181982 -0.0641844 -0.00876744 -0.064243 0.069811 -0.00216823 -0.0186446 -0.0737692 0.0312517 0.0541702 -0.00246983 -0.0140773 0.00601821 0.0188457 0.0310276 0.015914 -0.00458592 0.0274717 0.00822301 -0.00192427 0.0488699 0.0625197 0.0163218 0.0400844 -0.00309034 0.021124 0.0249626 0.0254201 0.0508821 0.00388844 0.00953618 0.023791 0.0157411 0.0382346 0.0247116 0.0312659 0.0155432 0.0104734 0.0152639 0.016793 0.0149022 0.00579741 0.032982 0.0438095 0.0336282 0.00160453 0.0081029 0.0465941
internal_weight=8098 5114 1521 2984 534 440 349 288 229 160 103 3593 3536 2934 2643 157 987 104 291 883 462 104 1275 240 358 270 1368 3379 578 421 152 269 1301 554 464 248 2801 190 218 811 127 526 194 473 382 178 747 137 715 188 2748 559 208 101 2693 450 216 121 351 399 163 133
internal_count=8098 5114 1521 2984 534 440 349 288 229 160 103 3593 3536 2934 2643 157 987 104 291 883 462 104 1275 240 358 270 1368 3379 578 421 152 269 1301 554 464 248 2801 190 218 811 127 526 194 473 382 178 747 137 715 188 2748 559 208 101 2693 450 216 121 351 399 163 133
is_linear=0
shrinkage=0.03


Tree=24
num_leaves=63
num_cat=0
split_feature=144 19 327 19 172 19 246 269 135 19 53 147 76 264 19 158 219 129 19 260 264 19 118 202 70 178 274 177 217 19 15 144 23 53 153 264 93 20 89 326 19 238 304 288 66 119 293 19 155 250 254 19 147 80 56 24 19 195 190 3 213 119
split_gain=4631.32 19952.9 21039.7 8458.73 6320.51 5548.33 4326.84 2514.61 1817.94 888.8 735.743 714.818 611.13 597.586 483.619 462.662 451.204 364.166 283.997 261.13 373.476 188.09 187.131 175.211 170.383 166.423 166.062 222.861 155.012 145.701 131.276 128.7 122.516 189.561 112.828 95.4763 139.647 131.415 96.3862 93.6183 92.1811 83.3562 79.6223 67.3793 61.4179 57.9637 57.8057 58.6224 60.5996 57.3286 56.231 56.0297 64.3111 51.6109 50.746 46.3717 34.4101 68.7748 96.7971 48.2247 55.0335 33.631
threshold=69.500000000000014 41.500000000000007 1.0000000180025095e-35 48.500000000000007 2.1184616088867192 60.500000000000007 5.1985633373260507 10.840298652648928 186.50000000000003 61.500000000000007 9.1556210517883319 80.500000000000014 2.6866337060928349 50.500000000000007 77.500000000000014 1.5000000000000002 1.101020395755768 0.68333333730697643 73.500000000000014 3.5000000000000004 15.500000000000002 36.500000000000007 5.1465730667114267 8.5000000000000018 70.500000000000014 19.500000000000004 0.62981480360031139 0.6073097586631776 3.1229096651077275 72.500000000000014 52.500000000000007 62.500000000000007 54.500000000000007 6.2471013069152841 1.2028037905693056 32.500000000000007 186.50000000000003 78.500000000000014 14.500000000000002 214.50000000000003 31.500000000000004 36.500000000000007 14.500000000000002 26.500000000000004 21.500000000000004 9.4258232116699237 2.0611888170242314 82.500000000000014 0.65701019763946544 1.1402479410171511 145.50000000000003 86.500000000000014 91.500000000000014 0.75112614035606395 1.0231283307075503 37.500000000000007 28.500000000000004 4.2492260932922372 48.500000000000007 2.5000000000000004 16.500000000000004 8.3807001113891619
decision_type=2 2 2 2 2 2 2 2 2 2 2 2 2 2 2 2 2 2 2 2 2 2 2 2 2 2 2 2 2 2 2 2 2 2 2 2 2 2 2 2 2 2 2 2 2 2 2 2 2 2 2 2 2 2 2 2 2 2 2 2 2 2
left_child=1 21 4 -2 12 10 7 8 -7 -5 -6 17 -3 15 24 25 -17 -11 23 20 -18 31 35 -19 29 28 27 -24 39 -13 -25 32 33 -1 51 46 37 -37 -38 55 -35 42 43 -26 -40 -32 47 48 -20 -31 -36 52 -16 56 -54 -4 -34 59 -59 60 -58 -56
right_child=3 2 13 9 5 6 -8 -9 -10 11 -12 14 -14 -15 34 16 19 18 22 -21 -22 -23 26 30 41 -27 -28 -29 -30 49 45 -33 53 40 50 36 38 -39 44 -41 -42 -43 -44 -45 -46 -47 -48 -49 -50 -51 -52 -53 54 -55 61 -57 57 58 -60 -61 -62 -63
leaf_value=0.084365568237625199 0.34607244627422667 0.025118698603831802 0.018500391248514693 0.13403682303428652 -0.060769090093672269 -0.61146509095474522 -0.19602514262270668 -0.27202333677382695 -0.40266570123092776 -0.067239164855044622 -0.21081992842000108 0.11045506047205877 -0.12063136655550737 -0.10850683520237604 0.021557888699419641 -0.096295454645156861 0.021447497212280661 0.069897742117089878 0.016527107596494159 0.034076382298218577 -0.079337536137379511 -0.029793526570539217 -0.014996195536055794 -0.010052924713000972 0.020262153694229262 0.066690888901551559 0.0014672624340297978 -0.096755173286566368 -0.033343554125396448 0.07420580986169846 0.050609179273917428 0.062579334777843026 0.016051235857604096 0.028819313928176979 0.01345157641968452 -0.070935883749933801 0.034622908402766495 -0.0027750216782666168 -0.025895037069983248 0.047517318241782 -0.012607973925769329 0.069328887065622333 0.002690280887369926 0.064519915804266928 0.0072861323167383672 0.01160720007943696 -0.003226615138925039 0.0028668049383951824 0.0480726541854955 0.032302600956625405 -0.016602994646017367 0.015617371752901347 0.058916280914344032 0.043943582162261005 0.045680703067353792 -0.014907305199386817 -0.03502658695959654 0.0060606265537440779 0.056682654242568575 0.01119016861762823 0.0011872600033879278 0.021967260737339928
leaf_weight=52 72 51 112 59 62 80 91 62 92 64 57 76 51 53 263 74 58 76 153 75 75 73 72 93 60 53 108 51 60 73 88 58 2226 495 410 50 69 51 83 76 53 66 64 66 124 57 142 128 86 53 64 247 105 54 104 55 60 99 51 146 99 118
leaf_count=52 72 51 112 59 62 80 91 62 92 64 57 76 51 53 263 74 58 76 153 75 75 73 72 93 60 53 108 51 60 73 88 58 2226 495 410 50 69 51 83 76 53 66 64 66 124 57 142 128 86 53 64 247 105 54 104 55 60 99 51 146 99 118
internal_value=-7.70102e-05 -0.0193514 -0.122734 0.0266211 -0.261739 -0.310572 -0.374688 -0.443039 -0.502755 0.0195975 -0.1338 0.0174885 -0.04822 -0.0126793 0.0303892 -0.00456132 -0.0332035 0.00221326 0.00536424 -0.010404 -0.0355541 0.0175702 -0.00172898 0.0305225 0.0569049 0.0181566 -0.0257158 -0.0494032 0.0094757 0.07754 0.017709 0.0185977 0.0178143 0.0300914 0.0210896 0.00454686 -0.00688583 -0.0368827 0.00418479 0.0201417 0.024797 0.0403842 0.0300193 0.0437703 -0.00607893 0.0354619 0.0130116 0.0192862 0.0280312 0.056973 0.00936716 0.0277089 0.032736 0.015111 0.0416332 0.00747461 0.0145141 0.00697504 0.0235335 -0.00121876 -0.0126118 0.0332313
internal_weight=8098 4703 1237 3395 546 444 325 234 172 3323 119 3264 102 691 1769 638 282 1495 1431 208 133 3466 1117 314 458 356 231 123 303 202 238 3393 3335 600 1311 886 377 101 276 243 548 256 190 126 207 145 509 367 239 126 474 837 590 2735 327 167 2681 455 150 305 159 222
internal_count=8098 4703 1237 3395 546 444 325 234 172 3323 119 3264 102 691 1769 638 282 1495 1431 208 133 3466 1117 314 458 356 231 123 303 202 238 3393 3335 600 1311 886 377 101 276 243 548 256 190 126 207 145 509 367 239 126 474 837 590 2735 327 167 2681 455 150 305 159 222
is_linear=0
shrinkage=0.03


Tree=25
num_leaves=63
num_cat=0
split_feature=148 23 213 18 13 327 290 213 316 80 17 287 24 251 52 194 271 70 254 271 87 167 194 7 252 112 129 127 273 260 88 326 17 246 140 24 281 152 40 48 87 237 177 281 99 273 211 202 99 26 58 195 221 17 246 74 269 148 194 266 16 148
split_gain=4388.04 3746.2 2417.19 2460.49 1491.84 1345.87 1719.42 1432.85 1648.1 1010.68 768.288 899.276 752.685 717.363 639.206 591.43 586.434 570.921 512.82 482.002 501.432 1025.61 479.191 436.066 425.387 392.75 374.283 377.041 389.839 363.116 362.951 448.484 285.872 266.015 207.294 189.973 181.173 424.165 175.929 290.448 283.661 369.702 137.495 126.222 133.992 117.828 117.218 116.656 112.876 101.251 98.6391 89.1241 157.129 278.627 81.3949 91.1233 79.3609 75.3349 164.898 75.1679 142.994 116.585
threshold=21.150000572204593 54.500000000000007 9.5000000000000018 55.500000000000007 33.500000000000007 1.0000000180025095e-35 2.0313680171966557 21.500000000000004 1.4357011914253237 0.59095004200935375 63.500000000000007 130.50000000000003 35.500000000000007 0.22866480052471164 1.6934003233909609 9.7350001335144061 0.65069687366485607 28.500000000000004 62.500000000000007 2.6406025886535649 4.5000000000000009 26.500000000000004 5.7651975154876718 4.5000000000000009 0.64291483163833629 6.5000000000000009 0.64171123504638683 1.0000000180025095e-35 0.2299679517745972 1.5000000000000002 7.5000000000000009 229.50000000000003 58.500000000000007 5.1985633373260507 10.500000000000002 57.500000000000007 5.5000000000000009 1.6713347434997561 8.5000000000000018 177.50000000000003 10.500000000000002 8.5000000000000018 0.81016731262207042 4.5000000000000009 0.55290746688842785 0.15301003307104113 38.500000000000007 13.500000000000002 0.93282493948936474 2.5000000000000004 0.68630495667457592 1.2607194781303408 0.67746308445930492 75.500000000000014 7.0478587150573739 15.639653205871584 4.554877996444703 29.60000038146973 8.7658782005310076 11.500000000000002 39.500000000000007 15.050000190734865
decision_type=2 2 2 2 2 2 2 2 2 2 2 2 2 2 2 2 2 2 2 2 2 2 2 2 2 2 2 2 2 2 2 2 2 2 2 2 2 2 2 2 2 2 2 2 2 2 2 2 2 2 2 2 2 2 2 2 2 2 2 2 2 2
left_child=1 2 25 4 -4 6 12 8 -8 -5 11 19 -6 -9 -2 16 -7 18 -16 20 21 26 24 -21 -11 29 -3 -28 -29 -1 -24 45 46 35 36 38 42 48 39 -19 41 -41 43 47 -45 -32 -22 49 -38 51 57 52 -12 -54 56 -56 -35 58 -37 61 -61 -53
right_child=14 10 3 9 5 15 7 13 -10 22 34 -13 -14 -15 17 -17 -18 33 -20 23 32 -23 30 -25 -26 -27 27 28 -30 -31 31 -33 -34 54 -36 50 37 -39 -40 40 -42 -43 -44 44 -46 -47 -48 -49 -50 -51 -52 59 53 -55 55 -57 -58 -59 -60 60 -62 -63
leaf_value=0.014734678076673299 0.11522457733356321 0.034866013979620254 -0.24562001886963841 -0.12012697049659556 -0.13225424527245411 -0.13094436978606078 -0.31064991747548709 -0.16607702683657408 -0.10723657717958825 -0.11934937530010939 0.008333440472803464 -0.11165118726817044 0.013709680456449004 -0.013955581470049525 0.036074564938797897 0.04565793613185648 -0.0014135545600325831 -0.0034529703954915302 0.16061394671599069 0.10349934470322397 0.0097545916369805724 -0.16415405672738109 0.067298916162739336 -0.014746254421770572 -0.010678984796007474 -0.0497782379070357 -0.11354298977802196 0.032748850561911236 -0.077306565018195023 0.099032906573265786 -0.026520481486069527 -0.082158343489183175 -0.031959748740533617 0.041287552320212126 0.058094806807196663 -0.0041133461539095764 0.030162969099417809 -0.075925691273063409 0.031690018276129259 0.057320279710871329 0.024093475798839956 0.15461999910927954 -0.040127914474820191 0.074457988783430601 0.014351353186648338 0.023423452438520533 0.066875192835927008 -0.030017043030191513 -0.01829180445108149 0.044329149856725161 0.062023972894351638 0.012190023481683887 -0.079521771769585275 -0.0025580439469010769 0.0058070273820272416 -0.041516330777588532 0.0068304196873894439 0.027856675700275498 0.028678124672451948 -0.046156300930482036 0.0062013946941978952 0.052571808949441592
leaf_weight=199 77 68 69 91 50 64 94 55 60 59 409 98 84 56 68 60 61 51 53 53 71 58 70 58 71 61 53 63 52 59 56 58 96 74 68 283 92 79 663 84 66 62 52 51 95 167 59 73 80 67 51 1241 57 157 96 58 307 514 268 52 410 67
leaf_count=199 77 68 69 91 50 64 94 55 60 59 409 98 84 56 68 60 61 51 53 53 71 58 70 58 71 61 53 63 52 59 56 58 96 74 68 283 92 79 663 84 66 62 52 51 95 167 59 73 80 67 51 1241 57 157 96 58 307 514 268 52 410 67
internal_value=-7.76425e-05 -0.0160219 -0.0553789 -0.0745213 -0.114275 -0.0983632 -0.129321 -0.173492 -0.232601 -0.0290178 6.87272e-05 -0.0275778 -0.0413307 -0.0901409 0.0305014 -0.0312575 -0.0682462 0.0280416 0.0914942 -0.0143644 -0.0264822 -0.052244 -0.0115674 0.0421334 -0.0605332 0.0181333 -0.0241641 -0.0481221 -0.0172528 0.0343201 0.0066885 -0.00859528 0.00711342 0.0250279 0.00668356 0.0299598 0.00549213 -0.0188513 0.040011 0.0607878 0.0761857 0.0994101 0.00773556 0.00867923 0.0357112 0.0108191 0.0359912 0.00710765 0.0076504 0.00822106 0.0215915 0.007192 -0.00256366 -0.0233322 0.00618312 -0.0121689 0.0136134 0.0195989 0.0118591 0.0106253 0.000221359 0.0142971
internal_weight=8098 5323 1544 1225 653 584 399 265 154 572 3779 729 134 111 2775 185 125 2698 121 631 520 294 481 111 130 319 236 168 115 258 351 281 226 2577 3050 2042 2982 251 926 263 212 146 2731 2679 146 223 130 2533 172 2460 1116 2393 623 214 535 154 381 1065 551 1770 462 1308
internal_count=8098 5323 1544 1225 653 584 399 265 154 572 3779 729 134 111 2775 185 125 2698 121 631 520 294 481 111 130 319 236 168 115 258 351 281 226 2577 3050 2042 2982 251 926 263 212 146 2731 2679 146 223 130 2533 172 2460 1116 2393 623 214 535 154 381 1065 551 1770 462 1308
is_linear=0
shrinkage=0.03


Tree=26
num_leaves=63
num_cat=0
split_feature=147 19 327 19 190 19 290 147 25 190 9 147 19 53 328 195 213 145 282 38 19 211 153 17 19 76 221 16 251 247 19 153 153 19 17 57 149 315 19 57 176 10 252 175 249 78 296 88 74 54 23 101 38 145 19 215 134 265 12 242 80 219
split_gain=4147.74 17906.8 19011.2 7856.35 5710.05 4633.08 4680.72 2917.34 2158.57 2720.47 1052.59 782.308 751.267 622.443 597.261 869.865 459.341 437.178 754.56 413.882 385.625 340.506 264.988 257.139 364.062 236.847 208.685 199.108 175.032 181.517 162.293 159.606 260.47 139.825 135.872 220.022 94.7119 87.2606 79.9068 78.3702 90.6463 72.6501 77.3519 70.4694 69.3391 65.8874 65.2077 62.8552 65.8627 75.7094 62.2598 60.1414 59.0935 51.7909 51.7493 48.6063 42.7264 41.5676 40.1584 39.8368 38.9159 35.4134
threshold=49.500000000000007 41.500000000000007 1.0000000180025095e-35 50.500000000000007 26.500000000000004 60.500000000000007 7.1816325187683114 39.500000000000007 11.500000000000002 44.500000000000007 35.500000000000007 70.500000000000014 72.500000000000014 8.6095871925354022 1.0000000180025095e-35 3.1447675228118901 16.500000000000004 83.500000000000014 6.5000000000000009 560.50000000000011 69.500000000000014 43.500000000000007 1.1384099125862124 48.500000000000007 35.500000000000007 6.245819330215455 0.59759706258773815 49.500000000000007 0.23235879838466647 8.8103370666503924 70.500000000000014 1.147603511810303 0.97530490159988414 77.500000000000014 69.500000000000014 0.17078252136707309 6.7927215099334726 1.4257580637931826 81.500000000000014 0.2456358000636101 0.27681992948055273 9.5000000000000018 0.65953195095062267 1.26619428396225 0.37764084339141851 1.1794496774673464 0.62716880440711986 16.500000000000004 11.708490371704103 3.6018480062484746 43.500000000000007 0.20822757482528689 718.50000000000011 35.500000000000007 85.500000000000014 4.0067567825317392 107.50000000000001 55.500000000000007 69.500000000000014 169.50000000000003 0.57832711935043346 0.90180721879005443
decision_type=2 2 2 2 2 2 2 2 2 2 2 2 2 2 2 2 2 2 2 2 2 2 2 2 2 2 2 2 2 2 2 2 2 2 2 2 2 2 2 2 2 2 2 2 2 2 2 2 2 2 2 2 2 2 2 2 2 2 2 2 2 2
left_child=1 23 4 -2 10 13 7 8 9 -7 -3 14 19 -6 20 -16 25 18 21 -13 -5 -18 33 27 34 30 -22 -1 -19 -30 -4 32 -21 45 35 -25 38 41 47 -39 -41 42 46 -33 58 51 -28 59 49 55 -32 -14 -40 -52 56 -49 61 -56 -35 -24 -37 -46
right_child=3 2 16 11 5 6 -8 -9 -10 -11 -12 12 22 -15 15 -17 17 28 -20 31 26 -23 36 24 -26 -27 37 -29 29 -31 50 43 -34 44 -36 60 -38 39 52 40 -42 -43 -44 -45 54 -47 -48 48 -50 -51 53 -53 -54 -55 57 -57 -58 -59 -60 -61 -62 -63
leaf_value=0.10584189193323254 0.28850619999183852 -0.14316765955632382 0.065111021403223279 0.063782722212646789 -0.066308992244303228 -0.39794417716264724 -0.088397876889828364 -0.24451458376723448 -0.29342818434421836 -0.67679003000259397 0.043547272334496179 0.14801606959188884 0.088535838350653651 -0.20255472641724806 -0.16023645582819743 0.0058204345899303591 0.025841614056717265 0.040854881411453457 -0.16406054670160466 0.03686431448963972 -0.0595386183210488 -0.080335364914499219 0.016567974863067755 0.069228374977229223 -0.04734264002905951 -0.040678776609508881 0.0076887663715474669 0.021882211911087891 0.0094553889189997031 -0.067100882659501884 0.038829452813499504 0.0041053848213663223 0.12716848405698936 0.056523494514656936 0.013280420995545212 0.04554815581903375 -0.018420250425915583 0.0066215934114236576 -0.021445272476811491 -0.060612655968460091 -0.010092628633772784 0.04187507571580891 0.024703652695708751 0.052216794961358469 0.029123972062952818 0.032143560840610277 -0.025239981704538589 0.073445282508848145 0.015544329404075572 0.014407181053641525 -0.0071043883567226337 0.044238280940212704 0.0082078910515029722 0.026236979140568589 0.017065079931924725 0.033630647727925525 0.034792403515009035 -0.012597364138223622 0.023443794649626527 -0.014703821363080231 0.019866892186771463 0.001556979405310224
leaf_weight=50 98 54 59 81 59 74 50 76 51 65 53 52 62 64 52 61 54 52 54 64 57 53 91 98 80 68 125 52 61 50 53 56 53 91 2366 57 95 94 69 50 87 51 105 53 83 80 94 60 216 67 144 56 445 58 168 56 270 56 55 60 746 84
leaf_count=50 98 54 59 81 59 74 50 76 51 65 53 52 62 64 52 61 54 52 54 64 57 53 91 98 80 68 125 52 61 50 53 56 53 91 2366 57 95 94 69 50 87 51 105 53 83 80 94 60 216 67 144 56 445 58 168 56 270 56 55 60 746 84
internal_value=-7.8304e-05 -0.018328 -0.11546 0.0251748 -0.248218 -0.296029 -0.356808 -0.406741 -0.470012 -0.532243 -0.0511358 0.0172672 0.0259188 -0.138263 -0.00738693 -0.0713304 -0.0125832 -0.0388023 -0.0737046 0.0722647 0.00240762 -0.0270076 0.0199344 0.0169547 0.0155125 0.00969833 -0.00517546 0.0636669 -0.00408904 -0.0253206 0.0207025 0.0542599 0.0785024 0.0312022 0.0170657 0.02698 0.0101452 2.75651e-05 0.0127106 -0.0144411 -0.0288362 0.00895499 0.00366023 0.027761 0.0256021 0.0537838 -0.00649552 0.0206483 0.0268748 0.0400913 0.0102134 0.0680617 0.0041933 0.00255096 0.02141 0.0546761 0.0274144 0.00962644 0.0443062 0.00412711 0.0217442 0.0153497
internal_weight=8098 4701 1252 3397 546 439 316 266 190 139 107 3299 2442 123 857 113 706 324 161 278 744 107 2164 3449 3347 382 663 102 163 111 314 226 117 1005 3267 901 1159 606 1064 231 137 375 324 109 807 198 219 550 399 183 255 118 514 202 661 116 437 224 146 151 803 167
internal_count=8098 4701 1252 3397 546 439 316 266 190 139 107 3299 2442 123 857 113 706 324 161 278 744 107 2164 3449 3347 382 663 102 163 111 314 226 117 1005 3267 901 1159 606 1064 231 137 375 324 109 807 198 219 550 399 183 255 118 514 202 661 116 437 224 146 151 803 167
is_linear=0
shrinkage=0.03


Tree=27
num_leaves=63
num_cat=0
split_feature=134 23 214 17 79 308 98 327 17 315 14 308 194 8 48 17 253 15 149 316 195 308 244 80 112 110 300 212 212 57 244 60 56 44 120 145 316 121 312 97 118 40 269 229 46 10 191 113 202 312 123 99 23 98 99 116 285 15 14 168 309 189
split_gain=3932.98 3659.38 2572.92 1977.5 1769.57 1451.92 1406.3 1382.56 1423.74 1312.59 1016.51 929.535 857.874 602.381 565.76 531.669 714.418 976.722 527.36 450.047 424.161 464.105 398.739 386.346 362.439 357.341 332.442 318.299 273.297 242.138 218.459 447.608 199.572 212.928 279.011 182.46 366.147 174.994 146.436 139.908 273.778 130.221 143.546 129.097 112.482 179.731 174.42 138.949 96.009 138.398 93.0938 91.8099 226.234 91.4372 89.8929 84.6377 79.263 76.5315 88.2827 66.2231 114.922 77.9215
threshold=71.500000000000014 54.500000000000007 3.0499999523162846 53.500000000000007 0.2633154839277268 48.500000000000007 4.0035336017608651 1.0000000180025095e-35 46.500000000000007 0.90505617856979381 53.500000000000007 165.50000000000003 8.2576532363891619 6.5000000000000009 63.500000000000007 63.500000000000007 14.500000000000002 52.500000000000007 4.2485954761505136 1.4741302132606509 4.7507739067077646 28.500000000000004 44.500000000000007 0.70757475495338451 6.5000000000000009 10.500000000000002 1.0000000180025095e-35 79.500000000000014 65.500000000000014 0.18765863031148913 74.500000000000014 88.500000000000014 1.4208537340164187 87.500000000000014 3.0039787292480473 95.500000000000014 1.2491610646247866 1.3183110356330874 2.320935964584351 15.48701333999634 3.36333179473877 6.5000000000000009 7.6778976917266855 2.5000000000000004 26.500000000000004 3.5000000000000004 30.500000000000004 115.50000000000001 14.500000000000002 4.9197628498077401 0.2512758076190949 1.9036453962326052 65.500000000000014 5.5264239311218271 2.1153453588485722 63.500000000000007 41.500000000000007 56.500000000000007 48.500000000000007 49.500000000000007 71.500000000000014 25.500000000000004
decision_type=2 2 2 2 2 2 2 2 2 2 2 2 2 2 2 2 2 2 2 2 2 2 2 2 2 2 2 2 2 2 2 2 2 2 2 2 2 2 2 2 2 2 2 2 2 2 2 2 2 2 2 2 2 2 2 2 2 2 2 2 2 2
left_child=1 2 24 4 7 14 12 8 -4 -8 13 15 -7 -6 -5 16 22 -18 23 -19 25 -22 27 30 26 -16 57 28 29 -3 53 -32 33 34 37 39 -37 41 -27 51 -41 -33 -43 44 45 48 -47 -46 -20 -50 -31 59 -53 55 -54 56 -2 58 -1 61 -61 -17
right_child=18 11 3 5 10 6 9 -9 -10 -11 -12 -13 -14 -15 20 35 17 19 43 -21 21 -23 -24 -25 -26 38 -28 -29 -30 50 31 32 -34 -35 -36 36 -38 -39 -40 40 -42 42 -44 -45 47 46 -48 -49 49 -51 -52 52 54 -55 -56 -57 -58 -59 -60 60 -62 -63
leaf_value=0.020728677520933356 -0.020204163231901474 -0.067372420258406132 -0.11128362297438657 -0.096811136441161988 -0.073198652844066209 0.031323614963575407 -0.26228778588861013 -0.073090252149850127 -0.31022099919799601 -0.066479633040726183 -0.16785994476001512 -0.12382538644596934 -0.10833716329680868 0.059921204938553276 0.08869978746105181 0.0052712050898348333 -0.14197615787386894 -0.05832762719481252 -0.0080021398296130104 0.045404884447493854 0.011604139291814395 -0.098681694659240093 0.079612435333144202 0.096451408852512632 -0.04742959676190249 -0.025989077169621403 0.090339141938671028 -0.072263047365937388 0.057748133251300217 0.037818348892710428 0.13047477110015118 0.099417702218231097 -0.01293923998229383 0.026942328191324461 0.10413068279584355 0.086858672121086639 -0.0065121291262599133 0.0039434277590968316 0.027525939548557452 0.0094593447366033683 -0.078437694087624549 0.070021526246145355 0.0070389536209799096 -0.024891561962792585 -0.041490902076749235 0.015413606068435705 0.08899059408636234 0.009840435458298399 0.067623941259315368 0.0051370978300526206 -0.011052610886849694 -0.048640610392341452 -0.029476854835565273 0.055784803754020784 0.014174754576083144 0.024594010225337717 0.026580228861760008 0.037458834694698448 -0.030756700256804253 0.010968252279616276 -0.038307498552969527 0.017119100681965253
leaf_weight=68 79 53 51 64 68 75 70 63 96 56 56 53 82 54 56 1081 89 95 115 61 69 67 51 89 61 85 67 59 64 54 50 51 62 368 93 73 77 73 98 82 51 74 58 86 50 52 66 686 51 83 96 88 51 73 231 840 54 71 52 108 69 930
leaf_count=68 79 53 51 64 68 75 70 63 96 56 56 53 82 54 56 1081 89 95 115 61 69 67 51 89 61 85 67 59 64 54 50 51 62 368 93 73 77 73 98 82 51 74 58 86 50 52 66 686 51 83 96 88 51 73 231 840 54 71 52 108 69 930
internal_value=-7.99572e-05 -0.0167733 -0.057236 -0.0788002 -0.133365 -0.0493334 -0.102194 -0.192208 -0.24242 -0.176471 -0.0632573 -0.000316535 -0.0418442 -0.0142686 -0.015102 0.00160893 -0.0234907 -0.063261 0.026098 -0.0177347 -0.000936623 -0.0430516 0.00245367 0.0356414 0.0178114 0.0231079 0.0333601 -0.00982373 0.00419188 -0.0128932 0.0327051 0.0442138 0.038517 0.0429783 0.0597621 0.0071105 0.0392026 0.0433013 0.00266308 0.00530774 -0.0245794 0.0588947 0.0426084 0.0103175 0.0130827 0.0266277 0.0569688 0.00630169 0.0120789 0.0292442 0.00667487 0.00687068 -0.00693603 0.0235504 0.00620405 0.0210771 -0.00115239 0.0130063 -0.00165146 0.00920756 -0.00834823 0.0107561
internal_weight=8098 4945 1429 1110 388 722 283 210 147 126 178 3516 157 122 439 3463 622 245 3153 156 375 136 377 1964 319 239 258 326 267 203 1875 829 779 717 349 2841 150 256 183 2691 133 183 132 1189 1103 367 118 736 249 134 150 2558 370 1046 282 973 133 191 120 2188 177 2011
internal_count=8098 4945 1429 1110 388 722 283 210 147 126 178 3516 157 122 439 3463 622 245 3153 156 375 136 377 1964 319 239 258 326 267 203 1875 829 779 717 349 2841 150 256 183 2691 133 183 132 1189 1103 367 118 736 249 134 150 2558 370 1046 282 973 133 191 120 2188 177 2011
is_linear=0
shrinkage=0.03


Tree=28
num_leaves=63
num_cat=0
split_feature=144 19 327 19 172 19 246 269 135 19 221 147 76 71 22 19 120 129 19 17 19 19 200 16 21 136 19 202 70 19 249 17 246 246 80 80 105 50 56 42 1 57 19 147 19 262 288 249 287 17 315 73 19 19 24 215 23 19 179 298 1 98
split_gain=3716.49 17196.9 18073.2 7583.13 5607.32 4915.62 3826.18 2346.53 1680.4 797.564 615.891 583.155 557.459 514.611 545.913 419.022 353.69 327.481 261.051 245.158 323.396 195.517 191.218 187.643 176.495 225.222 167.889 165.43 141.202 127.748 121.088 120.986 116.205 112.677 110.015 107.521 106.415 115.544 93.7417 88.4848 79.7092 77.4701 66.8892 84.1676 66.6636 64.6459 64.2225 61.1347 57.1873 54.867 51.5935 43.1188 42.107 40.0734 38.5602 38.5098 36.6636 45.8441 50.4234 62.4305 43.0165 37.2405
threshold=69.500000000000014 41.500000000000007 1.0000000180025095e-35 48.500000000000007 2.1184616088867192 60.500000000000007 5.1985633373260507 10.840298652648928 186.50000000000003 61.500000000000007 0.63367658853530895 80.500000000000014 2.6866337060928349 26.500000000000004 52.500000000000007 77.500000000000014 3.8619047403335576 0.68333333730697643 73.500000000000014 48.500000000000007 35.500000000000007 69.500000000000014 35.500000000000007 49.500000000000007 77.500000000000014 17.500000000000004 75.500000000000014 8.5000000000000018 70.500000000000014 72.500000000000014 2.1452921628952031 63.500000000000007 5.4957628250122079 3.0897321701049809 0.60648983716964733 0.59471061825752269 53.500000000000007 149.50000000000003 1.2923802733421328 14.500000000000002 35.500000000000007 0.17403517663478854 83.500000000000014 85.500000000000014 84.500000000000014 9.5000000000000018 26.500000000000004 0.69409200549125682 61.500000000000007 51.500000000000007 0.92784601449966442 9.0500001907348651 79.500000000000014 81.500000000000014 60.500000000000007 5.2014169692993173 53.500000000000007 28.500000000000004 66.500000000000014 105.50000000000001 26.500000000000004 3.9590575695037846
decision_type=2 2 2 2 2 2 2 2 2 2 2 2 2 2 2 2 2 2 2 2 2 2 2 2 2 2 2 2 2 2 2 2 2 2 2 2 2 2 2 2 2 2 2 2 2 2 2 2 2 2 2 2 2 2 2 2 2 2 2 2 2 2
left_child=1 19 4 -2 12 10 7 8 -7 -5 -6 17 -3 21 -15 28 26 -11 27 23 22 -4 31 -1 25 -20 -16 -19 29 -13 34 41 48 53 -27 49 37 55 42 45 52 -21 43 -17 -40 46 -30 -44 -28 -23 -31 -45 54 -26 -35 -29 61 -58 59 -59 -60 -33
right_child=3 2 13 9 5 6 -8 -9 -10 11 -12 15 -14 14 16 38 -18 18 24 20 -22 35 -24 -25 33 30 32 36 39 50 -32 56 -34 40 -36 -37 -38 -39 44 -41 -42 -43 47 51 -46 -47 -48 -49 -50 -51 -52 -53 -54 -55 -56 -57 57 58 60 -61 -62 -63
leaf_value=0.10264302524379813 0.32630112181379367 0.028872582167387008 0.073176568481579149 0.12558984804153442 -0.040469318385071611 -0.57455105480772484 -0.18055919834453127 -0.24807291819935751 -0.37451757490634918 -0.064467983062450704 -0.17934362549441202 0.10109400119680863 -0.11027117103338241 -0.09505635434624396 0.034681394478362618 0.0059724477607524026 -0.067210670051624968 0.066757359579205505 -0.070621003097066509 0.058798704325504922 -0.042637571447661941 0.016832799397941148 0.065732960456221456 0.021901166578237378 0.037478934890505938 -0.033606812848831664 -0.019718486493015112 0.0074063550240614194 0.01730523622711189 0.072874765114060477 -0.049843628029697211 0.014633812263607977 -0.051892442012635556 0.0023672908341440444 0.013431003003081839 0.042678866863250731 0.052676952162249518 -0.026094849439310456 0.0095375462431543864 0.065091224036927159 -0.033670429701916867 0.024514574278418168 0.028896787998346551 0.059431807327838169 -0.028766732516716111 -0.0029395920417781148 0.059224902420747474 0.0082353243613627353 0.024583563846325786 -0.019595914411020803 0.033424856820298977 0.03188300201111674 -0.0042280388447855193 0.0088902271288986267 0.027973379677704847 0.042003034340121065 0.013879683794122988 0.006146242899841137 0.03529364043442567 -0.031912545762632201 0.0041015393662921801 0.037158925662169585
leaf_weight=51 72 51 52 59 50 80 91 62 92 64 69 76 51 94 98 104 82 76 64 68 83 62 70 53 109 60 50 65 74 55 51 169 51 129 167 59 54 67 178 70 59 461 191 62 52 52 60 396 53 90 71 328 314 75 89 52 2032 88 52 68 161 110
leaf_count=51 72 51 52 59 50 80 91 62 92 64 69 76 51 94 98 104 82 76 64 68 83 62 70 53 109 60 50 65 74 55 51 169 51 129 167 59 54 67 178 70 59 461 191 62 52 52 60 396 53 90 71 328 314 75 89 52 2032 88 52 68 161 110
internal_value=-8.01208e-05 -0.0173463 -0.113324 0.0238363 -0.242156 -0.28815 -0.348493 -0.412755 -0.47034 0.0171865 -0.121817 0.0151891 -0.0410944 -0.0113231 -0.0315896 0.0268413 -0.0134972 0.00139268 0.0043812 0.0169306 0.0155154 0.0216528 0.0169999 0.0620962 -0.00241879 -0.0203377 0.00417755 0.0285018 0.0515209 0.0703045 -0.00855009 0.0159167 -0.0153325 0.00550468 0.000905232 0.00866967 0.0160576 0.00508395 0.0181867 0.0364836 -0.000889706 0.0290242 0.0218839 0.0300219 0.000790407 0.0254268 0.0363749 0.0149959 0.0030949 -0.00472393 0.0510833 0.0364034 0.0028021 0.025937 0.0129012 0.0230083 0.0133196 0.0121138 0.00237855 -0.0105411 0.0118459 0.0236157
internal_weight=8098 4703 1237 3395 546 444 325 234 172 3323 119 3264 102 691 428 1769 334 1495 1431 3466 3362 263 3279 104 1117 342 252 314 458 202 278 3209 154 775 227 211 238 184 1311 256 591 529 1081 494 230 186 134 587 103 152 126 390 532 184 218 117 2680 2401 369 156 213 279
internal_count=8098 4703 1237 3395 546 444 325 234 172 3323 119 3264 102 691 428 1769 334 1495 1431 3466 3362 263 3279 104 1117 342 252 314 458 202 278 3209 154 775 227 211 238 184 1311 256 591 529 1081 494 230 186 134 587 103 152 126 390 532 184 218 117 2680 2401 369 156 213 279
is_linear=0
shrinkage=0.03


Tree=29
num_leaves=63
num_cat=0
split_feature=144 23 266 99 189 219 46 146 46 328 17 169 217 134 308 52 70 253 17 253 265 288 239 231 314 78 173 62 212 149 99 194 313 240 24 97 118 20 112 191 16 71 327 77 147 292 222 262 326 54 10 215 59 145 217 102 214 304 217 24 123 188
split_gain=3530.44 3066.5 2218.58 1987.96 1356.78 1131.91 1295.85 1055.18 1289.28 940.132 1136.45 1255.05 831.058 786.825 745.274 605.931 524.625 518.773 415.661 576.623 883.113 593.886 660.36 530.189 368.632 351.472 335.848 322.831 306.091 261.406 241.409 245.694 209.425 152.208 189.288 142.903 254.718 129.077 144.979 155.351 128.33 113.552 104.692 97.0273 208.05 385.022 131.685 259.693 92.735 92.6464 88.3197 82.6722 99.5253 69.2569 68.7442 67.7228 97.0177 83.5283 81.1582 106.897 98.2394 66.8764
threshold=85.500000000000014 54.500000000000007 15.500000000000002 0.66749176383018505 22.500000000000004 1.0548048019409182 20.500000000000004 52.500000000000007 2.5000000000000004 1.0000000180025095e-35 61.500000000000007 6.5000000000000009 4.2093749046325692 47.500000000000007 165.50000000000003 1.6934003233909609 28.500000000000004 15.500000000000002 63.500000000000007 14.500000000000002 47.500000000000007 19.500000000000004 11.500000000000002 54.500000000000007 1.0757142901420595 1.1120072007179262 7.2818181514739999 2.5000000000000004 79.500000000000014 4.3987615108489999 1.487213730812073 8.4236679077148455 11.482181072235109 15.500000000000002 37.500000000000007 15.48701333999634 3.36333179473877 37.500000000000007 5.5000000000000009 41.500000000000007 49.500000000000007 71.500000000000014 1.0000000180025095e-35 0.48431468009948736 44.500000000000007 3.7183190584182744 1.0000000180025095e-35 4.5000000000000009 250.50000000000003 4.240253448486329 16.500000000000004 6.9487013816833505 52.500000000000007 163.50000000000003 0.53470590710639965 0.69188982248306286 7.1499998569488534 5.5000000000000009 3.9443597793579106 37.500000000000007 0.22706922888755801 18.500000000000004
decision_type=2 2 2 2 2 2 2 2 2 2 2 2 2 2 2 2 2 2 2 2 2 2 2 2 2 2 2 2 2 2 2 2 2 2 2 2 2 2 2 2 2 2 2 2 2 2 2 2 2 2 2 2 2 2 2 2 2 2 2 2 2 2
left_child=1 2 7 4 -4 -5 -7 42 -9 24 11 -11 13 -13 18 -2 17 -17 19 23 -21 -22 -23 28 -10 -26 32 -24 30 33 31 -3 -12 37 -35 43 -37 -18 39 -39 -27 -31 -1 44 61 -46 50 -48 54 51 55 -43 -53 -36 -40 56 -45 -57 59 -58 -61 -20
right_child=15 14 3 5 -6 6 -8 8 9 10 26 12 -14 -15 -16 16 29 -19 35 20 21 22 27 -25 25 40 -28 -29 -30 41 -32 -33 -34 34 53 36 -38 38 48 -41 -42 49 -44 46 45 -47 47 -49 -50 -51 -52 52 -54 -55 -56 57 58 -59 -60 60 -62 -63
leaf_value=0.048971072423507227 0.11008316462039948 0.008652307645163752 -0.075643444891486847 0.028740802787501237 -0.26330050917737408 -0.18169416453350676 -0.0034110326995141801 -0.15196329573574274 -0.056426138004216433 -0.21600761034855476 0.025031299022574949 0.039394098107667662 -0.16153766919419449 -0.11180740682517781 -0.10510495155304671 0.030544322876783554 0.063678059860400552 0.14920285449074261 0.003745166224482305 -0.16234320115711953 0.053991497712209818 -0.14444474579909672 0.040132870037968338 0.086113389128092993 0.10123898064388948 -0.023760864805796596 -0.072789314291439949 -0.064627171792089946 -0.068770371747495077 0.045547967135258341 0.044052136097231812 -0.064073777853045605 -0.04321577121769743 0.10139421488509846 0.012675884039270125 0.0088891943693160998 -0.075010835635212242 -0.042609277815542745 0.049735846991554415 0.02763055396477147 0.032752608942035376 0.013815004459168046 0.009110674772464071 0.0096368137550442729 0.0055851568409094679 0.1101662449836731 0.0092561966896057123 -0.078117084606335707 0.065192812550812954 -0.023839607297057478 -0.031540264268904654 -0.04230439640448562 0.0052868225086066456 0.055268167621589127 0.022049636244596233 0.0037470016239294366 -0.053706713564501241 0.051908640959300097 0.020991583756976205 0.0086015720618888725 -0.040135140437891501 0.018294638275035791
leaf_weight=90 74 120 55 86 98 87 63 91 51 64 145 78 52 50 59 79 72 57 679 53 59 51 51 58 50 60 63 53 66 68 86 63 55 52 69 84 52 60 86 52 88 644 172 868 75 54 74 51 50 86 55 55 134 69 1277 66 57 63 58 119 53 489
leaf_count=90 74 120 55 86 98 87 63 91 51 64 145 78 52 50 59 79 72 57 679 53 59 51 51 58 50 60 63 53 66 68 86 63 55 52 69 84 52 60 86 52 88 644 172 868 75 54 74 51 50 86 55 55 134 69 1277 66 57 63 58 119 53 489
internal_value=-7.97195e-05 -0.0152098 -0.0512871 -0.112845 -0.196771 -0.0578352 -0.107334 -0.0296122 -0.0458751 -0.0329214 -0.0563308 -0.102825 -0.0616107 -0.0200779 -0.000254086 0.0258468 0.0236676 0.0810023 0.00151413 -0.0199536 -0.0538848 -0.0263935 -0.0571416 0.0031772 0.0147784 0.0333103 -0.0129698 -0.0133615 -0.0113955 0.0208285 0.00288423 -0.0165967 0.00614172 0.0276706 0.0530365 0.00641014 -0.0235036 0.0246214 0.0227369 -0.010042 0.00983604 0.00842522 0.0229373 0.00789159 0.0138634 0.049874 0.00259513 -0.0267292 0.0253404 0.00563186 0.00535055 0.00869946 -0.00871224 0.0342164 0.0238317 0.00695408 0.0046391 0.0274862 -0.0104569 -0.0184787 -0.00656132 0.00984695
internal_weight=8098 5114 1498 389 153 236 150 1109 847 756 507 244 180 128 3616 2984 2910 136 3557 660 267 214 155 393 249 198 263 104 335 2774 269 183 200 1787 190 2897 136 1597 1525 112 148 987 262 2761 1297 129 1464 125 1413 919 1339 833 189 138 1363 1284 1155 129 287 229 172 1168
internal_count=8098 5114 1498 389 153 236 150 1109 847 756 507 244 180 128 3616 2984 2910 136 3557 660 267 214 155 393 249 198 263 104 335 2774 269 183 200 1787 190 2897 136 1597 1525 112 148 987 262 2761 1297 129 1464 125 1413 919 1339 833 189 138 1363 1284 1155 129 287 229 172 1168
is_linear=0
shrinkage=0.03


Tree=30
num_leaves=63
num_cat=0
split_feature=19 327 145 145 19 172 57 16 253 313 19 157 148 179 178 19 207 19 100 239 13 243 54 153 18 328 150 19 98 297 153 92 275 296 146 119 156 121 155 264 274 253 246 269 281 314 19 284 19 6 152 248 118 23 194 293 19 240 52 265 305 10
split_gain=3345.78 21246.4 8635.33 6315.06 5337.38 6647.75 4179.48 3168.34 2723.67 2025.09 1756.39 1281.35 798.816 547.128 539.787 447.644 295.007 262.596 216.488 309.864 288.742 264.934 208.298 192.103 181.217 327.88 569.335 179.12 146.186 222.696 141.365 105.642 104.571 99.6478 342.336 82.8523 80.6354 77.5469 76.7446 75.1751 74.4032 73.4604 66.9793 80.2671 64.0339 77.6129 71.8596 61.7425 61.4122 61.2605 53.965 56.6079 52.6956 51.8094 50.4256 47.2498 39.3125 55.7106 39.1153 37.1171 37.0549 36.2016
threshold=36.500000000000007 1.0000000180025095e-35 102.50000000000001 99.500000000000014 52.500000000000007 2.1184616088867192 0.26044088602066046 56.500000000000007 15.500000000000002 9.2881660461425799 61.500000000000007 55.500000000000007 23.150000572204593 152.50000000000003 18.500000000000004 77.500000000000014 5.5000000000000009 71.500000000000014 1.7511062026023867 17.500000000000004 26.500000000000004 120.50000000000001 5.2520270347595224 1.159545421600342 59.500000000000007 1.0000000180025095e-35 8.4297590255737322 75.500000000000014 2.9376882314682011 38.500000000000007 1.192044258117676 84.500000000000014 35.500000000000007 0.640058994293213 153.50000000000003 9.9073657989501971 14.500000000000002 1.1451654434204104 0.66632515192031871 51.500000000000007 0.59488216042518627 23.500000000000004 5.4957628250122079 7.0099999904632577 3.5000000000000004 2.4407558441162114 31.500000000000004 4.5000000000000009 81.500000000000014 5.5000000000000009 1.0623065233230593 3.2056553363800053 3.3074730634689335 57.500000000000007 8.2576532363891619 0.99090909957885753 26.500000000000004 13.500000000000002 3.038230419158936 55.500000000000007 6.5000000000000009 11.500000000000002
decision_type=2 2 2 2 2 2 2 2 2 2 2 2 2 2 2 2 2 2 2 2 2 2 2 2 2 2 2 2 2 2 2 2 2 2 2 2 2 2 2 2 2 2 2 2 2 2 2 2 2 2 2 2 2 2 2 2 2 2 2 2 2 2
left_child=3 2 4 24 14 -6 8 -8 9 -7 -3 -10 18 -4 16 23 -2 -15 20 21 -12 -20 27 31 25 26 -1 28 29 40 37 -14 -33 42 -35 50 49 48 -36 -32 -22 -39 59 -44 46 -46 53 -23 55 -30 60 -52 -34 -27 -41 58 -26 -58 -17 61 -25 -29
right_child=1 10 13 -5 5 6 7 -9 11 -11 12 -13 15 17 -16 30 -18 -19 19 -21 22 47 -24 35 56 44 -28 33 36 -31 39 32 52 34 38 -37 -38 41 -40 54 -42 -43 43 -45 45 -47 -48 -49 -50 -51 51 -53 -54 -55 -56 -57 57 -59 -60 -61 -62 -63
leaf_value=0.14978923054770207 -0.054913944169878957 0.14875755581785649 -0.052732709840744393 0.35370527484837699 -0.026830219338680135 -0.1977217132374644 -0.31673247775062918 -0.0076037692513905063 -0.62323399378703193 -0.42874259354518007 -0.07012897969135698 -0.38896871361662361 0.091088130698353045 0.091974704912248642 0.0097273170948028558 0.073444692467181188 -0.15086209172010423 0.007875272538614175 -0.058421515033529332 -0.095587934656999995 0.0080813339632004495 0.038641700089540119 -0.05237747880530956 0.03300413860285431 0.016339208076104627 0.03217457971108767 0.013907288761168229 -0.0011934799594875379 0.078144378013509722 -0.039444719243743646 0.0078877894729751114 0.025353198125394005 0.08474494484122054 -0.084628580549829885 -0.015423437252285935 0.00064442338828693123 0.015083709105104209 0.015444396782074474 0.023067947363078191 -0.034552494868103946 0.050973348303152054 -0.023460761296369554 0.0097061003780690956 -0.039860793480585362 0.06881833100548157 0.0248647494290728 -0.012377599015493285 -0.0062463300842149497 0.020788196987234164 0.032946679895294123 0.039227847232028129 0.0023622765637595546 0.046827166915858448 0.012855384337144102 0.0035824852417174137 0.024747610620843866 0.010391269177366809 -0.020163538005006941 0.035659417280823814 0.03155871030381497 0.069872329706185538 0.027680172901600599
leaf_weight=51 59 84 98 50 86 79 63 56 51 64 52 50 74 52 55 52 59 91 72 54 99 52 60 52 1512 215 60 157 55 72 607 98 70 56 125 82 74 249 73 69 57 52 59 57 51 126 65 57 424 57 88 65 72 302 56 89 953 56 53 67 52 51
leaf_count=51 59 84 98 50 86 79 63 56 51 64 52 50 74 52 55 52 59 91 72 54 99 52 60 52 1512 215 60 157 55 72 607 98 70 56 125 82 74 249 73 69 57 52 59 57 51 126 65 57 424 57 88 65 72 302 56 89 953 56 53 67 52 51
internal_value=-8.04287e-05 -0.0166546 -0.150918 0.0223492 -0.209907 -0.264378 -0.320428 -0.172536 -0.391557 -0.303375 0.0139173 -0.512211 0.010825 0.00156465 -0.0678266 0.0216961 -0.103753 0.0388832 -0.00699202 -0.033205 -0.00170767 -0.0141706 0.00153165 0.0427064 0.0173605 0.0291639 0.0771195 0.00463252 0.0200082 0.00386517 0.0133653 0.059609 0.0495653 -0.0052522 -0.0198437 0.026921 0.0396699 0.0211936 -0.00118756 0.00352156 0.0239783 0.00866781 0.00425314 -0.0147826 0.0220583 0.0378448 0.0172006 0.0153248 0.0272705 0.0556371 0.0352699 0.023683 0.0659809 0.0209361 -0.0175752 0.0412588 0.0132772 0.00867718 0.0548885 0.0123072 0.0519281 0.00598468
internal_weight=8098 4657 863 3441 622 449 363 119 244 143 3794 101 3710 241 173 2304 118 143 1406 235 1171 181 1119 653 3391 870 111 1059 414 228 1651 314 240 645 254 339 186 919 198 732 156 301 391 116 759 177 582 109 618 112 257 153 142 517 125 194 2521 1009 105 275 104 208
internal_count=8098 4657 863 3441 622 449 363 119 244 143 3794 101 3710 241 173 2304 118 143 1406 235 1171 181 1119 653 3391 870 111 1059 414 228 1651 314 240 645 254 339 186 919 198 732 156 301 391 116 759 177 582 109 618 112 257 153 142 517 125 194 2521 1009 105 275 104 208
is_linear=0
shrinkage=0.03


Tree=31
num_leaves=63
num_cat=0
split_feature=144 19 19 189 135 49 253 268 24 295 296 54 314 45 147 19 19 177 16 119 104 153 118 19 19 24 19 145 23 78 231 218 70 147 19 274 135 52 243 233 213 116 152 16 19 265 19 80 19 82 53 88 116 317 199 19 100 19 219 242 19 231
split_gain=3160.34 11918 7753.13 4060.52 8049.82 3745.03 3618.61 3028.56 2559.33 2272.41 1458.31 1365.82 998.212 1102.11 675.68 715.553 594.985 592.58 702.728 495.661 410.537 350.749 273.295 213.587 205.255 186.727 181.456 167.165 163.469 177.175 126.268 104.601 149.418 103.981 99.5096 93.5903 86.4895 75.0719 79.4582 86.073 72.5535 72.1076 71.5765 66.6742 65.9152 58.5961 54.9524 53.1709 51.1999 47.8793 47.4078 47.1128 46.3903 42.8851 70.2462 42.401 51.4894 60.5297 39.1042 37.5271 35.0288 33.7097
threshold=85.500000000000014 48.500000000000007 55.500000000000007 11.500000000000002 230.50000000000003 799.50000000000011 14.500000000000002 15.209134578704836 30.500000000000004 0.2356245890259743 0.64915817975997936 3.9889408349990849 4.0627360343933114 23.500000000000004 49.500000000000007 36.500000000000007 65.500000000000014 0.5877075493335725 50.500000000000007 10.119201183319094 226.50000000000003 1.1528159379959109 5.3860466480255136 72.500000000000014 69.500000000000014 37.500000000000007 81.500000000000014 97.500000000000014 53.500000000000007 0.69397994875907909 83.500000000000014 1.3905835747718813 63.500000000000007 80.500000000000014 77.500000000000014 0.65471908450126659 459.50000000000006 6.4028117656707773 236.50000000000003 30.500000000000004 29.500000000000004 85.500000000000014 1.7363523840904238 59.500000000000007 79.500000000000014 54.500000000000007 75.500000000000014 0.75112614035606395 31.500000000000004 398.50000000000006 9.0089998245239276 16.500000000000004 106.50000000000001 0.2123106122016907 0.65576741099357616 28.500000000000004 1.7511062026023867 32.500000000000007 0.90180721879005443 68.500000000000014 83.500000000000014 64.500000000000014
decision_type=2 2 2 2 2 2 2 2 2 2 2 2 2 2 2 2 2 2 2 2 2 2 2 2 2 2 2 2 2 2 2 2 2 2 2 2 2 2 2 2 2 2 2 2 2 2 2 2 2 2 2 2 2 2 2 2 2 2 2 2 2 2
left_child=1 14 -2 19 5 6 8 9 -5 -8 11 -10 17 -14 15 28 -4 -6 -19 24 -17 26 23 -20 -3 -26 30 -25 29 -1 41 32 58 37 36 -29 -35 38 46 42 47 -18 -40 -38 49 61 -23 55 59 -41 -34 -36 -33 54 -43 -30 57 -57 -32 -31 -53 -28
right_child=2 3 16 4 12 -7 7 -9 10 -11 -12 -13 13 -15 -16 20 21 18 22 -21 -22 33 -24 27 25 -27 45 35 40 48 31 52 50 34 51 -37 43 -39 39 44 -42 53 -44 -45 -46 -47 -48 -49 -50 -51 -52 60 -54 -55 -56 56 -58 -59 -60 -61 -62 -63
leaf_value=0.075289984494447709 0.39117521683521134 0.068481464866835332 0.094467413272771431 -0.2967403544645224 0.074940202619348251 -8.1056941438604284e-05 -0.52546643171737439 -0.13432902972246039 0.035539167779331499 -0.27524262887400547 -0.20184788825626418 -0.15387844212032084 -0.16008396072143857 -0.0010728883548025889 0.11698460134324329 0.0090302658351984876 -0.00015329544409746075 -0.097598176219500607 0.060750626744258969 -0.079899213367744401 -0.089113384236491497 0.030901661913076615 -0.057265550158917905 0.034181303210512153 0.028755008057535933 -0.02732834004610777 0.0072226274032788033 0.00074617242583861711 0.014080028857364049 0.02006531127717024 0.068312980286203889 0.004269046419683625 0.02550556893546686 0.065816900651488042 -0.010684999331601502 -0.056712738976759068 -0.0042864500388110939 -0.030029680808850871 -0.010609507464553015 0.043214471726952232 0.04914137845749364 0.023524100942909718 -0.051686154326752706 0.039158830111718744 -0.012686381386797669 -0.00033950247747763511 0.0049764038339413594 0.042225286993113433 -0.0019054669617065067 0.0045612431676743332 0.060156785461175095 0.020262779716781719 0.043795115041129033 0.015449659968208936 0.067716435635462396 0.0048584392955606081 0.031018545950895971 -0.029253049873643449 0.10923457175712376 0.037605852546330774 0.00403178323968118 0.026262911925133102
leaf_weight=71 50 64 88 83 62 80 66 57 83 73 81 57 98 65 57 65 81 89 62 50 92 100 61 62 143 84 115 51 2238 242 51 50 80 53 96 50 56 71 155 50 50 74 50 72 90 154 273 54 57 67 67 242 57 80 59 351 55 53 50 208 237 316
leaf_count=71 50 64 88 83 62 80 66 57 83 73 81 57 98 65 57 65 81 89 62 50 92 100 61 62 143 84 115 51 2238 242 51 50 80 53 96 50 56 71 155 50 50 74 50 72 90 154 273 54 57 67 67 242 57 80 59 351 55 53 50 208 237 316
internal_value=-8.16106e-05 -0.0143967 0.0244483 -0.0847569 -0.111087 -0.190687 -0.221123 -0.321651 -0.155467 -0.396959 -0.101312 -0.0421252 -0.0339518 -0.0970678 0.0154037 0.0137336 0.0180676 -0.0102418 -0.0244871 0.00641593 -0.0486807 0.0156729 -0.00147492 0.013837 0.0214695 0.00797286 0.027704 -0.00426906 0.0166471 0.0311673 0.0386213 0.0506677 0.0613649 0.00645157 0.0145513 -0.027976 0.0338922 -0.000710583 0.00197604 -0.00709791 0.0136407 0.023953 -0.0208305 0.0202656 0.00653674 0.015547 0.0119909 0.0129779 0.0248523 0.021306 0.0415987 0.00841489 0.0255355 0.0330781 0.0434873 0.0123768 0.00405988 0.000322237 0.0894435 0.0282383 0.0122571 0.021211
internal_weight=8098 5114 2984 1521 1180 580 500 196 304 139 221 140 600 163 3593 3536 2934 437 375 341 157 2846 286 225 291 227 1234 163 3379 578 649 355 248 1612 756 101 181 856 785 412 2801 294 205 128 207 585 373 2751 507 117 147 575 107 213 133 2697 459 404 101 450 479 431
internal_count=8098 5114 2984 1521 1180 580 500 196 304 139 221 140 600 163 3593 3536 2934 437 375 341 157 2846 286 225 291 227 1234 163 3379 578 649 355 248 1612 756 101 181 856 785 412 2801 294 205 128 207 585 373 2751 507 117 147 575 107 213 133 2697 459 404 101 450 479 431
is_linear=0
shrinkage=0.03


Tree=32
num_leaves=63
num_cat=0
split_feature=144 19 327 19 190 19 246 188 19 261 9 19 201 39 81 147 19 198 129 17 19 19 200 21 136 202 6 276 19 17 70 15 310 312 249 1 238 56 216 142 57 76 269 21 19 147 19 248 19 245 216 88 26 123 69 220 23 19 239 176 98 59
split_gain=2999.43 14275.2 15383.6 6599.58 4978.3 4367.09 3550.42 2007.26 1847.24 1435.21 984.145 657.005 486.883 495.157 780.999 468.82 350.002 324.289 294.83 244.616 256.797 233.991 173.143 161.733 200.24 159.127 153.781 153.287 149.654 124.818 122.88 115.636 110.217 171.739 107.496 96.3543 89.643 82.008 76.5241 71.8718 70.6948 70.0652 66.8243 83.6797 60.2339 77.7607 58.3799 58.3436 52.1997 50.1408 57.2765 43.7126 40.9202 39.0429 37.826 37.2316 36.9446 40.2185 47.854 47.8622 37.2204 34.476
threshold=69.500000000000014 41.500000000000007 1.0000000180025095e-35 48.500000000000007 26.500000000000004 69.500000000000014 4.1933605670928964 20.500000000000004 49.500000000000007 3.5000000000000004 35.500000000000007 61.500000000000007 115.50000000000001 52.500000000000007 32.500000000000007 80.500000000000014 77.500000000000014 0.37354651093482977 0.68333333730697643 48.500000000000007 35.500000000000007 73.500000000000014 35.500000000000007 77.500000000000014 17.500000000000004 8.5000000000000018 5.5000000000000009 154.50000000000003 69.500000000000014 63.500000000000007 73.500000000000014 52.500000000000007 36.500000000000007 2.8771814107894902 2.1452921628952031 35.500000000000007 36.500000000000007 1.2805423736572268 7.2126760482788095 11.500000000000002 0.17403517663478854 4.7024772167205819 9.7262792587280291 59.500000000000007 85.500000000000014 89.500000000000014 84.500000000000014 3.7908042669296269 81.500000000000014 23.150000572204593 8.9536080360412615 30.500000000000004 1.5000000000000002 0.25787818431854254 37.500000000000007 0.17875940352678302 53.500000000000007 28.500000000000004 8.5000000000000018 0.29679679870605474 3.9590575695037846 63.500000000000007
decision_type=2 2 2 2 2 2 2 2 2 2 2 2 2 2 2 2 2 2 2 2 2 2 2 2 2 2 2 2 2 2 2 2 2 2 2 2 2 2 2 2 2 2 2 2 2 2 2 2 2 2 2 2 2 2 2 2 2 2 2 2 2 2
left_child=1 19 4 -2 10 7 9 8 -6 -7 -3 -5 17 14 -14 18 30 27 -13 26 22 25 29 24 -23 -20 -1 28 -4 40 32 -27 -17 -34 41 39 38 44 -32 48 -21 -26 43 -30 45 54 -39 -33 53 -47 51 -51 -41 55 -18 -25 60 -58 59 -59 -31 -40
right_child=3 2 12 11 5 6 -8 -9 -10 -11 -12 15 13 -15 -16 16 37 -19 21 20 -22 23 -24 35 34 31 -28 -29 42 56 36 47 33 -35 -36 -37 -38 46 61 52 -42 -43 -44 -45 -46 49 -48 -49 -50 50 -52 -53 -54 -55 -56 -57 57 58 -60 -61 -62 -63
leaf_value=0.023567790896543914 0.30357269790074592 -0.12702890854532067 0.066092155045341883 0.11358913382911123 -0.10535147282812329 -0.36966981298173779 -0.22711075485056759 -0.063820563394414331 -0.33429330443165128 -0.59846692152743064 0.053412425128950017 -0.061472127295457396 -0.024352500650069019 0.015372731364392612 -0.17046432421735996 0.034942218409506252 -0.0087075850556967618 -0.058450217116624112 0.064205515992331819 0.056271279408272513 -0.037597380413540771 -0.067150024991195933 0.061916946411972311 0.015391952611400552 0.010850043727050711 -0.011545737900491309 0.096784486922453034 -0.031597849270876714 -0.01298376685436815 0.013243843979695264 0.049453469552099706 0.045479662947717207 0.12374684107654235 0.052027862342419448 -0.047526064844658746 -0.030271041318483183 0.061934092652729963 0.0083567314966057887 -0.01028269815648144 -0.0048879481176684041 0.023519215825038006 -0.025787350676281757 0.043638364251703018 0.022508607922784436 0.010390460454285386 0.022190292330961776 -0.025987902373589319 0.0059166376851499079 0.0030558255559299139 0.078289694221859621 0.027236986309670298 0.038257345277099654 0.023099265967580402 0.0078125619945617827 0.018528301619333699 0.047498926568190533 0.012324540805212688 0.0010389674638604952 -0.017078702977347756 0.030777978471347264 0.035741762261132931 0.021198879857483789
leaf_weight=52 72 54 62 59 53 63 97 91 83 52 53 64 88 76 52 80 58 57 76 68 83 64 70 52 162 93 52 50 99 169 57 92 50 80 51 63 65 191 54 323 461 65 59 148 404 186 57 53 127 54 100 51 54 64 210 92 2032 215 92 62 110 72
leaf_count=52 72 54 62 59 53 63 97 91 83 52 53 64 88 76 52 80 58 57 76 68 83 64 70 52 162 93 52 50 99 169 57 92 50 80 51 63 65 191 54 323 461 65 59 148 404 186 57 53 127 54 100 51 54 64 210 92 2032 215 92 62 110 72
internal_value=-8.08461e-05 -0.0155921 -0.103037 0.0214048 -0.221897 -0.266535 -0.364481 -0.173865 -0.246494 -0.477393 -0.0379844 0.0152015 -0.00893406 -0.0461672 -0.0794467 0.0133888 0.0238364 0.00805864 0.00101871 0.0156374 0.0142243 0.00385452 0.0155471 -0.00258315 -0.0197362 0.0266909 0.0607492 0.0172459 0.0239499 0.0145166 0.0463913 0.0144929 0.063297 0.0803462 -0.00861922 0.005002 0.0318792 0.0159275 0.0209254 0.00816115 0.0278275 0.00029207 0.0152238 0.00828793 0.0195486 0.0251387 0.000390338 0.0311583 0.0182504 0.0336628 0.0439138 0.0593898 -0.000828666 0.0274689 0.0126235 0.0360909 0.0118798 0.0106707 0.00155435 0.00778212 0.02221 0.00773205
internal_weight=8098 4703 1237 3395 546 439 212 227 136 115 107 3323 691 216 140 3264 1769 475 1495 3466 3362 1431 3279 1117 342 314 104 418 368 3209 458 238 210 130 278 775 248 1311 183 712 529 227 306 247 1063 659 248 145 335 391 205 105 377 208 268 144 2680 2401 369 277 279 126
internal_count=8098 4703 1237 3395 546 439 212 227 136 115 107 3323 691 216 140 3264 1769 475 1495 3466 3362 1431 3279 1117 342 314 104 418 368 3209 458 238 210 130 278 775 248 1311 183 712 529 227 306 247 1063 659 248 145 335 391 205 105 377 208 268 144 2680 2401 369 277 279 126
is_linear=0
shrinkage=0.03


Tree=33
num_leaves=63
num_cat=0
split_feature=144 19 327 19 190 147 290 19 294 55 196 147 19 19 237 147 260 122 38 20 19 17 57 212 20 188 135 290 19 246 20 264 44 290 14 144 118 19 165 153 97 167 150 114 25 218 207 19 172 297 80 255 268 286 237 19 253 81 221 38 241 98
split_gain=2831.84 10585.2 17296.1 7037.43 4376.31 4996.8 2870.14 1940.6 1846.1 1437.69 2356.61 583.545 628.4 542.634 375.032 333.283 295.764 362.513 238.163 230.101 210.349 206.645 269.517 475.821 203.587 331.849 744.725 286.858 142.238 138.511 112.366 111.487 125.312 109.534 110.679 98.496 83.6075 82.1085 81.3459 80.9596 75.1265 73.7371 81.8241 73.0832 62.5318 59.7456 57.2723 66.4346 55.1624 54.2977 52.1926 49.3121 48.8863 45.9955 45.3661 39.8328 35.796 35.7947 35.2234 38.8565 34.6581 34.447
threshold=85.500000000000014 48.500000000000007 1.0000000180025095e-35 55.500000000000007 26.500000000000004 39.500000000000007 4.9623503684997567 66.500000000000014 1.0058139562606814 1.3609048724174502 1.0694118142127993 49.500000000000007 36.500000000000007 70.500000000000014 4.5000000000000009 85.500000000000014 7.5000000000000009 1.3192130327224734 560.50000000000011 54.500000000000007 77.500000000000014 69.500000000000014 0.17078252136707309 60.500000000000007 75.500000000000014 14.500000000000002 230.50000000000003 8.1313953399658221 69.500000000000014 3.142583012580872 75.500000000000014 28.500000000000004 45.500000000000007 2.9492897987365727 47.500000000000007 107.50000000000001 3.9720865488052373 85.500000000000014 8.5000000000000018 1.1148351430892947 5.4247705936431894 41.500000000000007 8.1535968780517596 119.50000000000001 8.5000000000000018 1.2509838938713076 8.5000000000000018 80.500000000000014 5.2090568542480478 71.500000000000014 0.62450543045997631 6.5000000000000009 16.11562538146973 82.500000000000014 11.500000000000002 31.500000000000004 15.500000000000002 92.500000000000014 0.57178395986557018 291.50000000000006 67.500000000000014 3.2295149564743046
decision_type=2 2 2 2 2 2 2 2 2 2 2 2 2 2 2 2 2 2 2 2 2 2 2 2 2 2 2 2 2 2 2 2 2 2 2 2 2 2 2 2 2 2 2 2 2 2 2 2 2 2 2 2 2 2 2 2 2 2 2 2 2 2
left_child=1 11 4 -2 -3 6 7 -6 -9 10 -7 12 21 18 -14 30 19 -18 -5 -4 41 22 23 -1 25 33 -27 28 -26 -20 31 -15 35 34 -21 -33 37 48 -31 45 -24 42 -17 58 -45 56 50 53 -22 55 -41 -38 -28 -48 -34 -42 -32 -44 -30 -60 -50 -62
right_child=3 2 16 13 5 9 -8 8 -10 -11 -12 -13 14 15 -16 20 17 -19 29 24 36 -23 40 -25 27 26 52 -29 43 38 39 32 54 -35 -36 -37 51 -39 -40 46 49 -43 57 44 -46 -47 47 -49 60 -51 -52 -53 -54 -55 -56 -57 -58 -59 59 -61 61 -63
leaf_value=0.015941843109399972 0.37252953491666735 -0.034593059995344705 0.049734366412286637 0.11770025376011342 -0.25208295689688787 -0.072346744464946461 -0.19811761982242265 -0.33196314892678891 -0.58217438333375116 0.00036388446699898199 -0.33888586000732657 0.10885465955435988 0.014061564147472382 0.0074647511127892184 -0.081280698351787792 0.081959143593907352 0.0031390876210523103 -0.10829286748648814 0.079411566306405987 0.017175992017700557 0.053055696936762507 0.010799688427059939 0.047230137977953793 0.13756170732327377 0.066506337141090971 -0.12258076117952933 0.012045750463596331 -0.046163616809610494 0.0071335779248099572 0.0058130269013829047 0.024588412084677085 -0.068306632062360165 -0.014940773377055303 0.0356316162717457 -0.040818726147658059 -0.01801891341522735 0.011537839969475853 0.011338056218580802 0.054057512453032863 -0.033651425208896399 0.018229258946040369 0.01864506371166896 0.021793074607849121 -0.02369127936017535 0.017305087474259462 0.0010572604881599545 0.028464292237629831 -0.0015847569627856666 0.0030237552469882826 0.046389558054506778 0.0072956231883111993 -0.01789855715097256 -0.025510428683975569 0.0015953638112215802 0.016044987598985684 -0.0069802481651065808 0.056464427098731645 0.058045618170514131 0.053934087086735021 0.017053649618345147 0.036533578717833859 0.016529217244696619
leaf_weight=66 50 97 76 50 53 70 89 52 69 52 52 57 59 257 98 79 52 52 66 62 84 2375 90 51 52 73 77 67 56 76 80 61 99 77 55 83 183 321 53 59 679 54 50 67 65 56 176 263 51 57 52 70 51 85 73 61 55 51 55 50 225 122
leaf_count=66 50 97 76 50 53 70 89 52 69 52 52 57 59 257 98 79 52 52 66 62 84 2375 90 51 52 73 77 67 56 76 80 61 99 77 55 83 183 321 53 59 679 54 50 67 65 56 176 263 51 57 52 70 51 85 73 61 55 51 55 50 225 122
internal_value=-8.11197e-05 -0.0136318 -0.079941 0.023139 -0.217304 -0.257689 -0.340111 -0.411193 -0.478248 -0.131876 -0.187785 0.0144528 0.0129007 0.0170599 -0.0455892 0.0131527 -0.00547829 -0.0530776 0.0597154 0.000181673 0.0241454 0.0156311 0.0270378 0.0696721 -0.00454078 -0.0199052 -0.0468215 0.0102022 0.0212504 0.0443229 0.00300648 -0.00719415 -0.019102 0.00807951 -0.0102014 -0.0396455 0.0184103 0.0231437 0.0258978 0.0100829 0.021342 0.0498384 0.0590417 0.0130197 -0.00352535 0.0271559 0.00491287 0.00906096 0.0309662 0.0183631 -0.0145752 0.00335498 -0.0029998 0.0197534 -0.00177311 0.0161446 0.0378946 0.0404884 0.0265226 0.0366985 0.0261828 0.0295681
internal_weight=8098 5114 1521 2984 534 437 263 174 121 174 122 3593 3536 2934 157 2689 987 104 245 883 1290 3379 1004 117 807 395 201 412 345 195 1399 573 316 194 117 144 1056 803 129 826 887 234 180 293 132 191 635 524 482 797 111 253 128 261 172 740 135 101 161 105 398 347
internal_count=8098 5114 1521 2984 534 437 263 174 121 174 122 3593 3536 2934 157 2689 987 104 245 883 1290 3379 1004 117 807 395 201 412 345 195 1399 573 316 194 117 144 1056 803 129 826 887 234 180 293 132 191 635 524 482 797 111 253 128 261 172 740 135 101 161 105 398 347
is_linear=0
shrinkage=0.03


Tree=34
num_leaves=63
num_cat=0
split_feature=134 19 327 19 190 39 147 24 99 120 147 19 19 115 242 147 147 93 171 252 17 57 212 19 98 269 20 20 141 19 326 20 327 90 244 119 312 264 61 19 97 263 264 98 213 118 78 244 19 297 9 19 20 190 115 201 157 19 98 19 176 59
split_gain=2672.04 11246.3 15658 6049.86 4508.37 3929.91 3508.04 2919.11 3611 1299.84 572.675 591.564 492.217 363.834 323.964 315.639 271.594 334.594 237.786 434.919 194.62 253.973 448.249 165.241 148.55 139.84 128.719 134.916 248.6 178.777 122.611 116.084 113.139 111.402 77.3159 93.7295 73.4661 71.5306 178.058 98.7318 70.7545 63.9928 59.7689 56.2292 55.5564 68.7739 52.9264 52.9264 52.7245 51.1712 49.9425 45.9034 53.6603 46.4954 43.1615 41.6476 41.5022 39.9625 41.7776 37.4916 36.6497 49.1192
threshold=71.500000000000014 48.500000000000007 1.0000000180025095e-35 55.500000000000007 26.500000000000004 66.500000000000014 39.500000000000007 35.500000000000007 1.001858711242676 3.1351461410522465 49.500000000000007 36.500000000000007 71.500000000000014 139.50000000000003 180.50000000000003 85.500000000000014 76.500000000000014 200.50000000000003 11.775815010070803 0.65167668461799633 69.500000000000014 0.17078252136707309 60.500000000000007 81.500000000000014 6.1983604431152353 7.3304669857025155 56.500000000000007 70.500000000000014 5.5000000000000009 70.500000000000014 200.50000000000003 76.500000000000014 1.0000000180025095e-35 9.5000000000000018 69.500000000000014 6.6886310577392587 3.320756316184998 36.500000000000007 7.5000000000000009 78.500000000000014 5.4247705936431894 23.500000000000004 24.500000000000004 2.3407789468765263 33.500000000000007 5.0212433338165292 1.3006023764610293 73.500000000000014 79.500000000000014 71.500000000000014 31.500000000000004 81.500000000000014 90.500000000000014 125.50000000000001 207.50000000000003 233.50000000000003 51.500000000000007 76.500000000000014 3.4147279262542729 31.500000000000004 0.16904762387275699 63.500000000000007
decision_type=2 2 2 2 2 2 2 2 2 2 2 2 2 2 2 2 2 2 2 2 2 2 2 2 2 2 2 2 2 2 2 2 2 2 2 2 2 2 2 2 2 2 2 2 2 2 2 2 2 2 2 2 2 2 2 2 2 2 2 2 2 2
left_child=1 10 4 -2 -3 6 7 -6 -9 -8 11 20 16 -13 18 31 30 -18 26 24 21 22 -1 34 56 -19 -4 28 -28 -29 -5 32 -14 -32 55 -36 51 57 -39 -40 -23 47 -37 50 45 -38 -43 -25 -46 59 -31 52 53 -33 -45 -17 -20 58 -34 -42 -44 -62
right_child=3 2 14 12 5 -7 9 8 -10 -11 -12 13 15 -15 -16 23 17 25 19 -21 -22 40 -24 41 -26 -27 27 29 -30 43 33 36 37 -35 35 42 44 38 39 -41 49 46 60 54 48 -47 -48 -49 -50 -51 -52 -53 -54 -55 -56 -57 -58 -59 -60 -61 61 -63
leaf_value=0.015470726006775539 0.32776733756065368 -0.033565858030805779 0.056836746065493889 -0.015333886364088306 -0.4994802241829725 -0.016774421986543907 -0.075311805009841915 -0.39732033360004426 -0.091787708795676798 -0.26932863841622562 0.11188407979765029 0.010779171109199525 -0.04768625769764185 -0.081804948339753963 -0.06049957053616959 0.045690149845821516 0.13332411391813248 0.078712420496073632 0.032652076764318805 -0.077080126680628192 0.010475834146179634 0.045828804467078092 0.13351421803665847 0.012122336469448941 -0.040925256317516541 0.010832806671304361 0.014848094373368299 0.064795551285276115 -0.069903749297238679 -0.03049787000102817 0.011096636349872006 0.036157522110835366 0.038090781910639054 0.071203052054366306 0.078544209114005489 0.062927614470659671 0.003379710754099111 -0.062218040517580349 0.021400074890155472 -0.021741334771357691 0.017683185451123042 0.0098654508390675563 0.047083883045904204 0.040822899709097471 0.022354079484312724 -0.040950928663506227 -0.021820673140710296 0.03265060407600557 -0.00023898550209456259 0.045021865614529311 0.0090545518252821196 0.0076042329187153796 0.056033655844761852 -0.0015877620772181008 0.0039570006378568138 0.016219155809318181 0.00070105776323803825 -0.0012372442315603646 0.0012438736595213413 -0.006774218111869788 -0.0029393854258315901 0.035532180306143482
leaf_weight=66 56 97 50 52 90 52 68 89 58 58 52 64 55 93 93 55 60 54 77 90 2375 90 51 344 52 55 77 57 51 52 58 68 56 53 61 58 82 56 88 102 679 142 58 51 155 50 70 169 230 57 62 121 55 51 64 199 69 267 54 61 55 64
leaf_count=66 56 97 50 52 90 52 68 89 58 58 52 64 55 93 93 55 60 54 77 90 2375 90 51 344 52 55 77 57 51 52 58 68 56 53 61 58 82 56 88 102 679 142 58 51 155 50 70 169 230 57 62 121 55 51 64 199 69 267 54 61 55 64
internal_value=-8.11155e-05 -0.0138406 -0.0873732 0.0214961 -0.218114 -0.261065 -0.295917 -0.363979 -0.278205 -0.166039 0.0139863 0.0125154 0.0158541 -0.0442343 -0.00799094 0.0116994 0.050317 0.0768741 -0.00142547 -0.0227938 0.0151645 0.0262344 0.067621 0.0226506 0.00214521 0.0448711 0.0118581 0.00630203 -0.0192003 0.0177428 0.0224815 0.00231949 -0.00683889 0.0401756 0.0350415 0.0454727 0.00996551 -0.00316214 -0.0157133 -0.00175262 0.0207052 0.0132153 0.0365918 0.0058002 0.00313523 -0.0135938 -0.000650274 0.0189354 0.00889127 0.0178143 -0.00909522 0.0218848 0.0317154 0.0201025 0.0205172 0.0227548 0.0176594 0.00504764 0.0201765 0.0156607 0.0276569 0.0178749
internal_weight=8098 4945 1357 3153 512 415 363 237 147 126 3588 3536 3097 157 845 2765 332 169 752 288 3379 1004 117 1275 198 109 464 414 128 286 163 1490 678 111 550 296 812 623 246 190 887 725 235 229 517 132 212 513 385 797 114 295 174 119 115 254 146 377 110 740 177 119
internal_count=8098 4945 1357 3153 512 415 363 237 147 126 3588 3536 3097 157 845 2765 332 169 752 288 3379 1004 117 1275 198 109 464 414 128 286 163 1490 678 111 550 296 812 623 246 190 887 725 235 229 517 132 212 513 385 797 114 295 174 119 115 254 146 377 110 740 177 119
is_linear=0
shrinkage=0.03


end of trees

feature_importances:
STA_old=325
H/9_old=53
m1_outs_pitched=52
is_sp=39
m1_pbatters_faced=32
BNT_old=30
m1_ppitches_thrown=28
m1_whip=28
since_era=27
szn_whip=25
szn_era=24
since_whip=24
PCLT_old=23
m1_pab=22
m1_vslhb_pstrikes_thrown=22
szn_vsrhb_era=20
szn_risp_strike_pct=19
m1_ip=19
m1_vsrhb_outs_pitched=19
VEL_old=18
szn_avg_against=18
since_pballs_thrown=18
HR/9_old=17
szn_risp_pballs_thrown=17
K/9_old=16
since_pr=16
szn_vslhb_bb9=15
szn_vsrhb_k9=15
m1_pballs_thrown=14
m1_pstrikes_thrown=14
BB/9_old=13
szn_vslhb_hr9=13
m1_k9=13
since_hr9=13
since_vslhb_era=13
CTRL_old=12
m1_era=12
since_strike_pct=12
is_rp=12
DRG_BNT_old=11
szn_risp_era=11
szn_vslhb_k9=11
m1_vsrhb_strike_pct=11
since_outs_pitched=11
since_risp_pab=11
since_risp_pstrikes_thrown=11
since_risp_k9=11
szn_ppitches_thrown=10
szn_per=10
szn_bb9=10
szn_hr9=10
szn_risp_whip=10
m1_hr9=10
m1_vslhb_k9=10
since_risp_ppitches_thrown=10
since_risp_pk=10
since_risp_pballs_thrown=10
since_risp_hr9=10
since_vsrhb_pballs_thrown=10
REAC_old=9
BRK_old=9
szn_k9=9
szn_risp_bb9=9
szn_vslhb_strike_pct=9
szn_vsrhb_hr9=9
m1_risp_k9=9
m1_vslhb_bb9=9
m1_vsrhb_ppitches_thrown=9
since_risp_whip=9
since_vslhb_pbb=9
since_vsrhb_era=9
since_vsrhb_whip=9
ACC_old=8
szn_vslhb_pk=8
szn_vsrhb_per=8
szn_vsrhb_strike_pct=8
m1_risp_ppitches_thrown=8
m1_vslhb_whip=8
m1_vsrhb_era=8
since_risp_strike_pct=8
szn_pk=7
szn_vslhb_pstrikes_thrown=7
szn_vsrhb_pdoubles=7
szn_vsrhb_outs_pitched=7
szn_vsrhb_bb9=7
m1_risp_pballs_thrown=7
m1_vslhb_avg_against=7
m1_vsrhb_pstrikes_thrown=7
since_pstrikes_thrown=7
since_avg_against=7
since_risp_outs_pitched=7
since_vsrhb_ph=7
since_vsrhb_k9=7
since_vsrhb_avg_against=7
weight_lbs=7
szn_pbatters_faced=6
szn_risp_pstrikes_thrown=6
szn_risp_k9=6
szn_vslhb_whip=6
szn_vsrhb_ph=6
szn_vsrhb_pr=6
szn_vsrhb_whip=6
m1_strike_pct=6
m1_vslhb_pab=6
m1_vslhb_ph=6
m1_vslhb_pbatters_faced=6
m1_vsrhb_k9=6
m1_vsrhb_bb9=6
m1_vsrhb_hr9=6
since_pk=6
since_pbatters_faced=6
since_risp_bb9=6
since_vslhb_pstrikes_thrown=6
STEAL_old=5
szn_pdoubles=5
szn_strike_pct=5
szn_risp_pab=5
szn_risp_ppitches_thrown=5
szn_risp_outs_pitched=5
szn_risp_hr9=5
szn_risp_avg_against=5
szn_vslhb_pr=5
szn_vslhb_per=5
szn_vslhb_avg_against=5
szn_vsrhb_ppitches_thrown=5
szn_vsrhb_pballs_thrown=5
szn_vsrhb_avg_against=5
m1_ph=5
m1_risp_pab=5
m1_risp_avg_against=5
m1_vslhb_pballs_thrown=5
m1_vslhb_strike_pct=5
m1_vsrhb_pab=5
m1_vsrhb_ph=5
m1_vsrhb_pballs_thrown=5
m1_vsrhb_whip=5
since_pab=5
since_per=5
since_ip=5
since_risp_pbatters_faced=5
since_risp_era=5
since_vslhb_pk=5
since_vslhb_bb9=5
since_vslhb_strike_pct=5
since_vsrhb_pab=5
since_vsrhb_bb9=5
since_vsrhb_hr9=5
since_vsrhb_strike_pct=5
age=4
DISC_old=4
szn_pballs_thrown=4
szn_outs_pitched=4
szn_risp_pbb=4
szn_risp_per=4
szn_vslhb_era=4
szn_field_pct=4
m1_risp_era=4
m1_risp_bb9=4
m1_risp_strike_pct=4
since_pdoubles=4
since_risp_ph=4
since_vslhb_pbatters_faced=4
since_vslhb_pballs_thrown=4
since_vslhb_outs_pitched=4
since_vslhb_k9=4
since_vsrhb_ppitches_thrown=4
since_vsrhb_pbb=4
since_vsrhb_outs_pitched=4
VIS_old=3
SPD_old=3
FLD_old=3
ARM_old=3
szn_pa=3
szn_pab=3
szn_ph=3
szn_pbb=3
szn_vslhb_pbb=3
szn_vslhb_outs_pitched=3
szn_vsrhb_pk=3
m1_pbb=3
m1_per=3
m1_avg_against=3
m1_risp_pstrikes_thrown=3
m1_vslhb_ppitches_thrown=3
m1_vslhb_pbb=3
m1_vslhb_outs_pitched=3
m1_vsrhb_pbatters_faced=3
m1_vsrhb_ip=3
m1_vsrhb_avg_against=3
since_pbb=3
since_k9=3
since_bb9=3
since_risp_pr=3
since_vslhb_hr9=3
since_vslhb_avg_against=3
since_vsrhb_pk=3
since_vsrhb_pr=3
since_vsrhb_pbatters_faced=3
CON_L_old=2
CON_R_old=2
POW_R_old=2
CLT_old=2
szn_pr=2
szn_risp_ph=2
szn_risp_pk=2
szn_risp_pr=2
szn_risp_pbatters_faced=2
szn_vslhb_pab=2
szn_vslhb_ppitches_thrown=2
szn_vslhb_pballs_thrown=2
szn_vsrhb_pbatters_faced=2
szn_vsrhb_pstrikes_thrown=2
szn_put_outs=2
m1_risp_pk=2
m1_risp_per=2
m1_risp_outs_pitched=2
m1_risp_ip=2
m1_vslhb_pdoubles=2
m1_vslhb_era=2
m1_vslhb_hr9=2
m1_vsrhb_pk=2
since_ppitches_thrown=2
since_ph=2
since_risp_per=2
since_risp_avg_against=2
since_vslhb_pab=2
since_vslhb_ppitches_thrown=2
since_vslhb_whip=2
since_vsrhb_pstrikes_thrown=2
since_vsrhb_ip=2
szn_ptriples=1
szn_phr=1
szn_pstrikes_thrown=1
szn_risp_pdoubles=1
szn_risp_ip=1
szn_vslhb_ph=1
szn_vslhb_pdoubles=1
szn_vsrhb_pab=1
szn_vsrhb_pbb=1
szn_vsrhb_ip=1
szn_chances=1
szn_assists=1
m1_pa=1
m1_pdoubles=1
m1_pk=1
m1_pr=1
m1_bb9=1
m1_risp_ph=1
m1_risp_pr=1
m1_risp_pbatters_faced=1
m1_risp_whip=1
m1_vslhb_pk=1
m1_vslhb_per=1
m1_vslhb_ip=1
m1_vsrhb_pr=1
m1_errors=1
since_pa=1
since_ab=1
since_vslhb_ph=1
since_vslhb_pdoubles=1
since_vslhb_pr=1
since_vslhb_per=1
since_vslhb_ip=1
since_vsrhb_pdoubles=1
since_vsrhb_per=1
height_inches=1
age_sq=1

parameters:
[boosting: gbdt]
[objective: regression]
[metric: rmse,l2]
[tree_learner: serial]
[device_type: cpu]
[data_sample_strategy: bagging]
[data: ]
[valid: ]
[num_iterations: 3000]
[learning_rate: 0.03]
[num_leaves: 63]
[num_threads: 2]
[seed: 42]
[deterministic: 0]
[force_col_wise: 1]
[force_row_wise: 0]
[histogram_pool_size: -1]
[max_depth: -1]
[min_data_in_leaf: 50]
[min_sum_hessian_in_leaf: 0.001]
[bagging_fraction: 0.8]
[pos_bagging_fraction: 1]
[neg_bagging_fraction: 1]
[bagging_freq: 0]
[bagging_seed: 400]
[bagging_by_query: 0]
[feature_fraction: 0.8]
[feature_fraction_bynode: 1]
[feature_fraction_seed: 30056]
[extra_trees: 0]
[extra_seed: 12879]
[early_stopping_round: 0]
[early_stopping_min_delta: 0]
[first_metric_only: 0]
[max_delta_step: 0]
[lambda_l1: 0]
[lambda_l2: 1]
[linear_lambda: 0]
[min_gain_to_split: 0]
[drop_rate: 0.1]
[max_drop: 50]
[skip_drop: 0.5]
[xgboost_dart_mode: 0]
[uniform_drop: 0]
[drop_seed: 17869]
[top_rate: 0.2]
[other_rate: 0.1]
[min_data_per_group: 100]
[max_cat_threshold: 32]
[cat_l2: 10]
[cat_smooth: 10]
[max_cat_to_onehot: 4]
[top_k: 20]
[monotone_constraints: ]
[monotone_constraints_method: basic]
[monotone_penalty: 0]
[feature_contri: ]
[forcedsplits_filename: ]
[refit_decay_rate: 0.9]
[cegb_tradeoff: 1]
[cegb_penalty_split: 0]
[cegb_penalty_feature_lazy: ]
[cegb_penalty_feature_coupled: ]
[path_smooth: 0]
[interaction_constraints: ]
[verbosity: -1]
[saved_feature_importance_type: 0]
[use_quantized_grad: 0]
[num_grad_quant_bins: 4]
[quant_train_renew_leaf: 0]
[stochastic_rounding: 1]
[linear_tree: 0]
[max_bin: 255]
[max_bin_by_feature: ]
[min_data_in_bin: 3]
[bin_construct_sample_cnt: 200000]
[data_random_seed: 175]
[is_enable_sparse: 1]
[enable_bundle: 1]
[use_missing: 1]
[zero_as_missing: 0]
[feature_pre_filter: 1]
[pre_partition: 0]
[two_round: 0]
[header: 0]
[label_column: ]
[weight_column: ]
[group_column: ]
[ignore_column: ]
[categorical_feature: ]
[forcedbins_filename: ]
[precise_float_parser: 0]
[parser_config_file: ]
[objective_seed: 16083]
[num_class: 1]
[is_unbalance: 0]
[scale_pos_weight: 1]
[sigmoid: 1]
[boost_from_average: 1]
[reg_sqrt: 0]
[alpha: 0.9]
[fair_c: 1]
[poisson_max_delta_step: 0.7]
[tweedie_variance_power: 1.5]
[lambdarank_truncation_level: 30]
[lambdarank_norm: 1]
[label_gain: ]
[lambdarank_position_bias_regularization: 0]
[eval_at: ]
[multi_error_top_k: 1]
[auc_mu_weights: ]
[num_machines: 1]
[local_listen_port: 12400]
[time_out: 120]
[machine_list_filename: ]
[machines: ]
[gpu_platform_id: -1]
[gpu_device_id: -1]
[gpu_use_dp: 0]
[num_gpu: 1]

end of parameters

pandas_categorical:[]
