tree
version=v4
num_class=1
num_tree_per_iteration=1
label_index=0
max_feature_idx=332
objective=regression
feature_names=is_fielding age CON_L_old CON_R_old POW_L_old POW_R_old VIS_old DISC_old CLT_old SPD_old STEAL_old FLD_old ARM_old REAC_old ACC_old K/9_old BB/9_old H/9_old HR/9_old STA_old VEL_old BRK_old CTRL_old PCLT_old BNT_old DRG_BNT_old szn_pa szn_h szn_tb szn_so szn_ab szn_lob szn_avg szn_obp szn_slug szn_ops szn_k_pct szn_pab szn_ppitches_thrown szn_ph szn_pdoubles szn_ptriples szn_phr szn_pbb szn_pk szn_pr szn_per szn_pbatters_faced szn_pballs_thrown szn_pstrikes_thrown szn_outs_pitched szn_ip szn_era szn_k9 szn_bb9 szn_hr9 szn_whip szn_avg_against szn_strike_pct szn_risp_pab szn_risp_ppitches_thrown szn_risp_ph szn_risp_pdoubles szn_risp_ptriples szn_risp_phr szn_risp_pbb szn_risp_pk szn_risp_pr szn_risp_per szn_risp_pbatters_faced szn_risp_pballs_thrown szn_risp_pstrikes_thrown szn_risp_outs_pitched szn_risp_ip szn_risp_era szn_risp_k9 szn_risp_bb9 szn_risp_hr9 szn_risp_whip szn_risp_avg_against szn_risp_strike_pct szn_vslhb_pab szn_vslhb_ppitches_thrown szn_vslhb_ph szn_vslhb_pdoubles szn_vslhb_ptriples szn_vslhb_phr szn_vslhb_pbb szn_vslhb_pk szn_vslhb_pr szn_vslhb_per szn_vslhb_pbatters_faced szn_vslhb_pballs_thrown szn_vslhb_pstrikes_thrown szn_vslhb_outs_pitched szn_vslhb_ip szn_vslhb_era szn_vslhb_k9 szn_vslhb_bb9 szn_vslhb_hr9 szn_vslhb_whip szn_vslhb_avg_against szn_vslhb_strike_pct szn_vsrhb_pab szn_vsrhb_ppitches_thrown szn_vsrhb_ph szn_vsrhb_pdoubles szn_vsrhb_ptriples szn_vsrhb_phr szn_vsrhb_pbb szn_vsrhb_pk szn_vsrhb_pr szn_vsrhb_per szn_vsrhb_pbatters_faced szn_vsrhb_pballs_thrown szn_vsrhb_pstrikes_thrown szn_vsrhb_outs_pitched szn_vsrhb_ip szn_vsrhb_era szn_vsrhb_k9 szn_vsrhb_bb9 szn_vsrhb_hr9 szn_vsrhb_whip szn_vsrhb_avg_against szn_vsrhb_strike_pct szn_errors szn_chances szn_put_outs szn_assists szn_field_pct m1_pa m1_so m1_ab m1_k_pct m1_pab m1_ppitches_thrown m1_ph m1_pdoubles m1_ptriples m1_phr m1_pbb m1_pk m1_pr m1_per m1_pbatters_faced m1_pballs_thrown m1_pstrikes_thrown m1_outs_pitched m1_ip m1_era m1_k9 m1_bb9 m1_hr9 m1_whip m1_avg_against m1_strike_pct m1_risp_pab m1_risp_ppitches_thrown m1_risp_ph m1_risp_pdoubles m1_risp_ptriples m1_risp_phr m1_risp_pbb m1_risp_pk m1_risp_pr m1_risp_per m1_risp_pbatters_faced m1_risp_pballs_thrown m1_risp_pstrikes_thrown m1_risp_outs_pitched m1_risp_ip m1_risp_era m1_risp_k9 m1_risp_bb9 m1_risp_hr9 m1_risp_whip m1_risp_avg_against m1_risp_strike_pct m1_vslhb_pab m1_vslhb_ppitches_thrown m1_vslhb_ph m1_vslhb_pdoubles m1_vslhb_ptriples m1_vslhb_phr m1_vslhb_pbb m1_vslhb_pk m1_vslhb_pr m1_vslhb_per m1_vslhb_pbatters_faced m1_vslhb_pballs_thrown m1_vslhb_pstrikes_thrown m1_vslhb_outs_pitched m1_vslhb_ip m1_vslhb_era m1_vslhb_k9 m1_vslhb_bb9 m1_vslhb_hr9 m1_vslhb_whip m1_vslhb_avg_against m1_vslhb_strike_pct m1_vsrhb_pab m1_vsrhb_ppitches_thrown m1_vsrhb_ph m1_vsrhb_pdoubles m1_vsrhb_ptriples m1_vsrhb_phr m1_vsrhb_pbb m1_vsrhb_pk m1_vsrhb_pr m1_vsrhb_per m1_vsrhb_pbatters_faced m1_vsrhb_pballs_thrown m1_vsrhb_pstrikes_thrown m1_vsrhb_outs_pitched m1_vsrhb_ip m1_vsrhb_era m1_vsrhb_k9 m1_vsrhb_bb9 m1_vsrhb_hr9 m1_vsrhb_whip m1_vsrhb_avg_against m1_vsrhb_strike_pct m1_errors m1_chances m1_put_outs m1_assists m1_field_pct since_pa since_so since_ab since_k_pct since_pab since_ppitches_thrown since_ph since_pdoubles since_ptriples since_phr since_pbb since_pk since_pr since_per since_pbatters_faced since_pballs_thrown since_pstrikes_thrown since_outs_pitched since_ip since_era since_k9 since_bb9 since_hr9 since_whip since_avg_against since_strike_pct since_risp_pab since_risp_ppitches_thrown since_risp_ph since_risp_pdoubles since_risp_ptriples since_risp_phr since_risp_pbb since_risp_pk since_risp_pr since_risp_per since_risp_pbatters_faced since_risp_pballs_thrown since_risp_pstrikes_thrown since_risp_outs_pitched since_risp_ip since_risp_era since_risp_k9 since_risp_bb9 since_risp_hr9 since_risp_whip since_risp_avg_against since_risp_strike_pct since_vslhb_pab since_vslhb_ppitches_thrown since_vslhb_ph since_vslhb_pdoubles since_vslhb_ptriples since_vslhb_phr since_vslhb_pbb since_vslhb_pk since_vslhb_pr since_vslhb_per since_vslhb_pbatters_faced since_vslhb_pballs_thrown since_vslhb_pstrikes_thrown since_vslhb_outs_pitched since_vslhb_ip since_vslhb_era since_vslhb_k9 since_vslhb_bb9 since_vslhb_hr9 since_vslhb_whip since_vslhb_avg_against since_vslhb_strike_pct since_vsrhb_pab since_vsrhb_ppitches_thrown since_vsrhb_ph since_vsrhb_pdoubles since_vsrhb_ptriples since_vsrhb_phr since_vsrhb_pbb since_vsrhb_pk since_vsrhb_pr since_vsrhb_per since_vsrhb_pbatters_faced since_vsrhb_pballs_thrown since_vsrhb_pstrikes_thrown since_vsrhb_outs_pitched since_vsrhb_ip since_vsrhb_era since_vsrhb_k9 since_vsrhb_bb9 since_vsrhb_hr9 since_vsrhb_whip since_vsrhb_avg_against since_vsrhb_strike_pct szn_risp_pa szn_risp_so szn_risp_ab szn_risp_k_pct m1_risp_pa since_risp_pa height_inches weight_lbs is_sp is_rp age_sq age_bucket_young age_bucket_prime age_bucket_old
feature_infos=none [19:43] [0:87] [0:110] [0:118] [0:120] [0:72] [0:100] [0:100] [0:86] [0:99] [0:95] [0:99] [0:90] [0:92] [28:121] [6:109] [22:124] [17:100] [21:101] [-24:99] [0:99] [30:502] [6:125] [0:99] [0:62] [0:737] [0:197] [0:411] [0:190] [0:636] [0:53] [0:1] [0:1] [0:1.3333333730697632] [0:2.3333332538604736] [0:1] [0:820] [0:3348] [0:226] [0:54] [0:11] [0:44] [0:99] [0:281] [0:130] [0:124] [0:886] [0:1319] [0:2231] [0:681] [0:227] [0:81] [0:21] [0:81] [0:18] [0:12] [0:0.66666668653488159] [0:0.875] [0:193] [0:876] [0:60] [0:21] [0:4] [0:17] [0:28] [0:60] [0:94] [0:88] [0:222] [0:359] [0:538] [0:163] [0:54.099998474121094] [0:189] [0:27] [0:81] [0:36] [0:18] [0:1] [0:1] [0:443] [0:1828] [0:116] [0:33] [0:8] [0:26] [0:51] [0:141] [0:72] [0:69] [0:480] [0:653] [0:1204] [0:376] [0:125.09999847412109] [0:40.5] [0:27] [0:33.75] [0:27] [0:6] [0:1] [0:0.83333331346511841] [0:643] [0:2678] [0:165] [0:44] [0:6] [0:32] [0:78] [0:214] [0:98] [0:89] [0:698] [0:1063] [0:1783] [0:510] [0:170] [0:27] [0:27] [0:27] [0:27] [0:9] [0:1] [0:1] [0:6] [0:55] [0:32] [0:41] [0:1] [0:130] [0:39] [0:113] [0:1] [0:165] [0:662] [0:46] [0:15] [0:4] [0:13] [0:23] [0:66] [0:33] [0:29] [0:177] [0:248] [0:448] [0:143] [0:47.200000762939453] [0:81] [0:27] [0:81] [0:27] [0:13.5] [0:1] [0:0.875] [0:54] [0:204] [0:18] [0:8] [0:2] [0:6] [0:12] [0:19] [0:31] [0:26] [0:58] [0:90] [0:130] [0:44] [0:14.199999809265137] [0:243] [0:27] [0:81] [0:54] [0:15] [0:1] [0:1] [0:99] [0:401] [0:28] [0:10] [0:3] [0:8] [0:15] [0:36] [0:20] [0:20] [0:110] [0:151] [0:268] [0:83] [0:27.200000762939453] [0:67.5] [0:27] [0:54] [0:54] [0:10.5] [0:1] [0:1] [0:135] [0:579] [0:40] [0:13] [0:4] [0:9] [0:21] [0:62] [0:26] [0:26] [0:146] [0:205] [0:390] [0:110] [0:36.200000762939453] [0:81] [0:27] [0:81] [0:27] [0:15] [0:1] [0:0.94444441795349121] [0:3] [0:35] [0:15] [0:22] [0:1] [0:231] [0:60] [0:200] [0:1] [0:495] [0:2022] [0:151] [0:36] [0:5] [0:21] [0:49] [0:127] [0:89] [0:83] [0:538] [0:746] [0:1297] [0:378] [0:126] [0:94.5] [0:23.399999618530273] [0:81] [0:27] [0:13.5] [0:1] [0:0.875] [0:118] [0:509] [0:42] [0:12] [0:4] [0:7] [0:27] [0:31] [0:68] [0:62] [0:131] [0:202] [0:307] [0:90] [0:30] [0:243] [0:27] [0:81] [0:54] [0:18] [0:1] [0:1] [0:261] [0:1092] [0:70] [0:19] [0:5] [0:14] [0:29] [0:68] [0:44] [0:40] [0:284] [0:417] [0:698] [0:199] [0:66.099998474121094] [0:81] [0:27] [0:108] [0:54] [0:15] [0:1] [0:1] [0:361] [0:1644] [0:107] [0:21] [0:4] [0:19] [0:38] [0:87] [0:55] [0:52] [0:405] [0:609] [0:1035] [0:266] [0:88.199996948242188] [0:108] [0:27] [0:54] [0:36] [0:15] [0:1] [0:1] [0:177] [0:39] [0:145] [0:1] [0:34] [0:49] [67:83] [145:290] [0:1] [0:1] [361:1849] [0:1] [0:1] [0:1]
tree_sizes=5276 5496 5519 5514 5497 5503 5516 5513 5521 5516 5522 5523 5522 5530 5512 5532 5521 5545 5554 5516 5531 5552 5538 5548 5553 5539 5537 5544 5536 5578 5543 5558 5560 5544 5579 5575 5551 5552 5537 5591 5582 5568 5558 5567 5551 5548 5580 5587 5584 5570 5583 5571 5607 5563 5567 5609 5583 5580 5585 5582 5597 5606 5619 5579 5616 5589 5584 5594 5575 5567 5596 5580 5571 5589 5603

Tree=0
num_leaves=63
num_cat=0
split_feature=79 273 273 244 79 263 17 24 79 18 70 16 17 18 60 176 326 194 187 176 231 79 15 266 273 77 198 17 177 52 43 150 17 58 104 263 21 17 79 17 266 154 70 79 141 17 102 79 299 189 219 2 242 18 196 74 79 151 144 176 280 99
split_gain=118918 17439.3 12555 8375.03 9334.29 6239.46 5265.23 3098.69 2587.22 2487.38 2239.65 2210.03 2063.18 1950.1 1914.1 1500.2 1499.95 1531.43 1472.9 1383.98 1376.09 1313.36 1255.9 1243.05 1174.95 1117.95 1105.32 1039.68 1021.71 984.364 966.888 920.089 917.505 895.747 873.392 835.325 826.526 813.669 757.501 724.246 677.481 659.759 728.899 709.359 721.726 659.074 652.775 601.858 570.232 565.696 794.984 564.996 559.199 557.15 658.067 542.938 540.674 585.256 513.96 502.762 475.462 555.978
threshold=0.2434164956212044 0.26516544818878179 0.29679679870605474 20.500000000000004 0.19806650280952456 35.500000000000007 65.500000000000014 48.500000000000007 0.28140169382095342 72.500000000000014 122.50000000000001 51.500000000000007 65.500000000000014 53.500000000000007 105.50000000000001 0.4236596822738648 216.50000000000003 8.4236679077148455 2.5000000000000004 0.17519181966781619 83.500000000000014 0.19371296465396884 74.500000000000014 14.500000000000002 0.16247642785310748 0.542727291584015 0.15319426357746127 56.500000000000007 0.56446665525436412 3.5592895746231084 8.5000000000000018 6.486835479736329 72.500000000000014 0.67436435818672191 450.50000000000006 18.500000000000004 95.500000000000014 77.500000000000014 0.29860436916351324 54.500000000000007 33.500000000000007 0.21889881044626239 25.500000000000004 0.13383085280656817 18.500000000000004 84.500000000000014 0.66504260897636425 0.19462481886148456 5.5000000000000009 40.500000000000007 1.580014228820801 4.5000000000000009 97.500000000000014 73.500000000000014 3.2271428108215336 6.7887930870056161 0.18374849855899814 3.6375324726104741 50.500000000000007 0.15268065780401233 3.5000000000000004 0.35295625030994421
decision_type=2 2 2 2 2 2 2 2 2 2 2 2 2 2 2 2 2 2 2 2 2 2 2 2 2 2 2 2 2 2 2 2 2 2 2 2 2 2 2 2 2 2 2 2 2 2 2 2 2 2 2 2 2 2 2 2 2 2 2 2 2 2
left_child=1 3 8 14 5 7 11 13 12 10 22 20 40 16 -1 32 17 -5 26 34 -6 -11 25 24 51 -3 -7 -19 -9 46 -18 -30 35 38 -8 -4 55 -26 -34 -10 59 42 -33 44 -44 -21 -13 -27 -36 50 -40 -15 -43 54 -17 -25 57 -16 -53 -2 61 -37
right_child=2 9 15 4 6 18 19 28 39 21 -12 29 -14 23 56 53 30 27 -20 45 -22 -23 -24 36 37 47 -28 -29 31 -31 -32 41 33 -35 48 60 -38 -39 49 -41 -42 52 43 -45 -46 -47 -48 -49 -50 -51 -52 58 -54 -55 -56 -57 -58 -59 -60 -61 -62 -63
leaf_value=1.7067745493767024 1.8013373971252125 1.8936540469830097 1.6146055159750932 1.8353294861104565 1.9094471326959492 2.0461728495322613 1.7468180012596013 1.9607511809884697 1.672028302335264 1.7385879733292982 1.6440628631353109 1.9559879760505425 1.6545596190145084 1.8841913197867526 1.8004789790117215 1.5413727989845345 2.0008716450907862 2.1197022591932742 1.9716001047064149 1.755482591786401 2.1160502203830158 1.5815469083548082 1.6661135163680656 2.0585527271554938 1.8892809934705326 1.8507625279094722 2.2542139876275176 1.9209156651940154 1.9395639594137224 1.8073710846407562 2.1944081456834788 1.7854929252000615 1.5599624602500586 1.6199817390077582 1.9284775556872711 1.6068575344265323 1.8626434315967217 1.7560044679263864 1.373921912325075 1.5924268724794566 1.8400078080605695 1.7478596234122965 2.0197456863036298 1.8489489728565447 1.8579375488581034 1.6734204876552314 1.8208787273272002 1.7300157699048877 1.8192180037461667 1.5450192046123856 1.5294430722572481 2.013061848800048 1.8417555596436694 1.438265202268445 1.4358286267326918 1.9423128085212882 1.772541212275575 1.9246065891278148 1.896597165112583 1.7115661087691867 1.6290933447254063 1.524040055255971
leaf_weight=319 66 95 432 67 67 50 109 81 139 65 151 100 591 216 80 313 55 50 64 365 55 181 66 88 78 52 57 51 88 181 50 100 171 87 61 103 50 87 81 423 52 116 54 240 50 115 50 124 152 72 55 83 112 100 69 77 146 61 68 346 74 315
leaf_count=319 66 95 432 67 67 50 109 81 139 65 151 100 591 216 80 313 55 50 64 365 55 181 66 88 78 52 57 51 88 181 50 100 171 87 61 103 50 87 81 423 52 116 54 240 50 115 50 124 152 72 55 83 112 100 69 77 146 61 68 346 74 315
internal_value=1.73484 1.83455 1.60262 1.85984 1.87873 1.91846 1.81431 1.90235 1.66392 1.70046 1.73972 1.89595 1.69168 1.93757 1.75732 1.54974 2.00664 1.94867 2.09176 1.76804 2.00493 1.62289 1.78272 1.912 1.88682 1.81126 2.16078 2.02213 1.85944 1.85509 2.0965 1.84836 1.56586 1.53111 1.81606 1.58358 1.97332 1.81956 1.51107 1.61197 1.73904 1.83613 1.85746 1.87817 1.94387 1.73574 1.91182 1.76614 1.85127 1.4719 1.43486 1.91675 1.79425 1.50371 1.52158 2.00588 1.8134 1.85514 1.96202 1.72607 1.55664 1.54409
internal_weight=8116 4627 3489 3893 3287 2032 1255 1861 1617 734 488 453 1055 1020 606 1872 273 168 171 802 122 246 337 747 532 271 107 101 841 331 105 760 1390 466 322 924 215 165 379 562 464 672 444 344 104 480 150 176 213 208 136 367 228 482 382 165 287 141 151 412 492 418
internal_count=8116 4627 3489 3893 3287 2032 1255 1861 1617 734 488 453 1055 1020 606 1872 273 168 171 802 122 246 337 747 532 271 107 101 841 331 105 760 1390 466 322 924 215 165 379 562 464 672 444 344 104 480 150 176 213 208 136 367 228 482 382 165 287 141 151 412 492 418
is_linear=0
shrinkage=1


Tree=1
num_leaves=63
num_cat=0
split_feature=79 273 273 241 79 265 17 18 24 79 19 49 22 22 22 268 179 179 262 79 17 17 232 176 21 70 78 93 243 177 17 265 151 221 120 293 150 176 70 17 79 102 1 17 79 74 273 1 18 176 18 176 317 155 176 79 19 251 273 274 134 127
split_gain=111953 16459.9 11820.7 7795.38 7577.85 6211.21 4044.75 3788.9 2796.71 2435.13 2385.72 2359.44 2105.82 1897.16 1658.57 2007.92 1591.89 1584.1 1487.41 1475.57 1471.33 1445.17 1432.96 1271.14 1232.02 1135.04 1110.78 1105.9 1104.43 973.388 952.197 943.768 931.192 834.823 831.134 812.861 717.221 847.003 949.728 691.591 690.739 674.057 657.933 653.479 652.482 621.62 569.43 561.458 557.063 552.34 551.968 546.371 544.765 526.445 522.643 510.686 556.891 505.091 504.065 644.367 483.993 511.365
threshold=0.2434164956212044 0.2485294118523598 0.29679679870605474 24.500000000000004 0.19678585231304171 87.500000000000014 65.500000000000014 66.500000000000014 48.500000000000007 0.28140169382095342 29.500000000000004 1286.5000000000002 64.500000000000014 69.500000000000014 58.500000000000007 12.498626232147219 43.500000000000007 78.500000000000014 7.5000000000000009 0.18780940771102908 61.500000000000007 54.500000000000007 663.50000000000011 0.17519181966781619 88.500000000000014 138.50000000000003 0.93153667449951183 86.500000000000014 390.50000000000006 0.56067687273025524 73.500000000000014 34.500000000000007 3.235384583473206 0.65356904268264782 1.3530821800231936 0.73642447590827953 6.486835479736329 0.13423423469066623 21.500000000000004 50.500000000000007 0.10923295468091966 0.61513400077819835 25.500000000000004 84.500000000000014 0.29860436916351324 9.9531927108764666 0.17902930825948718 28.500000000000004 50.500000000000007 0.30602006614208227 72.500000000000014 0.15504807978868487 0.23223304003477099 0.62859907746315014 0.41277891397476202 0.22528866678476336 28.500000000000004 0.2006289288401604 0.34668803215026861 0.6912672519683839 37.500000000000007 2.5000000000000004
decision_type=2 2 2 2 2 2 2 2 2 2 2 2 2 2 2 2 2 2 2 2 2 2 2 2 2 2 2 2 2 2 2 2 2 2 2 2 2 2 2 2 2 2 2 2 2 2 2 2 2 2 2 2 2 2 2 2 2 2 2 2 2 2
left_child=1 3 9 27 5 8 22 11 13 12 44 14 30 16 15 -3 -5 24 48 33 -7 -19 25 35 32 34 -16 -1 -22 -10 51 42 -18 -9 -6 47 -31 38 -38 -11 -15 -40 -23 -25 54 57 -42 -8 -12 -21 -51 -2 -43 -41 -4 56 -28 -36 -20 -60 61 -29
right_child=2 7 10 4 6 20 23 19 29 39 18 -13 -14 40 26 -17 17 21 58 49 28 31 -24 43 -26 -27 55 60 -30 36 -32 -33 -34 -35 45 -37 37 -39 41 53 46 52 -44 -45 -46 -47 -48 -49 -50 50 -52 -53 -54 -55 -56 -57 -58 -59 59 -61 -62 -63
leaf_value=-0.02861866296827793 0.099183284603569594 0.30681544118457366 -0.14590832909399812 0.060872613349213053 0.044225152896510231 0.47084441249487824 0.18284959665044795 -0.06702451668553433 0.22138865902312571 -0.036948985876860442 -0.060038153206715815 -0.11404795844163468 -0.082575703947270498 0.199182972702384 0.15321738265062632 0.063655865033195438 0.27584942078590391 0.3228259214878082 -0.15136994533932085 -0.065836077252311026 0.19387778558514335 0.031130149841308595 0.30228421835404523 0.026971423922576634 0.18272921398282049 0.0010113446151509004 -0.036959118716797586 0.1561934844974209 0.38488654186140819 0.18928904632290641 -0.070869275702804824 0.21623386676374234 0.4339434102773666 0.082981886774688568 0.28644877416602638 0.031727989700597682 0.039086129028350118 0.062555328293400964 0.24789290869235991 -0.080978330509431318 0.13208007700788749 0.15916599559366323 0.1648378291319717 -0.059560212110384148 -0.25051474422430819 0.12303080304747536 0.021654479319261292 0.075909240402511707 -0.13405414041367972 -0.066304415776616055 -0.18076775434613226 0.0080357911473228818 0.045185201434561832 -0.15218940300515718 -0.26277253196519962 -0.066962436642497777 0.08230622846294533 0.17032053284347057 -0.1891038157382802 -0.29907011638253417 0.001230119078055672 0.033036841546234326
leaf_weight=269 72 53 131 51 53 60 85 58 78 80 121 66 548 99 56 72 84 74 290 222 65 54 52 320 59 50 58 67 52 90 121 208 69 76 58 147 79 313 59 133 156 156 87 103 416 125 58 96 409 62 104 314 51 349 50 63 87 99 397 58 68 56
leaf_count=269 72 53 131 51 53 60 85 58 78 80 121 66 548 99 56 72 84 74 290 222 65 54 52 320 59 50 58 67 52 90 121 208 69 76 58 147 79 313 59 133 156 156 87 103 416 125 58 96 409 62 104 314 51 349 50 63 87 99 397 58 68 56
internal_value=1.43597e-05 0.09676 -0.128278 0.126027 0.142671 0.178293 0.0825423 -0.0125974 0.161667 -0.0688002 -0.179589 0.0506225 -0.0418641 0.195508 0.0787822 0.168372 0.223545 0.236493 -0.156147 -0.0676942 0.347845 0.20194 0.155012 0.0402228 0.304164 0.134389 0.0358874 0.0105468 0.281313 0.120552 0.00221575 0.175459 0.349502 0.0180382 0.154234 0.0844499 0.109755 0.0986063 0.131038 -0.119201 0.133543 0.158098 0.11421 0.00581029 -0.229308 0.17468 0.102392 0.126859 -0.117301 -0.0972731 -0.138669 0.0252498 0.131436 -0.132748 -0.179458 0.00371657 0.0346737 0.214763 -0.183589 -0.203747 0.0655684 0.100841
internal_weight=8116 4627 3489 3650 3190 2002 1188 977 1825 1617 1872 455 1055 999 389 125 686 635 1275 522 177 423 437 751 212 385 264 460 117 826 507 349 153 134 335 328 748 658 345 562 313 266 141 423 597 282 214 181 530 388 166 386 207 482 181 208 145 157 745 455 191 123
internal_count=8116 4627 3489 3650 3190 2002 1188 977 1825 1617 1872 455 1055 999 389 125 686 635 1275 522 177 423 437 751 212 385 264 460 117 826 507 349 153 134 335 328 748 658 345 562 313 266 141 423 597 282 214 181 530 388 166 386 207 482 181 208 145 157 745 455 191 123
is_linear=0
shrinkage=0.03


Tree=2
num_leaves=63
num_cat=0
split_feature=79 23 79 23 243 23 79 23 88 23 23 79 23 23 79 79 72 23 315 79 210 231 120 327 216 266 23 79 79 79 79 70 23 272 187 171 23 39 23 104 19 273 23 4 50 24 92 23 61 23 23 79 3 23 254 79 71 69 113 296 79 17
split_gain=105386 30382.2 16179.2 14117.7 11292.7 14828.7 10971.4 7089.44 6921.21 5498.14 4327.45 4028.94 3896.15 3533.57 3379.85 2794.24 2612.11 2581.75 2131.98 1895.66 1713.37 2824.53 1666.87 1441.52 1665.1 1327.77 1223.99 1099.07 1018.84 991.271 970.065 1074.37 961.176 920.361 909.481 907.497 906.011 903.658 862.323 829.347 828.834 784.111 778.961 776.814 764.291 736.885 702.656 651.171 640.393 607.328 592.629 588.19 568.391 567.487 566.312 563.528 533.391 533.373 532.229 530.002 519.971 519.223
threshold=0.2434164956212044 71.500000000000014 0.19371296465396884 59.500000000000007 57.500000000000007 52.500000000000007 0.27978494763374334 39.500000000000007 14.500000000000002 86.500000000000014 98.500000000000014 0.21575680375099185 76.500000000000014 51.500000000000007 0.27681092917919164 0.21317502111196521 25.500000000000004 45.500000000000007 1.3416666984558108 0.16447026282548907 34.500000000000007 76.500000000000014 3.4868334531784062 1.0000000180025095e-35 10.556046009063722 4.5000000000000009 60.500000000000007 0.17262665182352069 0.3003759384155274 0.30247858166694647 0.17089217156171801 48.500000000000007 41.500000000000007 1.1213235259056094 2.5000000000000004 36.321428298950202 92.500000000000014 53.500000000000007 77.500000000000014 279.50000000000006 57.500000000000007 0.31311275064945226 87.500000000000014 1.0000000180025095e-35 176.50000000000003 56.500000000000007 136.50000000000003 68.500000000000014 8.5000000000000018 79.500000000000014 92.500000000000014 0.22866480052471164 2.5000000000000004 111.50000000000001 81.500000000000014 0.25937646627426153 62.500000000000007 48.500000000000007 136.50000000000003 0.68436717987060558 0.2145502641797066 82.500000000000014
decision_type=2 2 2 2 2 2 2 2 2 2 2 2 2 2 2 2 2 2 2 2 2 2 2 2 2 2 2 2 2 2 2 2 2 2 2 2 2 2 2 2 2 2 2 2 2 2 2 2 2 2 2 2 2 2 2 2 2 2 2 2 2 2
left_child=1 4 10 6 39 7 13 -6 18 15 25 16 14 32 47 49 40 29 23 53 27 37 46 24 -9 -3 57 -18 -19 -8 31 45 -2 -29 54 48 60 -22 -17 -1 52 -14 -32 -42 -23 -27 -10 -5 -16 -4 61 -28 -7 -12 -33 -15 -30 -13 -34 -31 -11 -43
right_child=3 2 9 12 5 11 17 8 22 36 19 26 41 55 35 38 20 28 -20 -21 21 44 -24 -25 -26 30 51 33 56 59 42 34 58 -35 -36 -37 -38 -39 -40 -41 43 50 -44 -45 -46 -47 -48 -49 -50 -51 -52 -53 -54 -55 -56 -57 -58 -59 -60 -61 -62 -63
leaf_value=-0.025616954031549854 0.23212283708620815 0.038401432193138386 0.084133983082764846 -0.076101791691677328 0.61373346805572504 0.13113446963684899 0.025477975019637274 0.39453850037377813 0.29555169126679814 -0.073593615249351207 0.06837006349427005 0.078920316002262181 -0.20960150225838617 0.02982247599829798 -0.14547441202982336 -0.033427800514927018 0.385869935796811 -0.091469519360333068 0.09478273739603077 -0.13208542968984693 0.028419480530643151 0.18185864610487923 0.59109921050521563 0.15613615197794778 0.17908842990615148 0.15544656888116151 0.085221054267082638 0.30387515781698998 -0.12657002607981366 -0.098247918462753298 0.12056369546503909 0.19500028896399518 0.053800194680163289 0.13280587680199565 0.1264233989337849 -0.30930586089380085 -0.23384841698851133 0.18103192755154202 -0.12057087707476545 0.10536020552212337 0.032728480110402969 -0.30585568687388004 0.020949568706949098 0.14910895266457572 0.31788366185663974 0.051332950456575911 0.46068158764105577 -0.13915066647935997 -0.20901133686304091 -0.0024142439266585788 -0.38724767554481077 0.0019958099837326473 0.2295848385199725 -0.043963159744402971 0.31395013495495444 -0.055420993074272451 -0.19471236937032069 0.19641529963457885 0.15627684506811673 0.0077850788481095244 -0.18510736193656921 -0.20404691668443903
leaf_weight=242 63 175 155 347 68 167 101 91 61 80 134 66 200 114 225 203 77 195 106 89 94 67 52 83 54 127 133 73 161 274 206 131 112 50 128 63 147 55 207 52 121 130 108 90 102 120 51 263 459 137 52 178 82 57 56 177 340 78 78 50 74 85
leaf_count=242 63 175 155 347 68 167 101 91 61 80 134 66 200 114 225 203 77 195 106 89 94 67 52 83 54 127 133 73 161 274 206 131 112 50 128 63 147 55 207 52 121 130 108 90 102 120 51 263 459 137 52 178 82 57 56 177 340 78 78 50 74 85
internal_value=2.75469e-05 0.0938928 0.0176803 -0.124445 0.171426 0.196947 -0.061228 0.326914 0.286598 -0.0732669 0.0862189 0.145421 -0.182086 0.0492584 -0.156139 -0.0271782 0.179726 -0.114841 0.207178 -0.0185324 0.226019 0.181649 0.446109 0.25879 0.316078 0.114117 0.0714503 0.295312 -0.150401 -0.0563906 0.129182 0.152846 0.131028 0.235967 0.189696 -0.198955 -0.18031 0.0855843 -0.0776107 -0.0021723 0.127219 -0.256985 0.0864768 0.0828386 0.265344 0.105276 0.374156 -0.103468 -0.188354 0.0436578 -0.291564 0.0377464 0.164345 0.0347922 0.232102 -0.0220389 -0.17311 0.143479 0.0964675 -0.0819112 -0.128027 -0.266737
internal_weight=8116 4627 2334 3489 2293 1999 1665 566 498 1003 1331 1433 1824 544 1357 702 978 1121 334 280 518 318 164 228 145 1051 455 200 696 425 876 562 253 123 315 747 301 149 410 294 460 467 314 211 169 247 112 610 684 292 267 311 249 191 187 291 501 144 190 324 154 215
internal_count=8116 4627 2334 3489 2293 1999 1665 566 498 1003 1331 1433 1824 544 1357 702 978 1121 334 280 518 318 164 228 145 1051 455 200 696 425 876 562 253 123 315 747 301 149 410 294 460 467 314 211 169 247 112 610 684 292 267 311 249 191 187 291 501 144 190 324 154 215
is_linear=0
shrinkage=0.03


Tree=3
num_leaves=63
num_cat=0
split_feature=273 23 78 310 78 78 259 23 23 273 254 23 76 23 23 23 259 23 61 249 76 78 78 23 24 273 78 176 176 87 76 78 76 78 74 43 93 78 273 93 74 78 17 23 123 76 78 307 149 23 20 39 252 76 78 8 273 285 176 78 76 78
split_gain=86411.2 14695.3 13041.6 10499 6736.07 6366.58 4697.76 4696.89 4428.77 4254.01 3328.35 3100.87 2874.52 2508.91 2506.55 2424.06 2590.07 2135.63 2005.44 1966.26 1778.13 1768.19 1684.68 1658.11 1505.17 1463.43 1377.24 1305.27 1280.71 1217.01 1207.26 1173.02 1079.3 1167.73 1033.43 1305.91 1003.68 2437.28 1650.44 966.427 999.92 834.872 817.251 809.671 937.521 854.524 803.903 787.173 780.882 744.339 703.073 671.305 729.296 656.631 840.138 632.021 628.532 625.005 619.022 585.405 829.755 580.567
threshold=0.25137363374233251 52.500000000000007 1.2024590373039248 11.500000000000002 1.3916521668434145 1.4009345769882204 3.5000000000000004 46.500000000000007 71.500000000000014 0.19821428507566455 14.500000000000002 39.500000000000007 4.0559735298156747 73.500000000000014 76.500000000000014 75.500000000000014 2.5000000000000004 50.500000000000007 5.5000000000000009 0.35763157904148107 3.3087216615676884 1.0442110300064089 1.580014228820801 74.500000000000014 49.500000000000007 0.30368906259536749 0.97332859039306652 0.22361110895872119 0.15849281847476962 4.5000000000000009 8.1313953399658221 1.3916521668434145 5.3767242431640634 1.3114224076271059 11.374292850494387 11.500000000000002 130.50000000000003 1.1060296297073366 0.13840996474027636 154.50000000000003 8.2770967483520526 1.5543811321258547 82.500000000000014 92.500000000000014 0.22648879885673526 3.1416852474212651 1.649175822734833 11.500000000000002 6.2434334754943857 91.500000000000014 75.500000000000014 22.500000000000004 0.63863280415534984 6.6309928894042978 1.5604053735733034 1.5000000000000002 0.15707236528396609 12.500000000000002 0.30602006614208227 0.83419242501258861 2.8489371538162236 0.96058252453804027
decision_type=2 2 2 2 2 2 2 2 2 2 2 2 2 2 2 2 2 2 2 2 2 2 2 2 2 2 2 2 2 2 2 2 2 2 2 2 2 2 2 2 2 2 2 2 2 2 2 2 2 2 2 2 2 2 2 2 2 2 2 2 2 2
left_child=1 3 9 -1 8 6 11 41 17 10 47 -5 31 22 25 16 24 29 -7 -13 21 -19 32 34 56 -9 58 53 -17 -2 -24 -4 33 -14 35 -11 38 -38 -21 -18 -41 -6 -16 45 -45 -28 -20 -3 -27 -44 -8 -50 -53 -15 -55 -34 57 -12 -10 -25 -61 -37
right_child=4 2 12 5 7 18 50 14 26 23 15 19 13 27 42 28 39 20 46 36 -22 -23 30 59 -26 48 43 -29 -30 -31 -32 -33 55 -35 -36 61 37 -39 -40 40 -42 -43 49 44 -46 -47 -48 -49 51 -51 -52 52 -54 54 -56 -57 -58 -59 -60 60 -62 -63
leaf_value=-0.00024505550463994343 -0.0060072856585858224 -0.042436488987657964 -0.061027602126652536 0.44947878399137725 0.042713354202417224 0.26492850068605167 0.37425753698326075 -0.10026853799067607 0.019777244541600538 0.027042153229671267 0.11086489410051759 0.33116535793457708 0.13339242647523467 -0.060402705239144386 -0.30327957282979762 0.11763878355810077 0.16969697094675321 0.053374743187558596 0.10675137313636573 0.24838305689137555 0.055606602959726983 -0.10450841210344258 -0.092075685221287937 0.047405324475518588 0.09357728024345377 -0.15499484646408718 -0.16445851505200065 -0.13914758952318038 0.033654167504533178 0.17798180317429646 0.066576018755634625 -0.18000270791790066 0.086383224144846824 -0.020664329715673963 -0.016751790933992473 0.23196240025758744 0.35837284168175287 0.1049613973030022 0.046611386779511328 0.41257689510072981 0.22890013232827186 -0.076987911597270822 -0.15502500454762153 -0.12871080822178294 -0.30961854869464656 -0.076674373379397767 -0.019665527401806472 0.072088092335678158 -0.1440465955067389 -0.2853175671954653 0.5535554219616784 -0.18990391177131974 -0.29661635309457779 0.10317668658154813 -0.050420299828052517 0.20428099827766416 0.10900146896580615 0.2308568868327317 -0.10952012576289095 -0.10003054372966289 0.01035915771528609 0.1114003196034101
leaf_weight=224 58 126 285 58 64 52 51 306 76 123 52 97 68 150 153 538 66 80 110 57 132 305 107 86 344 606 224 112 236 72 71 101 96 123 88 59 69 69 100 55 62 276 111 55 52 185 76 93 100 66 53 138 113 68 59 74 82 202 58 118 126 100
leaf_count=224 58 126 285 58 64 52 51 306 76 123 52 97 68 150 153 538 66 80 110 57 132 305 107 86 344 606 224 112 236 72 71 101 96 123 88 59 69 69 100 55 62 276 111 55 52 185 76 93 100 66 53 138 113 68 59 74 82 202 58 118 126 100
internal_value=4.00435e-05 0.0796247 0.0529399 0.181116 -0.120334 0.232346 0.288062 -0.155821 -0.0673677 0.0924144 0.116174 0.245057 -0.0238581 0.00478012 -0.17742 0.13086 0.16547 -0.0117628 0.101993 0.213744 -0.039113 -0.0716482 0.0466505 0.0293406 0.138137 -0.15793 -0.122613 -0.0532064 0.0921075 0.0964751 -0.0287749 -0.0925431 0.0838175 0.0345922 0.0728612 0.100786 0.174147 0.233334 0.120974 0.265732 0.318009 -0.0543967 -0.251312 -0.14484 -0.218681 -0.125036 0.0552682 0.00630385 -0.176244 -0.204939 0.470032 -0.212385 -0.238932 -0.0180821 0.0319842 0.138598 0.183344 0.206823 -0.036584 -0.019528 -0.0432164 0.157307
internal_weight=8116 4886 3870 1016 3230 792 554 1933 1297 2556 1856 450 1314 928 1593 1637 863 647 238 392 517 385 539 700 680 1263 650 389 774 130 178 386 361 191 370 282 295 138 157 183 117 340 330 516 107 409 186 219 957 177 104 351 251 277 127 170 336 254 134 330 244 159
internal_count=8116 4886 3870 1016 3230 792 554 1933 1297 2556 1856 450 1314 928 1593 1637 863 647 238 392 517 385 539 700 680 1263 650 389 774 130 178 386 361 191 370 282 295 138 157 183 117 340 330 516 107 409 186 219 957 177 104 351 251 277 127 170 336 254 134 330 244 159
is_linear=0
shrinkage=0.03


Tree=4
num_leaves=63
num_cat=0
split_feature=79 23 23 79 79 117 23 92 23 79 23 23 23 79 73 327 316 23 231 201 23 79 315 119 79 79 244 39 266 171 23 128 79 79 96 79 4 7 176 19 199 23 146 244 23 276 69 101 55 137 61 79 25 79 23 122 296 71 146 244 78 82
split_gain=94804.9 24853.9 14151.5 14089.1 10743.2 9851.56 14384.6 6360.1 5166.42 5402.15 3431.85 3302.52 2972 2930.38 3115.92 2477.39 2351.05 2269.86 1975.39 2991.52 1865.65 1721.1 1719.71 2152.62 1356.61 1224.68 1203.08 1110.13 1070.3 1007.21 939.613 926.01 994.768 910.945 896.934 892.264 890.765 967.459 877.198 799.765 763.024 750.028 704.653 886.906 684.874 684.579 653.695 651.895 624.69 623.648 605.555 585.392 579.569 557.732 532.033 530.567 494.965 492.399 462.139 445.122 440.532 437.083
threshold=0.23354978114366534 75.500000000000014 59.500000000000007 0.27978494763374334 0.19371296465396884 3.6000000238418584 52.500000000000007 93.500000000000014 76.500000000000014 0.26692113280296331 51.500000000000007 98.500000000000014 86.500000000000014 0.20941306650638583 8.1500000953674334 1.0000000180025095e-35 1.143797039985657 45.500000000000007 76.500000000000014 145.50000000000003 60.500000000000007 0.16447026282548907 1.2908571362495425 9.9026627540588397 0.21658075600862506 0.25652371346950537 49.500000000000007 53.500000000000007 4.5000000000000009 36.321428298950202 68.500000000000014 4.5000000000000009 0.25937646627426153 0.3003759384155274 3.4868334531784062 0.30247858166694647 1.5000000000000002 15.500000000000002 0.15075758099555972 57.500000000000007 0.60876423120498668 92.500000000000014 305.50000000000006 94.500000000000014 92.500000000000014 45.500000000000007 48.500000000000007 0.14901354163885119 1.0576726794242861 1.5000000000000002 8.5000000000000018 0.24452438205480578 23.500000000000004 0.17677696049213412 111.50000000000001 1.0600751638412478 0.68436717987060558 62.500000000000007 135.50000000000003 20.500000000000004 1.0856566429138186 100.50000000000001
decision_type=2 2 2 2 2 2 2 2 2 2 2 2 2 2 2 2 2 2 2 2 2 2 2 2 2 2 2 2 2 2 2 2 2 2 2 2 2 2 2 2 2 2 2 2 2 2 2 2 2 2 2 2 2 2 2 2 2 2 2 2 2 2
left_child=1 5 3 10 11 -1 7 15 9 30 31 28 24 14 36 22 -9 35 19 34 46 54 23 -7 -6 -12 -17 -21 59 50 51 58 -33 -19 53 -5 39 48 61 45 -20 55 43 -42 -14 -8 -15 -47 -38 -49 -11 -4 -52 -16 -13 -10 -37 -35 -2 -3 -40 -30
right_child=2 4 8 17 12 6 13 16 41 29 25 21 44 20 18 26 -18 33 40 27 -22 -23 -24 -25 -26 -27 -28 -29 38 -31 -32 32 -34 57 -36 56 37 -39 60 -41 42 -43 -44 -45 -46 47 -48 49 -50 -51 52 -53 -54 -55 -56 -57 -58 -59 -60 -61 -62 -63
leaf_value=-0.029030680829608763 0.053259080864280182 -0.023983270950042285 0.019780901847407221 0.023640890450162044 0.015015266194586225 0.45180312387486721 0.023019452140881462 0.35097126562613995 -0.16854504612476928 -0.13177248584307155 0.068248511226847774 0.064705672440739964 -0.10853166970869768 0.10061662582974686 0.35717737107049852 0.02908620747072356 0.59069960539599498 -0.086466830092083127 0.18201598656711293 0.007766928236480012 0.042213541830253859 -0.12682114447311807 0.17358970304610022 0.23107222684018022 -0.095591172722252926 -0.046372328876559413 0.22243735916191532 0.15647528499364852 0.071984755803238251 -0.29479676617817446 -0.10595165852556747 0.30122848006914243 0.13041320240745941 -0.11899398799295778 0.14221847164219822 -0.094035664805498978 0.25465227385549694 0.049534635904889837 0.098632351176692515 0.027250532855590183 0.2737748062610626 -0.31354192121097674 0.22296903167081916 0.45100447107763852 -0.20599474075165661 0.063211586399511854 0.24347893691292177 0.26531603535016374 0.12270028173923492 0.11648523045910729 -0.20704642941554385 -0.060973268377493658 -0.13520105034112931 0.22733051948733143 -0.044050818921933917 -0.24261904792421182 0.0084164707099690147 -0.18440460897785477 0.15386266863864401 0.079920848384499546 0.01936426129770176 0.15870750856493507
leaf_weight=221 106 77 119 101 252 93 51 79 137 259 143 134 137 56 62 55 82 195 66 98 368 89 70 76 164 200 61 83 65 65 308 52 80 161 57 274 85 51 242 143 68 103 68 50 131 54 64 53 57 53 413 248 145 76 57 313 50 340 68 70 86 332
leaf_count=221 106 77 119 101 252 93 51 79 137 259 143 134 137 56 62 55 82 195 66 98 368 89 70 76 164 200 61 83 65 65 308 52 80 161 57 274 85 51 242 143 68 103 68 50 131 54 64 53 57 53 413 248 145 76 57 313 50 340 68 70 86 332
internal_value=4.77124e-05 0.0981671 -0.107072 -0.0444805 0.0150684 0.161705 0.181054 0.319367 -0.159532 -0.1314 0.0666935 0.0709653 -0.0790399 0.137972 0.163646 0.24721 0.475962 -0.108846 0.209284 0.164902 0.075947 -0.0186249 0.302446 0.354483 -0.0287139 0.00147368 0.131794 0.0764442 0.0997212 -0.180265 -0.0673783 0.139556 0.199463 -0.14219 0.2462 -0.0540357 0.110963 0.162848 0.114673 0.0822958 0.274591 -0.238357 0.306292 0.352031 -0.156761 0.119297 0.178192 0.149652 0.202914 0.192685 -0.170804 -0.0348061 -0.188652 0.287817 0.0321892 -0.220491 -0.0782479 -0.163663 0.09323 0.0257006 0.0779707 0.144725
internal_weight=8116 4236 3880 1770 1836 2400 2179 516 2110 1557 649 1152 684 1663 1175 355 161 1121 628 376 488 280 239 169 416 343 116 181 872 882 675 306 132 696 195 425 547 193 725 354 252 553 186 118 268 211 120 160 142 106 817 367 558 138 191 450 324 501 174 147 328 397
internal_count=8116 4236 3880 1770 1836 2400 2179 516 2110 1557 649 1152 684 1663 1175 355 161 1121 628 376 488 280 239 169 416 343 116 181 872 882 675 306 132 696 195 425 547 193 725 354 252 553 186 118 268 211 120 160 142 106 817 367 558 138 191 450 324 501 174 147 328 397
is_linear=0
shrinkage=0.03


Tree=5
num_leaves=63
num_cat=0
split_feature=79 23 23 79 79 212 23 92 23 79 23 23 23 79 72 213 23 2 244 289 210 23 79 154 231 79 79 266 179 189 5 79 171 38 128 79 79 79 176 1 122 272 40 55 23 61 25 189 23 69 23 71 91 79 146 20 79 244 23 22 317 97
split_gain=89245.2 23407.5 13321.5 13263.1 10111.8 9328.34 14073.8 6065.63 4863.11 5089.03 3231.94 3108.71 2797.67 2597 3284.54 2370.97 2136.33 1920.98 1967.44 1909.67 1800.05 1756.71 1646.53 1609.31 1579.08 1284.45 1156.88 1007.11 981.802 2228.69 927.572 915.963 914.107 891.284 872.334 937.378 857.218 839.784 825.524 711.836 709.794 702.333 669.296 646.011 644.715 602.128 602.846 568.567 564.08 504.994 466.618 463.202 445.621 481.066 435.293 430.611 428.4 419.173 417.526 498.769 413.44 413.269
threshold=0.23354978114366534 75.500000000000014 59.500000000000007 0.27978494763374334 0.19371296465396884 26.500000000000004 52.500000000000007 93.500000000000014 76.500000000000014 0.26933041214942938 51.500000000000007 98.500000000000014 86.500000000000014 0.20941306650638583 25.500000000000004 35.500000000000007 45.500000000000007 12.500000000000002 23.500000000000004 12.050000190734865 36.500000000000007 60.500000000000007 0.17614738643169406 0.16336341947317126 76.500000000000014 0.21222499012947085 0.25463122129440313 4.5000000000000009 65.500000000000014 31.500000000000004 1.5000000000000002 0.24499800056219104 36.321428298950202 1157.5000000000002 4.5000000000000009 0.25937646627426153 0.3003759384155274 0.30247858166694647 0.15075758099555972 27.500000000000004 1.0600751638412478 1.2529069781303408 7.5000000000000009 1.0787324309349062 92.500000000000014 8.5000000000000018 23.500000000000004 75.500000000000014 69.500000000000014 48.500000000000007 37.500000000000007 62.500000000000007 33.500000000000007 0.17089217156171801 135.50000000000003 65.500000000000014 0.11583184450864793 20.500000000000004 86.500000000000014 70.500000000000014 0.24336075037717822 8.573949337005617
decision_type=2 2 2 2 2 2 2 2 2 2 2 2 2 2 2 2 2 2 2 2 2 2 2 2 2 2 2 2 2 2 2 2 2 2 2 2 2 2 2 2 2 2 2 2 2 2 2 2 2 2 2 2 2 2 2 2 2 2 2 2 2 2
left_child=1 5 3 10 11 -1 7 17 9 31 34 27 25 14 30 -9 37 18 -7 20 41 49 56 -20 33 -6 -12 57 -25 -30 39 -4 45 -22 54 -36 -18 -5 52 -8 -10 42 -16 -32 -14 -11 -47 -21 -33 -15 -39 60 -29 -54 -2 -41 -13 -3 -42 -60 -38 -57
right_child=2 4 8 16 12 6 13 15 40 32 26 22 44 21 19 -17 36 -19 23 47 24 -23 -24 28 -26 -27 -28 38 29 -31 43 48 -34 -35 35 -37 51 50 -40 55 58 -43 -44 -45 -46 46 -48 -49 -50 -51 -52 -53 53 -55 -56 61 -58 -59 59 -61 -62 -63
leaf_value=-0.018821714645745804 0.051676240502116839 -0.023272997198196557 -0.019171031883511786 0.022938617029610801 0.024814546952050837 0.10381958926425261 0.012263171898352132 0.55956260744297859 -0.17484908162604404 -0.12835581652967357 0.071641882071627014 0.075204919921113306 -0.10529931281571801 0.10443084756533304 0.31563717139733799 0.30680888932326744 -0.083886060347894614 0.092449681442230938 0.46473703024479057 0.36105357105915359 0.025034721321426333 0.041632048430616519 -0.16529893186959352 0.15887846696057489 0.23135650692617191 -0.080397743507863231 -0.041554631404230526 0.082752255651446949 0.47148985561202555 0.21155273115634918 0.20316548741069332 -0.065306205141463694 -0.28608686220916835 0.16275717101313852 0.29236213256727978 0.12654910900526578 -0.17368247452107344 -0.015781619887927482 0.075642314221919443 0.18051876078236778 -0.22578670056398248 0.14229741033580567 0.1791989228129387 0.090434539958282753 -0.19986171651970255 -0.205302965763871 -0.13053292531626565 0.22821422936486416 -0.13263624269248517 0.23312975795008242 -0.097477900247444169 -0.17888869481964192 0.18220557627327943 0.095667206830838139 0.14931368708610535 0.13331862683857187 -0.011782116944661105 0.07755699310923965 -0.36929585395674958 -0.24793799403011796 -0.074631357690722669 0.04544380796880558
leaf_weight=244 106 77 233 101 208 50 110 100 157 252 130 76 137 53 110 57 195 63 51 77 119 358 54 55 84 208 213 96 50 79 115 290 65 65 52 80 65 86 328 52 241 53 53 80 131 392 139 60 186 63 238 340 217 84 68 84 150 70 56 99 96 115
leaf_count=244 106 77 233 101 208 50 110 100 157 252 130 76 137 53 110 57 195 63 51 77 119 358 54 55 84 208 213 96 50 79 115 290 65 65 52 80 65 86 328 52 241 53 53 80 131 392 139 60 186 63 238 340 217 84 68 84 150 70 56 99 96 115
internal_value=6.04045e-05 0.0952593 -0.103871 -0.0431425 0.0146148 0.15692 0.176809 0.315328 -0.154769 -0.127476 0.0647232 0.0688442 -0.076686 0.134274 0.158163 0.470321 -0.105593 0.244256 0.277372 0.205613 0.176924 0.0747484 -0.0180774 0.313702 0.124206 -0.0278582 0.00143138 0.0967435 0.269553 0.315155 0.104892 -0.0680185 -0.177049 0.0743035 0.135432 0.193576 -0.137941 -0.052419 0.111248 0.076056 -0.231246 0.241459 0.272637 0.157614 -0.152093 -0.167644 -0.186013 0.304951 -0.0918387 0.175723 -0.0759084 -0.158772 0.140401 0.158452 0.0904686 0.103853 0.0176726 0.0249409 -0.253108 -0.29387 -0.115446 0.0830178
internal_weight=8116 4236 3880 1770 1836 2400 2156 505 2110 1557 649 1152 684 1651 1177 157 1121 348 285 621 484 474 280 235 268 416 343 872 184 129 556 709 848 184 306 132 696 425 725 361 553 216 163 195 268 783 531 137 476 116 324 501 397 301 174 251 226 147 396 155 161 199
internal_count=8116 4236 3880 1770 1836 2400 2156 505 2110 1557 649 1152 684 1651 1177 157 1121 348 285 621 484 474 280 235 268 416 343 872 184 129 556 709 848 184 306 132 696 425 725 361 553 216 163 195 268 783 531 137 476 116 324 501 397 301 174 251 226 147 396 155 161 199
is_linear=0
shrinkage=0.03


Tree=6
num_leaves=63
num_cat=0
split_feature=176 78 78 23 23 309 23 76 23 176 76 87 169 23 78 246 74 76 23 78 23 78 69 58 78 23 23 237 78 171 65 74 266 78 23 190 23 78 23 61 17 149 173 76 76 76 76 141 282 15 176 201 83 23 76 78 78 23 293 218 78 23
split_gain=56467.7 15404.6 7407.07 8055.56 6884.38 10564.2 6043.85 3648.91 3298.56 3165.49 2969.22 2832.58 2715.4 2515.08 2392.06 2382.07 2375.39 2189.89 2122.08 1898.7 1713.05 1707.29 1543.1 1533.6 1477.79 1443.85 1396.08 1359.86 1149.52 1137.52 1432.72 1049.82 1021.75 992.092 985.328 981.186 966.473 922.518 919.784 888.476 885.135 848.365 778.591 757.875 731.948 730.121 726.817 687.773 686.16 666.626 651.43 644.467 765.747 600.872 677.697 612.199 577.039 572.77 544.005 532.477 532.204 520.873
threshold=0.26006440818309789 1.2279220819473269 1.4791626334190371 51.500000000000007 52.500000000000007 44.500000000000007 54.500000000000007 2.758232951164246 59.500000000000007 0.19399641454219821 5.1500802040100107 8.5000000000000018 2.5000000000000004 76.500000000000014 1.580014228820801 1.5976890325546267 9.8296518325805682 3.6758605241775517 66.500000000000014 1.0404081344604494 75.500000000000014 1.3916521668434145 31.500000000000004 0.64959043264389049 1.3262522816658022 37.500000000000007 85.500000000000014 13.500000000000002 1.5656968951225283 3.4483696222305302 3.5000000000000004 9.6344723701477069 14.500000000000002 1.2121521830558779 103.50000000000001 52.500000000000007 76.500000000000014 0.93153667449951183 81.500000000000014 15.500000000000002 82.500000000000014 6.2938356399536142 3.2563636302948002 6.7855262756347665 6.5565109252929696 3.5141164064407353 2.8761702775955205 14.500000000000002 10.500000000000002 51.500000000000007 0.44222222268581396 146.50000000000003 4.5000000000000009 83.500000000000014 3.4415861368179326 1.0372101068496706 1.23606812953949 70.500000000000014 0.59347826242446911 0.75350466370582592 1.4508064985275271 46.500000000000007
decision_type=2 2 2 2 2 2 2 2 2 2 2 2 2 2 2 2 2 2 2 2 2 2 2 2 2 2 2 2 2 2 2 2 2 2 2 2 2 2 2 2 2 2 2 2 2 2 2 2 2 2 2 2 2 2 2 2 2 2 2 2 2 2
left_child=1 4 3 7 5 -1 16 33 39 12 21 15 -6 17 26 -7 23 19 31 59 27 38 35 -3 -19 -18 43 29 46 30 51 32 -11 -2 -22 -17 41 -15 45 48 -38 -10 -43 60 -30 -8 -27 -48 61 -31 -41 52 -14 54 55 -20 -21 -23 -32 -5 -12 -4
right_child=2 6 8 13 9 11 10 -9 36 18 14 -13 20 37 -16 22 25 24 53 56 34 57 -24 -25 -26 28 -28 -29 44 49 58 -33 -34 -35 -36 -37 40 -39 -40 50 -42 42 -44 -45 -46 -47 47 -49 -50 -51 -52 -53 -54 -55 -56 -57 -58 -59 -60 -61 -62 -63
leaf_value=0.0034437006564585716 0.12213371321815868 0.23349450106556349 -0.050316111311897053 -0.024381432945078069 -0.041472822459120498 0.38919278287887571 -0.080178477178327726 0.31341751151761182 -0.13641530253013862 0.090613875132054086 0.089017938617616893 0.44491267273952434 0.087338000514677591 -0.031785747355648451 -0.06514760003404485 0.07138836134921063 0.17237394468537692 0.13654039806630239 0.039794453086644192 -0.059930986605584623 0.091092094821264818 -0.11994183929322419 0.29883741021857541 0.032663920219330227 -0.030594253524905069 -0.028817087835387181 -0.052199458066633966 0.27689247918874027 -0.097022391811889749 0.17114291418860159 0.31088221560205731 0.031907050835276111 0.2627955541295825 -0.050586535853724322 -0.0058744049523188095 0.2179778235692244 -0.2937475729663856 -0.15078254243192904 -0.16855450475445161 -0.11705311975352049 -0.18305402125182904 -0.31839910724583792 -0.17808341935075619 0.15979102935256628 0.042443321960813858 0.0069781791704839891 0.018942219818180256 0.16055185850148332 -0.0031386652300434727 0.085082779028671701 -0.22667288860853979 0.029360493456616121 0.21837090070654705 -0.039948740820860078 0.10029805557085918 -0.057280480457360256 -0.1265688650214066 -0.22072583942036877 0.17461229475644918 0.11042371185386882 -0.017863681297319436 -0.12149878043451427
leaf_weight=181 57 110 153 54 113 74 159 64 358 79 119 76 83 69 269 90 57 82 136 199 737 174 84 50 111 56 85 59 101 100 69 102 52 61 108 77 127 414 51 196 151 50 147 86 50 188 54 72 92 446 67 50 81 232 77 101 294 75 51 50 64 242
leaf_count=181 57 110 153 54 113 74 159 64 358 79 119 76 83 69 269 90 57 82 136 199 737 174 84 50 111 56 85 59 101 100 69 102 52 61 108 77 127 414 51 196 151 50 147 86 50 188 54 72 92 446 67 50 81 232 77 101 294 75 51 50 64 242
internal_value=7.01665e-05 0.0612732 -0.102217 -0.0533017 0.100317 0.193781 -0.00863612 0.132894 -0.147115 0.0799248 -0.0446071 0.279471 0.100827 -0.0800054 0.00215357 0.239538 0.0743544 -0.0469369 0.0289591 -0.0753067 0.109859 -0.0895671 0.194047 0.171328 0.0407541 0.0342341 0.0533343 0.13778 0.0101433 0.128149 0.171886 0.104546 0.160434 0.0331713 0.0787064 0.139873 -0.188239 -0.133884 -0.0508133 -0.101249 -0.234494 -0.16469 -0.215125 0.0867512 -0.0508663 -0.0330738 0.0607625 0.100489 -0.076977 0.101129 -0.145732 0.124373 0.152987 -0.00342884 0.0235952 -0.00164189 -0.0998462 -0.15106 0.254889 0.0408631 0.0517446 -0.0941234
internal_weight=8116 5078 3038 1455 3258 582 1820 182 1583 2676 1270 401 1897 1273 623 325 550 790 779 597 1784 647 251 160 193 390 354 939 333 880 334 233 131 118 845 167 833 483 398 750 278 555 197 269 151 347 182 126 487 546 263 214 164 546 314 237 493 249 120 104 183 395
internal_count=8116 5078 3038 1455 3258 582 1820 182 1583 2676 1270 401 1897 1273 623 325 550 790 779 597 1784 647 251 160 193 390 354 939 333 880 334 233 131 118 845 167 833 483 398 750 278 555 197 269 151 347 182 126 487 546 263 214 164 546 314 237 493 249 120 104 183 395
is_linear=0
shrinkage=0.03


Tree=7
num_leaves=63
num_cat=0
split_feature=79 23 273 135 23 23 273 79 92 23 213 79 23 315 73 79 23 79 23 79 244 145 79 275 79 23 79 59 23 23 19 17 23 79 19 297 23 23 3 1 23 116 7 79 268 23 20 79 79 102 249 79 197 79 59 17 146 79 149 23 252 79
split_gain=80364.5 18994.4 13501.6 9368.06 11146.2 9082.59 7227.68 5362.28 5254.37 3929.12 2731.54 2668.29 2588.77 2447.25 2293.94 1963.24 1911.1 1942.25 1883.32 1844.47 1860.68 2331.17 1784.67 1659.08 1522.68 1498.81 1351.24 1186.8 1159.39 1120.07 1099.86 1684.46 989.88 844.671 823.794 816.648 737.443 730.808 720.989 749.688 684.561 679.252 660.964 677.228 643.855 637.109 610.033 604.382 587.366 585.033 657.968 563.282 563.092 558.929 702.534 549.821 570.694 547.28 545.99 524.107 506.307 497.271
threshold=0.22687723487615588 75.500000000000014 0.29679679870605474 76.500000000000014 52.500000000000007 59.500000000000007 0.17445652186870578 0.26794917881488806 93.500000000000014 76.500000000000014 35.500000000000007 0.27511468529701238 73.500000000000014 1.3117623925209048 8.1500000953674334 0.25463122129440313 88.500000000000014 0.17614738643169406 45.500000000000007 0.20941306650638583 67.500000000000014 119.50000000000001 0.24796693772077563 12.500000000000002 0.19806650280952456 56.500000000000007 0.2031885161995888 55.500000000000007 49.500000000000007 46.500000000000007 34.500000000000007 54.500000000000007 60.500000000000007 0.17089217156171801 41.500000000000007 8.5000000000000018 99.500000000000014 91.500000000000014 2.5000000000000004 27.500000000000004 52.500000000000007 101.50000000000001 15.500000000000002 0.18624359369277957 4.2915790081024179 103.50000000000001 62.500000000000007 0.29185102880001074 0.20376268029212954 0.59213107824325573 1.4958563446998598 0.29740898311138159 1.0513157844543459 0.17875940352678302 14.500000000000002 82.500000000000014 114.50000000000001 0.24152298271656039 4.660919427871705 68.500000000000014 0.6503582000732423 0.32449981570243841
decision_type=2 2 2 2 2 2 2 2 2 2 2 2 2 2 2 2 2 2 2 2 2 2 2 2 2 2 2 2 2 2 2 2 2 2 2 2 2 2 2 2 2 2 2 2 2 2 2 2 2 2 2 2 2 2 2 2 2 2 2 2 2 2
left_child=1 3 5 -1 8 7 26 22 13 11 -10 25 15 23 38 -7 24 -18 -13 20 21 44 40 -5 -8 -4 35 -23 47 -24 -25 -32 -21 -22 49 -3 48 55 39 -6 -2 -36 43 -40 59 53 -41 -9 -19 -20 -51 -30 -15 54 -37 56 -11 -27 -57 -16 -52 -43
right_child=2 6 9 4 14 12 16 28 10 37 -12 18 -14 52 19 -17 17 36 34 32 33 27 29 30 -26 57 -28 -29 51 -31 31 -33 -34 -35 41 45 -38 -39 42 46 -42 61 -44 -45 -46 -47 -48 -49 -50 50 60 -53 -54 -55 -56 58 -58 -59 -60 -61 -62 -63
leaf_value=-0.024178386047799535 0.22953431804664431 -0.01738030875983991 0.10004118063128911 0.13906856106387241 0.0009365109833223478 -0.018745797365529299 0.077432592180040144 0.051056206393532637 0.54829347234219306 -0.33188529181048132 0.26912295132313135 -0.074094285471225846 -0.15770482904613017 0.038711480323006121 0.33419998490810393 -0.11422544628870292 0.0051596493896795435 -0.058075767854712905 -0.11577704561042731 0.20730236989495002 0.34384383016322029 0.017669477811304186 0.13986670273670243 0.43003587862423487 -0.039744421266592465 0.011638929225942667 -0.042951883263885979 0.18478276660567836 -0.059461515664256039 0.014522521364338258 0.38974869408697449 0.14722299098968505 0.064004176863322132 0.21724685943644981 -0.11688368871215392 0.055990043119439538 -0.20955456692438859 -0.31632280141580849 0.19397896109715754 0.18407548798455131 0.11054464058115564 -0.15301792192341998 0.035142274174620118 0.067776503562927248 0.1669055446694378 0.023728111296378331 0.071058835514674054 -0.039789709167581205 -0.16236474412652413 -0.18360039090669403 -0.34509994607832695 -0.16314479773836349 0.17941212250126731 0.06185001084885814 0.14362523538411417 -0.085211770219935312 -0.20708455823854474 -0.099001478992291891 -0.21752828422933815 0.19647184200720352 -0.20603993811711135 -0.24620220134524923
leaf_weight=234 95 56 51 53 111 413 161 122 95 52 52 267 399 50 59 365 143 124 69 56 82 117 93 69 259 50 71 56 167 203 52 54 189 137 395 105 77 83 137 53 86 201 50 55 118 86 227 141 81 224 53 66 53 164 413 53 120 201 64 54 55 75
leaf_count=234 95 56 51 53 111 413 161 122 95 52 52 267 399 50 59 365 143 124 69 56 82 117 93 69 259 50 71 56 167 203 52 54 189 137 395 105 77 83 137 53 86 201 50 55 118 86 227 141 81 224 53 66 53 164 413 53 120 201 64 54 55 75
internal_value=7.50716e-05 0.0969399 -0.0919046 0.155232 0.176447 -0.0395988 0.0227553 0.0282056 0.302564 -0.147723 0.452025 -0.127622 -0.0956275 0.235026 0.13611 -0.0636294 -0.0401479 -0.0849194 -0.145785 0.167818 0.195283 0.156388 0.0999221 0.289809 0.00525067 -0.0468732 0.082123 0.072515 -0.0408259 0.0542426 0.334412 0.268728 0.0974676 0.265996 -0.163555 0.092939 -0.130455 -0.235815 0.0924341 0.0669551 0.173916 -0.142719 0.133156 0.158366 0.218619 0.100995 0.0930302 0.00238551 -0.0998708 -0.19798 -0.214666 -0.0894027 0.11214 0.11069 0.126003 -0.211683 -0.246515 -0.0770028 -0.15882 0.270684 -0.276822 -0.179137
internal_weight=8116 3953 4163 2213 1979 2150 1740 973 478 2013 147 1641 1177 331 1501 778 845 425 1339 868 623 404 477 228 420 302 895 173 496 296 175 106 245 219 1072 824 282 372 633 391 181 671 242 192 231 768 280 263 205 401 332 233 103 682 518 289 172 251 117 113 108 276
internal_count=8116 3953 4163 2213 1979 2150 1740 973 478 2013 147 1641 1177 331 1501 778 845 425 1339 868 623 404 477 228 420 302 895 173 496 296 175 106 245 219 1072 824 282 372 633 391 181 671 242 192 231 768 280 263 205 401 332 233 103 682 518 289 172 251 117 113 108 276
is_linear=0
shrinkage=0.03


Tree=8
num_leaves=63
num_cat=0
split_feature=79 23 79 23 243 23 79 23 23 72 23 23 79 23 79 145 72 79 23 55 207 135 79 79 219 241 79 68 54 254 272 79 23 298 104 327 242 23 67 122 50 212 296 23 242 79 54 79 276 190 71 23 310 24 79 68 23 70 217 274 273 220
split_gain=75814.5 21874 11790.4 10184.4 8539.27 11693.7 7868.85 5455.82 4110.29 3972.95 3236.25 2773.04 2684.66 2600.45 2476 2116.53 1921.52 1868.59 1772.87 1754.14 1735.52 1547.22 1448.79 1404.8 2488.71 1400.97 1201.18 1070.56 1066.49 1047.63 999.243 908.74 889.565 824.815 802.228 759.357 1013.94 746.237 742.086 711.814 710.565 670.337 656.41 653.871 633.53 619.691 588.654 578.759 565.043 547.064 524.936 513.227 488.727 503.349 487.586 482.083 481.259 478.428 474.479 461.449 461.005 486.704
threshold=0.2434164956212044 71.500000000000014 0.19371296465396884 59.500000000000007 58.500000000000007 39.500000000000007 0.28140169382095342 53.500000000000007 84.500000000000014 24.500000000000004 98.500000000000014 76.500000000000014 0.21575680375099185 46.500000000000007 0.28268365561962133 48.500000000000007 25.500000000000004 0.21317502111196521 45.500000000000007 0.72053414583206188 13.500000000000002 406.50000000000006 0.16447026282548907 0.21851522475481036 1.1494680643081667 87.500000000000014 0.2145502641797066 12.500000000000002 3.4825015068054204 24.500000000000004 1.1751918196678164 0.17089217156171801 60.500000000000007 281.50000000000006 279.50000000000006 1.0000000180025095e-35 123.50000000000001 90.500000000000014 9.5000000000000018 1.0600751638412478 62.500000000000007 61.500000000000007 0.69054195284843456 92.500000000000014 92.500000000000014 0.30970597267150884 4.0017242431640634 0.30798149108886724 67.500000000000014 39.500000000000007 62.500000000000007 68.500000000000014 12.500000000000002 66.500000000000014 0.26933041214942938 12.500000000000002 111.50000000000001 68.500000000000014 3.1661573648452763 0.63347700238227855 0.32025641202926641 0.29051011800765997
decision_type=2 2 2 2 2 2 2 2 2 2 2 2 2 2 2 2 2 2 2 2 2 2 2 2 2 2 2 2 2 2 2 2 2 2 2 2 2 2 2 2 2 2 2 2 2 2 2 2 2 2 2 2 2 2 2 2 2 2 2 2 2 2
left_child=1 4 10 6 34 -6 13 9 17 15 29 14 16 27 51 -7 35 -4 42 -17 23 30 56 24 -11 55 43 -2 -21 40 46 33 57 -31 -1 44 -37 -33 48 -13 -3 59 47 -10 49 -20 -18 -8 -16 -9 -47 -5 -41 60 -15 -23 -12 -14 -51 -40 -54 -62
right_child=3 2 8 11 5 7 18 12 26 20 22 39 32 54 38 19 21 -19 45 28 -22 25 -24 -25 -26 -27 -28 -29 -30 31 -32 37 -34 -35 -36 36 -38 -39 41 52 -42 -43 -44 -45 -46 50 -48 -49 -50 58 -52 -53 53 -55 -56 -57 -58 -59 -60 -61 61 -63
leaf_value=-0.0254895529927439 0.058021158664314836 -0.051795803788920923 0.049896146434518257 -0.068775450568501054 0.55528801223810975 0.013506740414920976 -0.0059742348292999179 0.088272392465954738 -0.049065729811003336 0.30362146336099377 0.060501760909489048 -0.1559865065143359 0.061987064905831071 0.020751739350649025 -0.18047914398690829 0.29667848958721699 0.23829978282873826 -0.056794564672720593 -0.090476591636838966 0.058850698113441464 0.18124139897339045 -0.017969595537735864 -0.11631740718334913 0.2421415864793878 0.58510548955743968 0.20260992581691217 -0.19890496949029757 0.21148640933944735 0.223958131478383 0.12422274207731464 0.1510672110011396 0.096316388404387748 0.033146270281931685 0.25274432487347548 0.096711522206664083 -0.0083701770414005613 0.14656734602105234 -0.015901244349129821 -0.18739393509019447 -0.16465856562975956 0.071015219487390424 -0.17277557993126333 0.046490764276547865 -0.15486999387988884 0.059832274905945122 -0.10494704758258241 0.35997648653231168 -0.089392259793821718 -0.071728154798860064 0.15006432536575529 -0.17589345060248848 -0.12164153792362746 -0.22586327823182861 -0.17211753020029177 -0.047789059567829251 0.11216789694393382 -0.042927681470996348 0.17788298571967098 0.27211967510335583 -0.31874977112242603 -0.39063596710562704 -0.2571689010892923
leaf_weight=248 80 57 245 384 67 67 106 62 132 68 134 131 60 272 77 105 143 369 243 79 59 51 89 56 54 108 169 85 64 476 91 242 310 50 59 98 61 68 52 68 158 387 54 88 75 151 56 255 101 80 278 298 94 54 141 50 57 72 50 58 56 64
leaf_count=248 80 57 245 384 67 67 106 62 132 68 134 131 60 272 77 105 143 369 243 79 59 51 89 56 54 108 169 85 64 476 91 242 310 50 59 98 61 68 52 68 158 387 54 88 75 151 56 255 101 80 278 298 94 54 141 50 57 72 50 58 56 64
internal_value=7.89065e-05 0.0796928 0.0150261 -0.105495 0.145481 0.168232 -0.0518022 0.154436 -0.0626121 0.234067 0.0735349 -0.154452 0.122133 0.0375937 -0.132561 0.163391 0.151191 -0.0142106 -0.0993283 0.203668 0.326921 0.191205 -0.0170485 0.373926 0.431957 0.127955 -0.138777 0.137877 0.133787 0.0976608 0.236192 0.112846 0.0611177 0.136896 -0.00176691 0.103982 0.0516158 0.0717289 -0.173326 -0.217644 0.038367 -0.192319 -0.0504006 -0.0918967 0.134857 -0.129424 0.274169 -0.0649825 -0.119518 0.163702 -0.151224 -0.0920196 -0.241149 -0.259873 -0.0027073 0.046923 0.0295726 0.126065 0.198728 -0.258902 -0.281113 -0.322167
internal_weight=8116 4627 2334 3489 2293 1986 1665 1919 1003 552 1331 1824 1367 578 1357 315 925 614 1087 248 237 499 280 178 122 209 389 165 143 1051 290 836 442 526 307 426 159 310 675 467 215 497 415 220 267 672 199 361 178 192 429 682 336 268 413 101 191 132 130 110 214 120
internal_count=8116 4627 2334 3489 2293 1986 1665 1919 1003 552 1331 1824 1367 578 1357 315 925 614 1087 248 237 499 280 178 122 209 389 165 143 1051 290 836 442 526 307 426 159 310 675 467 215 497 415 220 267 672 199 361 178 192 429 682 336 268 413 101 191 132 130 110 214 120
is_linear=0
shrinkage=0.03


Tree=9
num_leaves=63
num_cat=0
split_feature=79 23 23 79 79 23 91 23 23 79 88 23 23 23 79 241 23 23 79 21 59 142 245 79 118 273 23 215 79 10 171 96 242 327 79 23 43 91 79 79 175 70 185 292 79 115 3 49 89 286 23 79 79 290 23 23 146 17 67 19 199 69
split_gain=71491.5 18702.9 10678.8 10575 8124.62 7912.86 7155.1 6611.96 3900.88 4041.56 3682.21 2595.97 2528.15 2296.86 2126.21 2070.95 1685.85 1442.13 1409.05 1277.18 1202.02 1189.49 1217.72 1076 1058.15 1036.48 1014.1 978.041 955.822 935.995 850.668 832.596 800.304 782.616 945.765 764.849 763.058 759.419 710.226 691.266 677.261 630.694 630.147 604.442 597.467 573.349 659.215 783.291 541.176 686.012 537.468 517.011 499.043 498.538 488.317 481.455 471.434 463.087 456.426 443.68 557.252 550.18
threshold=0.23354978114366534 75.500000000000014 59.500000000000007 0.27978494763374334 0.19371296465396884 39.500000000000007 16.500000000000004 53.500000000000007 78.500000000000014 0.26933041214942938 14.500000000000002 51.500000000000007 103.50000000000001 87.500000000000014 0.20941306650638583 127.50000000000001 45.500000000000007 60.500000000000007 0.16015266627073291 78.500000000000014 27.500000000000004 4.5000000000000009 20.050000190734867 0.21222499012947085 1.8435314893722536 0.17157287150621417 68.500000000000014 1.9804519414901736 0.25652371346950537 7.5000000000000009 36.321428298950202 3.5538958311080937 40.500000000000007 1.0000000180025095e-35 0.09175084158778192 41.500000000000007 13.500000000000002 19.500000000000004 0.3003759384155274 0.30247858166694647 0.65421196818351757 69.500000000000014 8.5000000000000018 2.9765625000000004 0.25724790990352636 86.500000000000014 2.5000000000000004 229.50000000000003 7.5000000000000009 32.500000000000007 92.500000000000014 0.17875940352678302 0.24452438205480578 1.1309210658073428 99.500000000000014 84.500000000000014 321.50000000000006 89.500000000000014 13.500000000000002 42.500000000000007 0.63495081663131725 55.500000000000007
decision_type=2 2 2 2 2 2 2 2 2 2 2 2 2 2 2 2 2 2 2 2 2 2 2 2 2 2 2 2 2 2 2 2 2 2 2 2 2 2 2 2 2 2 2 2 2 2 2 2 2 2 2 2 2 2 2 2 2 2 2 2 2 2
left_child=1 5 3 11 12 -1 32 10 9 26 24 35 25 23 15 20 39 41 -14 -12 33 -22 42 -6 -8 37 52 -26 -13 -29 48 -17 -7 34 -9 -2 -37 -3 -18 -5 -34 -16 43 -23 -38 -36 47 -47 49 -11 53 -39 -4 -10 -15 -27 -50 -55 -44 60 -40 -61
right_child=2 4 8 16 13 6 7 14 50 30 19 28 18 54 17 31 38 -19 -20 -21 21 22 -24 -25 27 55 -28 29 -30 -31 -32 -33 40 -35 45 36 44 51 59 -41 -42 -43 58 -45 -46 46 -48 -49 56 -51 -52 -53 -54 57 -56 -57 -58 -59 -60 61 -62 -63
leaf_value=0.42330542959446132 0.20644667476415635 0.012878132901795498 0.019239253401407041 0.021275323020184742 0.019816502310616307 -0.037712154027892325 0.28250687777996064 0.23048354439301924 -0.1061660770065366 -0.16015328475427859 0.47453796852322727 0.060020131857988109 0.01898688709968701 -0.11945704387823992 0.086149629179810019 0.32227693891525266 -0.073889780334786187 0.038329226173460483 -0.15726081951971976 0.29210812237388212 0.22076813701723441 0.19570122571662069 0.20716802192818035 -0.073943278553920827 0.036804941881161464 0.08861139464093587 -0.10134711164163379 0.25815908213222727 -0.041240428339189554 0.11404974000794546 -0.26369615235954846 0.16815868718283516 0.1385680185423957 0.030214274183792227 0.16580368004061957 0.029279960342207732 0.21325931456325381 0.1275157015235458 -0.12235417515254363 -0.068402874924357121 -0.0066534143260547091 0.23386309423084767 -0.029480221835049714 0.060488371768240207 0.08488175154836089 -0.068539892091200899 0.14074258132253664 0.093183196740491039 -0.18712275741496529 -0.076771558113196192 -0.27722986522739607 0.054593931726507235 -0.054246706030034758 -0.23025135197511484 -0.22602209641652948 0.0096278816952604044 -0.098886225230020025 -0.13886500225126952 0.092345088039125708 -0.09103339214442889 -0.23671873175782737 -0.17065369618935131
leaf_weight=85 72 76 119 101 218 204 79 54 51 205 64 143 119 195 52 74 195 359 61 94 182 63 109 221 51 103 368 84 200 83 67 62 53 135 65 97 57 473 77 324 62 55 54 58 80 51 58 55 378 162 103 110 272 247 50 210 68 70 55 210 85 129
leaf_count=85 72 76 119 101 218 204 79 54 51 205 64 143 119 195 52 74 195 359 61 94 182 63 109 221 51 103 368 84 200 83 67 62 53 135 65 97 57 473 77 324 62 55 54 58 80 51 58 55 378 162 103 110 272 247 50 210 68 70 55 210 85 129
internal_value=8.342e-05 0.0852887 -0.0929376 -0.0385656 0.0132025 0.140406 0.129841 0.150916 -0.138508 -0.11651 0.251389 0.0577509 0.0618121 -0.0686369 0.121106 0.144316 -0.0943295 0.0673678 -0.0412804 0.368524 0.128212 0.158683 0.1248 -0.0274445 0.188047 0.0809261 -0.0656549 0.152683 0.00102783 0.187641 -0.160249 0.253757 -0.00208589 0.0899446 0.118231 0.121122 0.0941017 0.102264 -0.123066 -0.0470912 0.0608923 0.163539 0.0850373 0.131916 0.139453 0.0908741 0.0603515 0.0154597 -0.15141 -0.123656 -0.214649 0.113874 -0.0318894 -0.196429 -0.142035 0.0358187 -0.173921 -0.210572 0.0322719 -0.142021 -0.183444 -0.121744
internal_weight=8116 4236 3880 1770 1836 2400 2315 1996 2110 1639 455 649 1152 684 1541 1075 1121 466 180 158 939 521 339 439 297 972 759 218 343 167 880 136 319 418 283 306 234 659 696 425 115 107 230 121 137 229 164 106 813 367 471 583 391 368 245 313 446 317 109 501 162 339
internal_count=8116 4236 3880 1770 1836 2400 2315 1996 2110 1639 455 649 1152 684 1541 1075 1121 466 180 158 939 521 339 439 297 972 759 218 343 167 880 136 319 418 283 306 234 659 696 425 115 107 230 121 137 229 164 106 813 367 471 583 391 368 245 313 446 317 109 501 162 339
is_linear=0
shrinkage=0.03


Tree=10
num_leaves=63
num_cat=0
split_feature=79 23 23 79 79 23 116 23 88 23 79 23 23 23 79 72 179 19 23 287 201 207 23 79 79 48 189 109 79 266 171 114 315 23 23 43 96 19 276 243 79 176 79 23 231 79 79 177 290 79 307 61 25 23 316 16 296 79 19 69 15 123
split_gain=67299.1 17613.6 10052 9956.1 7647.06 7450.4 6693.1 5484.39 4300.27 3686.03 3880.29 2444.67 2408.55 2185.47 2001.41 2308.39 1588.06 1693.93 1587.37 1556.46 1594.83 1512.25 1322.31 1315.64 1231.17 1193.67 1081.09 1071.64 899.675 854.756 792.656 748.293 734.788 732.916 720.214 718.713 689.234 676.71 841.811 764.372 668.778 658.346 650.601 620.467 619.234 591.447 562.875 556.008 547.211 536.665 511.162 507.041 494.657 488.376 426.408 424.33 423.822 420.811 418.077 518.023 429.238 387.808
threshold=0.23354978114366534 75.500000000000014 59.500000000000007 0.27978494763374334 0.19371296465396884 39.500000000000007 11.500000000000002 53.500000000000007 14.500000000000002 76.500000000000014 0.26692113280296331 51.500000000000007 98.500000000000014 92.500000000000014 0.20941306650638583 25.500000000000004 65.500000000000014 69.500000000000014 45.500000000000007 123.50000000000001 145.50000000000003 12.500000000000002 60.500000000000007 0.17614738643169406 0.21575680375099185 425.50000000000006 31.500000000000004 8.5000000000000018 0.25652371346950537 4.5000000000000009 36.321428298950202 142.50000000000003 0.41223776340484625 68.500000000000014 41.500000000000007 13.500000000000002 3.1608682870864873 57.500000000000007 43.500000000000007 206.50000000000003 0.3003759384155274 0.15075758099555972 0.30247858166694647 92.500000000000014 59.500000000000007 0.18374849855899814 0.25724790990352636 0.62101018428802501 1.3416666984558108 0.17677696049213412 50.500000000000007 8.5000000000000018 23.500000000000004 83.500000000000014 1.3860577344894411 54.500000000000007 0.68436717987060558 0.24452438205480578 42.500000000000007 55.500000000000007 56.500000000000007 0.23742649704217914
decision_type=2 2 2 2 2 2 2 2 2 2 2 2 2 2 2 2 2 2 2 2 2 2 2 2 2 2 2 2 2 2 2 2 2 2 2 2 2 2 2 2 2 2 2 2 2 2 2 2 2 2 2 2 2 2 2 2 2 2 2 2 2 2
left_child=1 5 3 11 12 -1 -7 8 16 10 33 34 29 24 15 37 17 -8 42 20 36 27 31 -14 53 50 -18 -10 -13 -3 51 -16 -28 57 -2 -36 49 38 -9 -39 -20 55 -5 48 47 -21 -37 -40 -11 -17 -22 -12 -53 -6 -45 -31 -44 -4 60 -60 -42 -50
right_child=2 4 9 18 13 6 7 14 21 43 30 28 23 -15 22 19 26 -19 40 45 25 -23 -24 -25 -26 -27 32 -29 -30 41 -32 -33 -34 -35 35 46 -38 39 44 -41 58 -43 56 54 -46 -47 -48 -49 61 -51 -52 52 -54 -55 -56 -57 -58 -59 59 -61 -62 -63
leaf_value=0.41075393387051512 0.20033811792246486 0.018409580738862622 0.018666885754792018 0.02064332182135652 0.03020473230878512 -0.039714949771539491 0.16670890666784777 0.01819986750234346 0.30930499132941752 -0.10113044955712618 -0.10809836741013883 0.058232032152591269 0.015412348477818102 -0.17631986031774433 0.073377570475318593 0.31159369615947502 0.31776297375349927 -0.047660887103814345 -0.071684396776693804 0.31477434691260842 0.012930395462011036 0.21639237446280626 0.035337670005146198 -0.14814522466469895 -0.094008423028275834 0.18506168311113838 0.24847463953495025 0.51436936325040361 -0.040009370468445674 0.17031298251807689 -0.25347215061160649 0.23113587112299033 0.10503655926177376 -0.090420558195090983 0.028410524789776119 0.20697184222525561 0.13386409101542085 -0.0045330555069035498 0.11070523147072112 0.10683536016773953 -0.24607624937044945 0.066092906336053803 -0.080968754406273366 -0.19866216874866308 0.051748085213157366 0.18408472365140913 0.082366735968324875 0.21813220827001156 -0.16641892741165626 0.18722515029449985 0.12458062928373163 -0.17687255626937678 -0.11083335628168503 -0.04322495823213518 -0.33043509119086795 0.10228815899060589 0.013732332762549905 -0.049790903135056949 -0.08831533367087914 -0.16557346701740216 -0.14008242482502256 -0.22968886877145614
leaf_weight=85 72 147 119 101 179 200 92 60 50 64 259 143 226 131 55 67 70 51 195 84 113 51 368 54 226 90 59 57 200 124 65 55 75 308 97 57 77 115 83 106 56 328 274 50 52 59 80 100 194 72 54 413 145 148 53 273 50 248 210 129 106 192
leaf_count=85 72 147 119 101 179 200 92 60 50 64 259 143 226 131 55 67 70 51 195 84 113 51 368 54 226 90 59 57 200 124 65 55 75 308 97 57 77 115 83 106 56 328 274 50 52 59 80 100 194 72 54 413 145 148 53 273 50 248 210 129 106 192
internal_value=8.8509e-05 0.0827578 -0.0901639 -0.0374118 0.0128024 0.136246 0.125994 0.141675 0.227941 -0.134377 -0.110616 0.0560439 0.0599617 -0.0665953 0.114492 0.136235 0.16804 0.0904553 -0.0915195 0.17547 0.148658 0.357612 0.0628233 -0.0165459 -0.0403314 0.097545 0.221719 0.422296 0.000998631 0.0845192 -0.152029 0.153628 0.169565 -0.0563578 0.117541 0.0913204 0.208743 0.089147 0.118863 0.0491241 -0.119404 0.0978797 -0.0456818 -0.200957 0.144378 0.262506 0.135334 0.170275 -0.184823 0.24897 0.0495595 -0.143658 -0.159941 -0.00305996 -0.268993 0.12391 -0.0663571 -0.027603 -0.137797 -0.118115 -0.178007 -0.198402
internal_weight=8116 4236 3880 1770 1836 2400 2315 2115 505 2110 1557 649 1152 684 1610 1132 347 143 1121 616 473 158 478 280 553 257 204 107 343 872 882 110 134 675 306 234 216 516 295 221 696 725 425 553 235 143 137 183 450 139 167 817 558 327 103 397 324 367 501 339 162 386
internal_count=8116 4236 3880 1770 1836 2400 2315 2115 505 2110 1557 649 1152 684 1610 1132 347 143 1121 616 473 158 478 280 553 257 204 107 343 872 882 110 134 675 306 234 216 516 295 221 696 725 425 553 235 143 137 183 450 139 167 817 558 327 103 397 324 367 501 339 162 386
is_linear=0
shrinkage=0.03


Tree=11
num_leaves=63
num_cat=0
split_feature=79 23 79 23 243 23 79 23 88 23 23 23 79 23 79 314 49 19 231 315 79 79 23 327 115 313 79 254 68 79 79 109 79 298 23 54 23 67 19 113 51 7 172 246 23 23 24 268 3 220 79 19 68 276 23 79 23 254 310 23 224 176
split_gain=63453.6 18407.1 9853.64 8497.96 7466.87 10161.6 6569.52 4537.9 4829.25 3496.84 2727.66 2621.9 2397.77 2333.5 2114.46 1667.14 1642.31 1736.98 1814.98 1604.71 1453.17 1255.11 1237.22 1225.7 1202.53 1200.81 1189.37 931.43 884.298 884.26 817.579 761.297 759.061 758.969 743.247 682.144 676.925 659.699 705.699 658.859 651.771 641.803 670.255 620.616 598.561 593.818 589.293 576.424 560.005 551.893 547.98 519.761 516.033 513.718 451.195 439.556 439.537 426.444 424.728 424.602 418.032 391.494
threshold=0.2434164956212044 71.500000000000014 0.19371296465396884 59.500000000000007 58.500000000000007 39.500000000000007 0.29140295088291174 52.500000000000007 14.500000000000002 83.500000000000014 98.500000000000014 46.500000000000007 0.21575680375099185 76.500000000000014 0.28268365561962133 3.1196757555007939 1006.5000000000001 60.500000000000007 76.500000000000014 1.3416666984558108 0.21756661683321002 0.16447026282548907 41.500000000000007 1.0000000180025095e-35 190.50000000000003 8.1131072044372576 0.21575680375099185 24.500000000000004 11.500000000000002 0.17262665182352069 0.17089217156171801 5.5000000000000009 0.26933041214942938 281.50000000000006 60.500000000000007 3.0944941043853764 90.500000000000014 9.5000000000000018 69.500000000000014 70.500000000000014 20.60000038146973 5.5000000000000009 7.9080882072448739 3.2951964139938359 92.500000000000014 90.500000000000014 55.500000000000007 5.6546051502227792 2.5000000000000004 0.32449981570243841 0.26873697340488439 40.500000000000007 23.500000000000004 67.500000000000014 68.500000000000014 0.22866480052471164 111.50000000000001 45.500000000000007 12.500000000000002 92.500000000000014 1.0000000180025095e-35 0.23606811463832858
decision_type=2 2 2 2 2 2 2 2 2 2 2 2 2 2 2 2 2 2 2 2 2 2 2 2 2 2 2 2 2 2 2 2 2 2 2 2 2 2 2 2 2 2 2 2 2 2 2 2 2 2 2 2 2 2 2 2 2 2 2 2 2 2
left_child=1 4 10 6 39 -6 11 8 19 20 27 28 16 14 54 -10 17 24 46 23 -4 56 61 25 41 -7 44 40 -2 -26 33 -20 -13 -29 -14 -21 -32 53 49 -1 -3 42 -9 -15 -11 58 -19 -31 -33 60 -30 -24 -53 -16 -5 -36 -12 -44 -45 -28 -39 -8
right_child=3 2 9 13 5 7 22 12 15 26 21 32 34 43 37 -17 -18 18 31 35 -22 -23 51 -25 29 -27 59 30 50 47 36 48 -34 -35 55 -37 -38 38 -40 -41 -42 -43 57 45 -46 -47 -48 -49 -50 -51 -52 52 -54 -55 -56 -57 -58 -59 -60 -61 -62 -63
leaf_value=-0.026778822278489871 0.035073962809408415 -0.052962501763269811 0.03813959050553653 -0.061890517177858512 0.51535156362196977 0.36508752190404464 0.02980710712892394 0.16571662488308819 0.26628014527261257 -0.041936912890523668 0.056891182859738668 0.018451822889907345 0.11334674808537137 -0.13784890396520497 -0.16621230113294305 0.46658357988085064 0.29958679634545526 0.084493541605093259 0.073553877890714117 -0.019825525416268242 -0.056062389945998638 -0.10845857614651322 -0.1551385513128557 0.10480210698608841 0.32082921444383611 0.18139272270621834 -0.14791924949858554 0.11423062992358357 0.22136739470741965 0.25139613087360679 0.088005681691898235 0.12743269400163129 -0.05527951866772042 0.23740333080291745 0.071892054581931278 0.1313511527909173 -0.018830477530541626 -0.28595750039180573 -0.14428353372843628 0.081322454886976633 0.064634311082509333 0.20311942299674537 0.11946619472082924 -0.11648639976626859 -0.14049106778018175 -0.29525076442613052 -0.0091442202329635614 0.10972662348685593 0.25203615860359085 -0.13592977825552224 0.092856714127585296 -0.076845236484192059 -0.13932815292700981 -0.06265847900841276 -0.11143228974990721 -0.0001299268899883112 -0.041946938047506689 0.0031301545363206129 -0.21576983602344987 -0.25024237077367506 -0.17701889738617144 -0.060315771813644739
leaf_weight=244 84 57 286 384 67 53 61 87 95 148 134 272 144 119 77 69 55 109 73 53 302 89 226 83 67 90 120 476 65 51 242 65 232 50 133 53 68 100 281 63 158 84 50 52 89 77 134 57 73 59 59 330 191 101 298 177 57 64 219 58 57 145
leaf_count=244 84 57 286 384 67 53 61 87 95 148 134 272 144 119 77 69 55 109 73 53 302 89 226 83 67 90 120 476 65 51 242 65 232 50 133 53 68 100 281 63 158 84 50 52 89 77 134 57 73 59 59 330 191 101 298 177 57 64 219 58 57 145
internal_value=9.47918e-05 0.0729299 0.0136088 -0.09649 0.133279 0.154554 -0.0474437 0.141695 0.219861 -0.0573667 0.0670967 0.0214869 0.114315 -0.14121 -0.12113 0.352871 0.140968 0.131106 0.0891517 0.153295 -0.0102561 -0.0160636 -0.0989112 0.198347 0.172229 0.251538 -0.123931 0.0892459 0.110827 0.234393 0.103562 0.153322 -0.0155303 0.126367 0.0572433 0.056284 0.0645855 -0.158799 -0.176692 -0.00440316 0.0333566 0.133372 0.103363 -0.199176 -0.0793815 -0.219693 0.033032 0.178319 0.194685 -0.217994 0.161453 -0.116849 -0.0999747 -0.108133 -0.0836693 0.0309016 0.0273301 0.0547499 -0.197217 -0.182472 -0.247777 -0.0336138
internal_weight=8116 4627 2334 3489 2293 1986 1665 1919 496 1003 1331 712 1423 1824 1357 164 969 914 454 332 588 280 953 226 460 143 415 1051 208 175 836 211 504 526 454 106 310 675 497 307 215 285 201 467 237 348 243 108 138 216 124 747 521 178 682 310 191 114 271 178 157 206
internal_count=8116 4627 2334 3489 2293 1986 1665 1919 496 1003 1331 712 1423 1824 1357 164 969 914 454 332 588 280 953 226 460 143 415 1051 208 175 836 211 504 526 454 106 310 675 497 307 215 285 201 467 237 348 243 108 138 216 124 747 521 178 682 310 191 114 271 178 157 206
is_linear=0
shrinkage=0.03


Tree=12
num_leaves=63
num_cat=0
split_feature=79 23 273 135 23 23 273 113 79 207 23 23 308 79 79 72 23 23 97 23 19 79 288 201 114 79 23 79 79 195 241 23 5 79 23 79 242 79 253 23 1 19 246 23 317 260 23 116 312 43 79 23 102 249 79 24 123 19 23 79 79 91
split_gain=59829.9 14246.7 10321.7 7389.89 8513.58 6775.45 5637.24 4339.5 3569.56 3091.16 2992.94 2343.39 2123.18 2032.73 2019.92 1829.96 1769.24 1505.88 1420.39 1404.7 1376.9 1372.77 1472.8 1344.55 1307.97 1284.14 1166.46 1050.67 1029.74 960.042 926.261 893.28 802.39 786.644 780.36 747.105 718.245 713.893 703.457 696.358 678.268 677.315 615.904 673.779 636.447 603.82 594.918 580.241 576.071 575.645 568.577 566.425 537.282 605.25 495.854 495.167 465.144 501.157 451.888 450.89 434.723 421.441
threshold=0.22687723487615588 75.500000000000014 0.29679679870605474 76.500000000000014 52.500000000000007 56.500000000000007 0.17445652186870578 76.500000000000014 0.26873697340488439 12.500000000000002 76.500000000000014 73.500000000000014 26.500000000000004 0.27511468529701238 0.25268942117691046 25.500000000000004 40.500000000000007 84.500000000000014 8.5936608314514178 45.500000000000007 34.500000000000007 0.20941306650638583 36.500000000000007 145.50000000000003 303.50000000000006 0.16965142637491229 56.500000000000007 0.24796693772077563 0.2031885161995888 3.3109560012817387 20.500000000000004 99.500000000000014 1.5000000000000002 0.19806650280952456 65.500000000000014 0.20415349304676059 105.50000000000001 0.17411248385906222 11.500000000000002 37.500000000000007 27.500000000000004 41.500000000000007 3.2951964139938359 91.500000000000014 0.35260695219039923 10.500000000000002 46.500000000000007 101.50000000000001 3.4889943599700932 17.500000000000004 0.29740898311138159 103.50000000000001 0.59213107824325573 1.4958563446998598 0.29642401635646826 60.500000000000007 0.22706922888755801 73.500000000000014 65.500000000000014 0.32449981570243841 0.24152298271656039 19.500000000000004
decision_type=2 2 2 2 2 2 2 2 2 2 2 2 2 2 2 2 2 2 2 2 2 2 2 2 2 2 2 2 2 2 2 2 2 2 2 2 2 2 2 2 2 2 2 2 2 2 2 2 2 2 2 2 2 2 2 2 2 2 2 2 2 2
left_child=1 3 5 -1 7 8 28 12 27 18 13 14 -5 26 58 32 -14 33 -9 -15 -18 22 23 37 36 -19 -4 49 30 -22 -3 35 40 -8 -23 -27 -25 -17 -34 -10 -6 52 -12 44 56 -24 -29 -43 -39 -2 -41 61 -21 -54 -16 -42 -44 -58 -7 -49 -28 -32
right_child=2 6 10 4 15 11 17 9 39 -11 42 -13 16 19 54 21 20 25 -20 41 29 34 45 24 -26 31 60 46 -30 -31 51 -33 38 -35 -36 -37 -38 48 -40 50 55 47 43 -45 -46 -47 -48 59 -50 -51 -52 -53 53 -55 -56 -57 57 -59 -60 -61 -62 -63
leaf_value=-0.025171004300738903 0.11658379944307462 -0.027926340003139698 0.089544705679783454 0.025008112511464526 -0.0031636706774051371 0.02508710316728708 0.081755150629056458 0.34516910076141355 0.071160590016298875 0.20511570670565621 -0.10824567994610829 -0.13543298425054234 0.38887545966185055 -0.064460600161396736 -0.076249811901731329 0.26304642877997231 0.30112570182601017 0.0119687220454216 0.57616539035524639 -0.094623999065586495 0.033719570420005104 0.14892503426355472 0.20391760010850327 0.014051346749794191 0.21516856402846482 -0.029648522133788754 0.01233393494697178 0.12242481320165097 -0.03732709649329384 0.19775625749870585 0.029016759593571934 -0.17921370757415014 0.069385422775094657 -0.019289970360092216 0.040065707246194876 -0.12172434433017458 0.13074331865860866 0.20439350440904691 0.17751224216634193 -0.011750488959636554 0.13243226438579919 -0.099052509274986336 -0.16009361861832438 -0.30502083340161285 -0.097681250747512369 0.34070549031862846 0.026165731061703047 -0.13177545746348077 0.07451212034713138 0.24478516655347562 -0.089990640262884752 0.017785169510813107 -0.15925763322400549 -0.24815444632168485 -0.1550640889818079 0.049618955743117407 -0.3162822262265465 -0.18495228175683454 -0.034755371279892658 -0.22003723054143942 -0.086241339443638779 0.10777469053560186
leaf_weight=234 83 64 51 55 129 241 110 50 58 60 54 399 51 267 410 93 66 143 62 69 54 101 86 122 64 185 50 95 71 80 69 84 108 184 144 139 77 76 112 232 102 395 79 70 50 51 147 201 54 54 130 86 224 108 88 182 65 54 213 75 201 605
leaf_count=234 83 64 51 55 129 241 110 50 58 60 54 399 51 267 410 93 66 143 62 69 54 101 86 122 64 185 50 95 71 80 69 84 108 184 144 139 77 76 112 232 102 395 79 70 50 51 147 201 54 54 130 86 224 108 88 182 65 54 213 75 201 605
internal_value=9.93118e-05 0.0836775 -0.0792638 0.134161 0.153004 -0.0335313 0.01943 0.263224 0.0356917 0.383897 -0.128068 -0.0744668 0.194366 -0.110525 -0.0487995 0.117752 0.231229 -0.0361224 0.477009 -0.126378 0.189295 0.146067 0.169764 0.144713 0.0981525 -0.0653364 -0.0400508 0.10232 0.0718607 0.132391 0.0813027 -0.0923941 0.0787562 0.018665 0.0853654 -0.0694032 0.0596315 0.198941 0.124986 -0.0245325 0.0538877 -0.141726 -0.20495 -0.22098 -0.196129 0.256939 0.0643017 -0.122866 0.151423 0.168523 -0.0400183 0.0905256 -0.172899 -0.188834 -0.0904597 0.0797221 -0.220374 -0.258725 -0.00300345 -0.156467 -0.0666338 0.0997669
internal_weight=8116 3953 4163 2213 1979 2150 1740 478 799 172 2013 1351 306 1641 952 1501 251 845 112 1339 200 868 623 486 263 551 302 379 895 134 824 408 633 294 245 324 199 223 220 420 413 1072 372 318 248 137 242 671 130 137 362 760 401 332 498 284 198 119 454 276 251 674
internal_count=8116 3953 4163 2213 1979 2150 1740 478 799 172 2013 1351 306 1641 952 1501 251 845 112 1339 200 868 623 486 263 551 302 379 895 134 824 408 633 294 245 324 199 223 220 420 413 1072 372 318 248 137 242 671 130 137 362 760 401 332 498 284 198 119 454 276 251 674
is_linear=0
shrinkage=0.03


Tree=13
num_leaves=63
num_cat=0
split_feature=176 78 78 23 23 91 23 23 76 176 23 65 23 76 52 186 23 78 76 130 80 78 76 74 9 238 268 78 168 23 78 109 23 23 65 61 312 80 274 260 123 71 76 171 74 254 78 78 121 78 78 78 134 20 78 76 176 185 295 274 106 23
split_gain=37629.8 10354.5 5034.2 5579.08 4530.83 5979.05 4282.15 3663.21 2763.43 2612.7 2294.08 1888.96 2915.61 1876.54 1750.94 1791.03 1729.97 1598.42 1545.61 1415.24 1355.63 1271.6 1217.1 1080.59 1320.28 1192.54 1047.01 1031.26 1025.26 1001.36 941.782 926.823 889.989 859.215 809.254 977.804 806.425 742.909 700.353 691.254 671.76 666.933 657.761 657.09 655.41 649.997 637.102 625.758 573.731 638.06 553.985 536.368 522.694 499.954 495.283 479.957 471.08 625.736 570.256 460.603 471.713 457.202
threshold=0.26006440818309789 1.2195444703102114 1.4791626334190371 51.500000000000007 66.500000000000014 13.500000000000002 54.500000000000007 41.500000000000007 2.758232951164246 0.19399641454219821 53.500000000000007 4.5000000000000009 54.500000000000007 4.0559735298156747 3.708612442016602 1.0000000180025095e-35 76.500000000000014 1.5853099822998049 3.6758605241775517 1.0000000180025095e-35 0.62002331018447887 0.93649193644523632 6.485192298889161 4.6765384674072275 30.500000000000004 22.500000000000004 5.8879075050354013 1.3262522816658022 9.5000000000000018 85.500000000000014 1.3648539185523989 6.5000000000000009 76.500000000000014 103.50000000000001 4.5000000000000009 10.500000000000002 5.3767242431640634 0.58662942051887523 0.66444987058639537 3.5000000000000004 0.18335370719432834 43.500000000000007 6.7178571224212655 36.321428298950202 11.744565010070803 81.500000000000014 0.88295730948448192 1.3051151037216189 1.3481302261352541 1.5496172308921816 1.23606812953949 1.0442110300064089 41.500000000000007 79.500000000000014 0.93153667449951183 3.754746794700623 0.43095238506793981 4.5000000000000009 0.30969148874282842 0.62822896242141735 3.5000000000000004 71.500000000000014
decision_type=2 2 2 2 2 2 2 2 2 2 2 2 2 2 2 2 2 2 2 2 2 2 2 2 2 2 2 2 2 2 2 2 2 2 2 2 2 2 2 2 2 2 2 2 2 2 2 2 2 2 2 2 2 2 2 2 2 2 2 2 2 2
left_child=1 4 3 8 5 -1 14 -7 39 28 56 19 -13 30 15 -3 18 22 21 23 -17 -5 29 24 -9 41 -14 -20 -6 47 -8 -27 37 34 46 45 48 -12 -26 -2 -34 -25 52 -39 54 -36 -30 -15 49 -16 -23 59 -19 -28 -18 -37 58 -58 -4 -43 -61 -24
right_child=2 6 10 16 9 7 13 11 -10 -11 32 12 26 17 36 20 44 42 27 -21 -22 50 61 25 38 31 53 -29 33 -31 -32 -33 40 -35 35 55 -38 43 -40 -41 -42 51 -44 -45 -46 -47 -48 -49 -50 -51 -52 -53 -54 -55 -56 -57 57 -59 -60 60 -62 -63
leaf_value=-0.0097044102366893523 -0.049559367634356019 0.0033485721785630751 -0.028367277636881107 0.07748909059498045 -0.03465214005467316 0.34685237052964002 -0.053256892255463061 0.075921875805082459 0.26897362482999088 -0.0039062530536520803 -0.058790130252255345 0.34108570895296458 0.21395793093876403 0.069400530679000386 0.14113836498973381 0.28560505646372764 -0.015543603681361496 -0.19204909685457291 0.11580686949103711 -0.040822450343300308 0.098097294851516692 -0.04230092592253553 0.14354514237067528 0.0029269337834733904 0.16860909226962498 0.096617163148107407 0.14312114736613105 -0.023821420715456561 0.086332120474609017 -0.11396496428336415 -0.14805636308649006 0.24690364865435135 -0.091522258346757063 -0.0010084038270371301 0.13501624522399316 0.05787042760040978 -0.044823606037450107 -0.13093191296718695 0.31253010778200058 0.094598815628597802 -0.21460653256036732 0.057145234264433381 -0.034386667779424673 -0.23039713103486142 -0.17367218948344379 0.25876459114956407 0.020283848087630032 -0.015596365736484642 -0.0069252126985836935 0.018475661799716561 -0.10327924636298379 0.034708148775001363 -0.059669981489756274 0.01507930695522027 -0.1064162471554443 0.150614069202053 -0.065532845392664699 -0.19295915179346737 -0.11043775568742585 0.22093332758394338 0.09388821679466175 0.0429244228651618
leaf_weight=247 57 66 275 53 72 81 251 70 64 535 117 93 87 110 87 70 66 54 82 50 71 250 69 98 69 78 50 111 431 69 152 73 51 104 162 212 109 591 62 61 227 59 195 68 112 52 190 261 91 68 294 89 55 60 305 66 93 56 105 58 52 100
leaf_count=247 57 66 275 53 72 81 251 70 64 535 117 93 87 110 87 70 66 54 82 50 71 250 69 98 69 78 50 111 431 69 152 73 51 104 162 212 109 591 62 61 227 59 195 68 112 52 190 261 91 68 294 89 55 60 305 66 93 56 105 58 52 100
internal_value=0.000103248 0.0500651 -0.0833967 -0.0430716 0.0828748 0.123967 -0.00585502 0.153194 0.11188 0.0518247 -0.120411 0.137909 0.203125 -0.035455 0.0633972 0.132526 -0.0652954 -0.0116201 -0.0378717 0.112724 0.192542 -0.0617065 0.0164315 0.12361 0.182587 0.0999153 0.136603 0.0357937 0.074941 -0.00988738 -0.0892905 0.170419 -0.146005 0.0814479 0.0891467 0.11793 0.0228294 -0.129146 0.238576 0.0251318 -0.192435 0.0696172 -0.0676853 -0.141529 -0.109979 0.16615 0.0661892 0.00972369 0.0528659 0.0877884 -0.0753852 0.0948401 -0.126402 0.0740452 -0.0903355 0.0803496 -0.069235 -0.114392 -0.051275 0.126117 0.162263 0.084609
internal_weight=8116 5078 3038 1455 3200 1376 1878 1129 182 1824 1583 1048 290 1316 562 207 1273 913 790 758 141 597 609 708 201 507 197 193 1289 440 403 151 1054 1217 1113 492 355 776 131 118 278 356 304 659 483 214 621 371 246 155 544 258 109 110 371 278 529 149 380 169 110 169
internal_count=8116 5078 3038 1455 3200 1376 1878 1129 182 1824 1583 1048 290 1316 562 207 1273 913 790 758 141 597 609 708 201 507 197 193 1289 440 403 151 1054 1217 1113 492 355 776 131 118 278 356 304 659 483 214 621 371 246 155 544 258 109 110 371 278 529 149 380 169 110 169
is_linear=0
shrinkage=0.03


Tree=14
num_leaves=63
num_cat=0
split_feature=79 23 23 79 23 79 116 23 116 23 23 23 23 23 79 73 287 79 287 186 291 3 79 79 23 55 79 244 79 23 26 128 79 5 7 70 55 196 146 296 94 74 230 249 79 79 73 187 61 311 24 253 79 116 79 141 70 23 221 50 60 24
split_gain=53887 14186.6 8132.1 8944.23 6271.09 6118.4 5515.81 4338.51 3565.79 3363.98 1995.82 1932.39 1926.27 1819.76 1593.11 1932.37 1391.96 1369.13 1333.1 1315.6 1315.32 1228.68 1227.98 1188.01 1122.28 1044.95 1002.44 796.331 734.754 764.307 706.575 704.77 809.409 651.396 661.366 650.294 610.228 599.047 591.071 582.082 573.394 735.576 563 553.748 543.932 536.877 499.021 560.29 485.719 479.158 467.35 435.27 435.066 433.429 433.148 407.343 671.357 401.809 375.706 374.64 362.748 361.092
threshold=0.23354978114366534 75.500000000000014 65.500000000000014 0.28140169382095342 39.500000000000007 0.19371296465396884 11.500000000000002 53.500000000000007 56.500000000000007 51.500000000000007 103.50000000000001 45.500000000000007 78.500000000000014 92.500000000000014 0.20941306650638583 8.1500000953674334 37.500000000000007 0.29642401635646826 123.50000000000001 2.5000000000000004 8.5335659980773944 10.500000000000002 0.25652371346950537 0.16015266627073291 60.500000000000007 0.74925741553306591 0.2145502641797066 20.500000000000004 0.17089217156171801 90.500000000000014 1.0000000180025095e-35 4.5000000000000009 0.25937646627426153 1.5000000000000002 12.500000000000002 68.500000000000014 0.56333956122398388 4.2915790081024179 142.50000000000003 0.69054195284843456 34.500000000000007 5.9805195331573495 0.15530303120613101 0.38710175454616552 0.17677696049213412 0.24499800056219104 7.5999999046325692 2.5000000000000004 8.5000000000000018 4.0499999523162851 66.500000000000014 11.500000000000002 0.31605799496173864 112.50000000000001 0.30798149108886724 23.500000000000004 27.500000000000004 80.500000000000014 0.60580432415008556 79.500000000000014 105.50000000000001 62.500000000000007
decision_type=2 2 2 2 2 2 2 2 2 2 2 2 2 2 2 2 2 2 2 2 2 2 2 2 2 2 2 2 2 2 2 2 2 2 2 2 2 2 2 2 2 2 2 2 2 2 2 2 2 2 2 2 2 2 2 2 2 2 2 2 2 2
left_child=1 4 3 9 -1 10 -6 8 16 31 27 39 17 26 15 33 -8 45 19 40 -10 25 -11 -12 35 -18 57 60 46 -30 -21 -2 -33 38 51 -16 -19 42 43 54 -17 -42 48 -9 -20 -4 61 -48 -13 -14 52 -35 -51 -43 -5 56 -38 -7 -26 -47 -3 -29
right_child=2 5 12 11 6 13 7 14 20 22 23 37 49 -15 24 18 21 36 44 30 -22 -23 -24 -25 58 -27 -28 28 29 -31 -32 32 -34 34 -36 -37 55 -39 -40 -41 41 53 -44 -45 -46 59 47 -49 -50 50 -52 -53 -54 -55 -56 -57 -58 -59 -60 -61 -62 -63
leaf_value=0.37391762736231776 0.059908227796082965 -0.051497412272474979 -0.03951197956294681 -0.0047655601597556439 -0.037742619287611828 0.042649227297722789 0.026328880405426022 0.034991135308236783 0.22099416070235403 0.026211400709358543 0.017230547861661762 -0.086105895879235922 -0.12808504512568689 -0.15984140452082182 0.061507336806576197 0.086457217210217527 0.29269119819360118 -0.078085682093631467 0.2995465578075866 0.10611597451921943 0.38326549045967334 0.05555102241039276 -0.052942285770864031 -0.144604855993342 -0.038269818165039611 0.14503393564297229 -0.083298506045780249 0.099594067324533908 0.077689867317676548 -0.027752813115859261 -0.024473986327648162 0.24319064592415432 0.093784450671595077 0.11133743761401428 0.050715644146079444 0.20868452240855004 -0.11293169493006322 -0.2107167651963931 0.006762633794288841 0.04911441463773901 0.27044663201272484 0.10505684118579935 -0.0245868999212079 0.13395890365044275 0.17678722662700189 -0.049834364337677309 0.15895326121569131 0.077899614277888427 -0.13497402608828846 -0.19906320555893622 -0.13559533269843085 0.23578738966240331 -0.29109629141933779 0.21127351481523085 -0.076926878154336006 -0.11440657581403402 -0.24551844105299531 -0.026778108739176566 0.044422917812703314 -0.11563877683364898 0.041208050917924899 0.014189130794498827
leaf_weight=85 181 54 155 106 200 117 74 98 94 324 119 278 105 131 52 56 83 59 70 142 98 59 385 61 58 97 231 108 194 90 50 52 91 56 66 58 50 61 138 54 79 80 61 107 73 98 197 131 585 220 79 51 67 66 255 57 132 205 310 425 122 76
leaf_count=85 181 54 155 106 200 117 74 98 94 324 119 278 105 131 52 56 83 59 70 142 98 59 385 61 58 97 231 108 194 90 50 52 91 56 66 58 50 61 138 54 79 80 61 107 73 98 197 131 585 220 79 51 67 66 255 57 132 205 310 425 122 76
internal_value=0.000107696 0.074082 -0.0806523 -0.0471263 0.122086 0.0113001 0.112682 0.126917 0.203646 0.0198294 0.0534833 -0.096509 -0.136952 -0.0597197 0.102739 0.122138 0.140469 -0.112686 0.158031 0.133239 0.305377 0.175552 -0.0167845 -0.0381096 0.0566386 0.214361 -0.0357562 0.0704667 0.0832219 0.0442948 0.0721576 0.0997556 0.149426 0.0790654 0.126466 0.140291 -0.166335 -0.119378 0.0548596 -0.0420719 0.17457 0.196021 -0.113127 0.087047 0.238542 -0.0888948 0.104686 0.126916 -0.11935 -0.18689 -0.203366 0.172289 -0.221484 0.154183 -0.0558099 -0.187704 -0.20991 -0.00149747 0.0313214 -0.103427 0.0126341 0.0645855
internal_weight=8116 4236 3880 2433 2400 1836 2315 2115 505 1033 1152 1400 1447 684 1610 1132 313 976 616 473 192 239 709 180 478 180 553 972 796 284 192 324 143 516 173 110 298 985 343 415 281 225 924 205 143 678 512 328 863 471 366 107 287 146 361 239 182 322 368 523 176 184
internal_count=8116 4236 3880 2433 2400 1836 2315 2115 505 1033 1152 1400 1447 684 1610 1132 313 976 616 473 192 239 709 180 478 180 553 972 796 284 192 324 143 516 173 110 298 985 343 415 281 225 924 205 143 678 512 328 863 471 366 107 287 146 361 239 182 322 368 523 176 184
is_linear=0
shrinkage=0.03


Tree=15
num_leaves=63
num_cat=0
split_feature=79 23 273 135 23 23 273 23 69 79 23 207 23 79 79 72 179 23 79 23 79 231 210 315 79 23 79 79 223 241 110 59 96 5 23 20 23 253 19 137 246 23 317 99 70 25 23 23 79 23 68 79 179 123 19 198 199 274 23 58 123 79
split_gain=50741.5 12109.2 8737.24 6468.67 7617.19 5751.25 4846.47 3566.36 3514.68 3063.01 2539.14 2298.08 2030.77 1743.86 1681.87 1606.7 1497.95 1348.51 1262.44 1182.07 1147.06 1315.26 2002.33 1086.94 999.819 994.271 914.117 890.109 832.907 819.536 762.286 751.68 713.218 697.385 689.133 686.316 630.587 630.124 620.377 610.161 570.96 635.456 598.978 568.933 568.295 536.29 526.086 513.464 501.337 470.471 442.96 616.241 428.41 424.331 465.935 417.135 502.065 468.652 390.406 390.215 407.443 384.108
threshold=0.22687723487615588 75.500000000000014 0.29679679870605474 76.500000000000014 39.500000000000007 56.500000000000007 0.17445652186870578 52.500000000000007 36.500000000000007 0.26873697340488439 76.500000000000014 10.500000000000002 73.500000000000014 0.27599073946475988 0.25268942117691046 25.500000000000004 65.500000000000014 88.500000000000014 0.17614738643169406 45.500000000000007 0.20941306650638583 76.500000000000014 36.500000000000007 1.373940706253052 0.20524267852306369 56.500000000000007 0.24796693772077563 0.2031885161995888 1.5000000000000002 20.500000000000004 47.500000000000007 55.500000000000007 3.4868334531784062 1.5000000000000002 65.500000000000014 62.500000000000007 37.500000000000007 11.500000000000002 41.500000000000007 1.5000000000000002 3.2951964139938359 91.500000000000014 0.35260695219039923 0.9535023868083955 66.500000000000014 1.0000000180025095e-35 99.500000000000014 46.500000000000007 0.29740898311138159 103.50000000000001 26.500000000000004 0.27599073946475988 84.500000000000014 0.22706922888755801 73.500000000000014 0.19684550911188128 0.60803133249282848 0.66076648235321056 60.500000000000007 0.6176603138446809 0.26534536480903631 0.20376268029212954
decision_type=2 2 2 2 2 2 2 2 2 2 2 2 2 2 2 2 2 2 2 2 2 2 2 2 2 2 2 2 2 2 2 2 2 2 2 2 2 2 2 2 2 2 2 2 2 2 2 2 2 2 2 2 2 2 2 2 2 2 2 2 2 2
left_child=1 3 5 -1 -5 9 27 8 16 26 13 -10 14 25 58 33 -6 24 -19 -15 21 22 32 39 52 -4 43 29 -23 -3 -30 -24 -17 35 -22 -9 -11 -35 45 -18 -12 42 53 -2 59 -21 61 -28 -38 -31 -16 -52 -8 -42 -55 -47 -57 -58 -7 -40 -61 -20
right_child=2 6 10 4 7 12 17 15 11 36 40 -13 -14 19 50 20 23 18 46 38 34 28 31 -25 -26 -27 47 -29 30 49 -32 -33 -34 37 -36 -37 48 -39 44 -41 41 -43 -44 -45 -46 55 -48 -49 -50 -51 51 -53 -54 54 -56 56 57 -59 -60 60 -62 -63
leaf_value=-0.025440479259541696 0.21260051994323728 -0.027487552690964479 0.078147221234711725 0.45851767908443103 0.052088800644388006 0.055490428475396973 -0.00044343301456193534 0.141034498586049 0.45222919782002768 0.068149596410408866 -0.095884682678363531 0.19285015182980036 -0.12536715582569596 -0.059885316380414728 -0.062312418469592519 0.22759016157429021 0.31898046892881393 0.0013737263165724772 -0.048352195470035074 -0.10131748537199115 0.13938694960930767 0.30883104443550108 0.011556655921434102 0.089308837354183199 -0.04535810256305222 -0.062316585663698028 0.11313737664371729 -0.035048832393561803 0.13731846063004599 0.092340197998885473 0.2719540750022445 0.14366224973851982 0.097272026601590608 0.062615461388449062 0.037095616281161023 0.032601448960560067 -0.01110267538273539 0.16488782413831327 -0.15552583345756626 0.18161285279478345 -0.14621375001710837 -0.2854569663946897 -0.08492793136002387 0.08797877848846837 -0.1409948817837218 -0.12017723966684617 -0.17476422186224508 0.023717274078847588 -0.084571407945464069 0.01760405262867952 -0.073062685870311478 -0.19091725879215768 0.082863815316500569 -0.29540556620467795 -0.16937449036944996 -0.123725145966991 -0.27734200175180929 -0.16611584407362071 -0.016116649753624396 -0.10316149513594905 -0.030080955100982167 -0.13271504885994079
leaf_weight=234 74 64 54 65 97 83 97 61 71 58 54 58 399 266 331 132 59 143 124 105 101 60 132 59 194 260 95 71 134 674 55 54 56 108 144 352 232 112 58 69 79 70 50 63 330 78 77 147 130 86 98 69 129 65 54 56 91 65 371 150 128 81
leaf_count=234 74 64 54 65 97 83 97 61 71 58 54 58 399 266 331 132 59 143 124 105 101 60 132 59 194 260 95 71 134 674 55 54 56 108 144 352 232 112 58 69 79 70 50 63 330 78 77 147 130 86 98 69 129 65 54 56 91 65 371 150 128 81
internal_value=0.000111666 0.0770806 -0.0729755 0.123623 0.141253 -0.0308992 0.0178487 0.130245 0.208342 0.0328776 -0.117878 0.33799 -0.0686141 -0.10172 -0.0447212 0.108632 0.148474 -0.0336601 -0.0712687 -0.11676 0.135161 0.156825 0.120673 0.197927 0.00447508 -0.037989 0.0945974 0.0664631 0.210424 0.0752418 0.177723 0.050473 0.189492 0.0720976 0.0796599 0.048919 -0.0229096 0.115192 -0.130949 0.246913 -0.188691 -0.204101 -0.180083 0.156346 -0.112898 -0.161023 -0.10798 0.0591413 -0.0376468 0.0839175 -0.0827357 -0.122604 0.0472636 -0.203565 -0.240103 -0.182218 -0.204373 -0.232351 -0.0029323 -0.0849669 -0.0697413 -0.0821682
internal_weight=8116 3953 4163 2213 1979 2150 1740 1914 413 799 2013 129 1351 1641 952 1501 284 845 425 1327 868 623 374 187 420 314 379 895 249 824 189 186 188 633 245 413 420 220 1061 128 372 318 248 137 666 395 282 242 362 760 498 167 226 198 119 290 212 156 454 336 278 205
internal_count=8116 3953 4163 2213 1979 2150 1740 1914 413 799 2013 129 1351 1641 952 1501 284 845 425 1327 868 623 374 187 420 314 379 895 249 824 189 186 188 633 245 413 420 220 1061 128 372 318 248 137 666 395 282 242 362 760 498 167 226 198 119 290 212 156 454 336 278 205
is_linear=0
shrinkage=0.03


Tree=16
num_leaves=63
num_cat=0
split_feature=79 23 79 23 243 23 79 23 88 23 23 23 23 79 79 315 207 79 65 79 96 141 23 79 327 216 23 79 109 54 68 19 23 233 81 79 38 67 19 122 79 55 22 154 145 298 104 220 23 287 79 215 19 69 13 91 176 311 19 18 12 23
split_gain=47904.8 14021 7528.28 6570.31 5979.5 8205.49 5030.88 3294.01 3320.54 2725.44 2278.78 2071.72 1734.44 1695.59 1600.74 1387.56 1296.01 1472.41 1242.27 1216.04 1085.38 1067.87 970.661 960.98 915.965 969.238 908.416 1271.24 1038.17 837.947 813.269 787.978 771.119 725.993 691.862 678.823 624.646 588.53 627.657 576.093 571.865 563.226 555.65 531.62 535.15 528.416 526.159 516.104 504.889 470.61 464.262 456.748 445.429 453.547 447.16 435.575 670.197 418.9 509.419 400.774 392.808 388.617
threshold=0.2434164956212044 71.500000000000014 0.19806650280952456 59.500000000000007 58.500000000000007 39.500000000000007 0.29140295088291174 53.500000000000007 14.500000000000002 84.500000000000014 103.50000000000001 46.500000000000007 76.500000000000014 0.22866480052471164 0.28268365561962133 1.2908571362495425 12.500000000000002 0.19806650280952456 3.5000000000000004 0.16015266627073291 3.4642323255538945 28.500000000000004 41.500000000000007 0.21317502111196521 1.0000000180025095e-35 10.556046009063722 84.500000000000014 0.16447026282548907 11.500000000000002 3.3241000175476079 11.500000000000002 56.500000000000007 97.500000000000014 13.500000000000002 35.500000000000007 0.17179608345031741 1133.5000000000002 9.5000000000000018 69.500000000000014 1.0600751638412478 0.26933041214942938 1.2813337445259096 63.500000000000007 0.21701769530773166 68.500000000000014 54.500000000000007 279.50000000000006 0.32449981570243841 60.500000000000007 50.500000000000007 0.21658075600862506 3.246505975723267 40.500000000000007 55.500000000000007 48.500000000000007 120.50000000000001 0.17902930825948718 4.0499999523162851 27.500000000000004 70.500000000000014 60.500000000000007 70.500000000000014
decision_type=2 2 2 2 2 2 2 2 2 2 2 2 2 2 2 2 2 2 2 2 2 2 2 2 2 2 2 2 2 2 2 2 2 2 2 2 2 2 2 2 2 2 2 2 2 2 2 2 2 2 2 2 2 2 2 2 2 2 2 2 2 2
left_child=1 4 10 6 46 -6 11 8 15 23 26 30 14 18 61 24 17 -10 31 -12 21 36 -8 -4 25 -7 28 45 59 -17 -2 34 50 -33 35 60 43 49 47 -14 -13 -35 -30 44 -20 -28 -1 -39 -15 -16 -11 -32 54 -54 -24 56 -22 -41 -59 -3 -9 -5
right_child=3 2 9 12 5 7 22 13 16 32 19 40 39 48 37 29 -18 -19 20 -21 55 -23 52 -25 -26 -27 27 -29 42 -31 51 33 -34 41 -36 -37 -38 38 -40 57 -42 -43 -44 -45 -46 -47 -48 -49 -50 -51 -52 -53 53 -55 -56 -57 -58 58 -60 -61 -62 -63
leaf_value=-0.026325813172811484 0.026509886011919552 0.05310748233038972 0.03488266953060664 -0.058622836447319082 0.45930086437393636 0.27266054140459189 -0.027898773421276953 0.17767493029772224 0.44248487565054823 -0.064140366195933884 0.016457077698782088 0.016225060467905068 -0.11810485250570557 0.095651045065859086 -0.13671811234558884 -0.027510102242231368 0.16997580346513969 0.22898788964748382 0.2810507892861086 -0.14172288214706855 0.12266384225207215 0.080271097753621359 -0.10868036910680394 -0.04419047465232024 0.094278507730463049 0.11725689308198749 -0.0024328959847872071 0.0013838500467055284 0.085482622104532571 0.13239257133007049 0.21193244794383645 -0.016853356995752879 -0.21609138948576792 0.12334646542779112 0.18577411120450432 -0.004415690139202135 0.30287914199649163 -0.22299526312942558 -0.12500913100792688 -0.12441639581452245 -0.047771704534284545 0.01283321299659672 0.21212489777995694 0.12060041693107383 0.15370603039151146 0.10245537065744816 0.072644953876733781 -0.11554443179350345 -1.8769859472352466e-05 -0.038613662040682839 -0.1415181902728076 0.094001821361482135 -0.063677944644684417 -0.12168235780284739 -0.20302704095896054 0.14934285830748689 -0.00080512382984161376 -0.26462766913005287 -0.17609308790889655 0.11378576908478294 0.062733294266574785 -0.10893940498512285
leaf_weight=248 84 280 220 486 67 100 206 58 66 159 119 272 131 68 94 63 60 59 67 68 84 78 160 369 90 60 51 302 50 54 55 104 62 112 90 55 52 157 281 68 232 66 92 81 62 281 59 59 177 84 128 69 322 199 66 87 74 104 164 153 52 196
leaf_count=248 84 280 220 486 67 100 206 58 66 159 119 272 131 68 94 63 60 59 67 68 84 78 160 369 90 60 51 302 50 54 55 104 62 112 90 55 52 157 281 68 232 66 92 81 62 281 59 59 177 84 128 69 322 199 66 87 74 104 164 153 52 196
internal_value=0.000111583 0.0633968 0.0116236 -0.0838093 0.116068 0.135106 -0.040684 0.123554 0.185436 -0.0540719 0.0557728 0.0196358 -0.123132 0.0984482 -0.105817 0.132586 0.289002 0.344331 0.114052 -0.0415108 0.144345 0.179115 -0.0857231 -0.0146465 0.172393 0.215474 0.0708419 0.045961 0.0981483 0.0467877 0.0990511 0.0808443 -0.120377 0.0460367 0.119007 0.0816892 0.208125 -0.138593 -0.155459 -0.173111 -0.01327 0.0826703 0.168442 0.183337 0.221499 0.0863841 -0.00713127 -0.194313 0.0268154 -0.090896 -0.0990219 0.147587 -0.101611 -0.0860238 -0.137006 0.0955618 0.0651952 -0.194142 -0.211306 0.0747609 0.124394 -0.0732216
internal_weight=8116 4627 2334 3489 2293 1986 1665 1919 552 938 1396 712 1824 1367 1357 367 185 125 1122 187 585 340 953 589 250 160 1209 634 575 117 208 537 349 282 255 165 262 675 497 467 504 178 142 210 129 332 307 216 245 178 287 124 747 521 226 245 158 336 268 433 110 682
internal_count=8116 4627 2334 3489 2293 1986 1665 1919 552 938 1396 712 1824 1367 1357 367 185 125 1122 187 585 340 953 589 250 160 1209 634 575 117 208 537 349 282 255 165 262 675 497 467 504 178 142 210 129 332 307 216 245 178 287 124 747 521 226 245 158 336 268 433 110 682
is_linear=0
shrinkage=0.03


Tree=17
num_leaves=63
num_cat=0
split_feature=273 23 78 78 237 23 23 116 23 23 105 157 273 93 176 248 118 273 61 23 242 153 254 179 37 23 78 78 58 149 23 60 23 98 121 268 261 145 146 57 284 17 171 78 23 291 53 23 23 291 304 91 120 124 175 97 20 150 231 141 251 56
split_gain=39664 6484.82 4883.36 4381.04 3297.49 3147.62 2603.02 2523.55 2578.9 2273.82 2194.47 1525.03 1470.45 1357.54 1354.81 1166.79 1312.47 1076.31 930.715 906.178 896.021 878.251 848.016 841.289 1037.87 840.75 836.441 787.679 773.204 734.292 848.283 727.488 662.878 655.459 614.211 610.674 609.722 636.912 608.147 604.928 597.86 592.622 569.87 565.481 573.918 552.919 529.835 508.541 502.804 493.376 472.74 450.701 433.27 418.217 419.721 412.337 490.021 461.143 409.314 409.153 388.177 382.64
threshold=0.2485294118523598 35.500000000000007 1.2195444703102114 1.2457184195518496 11.500000000000002 59.500000000000007 51.500000000000007 11.500000000000002 52.500000000000007 58.500000000000007 20.500000000000004 67.500000000000014 0.17274536192417148 134.50000000000003 0.31503759324550634 3.4630701541900639 3.5975543260574345 0.29679679870605474 19.500000000000004 82.500000000000014 257.50000000000006 1.0628955960273745 28.500000000000004 65.500000000000014 65.500000000000014 95.500000000000014 1.580014228820801 0.8481554687023164 0.67623883485794078 2.1552212238311772 83.500000000000014 117.50000000000001 37.500000000000007 3.709191203117371 1.5182507038116457 5.085304021835328 9.5000000000000018 66.500000000000014 253.50000000000003 0.22827834635972979 1.5000000000000002 79.500000000000014 36.321428298950202 0.73677700757980358 83.500000000000014 8.5335659980773944 8.7339839935302752 76.500000000000014 71.500000000000014 12.727941036224367 5.5000000000000009 18.500000000000004 2.0959575176239018 0.64339071512222301 1.7888888716697695 8.7124338150024432 78.500000000000014 11.262362480163576 59.500000000000007 23.500000000000004 0.23194202780723575 1.3133343458175661
decision_type=2 2 2 2 2 2 2 2 2 2 2 2 2 2 2 2 2 2 2 2 2 2 2 2 2 2 2 2 2 2 2 2 2 2 2 2 2 2 2 2 2 2 2 2 2 2 2 2 2 2 2 2 2 2 2 2 2 2 2 2 2 2
left_child=1 -1 4 6 7 17 13 -3 10 15 23 21 22 -2 36 34 -17 53 26 27 45 -6 49 35 -25 41 33 -8 43 30 31 58 -19 -11 50 -9 48 -38 -33 46 -18 42 47 -14 55 -13 -34 59 -7 -10 -4 -41 -29 54 -5 56 -45 -57 -24 -16 -28 -35
right_child=3 2 9 5 11 14 19 8 12 18 -12 20 28 -15 25 16 40 32 -20 -21 -22 -23 29 24 -26 -27 60 52 -30 -31 -32 38 39 61 -36 -37 37 -39 -40 51 -42 -43 -44 44 -46 -47 -48 -49 -50 -51 -52 -53 -54 -55 -56 57 -58 -59 -60 -61 -62 -63
leaf_value=0.34311301509539283 0.0074321120543913407 -0.028566619193895269 -0.030625273771584034 -0.0091474878534424202 0.16269135978486804 -0.03466598950859591 0.086951944741285245 0.12477141843122593 0.062856131414720018 -0.021922835806004549 0.32949295234680176 0.013718975966990883 0.12363542594453866 0.21574265961045935 -0.14689438586619541 0.19527501029482011 -0.026153814563793797 0.015841959041050253 -0.084481385696467154 -0.076963432865156403 0.22120394720069386 0.33427516948609121 0.13608709095880903 0.25634587137959897 0.096814892486385667 -0.25874795797569999 -0.02796504045672276 -0.054948057132367528 -0.040172706168175205 0.071772051224382474 0.064676500718474764 0.23746479344367979 0.051505249381109876 0.069448443906784979 -0.06215919397094033 -0.02167765032786589 -0.22451436408302364 -0.10218752413028689 0.12608539656505866 -0.025103199206594679 0.097266381272335639 -0.10024929360640565 -0.24426703965832147 0.12758000033242362 -0.025224717063816179 0.13338379819852275 -0.068904640859804078 -0.20917116050729931 -0.098048046987168791 -0.015008086453784597 0.070079810991883276 -0.10496630584134775 -0.00040282649773558583 -0.043427386562224855 0.092416119533327387 -0.015364055753115963 0.024897087524831295 0.086972470656037332 0.028371999538861787 -0.072158513670184887 -0.11797598699078662 2.699740917274826e-06
leaf_weight=71 54 226 57 118 53 206 61 50 285 244 54 66 67 58 273 94 55 67 157 320 54 62 86 63 91 57 135 247 124 562 157 104 50 193 65 51 50 173 84 73 96 253 61 97 121 73 92 91 252 98 153 535 278 177 52 120 74 58 51 91 63 113
leaf_count=71 54 226 57 118 53 206 61 50 285 244 54 66 67 58 273 94 55 67 157 320 54 62 86 63 91 57 135 247 124 562 157 104 50 193 65 51 50 173 84 73 96 253 61 97 121 73 92 91 252 98 153 535 278 177 52 120 74 58 51 91 63 113
internal_value=0.000115917 0.0606506 0.0559689 -0.0725257 0.078111 -0.0927035 -0.0195448 0.0671574 0.0761908 0.0104034 0.157004 0.170875 0.0641619 0.116262 -0.121326 0.0603356 0.10781 -0.0555745 -0.0183218 -0.0364429 0.118329 0.257282 0.081291 0.119333 0.16331 -0.147215 -0.00434112 -0.0142223 0.0271158 0.0953039 0.122536 0.150202 -0.0743566 0.0147046 0.0178026 0.0513344 -0.089755 -0.130495 0.18863 -0.0824247 0.0524357 -0.138622 -0.157207 0.0426993 0.0309236 0.0770684 -0.0264431 -0.145025 -0.0696776 0.0429455 0.04273 -0.0954344 -0.0261207 -0.011266 0.0222778 0.050407 0.0835472 0.0182811 0.0964849 -0.128459 -0.0570538 0.043887
internal_weight=8116 4427 4356 3689 2931 2671 1018 2623 2397 1425 309 308 2088 112 1507 520 245 1164 905 906 193 115 1427 255 154 826 748 586 661 1044 482 325 817 550 275 101 681 223 188 750 151 769 516 537 470 139 142 455 458 383 210 608 525 347 170 349 171 178 137 364 198 306
internal_count=8116 4427 4356 3689 2931 2671 1018 2623 2397 1425 309 308 2088 112 1507 520 245 1164 905 906 193 115 1427 255 154 826 748 586 661 1044 482 325 817 550 275 101 681 223 188 750 151 769 516 537 470 139 142 455 458 383 210 608 525 347 170 349 171 178 137 364 198 306
is_linear=0
shrinkage=0.03


Tree=18
num_leaves=63
num_cat=0
split_feature=273 23 78 78 259 23 263 23 23 23 273 268 259 111 273 47 179 273 80 23 179 223 43 23 118 17 141 297 9 78 285 216 176 23 78 176 55 78 57 126 80 175 65 53 176 62 176 121 58 327 198 87 19 23 16 78 24 268 232 23 74 275
split_gain=37338.3 6107.03 4598.32 4124.8 3375.64 2964.13 2726.57 3861.14 2451.19 2140.56 1780.27 1477.88 1351.14 1336.11 1295.85 1278.03 1463.6 1012.98 1009.85 936.818 936.067 901.433 1093.8 857.708 825.638 819.994 877.713 802.918 795.48 704 647.12 634.552 631.046 623.871 608.635 618.236 602.211 578.202 569.223 546.19 515.112 509.433 503.554 498.97 490.583 481.489 477.651 472.873 447.783 446.952 444.495 515.817 428.088 427.485 432.999 427.433 408.016 406.286 403.802 394.476 549.675 368.093
threshold=0.2485294118523598 35.500000000000007 1.2195444703102114 1.2457184195518496 5.5000000000000009 59.500000000000007 6.5000000000000009 66.500000000000014 51.500000000000007 58.500000000000007 0.16843971610069278 5.085304021835328 2.5000000000000004 7.5000000000000009 0.31311275064945226 108.50000000000001 77.500000000000014 0.29679679870605474 0.63416582345962536 86.500000000000014 94.500000000000014 1.5000000000000002 9.5000000000000018 76.500000000000014 3.5975543260574345 79.500000000000014 23.500000000000004 10.500000000000002 30.500000000000004 1.4130252003669741 43.500000000000007 8.9536080360412615 0.16172623634338382 37.500000000000007 1.5853099822998049 0.15268065780401233 0.6509591042995454 1.1234756112098696 0.22827834635972979 4.5000000000000009 0.66318514943122875 0.87867647409439098 4.5000000000000009 8.7339839935302752 0.30368906259536749 2.5000000000000004 0.20942982286214831 1.1756193041801455 0.67717823386192333 1.0000000180025095e-35 0.24467120319604876 5.5000000000000009 58.500000000000007 82.500000000000014 51.500000000000007 1.0856566429138186 59.500000000000007 8.8874998092651385 241.50000000000003 48.500000000000007 13.445121765136721 20.500000000000004
decision_type=2 2 2 2 2 2 2 2 2 2 2 2 2 2 2 2 2 2 2 2 2 2 2 2 2 2 2 2 2 2 2 2 2 2 2 2 2 2 2 2 2 2 2 2 2 2 2 2 2 2 2 2 2 2 2 2 2 2 2 2 2 2
left_child=1 -1 4 8 6 17 27 11 13 12 40 21 32 -2 45 20 -17 59 34 25 31 22 -8 37 -14 26 30 -3 -23 -20 50 -13 -4 -19 35 41 -18 42 43 -21 -9 -11 -10 -35 -25 -7 -26 -34 -12 -29 -16 -52 -40 54 -37 57 -42 -38 -30 60 -5 -54
right_child=3 2 9 5 -6 14 7 10 23 18 48 15 24 -15 19 16 36 33 29 39 -22 28 -24 44 46 -27 -28 49 58 -31 -32 -33 47 38 -36 53 55 -39 52 -41 56 -43 -44 -45 -46 -47 -48 -49 -50 -51 51 -53 61 -55 -56 -57 -58 -59 -60 -61 -62 -63
leaf_value=0.33296258834501102 -0.0029036486499449785 -0.024229141917493608 0.067635660753693677 0.087291045953386603 0.27883870537548011 -0.05939542139684291 0.16172578788321951 0.09433555501538568 0.0018206870638604105 0.014752216103924326 0.01907535233433488 0.054768565870050724 0.18724959676635675 0.20473391833759488 -0.094667100940110549 0.24407667823584683 0.18757840587120306 0.015373689314240919 -0.030923790387563443 -0.26197428730566324 0.12392505213289576 0.066378084186757544 0.32399799460950102 -0.038013719863164819 0.022201477671603121 -0.078700247853360272 -0.073247205487524086 0.067594582345701995 0.24382531952049771 -0.13031648750707972 -0.23952838849071617 -0.084420326307415958 0.024162892243083642 0.049990388832657655 -0.043477498222913205 0.091513180531123103 0.05905171094032434 -0.041235730004494729 -0.13232683593015696 -0.14676693027438242 0.080728469495661551 0.11976825315461438 0.10428572929611331 -0.066859728254287709 -0.10137482568178148 -0.11441444450039637 0.13946592063588253 -0.074872171873083482 -0.059168795862624163 -0.0063624159358964061 -0.21940008600716882 -0.12288882010985376 -0.03544770652602474 -0.074256238116612361 -0.0085310495167293336 0.021390286496392002 0.0047916005866136396 0.15979131916039424 0.13660305433962716 -0.038588879896730335 -0.027567225749845856 -0.095145734007646504
leaf_weight=71 50 269 128 69 71 341 91 586 178 82 394 57 86 62 105 82 56 67 196 81 67 88 68 268 82 234 116 238 58 95 90 59 97 50 173 50 77 216 175 78 127 84 56 92 188 252 50 77 78 106 105 105 138 61 164 80 127 70 82 198 80 295
leaf_count=71 50 269 128 69 71 341 91 586 178 82 394 57 86 62 105 82 56 67 196 81 67 88 68 268 82 234 116 238 58 95 90 59 97 50 173 50 77 216 175 78 127 84 56 92 188 252 50 77 78 106 105 105 138 61 164 80 127 70 82 198 80 295
internal_value=0.000118412 0.0588515 0.0543083 -0.0703614 0.0757944 -0.0899402 0.0706581 0.0859521 -0.0189532 0.0100926 0.05269 0.13252 0.0585396 0.112833 -0.117716 0.100496 0.13288 -0.0539096 -0.0177782 -0.14017 0.035534 0.17749 0.232716 -0.0353512 0.115279 -0.125898 -0.146905 0.014548 0.138128 -0.0637067 -0.16777 -0.0161422 0.0173364 -0.0721307 0.00405742 0.0227611 0.0999148 -0.00593784 -0.0799578 -0.206728 0.0788603 0.0682918 0.0266817 -0.0256535 -0.0643009 -0.0829294 0.0673345 -0.0198404 0.00604742 0.0448531 -0.146574 -0.171956 -0.0925778 -0.00487079 0.0151607 0.0775607 0.0429277 0.107778 0.182438 -0.0109246 0.0258495 -0.0762451
internal_weight=8116 4427 4356 3689 2931 2671 2860 2247 1018 1425 1312 935 520 112 1507 548 365 1164 905 914 183 387 159 906 218 755 521 613 228 291 405 116 302 817 614 441 283 450 750 159 840 166 234 142 456 593 132 174 472 344 315 210 608 275 214 227 254 147 140 347 149 433
internal_count=8116 4427 4356 3689 2931 2671 2860 2247 1018 1425 1312 935 520 112 1507 548 365 1164 905 914 183 387 159 906 218 755 521 613 228 291 405 116 302 817 614 441 283 450 750 159 840 166 234 142 456 593 132 174 472 344 315 210 608 275 214 227 254 147 140 347 149 433
is_linear=0
shrinkage=0.03


Tree=19
num_leaves=63
num_cat=0
split_feature=79 23 23 79 23 79 91 23 116 23 23 207 291 23 23 298 23 238 186 39 79 79 95 79 79 8 79 79 50 232 241 79 7 23 128 79 19 70 268 282 130 296 73 55 59 79 173 176 76 69 243 19 249 97 213 24 159 79 195 18 23 325
split_gain=41463.6 11216.8 6321.64 6716.95 5030.15 4883.05 4768.87 4504.66 3081.53 2790.57 1636.99 1580.51 1731.31 1469.67 1469.44 1437.3 1317.8 1275.99 1303.55 1042.93 1019.2 976.627 960.299 1001.24 928.128 914.324 905.866 845.385 727.091 711.997 711.21 700.727 678.044 675.076 635.907 639.202 605.623 573.891 565.767 737.778 553.397 528.024 525.484 509.865 519.093 555.07 496.202 472.418 464.399 580.207 463.494 523.854 452.065 432.445 459.102 423.116 420.868 379.972 419.228 360.547 360.354 356.872
threshold=0.23447144776582721 75.500000000000014 66.500000000000014 0.28140169382095342 36.500000000000007 0.19371296465396884 16.500000000000004 53.500000000000007 56.500000000000007 51.500000000000007 103.50000000000001 13.500000000000002 8.5335659980773944 45.500000000000007 92.500000000000014 85.500000000000014 78.500000000000014 36.500000000000007 2.5000000000000004 12.500000000000002 0.13906469941139224 0.17787194252014163 9.1500000953674334 0.20812705904245379 0.25937646627426153 6.5000000000000009 0.28902275860309606 0.21575680375099185 45.500000000000007 272.50000000000006 20.500000000000004 0.17089217156171801 5.5000000000000009 88.500000000000014 4.5000000000000009 0.25937646627426153 27.500000000000004 61.500000000000007 5.2090568542480478 4.5000000000000009 1.5000000000000002 0.69054195284843456 7.5999999046325692 1.3834339976310732 55.500000000000007 0.20941306650638583 2.9058879613876347 0.44722221791744238 2.8353382349014287 45.500000000000007 79.500000000000014 25.500000000000004 1.2574406862258913 6.9552388191223153 20.500000000000004 39.500000000000007 1.0000000180025095e-35 0.22742947190999988 3.5593346357345585 64.500000000000014 79.500000000000014 74.500000000000014
decision_type=2 2 2 2 2 2 2 2 2 2 2 2 2 2 2 2 2 2 2 2 2 2 2 2 2 2 2 2 2 2 2 2 2 2 2 2 2 2 2 2 2 2 2 2 2 2 2 2 2 2 2 2 2 2 2 2 2 2 2 2 2 2
left_child=1 4 3 9 -1 10 36 8 15 34 30 12 -10 41 27 -8 26 18 22 -17 -12 -19 28 38 -11 -21 -4 60 -9 53 -3 42 -30 -33 -2 -36 -6 -28 39 -24 47 -5 55 44 -31 -46 -41 -15 -49 -50 -18 -52 56 -20 -55 -32 -44 58 -25 -39 -7 -40
right_child=2 5 16 13 6 14 7 17 11 24 20 -13 -14 40 -16 19 50 21 29 25 -22 -23 23 57 -26 -27 37 -29 32 43 31 33 -34 -35 35 -37 -38 59 61 46 -42 -43 52 -45 45 -47 -48 48 49 -51 51 -53 -54 54 -56 -57 -58 -59 -60 -61 -62 -63
leaf_value=0.4022971317347358 0.049364670871535711 -0.034055561509413211 -0.079139344209826976 -0.050686541286500388 0.079365096284497158 0.048600543230066011 -0.011887279863540942 0.12932703856546221 0.2338788836479187 0.013974846155659956 0.046068230593720304 0.15533412331626528 0.448066975633863 -0.10000987581707897 -0.1436279268191665 0.25196025854721665 -0.10102050486240495 0.2855089556294329 0.088496942517275995 0.17511894572567152 -0.097490632024620522 0.11677851068765618 0.13129430628341177 0.061372620591272908 -0.052429119045235464 0.022272485545126057 -0.11333740698312646 -0.076018468790390398 -0.026304737564921379 0.064662177962500872 0.099380046901098654 0.072428412288008767 0.10001924575336517 -0.014683552449569105 0.21900672580760258 0.08537494349738825 -0.024644926964239561 -0.26059362607843733 0.067070165847738589 0.18199660822749136 -0.014238040987717903 0.049226896449923514 0.15776503693676611 0.021689842860214411 0.22015261422913029 0.082887772895909581 0.31935604113798877 -0.22675190176471674 -0.058678674706765875 -0.19520933202960911 -0.23758040394423141 -0.15636502266585173 0.059636561506556281 0.061858205363668234 -0.038849056970844738 0.013770462670704213 0.073839085683590017 0.0071090845299779243 0.16917431078991799 -0.14209366392414524 -0.021124295011711289 0.15977692952839767
leaf_weight=50 180 64 561 361 61 92 51 88 74 392 77 62 70 806 132 79 88 50 51 90 103 85 91 89 365 58 200 234 99 163 90 177 61 145 51 91 268 50 71 55 58 54 178 107 52 57 51 56 65 50 105 272 115 57 136 122 81 52 52 52 235 84
leaf_count=50 180 64 561 361 61 92 51 88 74 392 77 62 70 806 132 79 88 50 51 90 103 85 91 89 365 58 200 234 99 163 90 177 61 145 51 91 268 50 71 55 58 54 178 107 52 57 51 56 65 50 105 272 115 57 136 122 81 52 52 52 235 84
internal_value=0.000119534 0.0646413 -0.0711254 -0.0432654 0.107191 0.0089419 0.100781 0.117906 0.19779 0.0134082 0.0467815 0.285699 0.34037 -0.0854186 -0.0539371 0.131859 -0.124109 0.0928665 0.0843506 0.164065 -0.0361641 0.180911 0.109868 0.13215 -0.0180698 0.115771 -0.101943 -0.0326153 0.0605656 0.0517468 0.0621632 0.0689751 0.0221784 0.033277 0.0872379 0.134565 -0.00517833 -0.143901 0.162288 0.196351 -0.104538 -0.0375987 0.0885007 0.0774281 0.0991948 0.149778 0.250452 -0.109879 -0.155543 -0.119211 -0.16494 -0.179553 0.1099 0.0117032 -0.00894095 0.0504101 0.131903 0.0766317 0.102041 -0.202148 -0.00141916 0.118013
internal_weight=8116 4259 3857 2529 2414 1845 2364 2035 484 1079 1152 206 144 1450 693 278 1328 1551 1416 227 180 135 793 545 757 148 863 561 248 623 972 908 160 322 322 142 329 302 352 197 1035 415 586 379 272 109 106 977 171 115 465 377 374 244 193 212 259 193 141 102 327 155
internal_count=8116 4259 3857 2529 2414 1845 2364 2035 484 1079 1152 206 144 1450 693 278 1328 1551 1416 227 180 135 793 545 757 148 863 561 248 623 972 908 160 322 322 142 329 302 352 197 1035 415 586 379 272 109 106 977 171 115 465 377 374 244 193 212 259 193 141 102 327 155
is_linear=0
shrinkage=0.03


Tree=20
num_leaves=63
num_cat=0
split_feature=79 23 23 79 243 23 79 23 59 23 153 23 23 79 275 23 148 23 13 55 79 238 136 67 79 194 71 151 79 254 113 241 59 23 79 23 219 168 196 128 79 99 221 79 244 72 171 295 79 23 230 186 22 24 37 24 79 23 61 79 123 290
split_gain=39043.2 10375.9 6012.78 6617.88 4800.15 7565.54 4452.89 2783.25 3317.72 2122.61 1636.14 1594.62 1540.95 1457.53 1488.16 1393.01 1286.94 1272.4 1269.33 1265.27 1263.76 1140.16 993.431 1103.38 959.595 941.316 901.133 892.06 853.998 729.604 690.946 669.593 663.952 789.752 659.691 635.408 621.503 714.879 617.802 611.696 622.199 595.459 570.958 520.206 518.476 494.552 485.337 503.39 665.899 472.693 466.943 431.092 418.404 401.069 445.941 398.392 397.424 346.589 342.389 339.813 328.091 323.842
threshold=0.23354978114366534 75.500000000000014 64.500000000000014 0.28140169382095342 58.500000000000007 39.500000000000007 0.19371296465396884 57.500000000000007 28.500000000000004 51.500000000000007 1.2834821343421938 78.500000000000014 103.50000000000001 0.19806650280952456 54.500000000000007 84.500000000000014 8.5999999046325701 45.500000000000007 48.500000000000007 0.74925741553306591 0.25463122129440313 23.500000000000004 9.5000000000000018 15.500000000000002 0.13906469941139224 8.0712766647338885 38.500000000000007 4.0960874557495126 0.25652371346950537 64.500000000000014 70.500000000000014 20.500000000000004 26.500000000000004 60.500000000000007 0.17089217156171801 88.500000000000014 0.77681994438171398 34.500000000000007 4.2915790081024179 4.5000000000000009 0.25937646627426153 1.5408586263656618 0.63107919692993175 0.22123266011476519 61.500000000000007 23.500000000000004 19.718181610107425 0.22485955059528354 0.31153479218482977 92.500000000000014 0.15530303120613101 2.5000000000000004 66.500000000000014 54.500000000000007 329.50000000000006 39.500000000000007 0.30247858166694647 83.500000000000014 8.5000000000000018 0.21317502111196521 0.21139176934957507 5.0071427822113046
decision_type=2 2 2 2 2 2 2 2 2 2 2 2 2 2 2 2 2 2 2 2 2 2 2 2 2 2 2 2 2 2 2 2 2 2 2 2 2 2 2 2 2 2 2 2 2 2 2 2 2 2 2 2 2 2 2 2 2 2 2 2 2 2
left_child=1 4 3 9 30 -6 12 8 16 39 18 20 31 14 22 43 -7 56 21 25 -4 -10 26 42 -14 -18 -9 41 -11 -27 -1 -3 -15 -34 45 -36 -28 -38 50 -2 -41 -21 -24 -8 -44 55 53 -48 -49 59 58 57 61 -22 -55 -33 -5 -47 -19 -17 -53 -13
right_child=2 6 11 17 5 7 15 13 10 28 -12 52 24 32 -16 49 19 38 -20 27 46 -23 23 -25 -26 29 36 -29 -30 -31 -32 34 33 -35 35 -37 37 -39 -40 40 -42 -43 44 -45 -46 51 47 48 -50 -51 -52 60 -54 54 -56 -57 -58 -59 -60 -61 -62 -63
leaf_value=-0.027450235651731492 0.04833942312460679 -0.03304961251066281 -0.048243494980624621 0.018764974596788699 0.44754979087460428 -0.0031543477200254607 0.016545070689171552 0.056408390657203954 0.15917094064220577 0.030669782532373912 0.34366750960654396 -0.15429255852759893 0.044703902318500556 -0.016875658023410137 0.24055470854497038 -0.032065758918661896 0.089377928083225824 -0.070733998206350429 0.067780168138701344 -0.010414526273360413 -0.13268946034551066 0.35025865726611194 0.11165726594728966 0.15777261683798355 -0.094594034374951244 0.16069827339406742 0.1046409189781627 0.18293020371777505 -0.040036925906474188 0.31759646362379979 0.076909868052682351 0.096431407301205682 0.1759661920631633 0.05038585689398186 0.070267766955612085 -0.014246063472971013 0.27951523045698801 0.1291403929804856 -0.19444871728261143 0.21385343680966576 0.082841535200081431 0.11831362373688641 -0.016367803872018666 -0.064716806101455984 0.080277724600321537 0.19734302293637704 -0.084992132338029991 -0.11959727079764781 -0.2482640298789269 -0.13823885020376606 -0.012268199252544855 0.029227518834173679 -0.14258373026120461 -0.059021838273218878 -0.14402439597636871 0.013360707661727578 -0.051994580245723655 0.10998718893078305 -0.11288537887144676 -0.10812775521999911 0.12001213738786393 -0.25999472919790473
leaf_weight=249 181 64 370 91 61 78 237 81 70 272 93 58 77 112 73 122 58 265 57 88 209 50 72 91 103 58 73 51 351 56 73 90 50 407 177 145 71 52 58 52 91 50 153 100 73 57 69 76 75 131 60 89 353 247 72 122 324 168 546 94 60 60
leaf_count=249 181 64 370 91 61 78 237 81 70 272 93 58 77 112 73 122 58 265 57 88 209 50 72 91 103 58 73 51 351 56 73 90 50 407 177 145 71 52 58 52 91 50 153 100 73 57 69 76 75 131 60 89 353 247 72 122 324 168 546 94 60 60
internal_value=0.000126106 0.063093 -0.0686167 -0.0374882 0.104146 0.12084 0.00940108 0.110742 0.158631 0.0232419 0.24133 -0.113446 0.0453879 0.0846831 0.112467 -0.051186 0.107336 -0.0802649 0.18593 0.131152 -0.0937809 0.241028 0.0980876 0.0668871 -0.0350877 0.189928 0.141505 0.0769446 -0.0091669 0.239863 -0.00362609 0.0603115 0.0484645 0.0644797 0.0669211 0.032284 0.176208 0.217496 -0.0997682 0.0853952 0.131636 0.0367417 0.0386986 -0.00768837 0.0150657 0.0858664 -0.116212 -0.153966 -0.184717 -0.0932866 -0.0932476 0.106627 -0.159825 -0.100219 -0.0785975 0.0489137 -0.0364708 0.132893 -0.0992162 -0.0655126 0.0663414 -0.209773
internal_weight=8116 4236 3880 2291 2400 2078 1836 2017 709 947 270 1589 1152 1308 739 684 439 1344 177 361 1118 120 666 389 180 172 277 189 623 114 322 972 569 457 908 322 196 123 929 324 143 138 298 337 226 586 748 220 151 347 871 374 471 528 319 212 415 225 811 216 149 118
internal_count=8116 4236 3880 2291 2400 2078 1836 2017 709 947 270 1589 1152 1308 739 684 439 1344 177 361 1118 120 666 389 180 172 277 189 623 114 322 972 569 457 908 322 196 123 929 324 143 138 298 337 226 586 748 220 151 347 871 374 471 528 319 212 415 225 811 216 149 118
is_linear=0
shrinkage=0.03


Tree=21
num_leaves=63
num_cat=0
split_feature=273 23 78 78 259 23 263 23 23 23 273 268 91 101 71 176 259 80 23 147 44 291 18 15 23 244 78 101 119 120 20 176 78 176 120 52 218 83 17 171 78 61 23 176 327 252 23 273 80 23 248 78 151 58 218 24 23 210 61 58 193 77
split_gain=31388.9 5322.28 3879.02 3456.57 2954.54 2534.86 2356.85 3245.78 2090.24 1813.76 1542.81 1331.31 1179.42 1274.27 1169.14 1131.65 1124.42 862.73 846.346 836.445 898.698 818.055 1006.27 810.615 748.534 742.39 741.491 735.795 711.35 699.318 665.422 644.917 619.596 568.209 566.174 565.298 548.822 538.743 533.453 525.053 522.425 542.515 522.363 520.059 519.197 519.124 498.941 490.553 468.138 444.868 437.131 427.367 425.755 399.268 397.358 416.23 377.497 369.204 359.273 353.144 348.41 345.382
threshold=0.2485294118523598 35.500000000000007 1.2195444703102114 1.2457184195518496 5.5000000000000009 59.500000000000007 6.5000000000000009 66.500000000000014 56.500000000000007 58.500000000000007 0.16843971610069278 5.085304021835328 41.500000000000007 0.21807605773210528 43.500000000000007 0.31503759324550634 2.5000000000000004 0.63416582345962536 46.500000000000007 41.500000000000007 41.500000000000007 7.2126760482788095 50.500000000000007 61.500000000000007 95.500000000000014 19.500000000000004 1.5543811321258547 0.21865643560886386 8.1897678375244158 2.9356691837310795 77.500000000000014 0.2806250005960465 1.4130252003669741 0.16172623634338382 2.1625472307205205 2.7910572290420537 1.657299876213074 17.500000000000004 79.500000000000014 36.321428298950202 1.5853099822998049 20.500000000000004 84.500000000000014 0.15268065780401233 1.0000000180025095e-35 0.64328071475029003 82.500000000000014 0.36266924440860754 0.66318514943122875 76.500000000000014 3.3177307844161992 0.8481554687023164 3.8134911060333256 0.67717823386192333 1.378748416900635 60.500000000000007 88.500000000000014 28.500000000000004 16.500000000000004 0.62324732542037975 2.9727272987365727 0.65191408991813671
decision_type=2 2 2 2 2 2 2 2 2 2 2 2 2 2 2 2 2 2 2 2 2 2 2 2 2 2 2 2 2 2 2 2 2 2 2 2 2 2 2 2 2 2 2 2 2 2 2 2 2 2 2 2 2 2 2 2 2 2 2 2 2 2
left_child=1 -1 4 8 6 18 25 11 12 16 48 19 -2 -14 57 35 33 40 26 20 23 28 -23 50 38 -3 29 -18 30 -5 -16 51 -19 -4 -24 -7 -35 -21 39 49 41 43 -37 52 -27 -36 -45 59 -9 -17 -8 -10 -11 -12 55 -50 -53 -13 -49 -20 -29 -28
right_child=3 2 9 5 -6 15 7 10 31 17 53 14 13 -15 21 24 27 32 47 37 -22 22 34 -25 -26 44 61 60 -30 -31 -32 -33 -34 36 45 42 -38 -39 -40 -41 -42 -43 -44 46 -46 -47 -48 58 54 -51 -52 56 -54 -55 -56 -57 -58 -59 -60 -61 -62 -63
leaf_value=0.30987383114794886 -0.045392571933129254 -0.017652617255453393 0.063867483130374617 -0.011759691536426545 0.25942666835462053 -0.010820549306508741 0.27561879276687445 0.087504991177196595 0.047973016073364155 0.027887578868307172 0.017277342460766624 -0.056685898368461773 0.24175672594238731 0.046054281776398413 0.18110042703071874 -0.11417885799468766 0.17406276531170967 -0.028225953208582788 -0.0048326466960378553 0.067274949200013104 0.30370104104785595 0.25415882053971289 0.048369406118423122 0.077425700034946199 -0.2368543624338405 0.078285906057438404 0.0057831638566659465 -0.0010030090756033762 -0.013709953429443495 0.12942744217239893 0.030591368246823548 -0.064737057610714438 -0.12146254830178803 0.018603832055933963 0.092582936480011729 -0.077527743358846546 -0.093658576784497599 0.18319968491792679 -0.087342292217347087 -0.22462017563321895 -0.040381529297165833 -0.061396129752073675 -0.1550020050437827 0.031210554906804314 -0.0074948989675969495 0.21321467055939136 -0.070617153673625463 -0.074515962382058862 0.10281416546327599 -0.18952539615454556 0.14927643981846894 -0.010636165024673877 0.12814001624584198 -0.056605785554274916 -0.026503362699877471 0.014251499784753678 -0.085879893965259385 0.055828853373257617 -0.14778374848421663 -0.064888823244241722 0.098608567364603633 -0.063715545639437002
leaf_weight=71 50 334 128 80 71 94 54 586 85 79 394 51 50 74 55 364 85 196 118 101 58 59 78 63 57 182 94 51 69 51 51 397 95 116 70 493 58 57 253 61 173 61 94 170 97 63 57 175 98 91 54 287 74 78 63 93 75 52 95 349 82 202
leaf_count=71 50 334 128 80 71 94 54 586 85 79 394 51 50 74 55 364 85 196 118 101 58 59 78 63 57 182 94 51 69 51 51 397 95 116 70 493 58 57 253 61 173 61 94 170 97 63 57 175 98 91 54 287 74 78 63 93 75 52 95 349 82 202
internal_value=0.000131036 0.0539821 0.049741 -0.0644902 0.0694752 -0.0824131 0.0646706 0.0788899 -0.0174299 0.00913065 0.0483931 0.121586 0.0769637 0.126269 0.0912091 -0.108098 0.0537264 -0.0165244 -0.0490948 0.164254 0.201056 0.112248 0.144981 0.164677 -0.131754 0.0125052 -0.0154373 0.105487 0.0612084 0.0437704 0.109648 -0.0369583 -0.0589757 0.0161376 0.113398 -0.0792549 -0.0191383 0.109985 -0.123666 -0.141273 0.00365816 0.0209868 -0.0901767 0.0343378 0.0485422 0.150889 0.0054439 -0.0685477 0.0727556 -0.129631 0.214397 -0.0121973 0.0768929 0.00497398 0.0385178 0.0599909 -0.026419 0.000108293 -0.100746 -0.0497568 0.0606892 -0.0416998
internal_weight=8116 4427 4356 3689 2931 2671 2860 2247 1018 1425 1312 935 174 124 548 1507 520 905 1164 387 229 445 270 171 826 613 427 218 175 131 106 844 291 302 211 681 174 158 769 516 614 441 587 380 279 133 227 737 840 455 108 447 153 472 254 191 362 103 270 467 133 296
internal_count=8116 4427 4356 3689 2931 2671 2860 2247 1018 1425 1312 935 174 124 548 1507 520 905 1164 387 229 445 270 171 826 613 427 218 175 131 106 844 291 302 211 681 174 158 769 516 614 441 587 380 279 133 227 737 840 455 108 447 153 472 254 191 362 103 270 467 133 296
is_linear=0
shrinkage=0.03


Tree=22
num_leaves=63
num_cat=0
split_feature=79 23 79 23 243 23 79 23 88 23 23 79 120 23 47 132 327 273 3 19 47 79 244 23 220 268 79 23 79 109 23 79 243 215 18 213 23 255 251 120 23 198 171 298 79 18 243 115 326 19 13 69 151 79 48 290 25 151 102 79 97 179
split_gain=35281.9 10606.5 5814.99 4669.41 4542.52 6761.13 3659.47 2515.43 3189.19 2200.8 1814.14 1499.74 1398.38 1344.11 1302.74 1386.03 1291.91 1220.04 1008.96 1105.4 1285.17 961.437 858.056 832.699 823.045 811.511 750.751 713.366 897.772 810.556 713.31 608.719 602.515 586.536 554.887 596.081 538.386 508.172 483.86 470.014 466.715 461.518 586.731 451.08 445.347 441.028 437.226 425.834 423.787 401.079 468.945 401.102 381.512 369.748 597.807 365.528 346.364 393 477.873 501.408 384.924 342.49
threshold=0.24452438205480578 71.500000000000014 0.19806650280952456 59.500000000000007 58.500000000000007 39.500000000000007 0.29431910812854772 52.500000000000007 14.500000000000002 84.500000000000014 103.50000000000001 0.21851522475481036 3.4868334531784062 46.500000000000007 411.50000000000006 1.5000000000000002 1.0000000180025095e-35 0.31311275064945226 2.5000000000000004 56.500000000000007 112.50000000000001 0.13906469941139224 48.500000000000007 86.500000000000014 0.140735037624836 5.6546051502227792 0.21317502111196521 83.500000000000014 0.16447026282548907 11.500000000000002 41.500000000000007 0.2145502641797066 170.50000000000003 4.1136698722839364 61.500000000000007 32.500000000000007 73.500000000000014 1.5000000000000002 0.22749775648117068 2.2742047309875493 60.500000000000007 0.22684391587972644 36.321428298950202 53.500000000000007 0.26933041214942938 70.500000000000014 223.50000000000003 184.50000000000003 219.50000000000003 40.500000000000007 48.500000000000007 55.500000000000007 3.6758605241775517 0.27798664569854742 413.50000000000006 2.5214389562606816 15.500000000000002 2.3535246849060063 0.6065962314605714 0.28829856216907507 9.2332291603088397 90.500000000000014
decision_type=2 2 2 2 2 2 2 2 2 2 2 2 2 2 2 2 2 2 2 2 2 2 2 2 2 2 2 2 2 2 2 2 2 2 2 2 2 2 2 2 2 2 2 2 2 2 2 2 2 2 2 2 2 2 2 2 2 2 2 2 2 2
left_child=1 4 10 6 47 -6 13 8 16 26 27 14 38 34 15 18 24 36 19 20 37 -12 -18 41 -7 -22 -4 29 43 45 -8 -11 -21 39 35 -2 53 -9 -10 -26 -13 -19 56 -29 -15 -3 -31 -1 52 50 -32 -51 -20 -5 -55 -34 57 -43 -59 -60 -61 -50
right_child=3 2 9 17 5 7 30 11 12 31 21 40 -14 44 -16 -17 22 23 48 32 25 -23 -24 -25 33 -27 -28 28 -30 46 49 -33 55 -35 -36 -37 -38 -39 -40 -41 -42 42 -44 -45 -46 -47 -48 -49 61 51 -52 -53 -54 54 -56 -57 -58 58 59 60 -62 -63
leaf_value=-0.024485959370187885 0.00015076934111000285 0.042744277634505015 0.030998406989407219 -0.048682949742164326 0.40354188640352706 0.05474491151344929 -0.026367338141589425 0.10639111901438512 0.14972918822215153 -0.067873820649429081 0.042124313508661894 0.083883306818528916 0.39997568809497608 0.014369045225693319 0.24925418509377373 -0.038380452264100313 -0.055135782403605324 -0.087884576124647132 0.091476925261559011 -0.038853255149565245 0.25851679835630503 -0.095432005851856752 0.10108254541681237 -0.21344917193940369 0.16217287529917324 0.1101990949681827 -0.038547674708068372 -0.0066054825981458022 0.0043467988618013228 0.10434605140511582 -0.096142904785062572 -0.14704439986920492 0.11726015348932636 0.10431160712943356 0.14895110248197585 0.12240037686058453 -0.11539619076216745 -0.0037555584245744875 0.27913253237219421 0.29826028855947351 0.017887504095989767 -0.091605257269627635 -0.23349936248769737 0.088308641486927048 -0.040695431728213459 0.10895173672131069 0.21676112220233137 0.06759283338351682 0.25124281016679906 -0.054259123116820088 -0.19564821963348694 -0.11030511510040748 0.17315323191899351 -0.065643618219299246 -0.17569233946147417 0.024572516110442255 -0.079976047325943558 -0.089154563531989139 -0.12524290557157852 -0.1691783915294541 -0.29258369600071621 0.14624706902183021
leaf_weight=253 100 267 220 404 70 55 199 85 64 180 77 141 52 265 53 63 55 263 154 75 68 110 72 100 50 69 379 53 321 81 153 175 66 50 64 55 295 67 50 51 303 105 52 295 262 138 54 54 51 307 61 187 81 159 62 91 115 62 73 53 50 77
leaf_count=253 100 267 220 404 70 55 199 85 64 180 77 141 52 265 53 63 55 263 154 75 68 110 72 100 50 69 379 53 321 81 153 175 66 50 64 55 295 67 50 51 303 105 52 295 262 138 54 54 51 307 61 187 81 159 62 91 115 62 73 53 50 77
internal_value=0.000132833 0.0538593 0.00892838 -0.0726714 0.0993477 0.115734 -0.0362685 0.105163 0.163248 -0.0481282 0.0479263 0.0849911 0.27046 0.0129461 0.105358 0.0970497 0.109154 -0.106193 0.106734 0.0797129 0.118779 -0.0388684 0.0335267 -0.131653 0.155391 0.185156 -0.0129958 0.0613722 0.0405706 0.0870203 -0.0767168 -0.107205 0.0307479 0.191449 0.075234 0.0440362 -0.0819169 0.0581324 0.208419 0.233141 0.038987 -0.120809 -0.137583 0.0738758 -0.0130317 0.0655166 0.150575 -0.00812282 0.145191 -0.0908115 -0.125285 -0.0756549 0.120244 -0.0659556 -0.0971694 0.0640323 -0.126208 -0.141431 -0.162938 -0.188279 -0.231321 0.189705
internal_weight=8116 4670 2350 3446 2320 2013 1653 1943 499 954 1396 1444 166 746 1000 947 333 1793 884 521 289 187 127 873 206 137 599 1209 669 540 907 355 232 151 219 155 920 152 114 101 444 773 510 348 527 405 135 307 363 708 214 494 235 625 221 157 458 343 238 176 103 128
internal_count=8116 4670 2350 3446 2320 2013 1653 1943 499 954 1396 1444 166 746 1000 947 333 1793 884 521 289 187 127 873 206 137 599 1209 669 540 907 355 232 151 219 155 920 152 114 101 444 773 510 348 527 405 135 307 363 708 214 494 235 625 221 157 458 343 238 176 103 128
is_linear=0
shrinkage=0.03


Tree=23
num_leaves=63
num_cat=0
split_feature=273 23 245 74 23 273 23 74 266 87 176 74 57 23 23 98 296 114 169 23 52 199 116 24 19 242 24 74 2 176 303 261 23 76 253 7 52 178 219 320 53 216 18 18 165 23 329 96 77 155 24 329 171 124 135 114 106 179 173 80 54 80
split_gain=27917.6 5167.22 4241.86 3368.85 2846.71 2269.73 2072.33 1888.37 1631.08 1576.37 1571.39 1173.36 984.873 975.727 903.955 871.977 1055.02 1163.75 871.192 833.807 816.407 761.046 751.833 749.92 704.701 926.38 696.82 841.591 687.363 638.884 631.041 698.949 630.004 560.113 559.634 480.268 449.671 438.811 521.918 437.12 429.801 414.375 410.179 408.088 407.626 393.309 393.097 381.82 375.771 362.803 365.442 448.73 356.887 343.443 417.03 342.323 338.235 334.943 399.401 325.016 318.962 337.123
threshold=0.25137363374233251 52.500000000000007 7.1499998569488534 12.15608072280884 35.500000000000007 0.18834459781646731 46.500000000000007 10.009433746337892 13.500000000000002 9.5000000000000018 0.30602006614208227 12.15608072280884 0.23084646463394168 100.50000000000001 73.500000000000014 5.5264239311218271 0.61705493927001964 110.50000000000001 2.5000000000000004 83.500000000000014 3.2415083646774296 0.64937651157379161 49.500000000000007 28.500000000000004 63.500000000000007 75.500000000000014 40.500000000000007 6.4358766078948983 5.5000000000000009 0.44722221791744238 7.5000000000000009 3.5000000000000004 60.500000000000007 3.1709939241409306 26.500000000000004 1.0000000180025095e-35 3.8443433046340947 16.500000000000004 1.0699608325958254 1.0000000180025095e-35 9.77221727371216 4.9240577220916757 73.500000000000014 59.500000000000007 3.5000000000000004 68.500000000000014 600.50000000000011 4.61257028579712 2.4388111829757695 0.5883065164089204 63.500000000000007 756.50000000000011 20.816432952880863 0.65928262472152721 168.50000000000003 243.50000000000003 2.5000000000000004 73.500000000000014 4.2085020542144784 0.67215827107429515 1.7371753454208376 0.62450543045997631
decision_type=2 2 2 2 2 2 2 2 2 2 2 2 2 2 2 2 2 2 2 2 2 2 2 2 2 2 2 2 2 2 2 2 2 2 2 2 2 2 2 2 2 2 2 2 2 2 2 2 2 2 2 2 2 2 2 2 2 2 2 2 2 2
left_child=1 2 56 5 -4 8 11 9 18 15 20 22 19 29 46 16 -6 21 -3 30 60 -18 -2 -9 25 -22 27 45 53 32 31 33 36 -10 -14 -25 -12 -37 -39 59 -27 -31 57 48 -33 -20 -7 -13 55 -34 51 -51 -53 54 -29 -5 -1 -43 -59 -28 -8 -62
right_child=6 3 4 43 7 14 10 23 12 -11 13 47 34 -15 -16 -17 17 -19 26 -21 24 -23 -24 35 -26 40 39 28 -30 41 -32 44 49 -35 -36 37 -38 38 -40 -41 -42 42 -44 -45 -46 -47 -48 -49 -50 50 -52 52 -54 -55 -56 -57 -58 58 -60 -61 61 -63
leaf_value=-0.019111304478858834 -0.016457941856867862 -0.035519905449226501 0.32952331385829231 0.060110913640563632 0.0124309027465907 0.11081351008485345 0.045563438754867423 0.17252933811396359 0.10294755099405502 0.32212675067094659 -0.00025762904051352173 0.012272540142145403 0.018713771316071819 -0.21006600136445328 -0.024790451619640511 0.24036222928495546 0.02666509980808443 0.25545377331023866 0.15547406511557729 0.056058628391746405 -0.05038306021812404 0.16865326984667442 0.13252644756579235 0.12663547347892415 -0.045842647045064647 -0.1155438676302231 0.046094315008788377 -0.094201640937312994 0.091717079602647564 -0.20154767907410859 0.22165849825073231 0.015621196783573951 -0.023589895997764697 0.23318729155089543 0.11473777633446913 -0.048130929813070121 -0.070550536795029622 0.11628778229044243 0.0063905510574113573 -0.050916370578110215 -0.22345046840608118 -0.049909397317096586 -0.18411660301788099 -0.052462713848420037 0.11645974646831296 0.082055676760984228 0.023200660999921012 -0.060265706980304277 -0.070979965065534292 -0.083907422824446853 -0.072785690682979132 -0.12032979449861356 -0.19718676754488396 0.057040385109457102 0.01417354427971119 -0.028200479778860296 0.066729302425295678 -0.19034880802911872 -0.077573246298091744 -0.0029673239449324782 0.013934309259866891 -0.050724523430125727
leaf_weight=200 52 124 65 90 65 50 65 51 57 51 114 93 184 65 487 66 66 65 94 136 144 70 72 54 480 92 484 50 119 59 75 58 58 68 77 52 290 65 95 59 56 95 57 404 96 234 492 216 51 226 268 221 77 65 85 69 51 50 69 162 114 197
leaf_count=200 52 124 65 90 65 50 65 51 57 51 114 93 184 65 487 66 66 65 94 136 144 70 72 54 480 92 484 50 119 59 75 58 58 68 77 52 290 65 95 59 56 95 57 404 96 234 492 216 51 226 268 221 77 65 85 69 51 50 69 162 114 197
internal_value=0.000135307 0.0453712 0.105553 0.0295484 0.140625 0.0417022 -0.0682856 0.122639 0.0587219 0.167438 -0.0777373 -0.00719327 0.0947032 -0.0965072 0.00484629 0.14278 0.117758 0.151589 0.0403626 0.119766 -0.0507153 0.100445 0.0704173 0.0681573 -0.0683546 -0.105078 0.0473434 0.0698125 0.0349542 -0.0917177 0.144015 0.122425 -0.0818102 0.175086 0.0473725 0.0475749 -0.050765 0.0269368 0.0514813 0.0266531 -0.157599 -0.129006 -0.112529 -0.0348655 0.0788274 0.103505 0.0314722 -0.0384646 -0.00092369 -0.0964887 -0.101791 -0.116459 -0.140782 0.000892072 -0.0263629 0.0218504 -0.001474 -0.092694 -0.126149 0.0338054 -0.0144133 -0.0270545
internal_weight=8116 4886 1016 3870 765 3256 3230 700 2227 383 2797 433 751 1649 1029 332 266 201 1476 490 1148 136 124 317 772 292 1352 647 319 1584 354 279 1254 125 261 266 404 212 160 705 148 330 271 614 154 328 542 309 210 850 792 524 298 200 135 159 251 214 119 646 376 311
internal_count=8116 4886 1016 3870 765 3256 3230 700 2227 383 2797 433 751 1649 1029 332 266 201 1476 490 1148 136 124 317 772 292 1352 647 319 1584 354 279 1254 125 261 266 404 212 160 705 148 330 271 614 154 328 542 309 210 850 792 524 298 200 135 159 251 214 119 646 376 311
is_linear=0
shrinkage=0.03


Tree=24
num_leaves=63
num_cat=0
split_feature=273 23 78 78 259 23 116 23 23 23 23 263 78 261 91 273 273 120 61 225 266 233 271 282 194 99 146 78 76 1 78 76 23 290 23 76 78 53 60 123 212 35 78 52 24 23 197 78 277 196 76 19 173 307 76 78 65 19 25 123 83 281
split_gain=26341.4 4567.53 3392.1 2988.24 2543.78 2167.76 1934.82 2197.26 1783.53 1655.27 1374.31 1268.81 1124.79 1097.95 1072.98 1036.57 1026.04 966.229 865.238 841.488 776.438 1023.78 813.664 775.964 682.702 1021.37 668.23 653.925 1163.26 590.345 580.87 792.399 805.543 577.333 551.064 821.347 602.953 524.735 520.067 660.302 605.167 506.996 493.781 488.926 448.016 496.15 436.01 416.349 403.864 728.56 401.223 435.681 387.276 377.671 376.599 443.697 367.619 349.985 507.089 358.43 339.203 338.403
threshold=0.2485294118523598 35.500000000000007 1.2145808935165407 1.2457184195518496 4.5000000000000009 76.500000000000014 11.500000000000002 66.500000000000014 56.500000000000007 60.500000000000007 46.500000000000007 6.5000000000000009 1.0165390968322756 1.0000000180025095e-35 41.500000000000007 0.30368906259536749 0.16843971610069278 3.0876332521438603 17.500000000000004 1.5000000000000002 15.500000000000002 6.5000000000000009 0.82447552680969249 3.5000000000000004 8.0135135650634783 0.62912857532501232 224.50000000000003 1.5543811321258547 2.7724659442901616 25.500000000000004 1.580014228820801 7.2160713672637948 85.500000000000014 4.3374195098876962 82.500000000000014 3.1709939241409306 0.87596154212951671 7.6467082500457773 47.500000000000007 0.24642784148454669 116.50000000000001 0.046739131212234504 1.6683848500251772 2.7036585807800297 59.500000000000007 85.500000000000014 1.0449949502944949 1.4223906993865969 7.5000000000000009 3.2271428108215336 5.2883629798889169 29.500000000000004 6.2653846740722665 19.500000000000004 4.7503869533538827 1.5234432220458987 8.5000000000000018 25.500000000000004 1.0000000180025095e-35 0.20174174755811694 18.500000000000004 3.5000000000000004
decision_type=2 2 2 2 2 2 2 2 2 2 2 2 2 2 2 2 2 2 2 2 2 2 2 2 2 2 2 2 2 2 2 2 2 2 2 2 2 2 2 2 2 2 2 2 2 2 2 2 2 2 2 2 2 2 2 2 2 2 2 2 2 2
left_child=1 -1 4 8 6 10 -3 11 14 17 27 53 -6 -13 -2 54 44 29 30 -16 21 -15 24 -19 60 -26 52 28 -5 -4 31 32 -11 -7 35 36 -10 -35 -23 40 43 48 56 -40 45 -9 -24 -20 57 -50 51 -39 -25 -8 -12 -56 -31 58 -17 -59 -22 -32
right_child=3 2 9 5 12 33 7 16 34 18 15 13 -14 20 19 41 -18 23 47 -21 22 38 46 26 25 -27 -28 -29 -30 42 61 -33 -34 37 -36 -37 -38 50 39 -41 -42 -43 -44 -45 -46 -47 -48 -49 49 -51 -52 -53 -54 -55 55 -57 -58 59 -60 -61 -62 -63
leaf_value=0.28651981469243765 -0.044798159625600367 -0.026050781587442375 0.076254235673299489 -0.048403039009056306 0.30014544344173288 -0.094057466403643292 -0.033251181016229599 0.1011311690048677 0.054152828365050511 0.01299521933249519 -0.061304744451046035 0.22658478789031505 0.11964307238688555 0.17126834511393454 0.19376945626162564 -0.051510935896321344 0.0068024149751271549 0.011696090810000895 -0.047882667880343351 0.037204494928238824 0.067312520525672215 -0.033774450178135115 0.0061770492398513935 0.10344874643446768 0.30284979967843917 0.12551651453971863 0.027943795060410215 -0.038891820839954294 0.12919089831745445 -0.016323770877052019 -0.076578712179616551 0.097713778145247843 -0.10602933184802532 -0.2405639274784569 -0.064306800156901364 0.052129795874989643 -0.050576416353609314 -0.23055464342236517 0.20353158336877822 0.0025465964456088839 0.040445011383608773 -0.018513398761715507 -0.093228747703767614 0.079135978423942946 0.038131384075384057 0.044344371297177353 0.11816520654513865 -0.15038584802440313 -0.10425123396126298 -0.22499639947827046 -0.09436000264910134 -0.11472997715756778 0.20819040289258253 0.068366395950317377 0.062376133085651833 -0.035002227284596295 0.072691313298576962 0.001140140837058425 -0.16932014185403074 -0.077853486862838439 0.17137377805304976 0.014553293218979468
leaf_weight=71 50 226 93 65 52 224 72 333 57 347 358 70 81 81 64 56 486 83 114 60 65 52 52 67 62 59 50 296 66 142 127 81 59 58 320 126 341 63 59 95 94 81 52 58 486 241 78 52 393 51 109 61 67 59 54 179 58 59 83 415 52 51
leaf_count=71 50 226 93 65 52 224 72 333 57 347 358 70 81 81 64 56 486 83 114 60 65 52 52 67 62 59 50 296 66 142 127 81 59 58 320 126 341 63 59 95 94 81 52 58 486 241 78 52 393 51 109 61 67 59 54 179 58 59 83 415 52 51
internal_value=0.000135299 0.0494669 0.0455383 -0.0590627 0.0641658 -0.0757271 0.0579865 0.0654302 -0.0153076 0.00791633 -0.0624656 0.0998832 0.191929 0.112879 0.0718845 -0.0743634 0.0429166 0.0453186 -0.0196504 0.118916 0.102748 0.0755037 0.134955 0.0880562 0.167933 0.218119 0.122252 -0.0142282 0.0413726 0.0120846 -0.00431261 0.0126498 -0.00451947 -0.131017 -0.0333471 -0.0143539 -0.0354794 -0.159047 0.0534196 0.0682986 0.0977509 -0.0911067 -0.0118049 0.143059 0.0594525 0.0774072 0.073759 -0.0807003 -0.0966469 -0.118595 -0.137813 -0.17495 0.156974 0.0126867 -0.0420238 -0.0122637 0.00972382 -0.0805825 -0.122564 -0.0680392 0.114622 -0.0505324
internal_weight=8116 4427 4356 3689 2913 2671 2780 2554 1018 1443 2156 1008 133 877 174 1729 1546 612 831 124 807 439 368 267 238 121 184 427 131 345 665 487 406 515 844 524 398 291 358 306 211 1138 252 117 1060 574 130 166 1057 444 233 124 134 131 591 233 200 613 139 474 117 178
internal_count=8116 4427 4356 3689 2913 2671 2780 2554 1018 1443 2156 1008 133 877 174 1729 1546 612 831 124 807 439 368 267 238 121 184 427 131 345 665 487 406 515 844 524 398 291 358 306 211 1138 252 117 1060 574 130 166 1057 444 233 124 134 131 591 233 200 613 139 474 117 178
is_linear=0
shrinkage=0.03


Tree=25
num_leaves=63
num_cat=0
split_feature=79 23 23 79 148 23 79 23 88 23 23 23 316 72 142 79 98 315 79 48 79 23 126 79 23 20 23 79 43 79 4 79 8 135 169 72 72 202 152 24 71 17 118 246 7 249 251 79 252 79 112 23 12 97 275 39 298 94 254 146 281 18
split_gain=30789.9 7416.44 5033.29 6392.41 4314.98 5727.56 2806.81 2385.15 2458.47 2209.33 2044.29 1534.97 1381.93 1204.2 1116.05 1047.29 983.505 1057.9 932.843 916.654 915.323 851.778 773.161 769.54 768.053 715.814 710.182 695.67 663.201 626.276 583.541 560.441 555.3 546.552 538.653 535.24 526.291 485.504 501.908 475.723 521.564 470.926 462.807 457.161 448.572 447.738 430.148 651.391 425.901 394.85 384.998 377.475 375.621 372.255 433.398 372.002 363.514 360.578 354.983 328.035 317.797 317.204
threshold=0.22687723487615588 75.500000000000014 70.500000000000014 0.26794917881488806 6.1499998569488534 39.500000000000007 0.17614738643169406 52.500000000000007 14.500000000000002 54.500000000000007 91.500000000000014 48.500000000000007 1.1522655487060549 28.500000000000004 4.5000000000000009 0.20524267852306369 4.8041095733642587 0.51185986399650585 0.29185102880001074 425.50000000000006 0.29740898311138159 92.500000000000014 5.5000000000000009 0.20941306650638583 103.50000000000001 62.500000000000007 46.500000000000007 0.17677696049213412 3.5000000000000004 0.24652710556983951 1.0000000180025095e-35 0.2434164956212044 6.5000000000000009 474.50000000000006 5.5000000000000009 23.500000000000004 17.500000000000004 9.5000000000000018 2.3551629781723027 48.500000000000007 42.500000000000007 82.500000000000014 4.5481407642364511 4.1483516693115243 15.500000000000002 1.2574406862258913 0.24214638024568561 0.29860436916351324 0.63476720452308666 0.13906469941139224 12.500000000000002 80.500000000000014 58.500000000000007 7.3078050613403329 37.500000000000007 13.500000000000002 193.50000000000003 44.500000000000007 24.500000000000004 130.50000000000003 3.5000000000000004 57.500000000000007
decision_type=2 2 2 2 2 2 2 2 2 2 2 2 2 2 2 2 2 2 2 2 2 2 2 2 2 2 2 2 2 2 2 2 2 2 2 2 2 2 2 2 2 2 2 2 2 2 2 2 2 2 2 2 2 2 2 2 2 2 2 2 2 2
left_child=1 4 3 9 52 -6 24 8 16 22 15 18 -10 25 27 -8 17 -7 -5 53 57 29 -2 33 35 36 -24 -15 -22 -4 34 -11 -19 -21 -27 58 -9 38 42 41 -41 -31 61 -23 55 48 -42 -48 -37 -26 -39 -17 -1 -16 -55 -32 -52 -13 -3 -50 -58 -30
right_child=2 6 21 11 5 7 10 13 12 31 -12 20 -14 14 19 51 -18 32 -20 23 28 43 26 -25 49 30 -28 -29 37 39 44 -33 -34 -35 -36 45 -38 50 -40 40 46 -43 -44 -45 -46 -47 47 -49 59 -51 56 -53 -54 54 -56 -57 60 -59 -60 -61 -62 -63
leaf_value=-0.043073817615786304 0.036257933784080175 -0.027259165686281287 -0.064918386123449537 0.041288128235292702 0.39903573479075899 0.16479259482201405 0.035848663361167238 0.062735984033492745 0.16815585411596493 0.027454760853127182 -0.097943693579147298 -0.01533292364335752 0.37076127038282503 0.23427013769745825 0.10851457016608294 0.0029437764081279784 0.19168747720979154 0.081648030550974721 -0.048891671148189708 0.23094965761670699 -0.020847722764496934 -0.11220602920826743 0.20113384912275287 0.061557329860241969 0.039457159879115911 0.10470303057614019 0.078448645199338585 0.12440699522165541 -0.096689908578991887 -0.17033465036672155 0.16651901169650016 -0.02626018500129421 -0.055065829356511428 0.10842816372712454 0.0061023060330275998 0.15942051090148029 0.1928003804683685 -0.046603175184277236 -0.22122717808792366 -0.021008580511746307 -0.067403788889911179 -0.086350481331348414 -0.086141675899603531 -0.23402398067794433 0.0056333218180738822 0.042070764757160629 -0.095328845876786444 -0.20464063975546096 0.12375496908181136 -0.057288627507718827 -0.0658399819989096 -0.067882760978189474 0.025644465754562206 0.0078901905048547709 0.096753250482216682 0.070599596174433829 -0.19775351509451866 -0.071307553381564609 0.053698175509042781 0.046509180153543883 -0.099553439723437318 -0.18920017714838724
leaf_weight=157 151 67 306 131 60 67 392 60 60 276 238 139 67 87 84 112 99 52 475 77 72 50 72 84 77 58 107 140 53 210 61 473 53 62 323 97 54 121 59 71 133 89 153 72 50 139 134 80 92 73 87 170 130 163 70 95 59 413 173 110 67 110
leaf_count=157 151 67 306 131 60 67 392 60 60 276 238 139 67 87 84 112 99 52 475 77 72 50 72 84 77 58 107 140 53 210 61 473 53 62 323 97 54 121 59 71 133 89 153 72 50 139 134 80 92 73 87 170 130 163 70 95 59 413 173 110 67 110
internal_value=0.000136 0.0600927 -0.056797 -0.0364572 0.0965172 0.11268 0.0137379 0.103264 0.168415 0.0220593 -0.0225579 -0.0690147 0.277104 0.0854979 0.111487 0.00416773 0.116649 0.0725993 -0.0293615 0.087735 -0.0870061 -0.11033 0.0866055 0.134274 0.0536948 0.0569438 0.12864 0.167356 -0.107926 -0.101203 0.0434416 -0.00645648 0.0127716 0.177465 0.0213472 0.0672676 0.125486 -0.116727 -0.140324 -0.116577 -0.0954416 -0.145707 -0.124569 -0.185417 0.084005 0.0869814 -0.110567 -0.136955 0.10765 -0.00769338 -0.0898936 -0.0398421 -0.0119661 0.0546768 0.0348866 0.108928 -0.114153 -0.0572657 0.0310783 0.0821268 -0.146731 -0.159893
internal_weight=8116 3953 4163 3018 2213 1926 1740 1866 398 1079 912 1939 127 1468 767 674 271 172 606 540 1333 1145 330 223 828 701 179 227 781 1023 587 749 105 139 381 678 114 709 375 717 418 299 316 122 206 438 347 214 299 150 334 282 287 317 233 156 213 552 240 202 126 163
internal_count=8116 3953 4163 3018 2213 1926 1740 1866 398 1079 912 1939 127 1468 767 674 271 172 606 540 1333 1145 330 223 828 701 179 227 781 1023 587 749 105 139 381 678 114 709 375 717 418 299 316 122 206 438 347 214 299 150 334 282 287 317 233 156 213 552 240 202 126 163
is_linear=0
shrinkage=0.03


Tree=26
num_leaves=63
num_cat=0
split_feature=79 23 23 79 144 23 79 23 88 23 23 23 316 72 142 2 79 79 79 19 23 79 50 126 23 23 15 21 43 79 79 72 147 134 220 23 175 19 71 296 155 296 23 249 156 252 10 81 194 79 79 96 329 22 15 23 12 94 174 9 80 9
split_gain=28989.3 6984.17 4738.42 6018.17 4065.04 5390.25 2642.21 2453.33 2179.13 2080.07 1923.9 1445.53 1313.02 1173.11 1064.14 998.638 985.654 877.962 862.446 819.209 802.701 739.496 731.418 728.109 723.082 668.898 657.414 644.578 624.459 589.752 527.413 504.02 494.295 554.733 556.261 516.525 490.657 478.052 512.518 489.34 580.353 448.194 696.3 421.595 412.377 400.983 400.413 584.763 404.211 508.375 371.819 371.617 359.742 355.742 355.831 355.298 342.471 339.291 337.788 380.611 334.908 341.406
threshold=0.22687723487615588 75.500000000000014 70.500000000000014 0.26794917881488806 27.500000000000004 39.500000000000007 0.17614738643169406 52.500000000000007 14.500000000000002 54.500000000000007 91.500000000000014 48.500000000000007 1.0923295617103579 28.500000000000004 4.5000000000000009 12.500000000000002 0.20524267852306369 0.29185102880001074 0.29740898311138159 69.500000000000014 92.500000000000014 0.17677696049213412 227.50000000000003 5.5000000000000009 103.50000000000001 46.500000000000007 56.500000000000007 60.500000000000007 3.5000000000000004 0.24652710556983951 0.2434164956212044 23.500000000000004 37.500000000000007 31.500000000000004 0.24156877398490909 63.500000000000007 1.0520269870758059 39.500000000000007 168.50000000000003 0.61057290434837352 0.65230327844619762 0.59194114804267894 60.500000000000007 1.2574406862258913 10.500000000000002 0.63476720452308666 5.5000000000000009 18.500000000000004 6.800373077392579 0.30455486476421362 0.13906469941139224 3.7920341491699223 870.50000000000011 61.500000000000007 57.500000000000007 80.500000000000014 58.500000000000007 44.500000000000007 1.8310344815254214 33.500000000000007 0.62810856103897106 28.500000000000004
decision_type=2 2 2 2 2 2 2 2 2 2 2 2 2 2 2 2 2 2 2 2 2 2 2 2 2 2 2 2 2 2 2 2 2 2 2 2 2 2 2 2 2 2 2 2 2 2 2 2 2 2 2 2 2 2 2 2 2 2 2 2 2 2
left_child=1 4 3 9 56 -6 24 8 15 23 16 17 -10 27 21 19 -8 -5 57 26 29 -15 41 -2 31 -25 -7 44 -20 -4 -11 -3 33 -29 35 -35 -24 39 58 -30 -41 -16 -43 45 -9 -33 47 -31 49 -49 -26 -12 -22 -34 -55 -18 -1 -13 -39 -60 -44 -62
right_child=2 6 20 11 5 7 10 13 12 30 51 18 -14 14 22 -17 55 -19 28 -21 52 -23 36 25 50 -27 -28 32 37 46 -32 43 53 34 -36 -37 -38 38 -40 40 -42 42 60 -45 -46 -47 -48 48 -50 -51 -52 -53 -54 54 -56 -57 -58 -59 59 -61 61 -63
leaf_value=-0.039535901674535127 0.035177351679456854 0.03014919730224086 -0.06297717834275264 0.040058868195152503 0.38726091129857987 0.27002422379265573 0.034775940035434279 0.053369414209034932 0.14492644361713353 0.026634091449773696 -0.071080053228591539 -0.014876221200052116 0.34653992751469981 0.23229595139108852 -0.017101518031209708 0.0033647047621863228 0.0028562448579257564 -0.047428002760103831 -0.020230859085305097 0.07132551621600805 -0.12577204025927041 0.11857332544629093 0.092090478774130818 0.19518249125513312 0.038288621403850039 0.076116977035999303 0.13095599405668876 -0.0039787592723965646 -0.08577279163524508 -0.014096399322152137 -0.025474041311889649 0.15468669836618462 -0.043483421198733434 0.19805064618587492 0.028104242591793279 0.079255573838660165 0.18910482643903054 -0.049940658325110285 -0.14488371668573977 -0.2411649369213679 -0.12565113085322083 0.16539084823581121 0.095550762296134462 0.040817656583285754 0.16273559893170994 0.079688114132273363 -0.16166907966830008 -0.11344940632249753 -0.095407268119912028 -0.23261608369210188 -0.055593194278913571 -0.15540858932089671 -0.2329314543966387 0.084634450078010556 0.0017388844809780909 -0.065858187795077489 0.02581207908863245 -0.069173493960035456 -0.059615743591566565 -0.16539142940725599 -0.026425017462649816 0.067341095192519865
leaf_weight=163 151 240 306 131 60 57 392 57 50 276 172 139 77 86 59 55 112 475 72 82 62 138 126 72 77 107 73 74 83 61 473 97 76 55 82 86 78 203 131 72 95 58 85 139 71 202 128 100 378 50 73 66 60 73 126 170 128 413 63 62 70 68
leaf_count=163 151 240 306 131 60 57 392 57 50 276 172 139 77 86 59 55 112 475 72 82 62 138 126 72 77 107 73 74 83 61 473 97 76 55 82 86 78 203 131 72 95 58 85 139 71 202 128 100 378 50 73 66 60 73 126 170 128 413 63 62 70 68
internal_value=0.000136656 0.0583138 -0.0551065 -0.0353715 0.0936608 0.109474 0.0133301 0.10032 0.16679 0.0214064 -0.0218853 -0.0669615 0.268917 0.0823786 0.107992 0.11739 0.00404141 -0.028481 -0.0844209 0.146818 -0.107048 0.163073 0.0850541 0.084036 0.0520977 0.124828 0.193528 0.054163 -0.104728 -0.0981879 -0.00626274 0.0652672 0.0404117 0.0671823 0.0907086 0.126662 0.129926 -0.113268 -0.0946687 -0.146902 -0.176593 0.057829 0.0735666 0.0843974 0.114825 0.104453 -0.113106 -0.102297 -0.112441 -0.154449 -0.00746612 -0.0950177 -0.179939 0.0113607 0.0324189 -0.0386537 -0.0108018 -0.0555524 -0.0742339 -0.112977 0.0490523 0.0199306
internal_weight=8116 3953 4163 3018 2213 1922 1740 1862 394 1079 912 1939 127 1468 768 267 674 606 1333 212 1145 224 544 330 828 179 130 700 781 1023 749 678 572 297 223 141 204 709 459 250 167 340 281 438 128 299 717 589 528 150 150 238 122 275 199 282 291 552 328 125 223 138
internal_count=8116 3953 4163 3018 2213 1922 1740 1862 394 1079 912 1939 127 1468 768 267 674 606 1333 212 1145 224 544 330 828 179 130 700 781 1023 749 678 572 297 223 141 204 709 459 250 167 340 281 438 128 299 717 589 528 150 150 238 122 275 199 282 291 552 328 125 223 138
is_linear=0
shrinkage=0.03


Tree=27
num_leaves=63
num_cat=0
split_feature=79 23 23 79 243 23 79 23 65 23 23 23 88 327 242 79 135 137 220 23 23 96 223 114 23 79 79 79 254 190 319 79 196 43 191 199 79 79 50 146 79 60 130 69 79 23 91 310 13 49 135 24 187 104 23 46 24 153 254 22 23 105
split_gain=27328 7461.09 4250.63 4436.73 3923.89 5287.02 3457.29 1821.55 1683.63 2473.24 1340.68 1315.68 1284.25 997.581 1432.65 1045.29 1023.67 1019.76 978.704 903.342 902.024 835.448 710.439 758.079 660.331 654.74 624.999 621.903 567.448 551.274 550.33 548.603 547.878 529.011 514.714 484.375 515.703 478.978 468.78 461.338 459.653 564.849 447.168 459.231 533.751 439.671 439.106 439.007 431.245 430.603 635.646 410.401 410.155 392.621 390.291 386.478 375.959 375.288 400.624 369.136 362.587 339.886
threshold=0.23447144776582721 72.500000000000014 66.500000000000014 0.27978494763374334 58.500000000000007 39.500000000000007 0.19371296465396884 51.500000000000007 3.5000000000000004 52.500000000000007 98.500000000000014 84.500000000000014 14.500000000000002 1.0000000180025095e-35 97.500000000000014 0.18083763867616656 141.50000000000003 1.5000000000000002 0.1704722344875336 48.500000000000007 78.500000000000014 3.4642323255538945 1.5000000000000002 330.50000000000006 57.500000000000007 0.16447026282548907 0.25937646627426153 0.29555335640907293 26.500000000000004 50.500000000000007 1.0000000180025095e-35 0.21317502111196521 4.2915790081024179 13.500000000000002 15.500000000000002 0.63288080692291271 0.26202034950256353 0.192484125494957 62.500000000000007 242.50000000000003 0.17614738643169406 140.50000000000003 1.0000000180025095e-35 29.500000000000004 0.29740898311138159 60.500000000000007 120.50000000000001 12.500000000000002 43.500000000000007 267.50000000000006 429.50000000000006 66.500000000000014 2.5000000000000004 279.50000000000006 97.500000000000014 23.500000000000004 61.500000000000007 0.96490147709846508 66.500000000000014 63.500000000000007 90.500000000000014 24.500000000000004
decision_type=2 2 2 2 2 2 2 2 2 2 2 2 2 2 2 2 2 2 2 2 2 2 2 2 2 2 2 2 2 2 2 2 2 2 2 2 2 2 2 2 2 2 2 2 2 2 2 2 2 2 2 2 2 2 2 2 2 2 2 2 2 2
left_child=1 4 3 7 53 -6 10 33 13 12 28 31 -10 15 -15 16 -7 48 -17 -5 27 22 37 29 -20 -12 -9 61 38 -24 40 -8 42 34 -2 -35 -37 -11 -3 -16 41 -30 43 -21 -45 -41 55 -22 -18 56 -51 -49 57 -1 -13 -23 -29 -43 -59 -31 -42 -4
right_child=2 6 20 19 5 8 11 26 9 21 25 54 -14 14 39 18 17 -19 24 32 47 46 23 -25 -26 -27 -28 49 30 59 -32 -33 -34 35 -36 36 -38 -39 -40 45 60 52 -44 44 -46 -47 -48 51 -50 50 -52 -53 -54 -55 -56 -57 -58 58 -60 -61 -62 -63
leaf_value=-0.024775123942628322 -0.023806228959560392 -0.05099088937502641 -0.037148731691816532 -0.037384298474801715 0.38096532467872862 0.041772883733113601 0.031266053361408912 0.013030037317808916 0.13556426597828114 0.24855718444058528 0.01604734040389303 -0.064013831543221655 0.29981594626307484 -0.038732093909853382 0.030371402987064075 -0.069073305848766767 0.16638691654947937 0.094257532917347148 0.14583981853811756 -0.052027887362055478 -0.079058604739033256 0.064495775264085217 0.15481160385534168 0.20776312820613382 0.022028900466997313 -0.082035803154110895 -0.042353759700145439 -0.12404128373600543 0.056533670072037148 0.0072751054270514129 -0.023033998567821845 -0.034024661560117797 -0.17662127085422213 0.048612170842917343 0.098424316445049245 0.21553991943597792 0.079426383780172236 0.12669690200539885 0.043540691830045573 0.16622667178511619 0.062984869349847497 0.093756661005874181 -0.0041421051560477781 -0.060017147790544581 -0.12198738772402154 0.058117927643881344 0.11083590462705183 -0.16742188505749953 0.2879656861362786 -0.20424968808889388 -0.076802694856143383 -0.08781706467152961 0.077429735433562824 0.064533414613041601 -0.14517675162362517 -0.028176308993635504 -0.013938800131573396 0.1257076687014328 0.2490766257047653 0.096898063167929649 -0.024890138329430059 -0.08374196996633218
leaf_weight=246 74 64 233 550 61 80 222 392 80 64 191 285 99 151 103 50 60 96 75 253 103 135 63 51 80 89 343 63 212 86 52 240 56 75 52 52 51 60 172 71 186 66 65 193 373 67 117 284 57 91 60 78 117 53 66 57 50 52 50 79 54 366
leaf_count=246 74 64 233 550 61 80 222 392 80 64 191 285 99 151 103 50 60 96 75 253 103 135 63 51 80 89 343 63 212 86 52 240 56 75 52 52 51 60 172 71 186 66 65 193 373 67 117 284 57 91 60 78 117 53 66 57 50 52 50 79 54 366
internal_value=0.000136755 0.0525181 -0.0577028 -0.034858 0.091998 0.108353 0.0125849 0.0127216 0.0988073 0.127981 0.0428253 -0.0359489 0.227568 0.0694897 0.0335666 0.0976425 0.133939 0.168199 0.0453662 -0.0680223 -0.101149 0.102661 0.131141 0.103916 0.0824883 -0.0153101 -0.0128382 -0.0828143 0.0587057 0.0798809 0.0709037 -0.00265143 -0.08589 0.0743585 0.0270159 0.107532 0.149556 0.191078 0.017798 0.0788387 0.0775538 0.0940271 -0.0799492 -0.0859533 -0.100999 0.114535 0.0652124 -0.134925 0.227556 -0.121228 -0.154447 -0.150559 0.121622 -0.00878217 -0.0796443 0.0369803 -0.075873 0.151758 0.188014 0.0505107 0.0431918 -0.0657102
internal_weight=8116 4259 3857 2529 2141 1842 2118 1039 1781 891 1305 813 179 890 392 498 293 213 205 1490 1328 712 403 279 155 280 735 863 1025 228 789 462 940 304 126 178 103 124 236 241 737 497 884 819 566 138 309 465 117 264 151 362 285 299 351 192 113 168 102 165 240 599
internal_count=8116 4259 3857 2529 2141 1842 2118 1039 1781 891 1305 813 179 890 392 498 293 213 205 1490 1328 712 403 279 155 280 735 863 1025 228 789 462 940 304 126 178 103 124 236 241 737 497 884 819 566 138 309 465 117 264 151 362 285 299 351 192 113 168 102 165 240 599
is_linear=0
shrinkage=0.03


Tree=28
num_leaves=63
num_cat=0
split_feature=79 23 23 79 135 23 273 23 88 23 23 76 73 315 4 131 23 158 50 79 79 23 79 126 74 23 43 154 79 79 79 24 91 16 21 77 23 79 79 3 19 48 296 155 246 24 82 251 79 17 210 97 272 219 55 79 18 23 155 23 77 18
split_gain=25758.8 6219.79 4221.77 5341.3 3657.3 4185.75 2414.78 1881.55 2331.77 1860.33 1288.19 1274.84 1128.1 951.633 981.249 848.853 822.889 819.178 814.282 805.477 763.681 733.368 688.827 667.259 640.039 617.062 574.807 559.844 544.23 536.871 526.986 524.105 522.071 518.727 499.912 473.951 521.971 466.767 456.133 474.494 447.859 528.946 460.226 546.837 433.57 424.068 533.605 452.545 602.764 438.07 412.098 427.97 393.784 390.083 363.423 345.376 372.2 343.39 330.351 321.942 300.806 297.741
threshold=0.22687723487615588 75.500000000000014 70.500000000000014 0.26794917881488806 76.500000000000014 39.500000000000007 0.17445652186870578 52.500000000000007 14.500000000000002 54.500000000000007 48.500000000000007 3.8725714683532719 8.1500000953674334 1.3117623925209048 7.5000000000000009 1.5000000000000002 88.500000000000014 2.5000000000000004 210.50000000000003 0.29185102880001074 0.29740898311138159 92.500000000000014 0.17614738643169406 5.5000000000000009 5.7728571891784677 46.500000000000007 3.5000000000000004 0.20766969025135043 0.2031885161995888 0.19806650280952456 0.24652710556983951 59.500000000000007 19.500000000000004 48.500000000000007 71.500000000000014 0.51104611158370983 67.500000000000014 0.24652710556983951 0.18083763867616656 3.5000000000000004 39.500000000000007 463.50000000000006 0.61057290434837352 0.65230327844619762 4.1483516693115243 48.500000000000007 98.500000000000014 0.24449296295642856 0.29860436916351324 82.500000000000014 42.500000000000007 9.9333024024963397 1.007692337036133 0.84952831268310558 1.2488326430320742 0.14201681315898898 66.500000000000014 99.500000000000014 0.6133527159690858 81.500000000000014 0.81409090757370006 49.500000000000007
decision_type=2 2 2 2 2 2 2 2 2 2 2 2 2 2 2 2 2 2 2 2 2 2 2 2 2 2 2 2 2 2 2 2 2 2 2 2 2 2 2 2 2 2 2 2 2 2 2 2 2 2 2 2 2 2 2 2 2 2 2 2 2 2
left_child=1 4 3 9 -1 -6 28 8 13 23 19 -10 31 14 33 17 29 24 27 -5 58 30 -18 61 53 -25 -22 -19 32 -8 -4 38 -3 -7 -29 -26 -37 -11 50 -40 42 60 -28 -44 -23 49 -47 -48 -49 -32 51 -9 -20 -14 -33 56 -34 -24 -12 -57 -42 -2
right_child=2 6 21 10 5 7 16 12 11 37 20 -13 15 -15 -16 -17 22 18 52 -21 26 44 57 25 35 -27 40 34 -30 -31 45 54 55 -35 -36 36 -38 -39 39 -41 41 -43 43 -45 -46 46 47 48 -50 -51 -52 -53 -54 -55 -56 59 -58 -59 -60 -61 -62 -63
leaf_value=-0.023730997188928279 -0.019768706500530243 -0.014766585146387418 -0.059213832054114277 0.038906937414457471 0.33676100725477393 0.11979707000511033 0.048810821928221872 0.15649872271453633 0.17542055752414923 0.020885096575160477 0.0069842858099051419 0.3725567958905146 0.14136138719670913 0.021418814335180364 0.051342653910050523 -0.0042625472355972633 0.00045480609716226655 0.13415144695955164 0.084127539734287951 -0.04488897889461823 -0.017618960006392164 -0.099690761215546556 -0.059533358005178387 0.18602246756423008 0.060878565618672317 0.071697529030239404 -0.080172681584954261 0.10438214756110135 -0.032483744012812774 -0.020769118823131205 -0.15780202335797214 0.034380533143304859 0.041859610479288885 0.24822891060985736 -0.0038752924822843988 0.19573973320748494 0.095530951440047765 -0.026802189721460024 -0.027451972943054487 0.089912904426455498 -0.033839464337206797 -0.14689546174685889 -0.23079376978416963 -0.11878337361849843 -0.21783637561210212 -0.0045732309723333 -0.061684528535742092 -0.088742171223053612 -0.1969313646485279 -0.076973487958932912 0.022352331441085217 0.06603680545283902 0.18055667542494261 0.26548425555229183 -0.048033427860355006 0.086955091232253645 0.11418865248809258 -0.13420654652210384 -0.061425531798173318 0.03010041044385408 -0.091780086954880186 0.066117964588826697
leaf_weight=234 59 89 306 131 65 55 161 101 77 327 73 51 50 91 73 65 143 50 81 475 72 50 205 72 96 107 83 50 71 259 210 194 102 66 155 91 103 422 72 53 129 108 72 95 72 61 156 125 76 89 58 92 77 50 63 123 179 77 479 331 222 92
leaf_count=234 59 89 306 131 65 55 161 101 77 327 73 51 50 91 73 65 143 50 81 475 72 50 205 72 96 107 83 50 71 259 210 194 102 66 155 91 103 422 72 53 129 108 72 95 72 61 156 125 76 89 58 92 77 50 63 123 179 77 479 331 222 92
internal_value=0.00014058 0.0549804 -0.0519336 -0.0333056 0.0883371 0.101594 0.0125298 0.0934355 0.150158 0.0201841 -0.0630662 0.256246 0.0777385 0.101783 0.139176 0.0999526 -0.0238287 0.108383 0.0786052 -0.0267404 -0.0795479 -0.100962 -0.0532077 0.0794134 0.139636 0.118461 -0.0986567 0.0451589 0.0468454 0.00595578 -0.0924958 0.0471679 0.0537118 0.191311 0.0229075 0.116318 0.143299 -0.00598269 0.0696933 0.0226294 -0.10685 -0.0888646 -0.139385 -0.168162 -0.17062 -0.106598 -0.0866664 -0.100642 -0.130422 -0.134079 0.0929487 0.11394 0.131962 0.205437 0.01407 0.0620126 0.0881755 -0.080325 -0.0523823 0.045661 -0.0706423 0.0326503
internal_weight=8116 3953 4163 3018 2213 1979 1740 1914 413 1079 1939 128 1501 285 194 868 845 803 413 606 1333 1145 425 330 390 179 781 255 895 420 1023 633 824 121 205 290 194 749 376 125 709 459 250 167 122 717 418 357 201 299 251 193 158 100 257 735 281 282 552 454 351 151
internal_count=8116 3953 4163 3018 2213 1979 1740 1914 413 1079 1939 128 1501 285 194 868 845 803 413 606 1333 1145 425 330 390 179 781 255 895 420 1023 633 824 121 205 290 194 749 376 125 709 459 250 167 122 717 418 357 201 299 251 193 158 100 257 735 281 282 552 454 351 151
is_linear=0
shrinkage=0.03


Tree=29
num_leaves=63
num_cat=0
split_feature=176 78 259 23 116 23 78 259 176 194 88 23 272 176 87 189 106 65 23 16 176 78 178 55 23 78 310 78 52 54 191 146 133 5 71 105 177 212 109 23 7 98 176 269 262 199 74 239 171 23 270 253 25 216 198 171 194 310 4 23 215 304
split_gain=15008.3 5472.29 3293.13 2682.2 1680.77 2318.25 1402.14 1595.2 1356.99 1287.19 1928.01 1197.02 1135 1032.86 994.695 1645.05 1072.13 888.926 841.42 942.466 797.347 1048.4 700.815 682.47 677.999 675.641 665.638 658.873 628.04 625.256 616.161 717.833 596.935 747.16 600.863 550.184 479.359 469.012 468.297 466.521 453.673 548.057 446.151 472.226 439.646 427.042 425.547 599.156 453.037 421.751 408.901 403.934 397.349 638.435 393.971 503.293 400.826 392.76 376.39 360.521 348.901 348.374
threshold=0.29478609561920172 1.0856566429138186 3.5000000000000004 56.500000000000007 11.500000000000002 57.500000000000007 1.5389676094055178 4.5000000000000009 0.14495798945426944 7.4581806659698495 22.500000000000004 59.500000000000007 1.3210169672966006 0.19292803853750232 4.5000000000000009 31.500000000000004 1.0000000180025095e-35 2.5000000000000004 79.500000000000014 60.500000000000007 0.44222222268581396 1.1747943162918093 22.500000000000004 0.45698256790637976 100.50000000000001 1.3916521668434145 37.500000000000007 1.1618951559066775 3.2737398147583012 3.9211678504943852 14.500000000000002 153.50000000000003 0.20476190745830539 1.5000000000000002 41.500000000000007 13.500000000000002 0.5313907563686372 68.500000000000014 13.500000000000002 70.500000000000014 5.5000000000000009 3.2429507970809941 0.13423423469066623 15.243750095367433 9.5000000000000018 0.61264434456825267 13.138363838195803 10.500000000000002 23.230519294738773 83.500000000000014 5.982558250427247 21.500000000000004 18.500000000000004 10.276659965515138 0.217028982937336 36.321428298950202 6.800373077392579 15.500000000000002 2.5000000000000004 86.500000000000014 4.1684725284576425 8.5000000000000018
decision_type=2 2 2 2 2 2 2 2 2 2 2 2 2 2 2 2 2 2 2 2 2 2 2 2 2 2 2 2 2 2 2 2 2 2 2 2 2 2 2 2 2 2 2 2 2 2 2 2 2 2 2 2 2 2 2 2 2 2 2 2 2 2
left_child=1 2 4 6 -1 14 7 17 25 -4 -11 20 51 32 16 -16 -6 22 19 28 21 -2 -3 -19 27 29 -17 -14 -10 39 58 -32 33 34 -7 -8 -29 57 -37 -5 -22 -42 43 -36 -21 -31 47 -23 -48 -35 -27 -13 53 60 56 -56 -38 -20 -18 -15 -25 -50
right_child=11 3 9 8 5 13 35 -9 18 10 -12 12 24 59 15 26 30 23 37 44 40 46 -24 52 -26 50 -28 36 -30 45 31 -33 -34 49 42 38 54 -39 -40 -41 41 -43 -44 -45 -46 -47 48 -49 61 -51 -52 -53 -54 -55 55 -57 -58 -59 -60 -61 -62 -63
leaf_value=-0.027392450958615588 0.11010848644025184 -0.060556491090171041 0.066081841279353404 0.058777060906943533 0.17778597839749777 -0.011318123000901896 0.052700558301400052 0.18295096309288689 0.060152075030852722 0.35010387712914959 0.11170423685062315 -0.041309210241573753 -0.028147032453672255 0.021873465498322493 0.30158469775975755 0.041685311874346945 0.053783769057347219 0.16818613498760707 -0.073894930246590385 -0.031520689416683213 -0.042202363443984231 -0.033501767233178457 0.064284682584077338 0.070967849863051366 -0.187238699644804 -0.064733587712190066 0.18604648349376826 -0.013331856355071068 -0.012413855866098136 0.046070273696230006 0.17895681938299765 0.031247008031522722 -0.039513685342512629 0.12296265251728522 0.089286990463102262 -0.059656681142033235 -0.13193680568253749 -0.044331072375495384 0.02610239157003575 -0.022437052879738444 -0.19791484329849479 -0.064005897270049905 0.026482534640788161 -0.0010716784216703906 -0.091267517547568539 0.1600136032857393 -0.068707923493936021 0.073044704846680561 -0.055203730241141537 0.052374322097443166 0.020344319306504058 0.054217638482942296 -0.017277343595799591 0.14570026795707039 -0.10594131669652058 -0.1984667508602142 -0.049553415691570457 -0.17247720447182655 -0.058306706034179243 -0.031790454767050183 -0.016123053396586328 0.047027466083792123
leaf_weight=237 50 99 62 123 77 142 98 91 157 63 61 182 147 364 58 66 51 57 100 576 109 135 67 118 65 105 51 59 334 64 51 70 56 216 353 168 72 234 86 130 53 59 273 61 137 56 296 72 54 121 97 50 55 73 587 59 205 59 55 162 63 65
leaf_count=237 50 99 62 123 77 142 98 91 157 63 61 182 147 364 58 66 51 57 100 576 109 135 67 118 65 105 51 59 334 64 51 70 56 216 353 168 72 234 86 130 53 59 273 61 137 56 296 72 54 121 97 50 55 73 587 59 205 59 55 162 63 65
internal_value=0.000141776 0.0259446 0.0576994 -0.000805114 0.0484648 0.0565463 0.0405081 0.0675154 -0.0193605 0.17912 0.234658 -0.0643431 -0.0814007 0.0404809 0.114967 0.171937 0.0817153 0.0474636 -0.0335837 -0.0211095 -0.0370437 -0.0207238 -0.0100856 0.0735215 -0.0931919 0.0201327 0.105655 -0.0876164 0.0108646 0.0440226 0.0484907 0.0944614 0.0556003 0.0601983 0.0447938 -0.00734764 -0.096481 -0.0716493 -0.0306317 0.0171224 -0.0863514 -0.128564 0.0563915 0.0760028 -0.0431125 0.100127 -0.0314007 0.00373088 -0.048891 0.0978478 -0.0239804 -0.0205772 0.0555729 0.0713534 -0.101776 -0.114685 -0.0713647 -0.111325 -0.00437775 0.00531683 0.0407324 0.000563397
internal_weight=8116 5797 2650 3147 2464 2227 975 623 2172 186 124 2319 1426 1748 479 175 304 532 1597 1204 893 672 166 366 1194 575 117 1129 491 373 227 121 1222 1166 829 352 982 393 254 253 221 112 687 414 713 120 622 207 415 337 202 232 309 254 923 646 277 159 106 526 181 119
internal_count=8116 5797 2650 3147 2464 2227 975 623 2172 186 124 2319 1426 1748 479 175 304 532 1597 1204 893 672 166 366 1194 575 117 1129 491 373 227 121 1222 1166 829 352 982 393 254 253 221 112 687 414 713 120 622 207 415 337 202 232 309 254 923 646 277 159 106 526 181 119
is_linear=0
shrinkage=0.03


Tree=30
num_leaves=63
num_cat=0
split_feature=79 23 79 311 23 23 79 23 23 87 23 327 315 59 313 219 3 23 23 104 265 79 10 23 43 79 49 146 150 244 242 179 79 19 23 79 44 122 67 202 274 276 14 311 57 24 189 272 253 91 18 141 47 100 77 54 79 283 24 83 272 141
split_gain=23316.1 7149.57 4362.38 3477.94 3910.74 3091.66 2446.22 2117.01 1579.74 2115.24 1565.28 1293.84 1178.98 1008.11 932.548 1396.84 847.309 834.389 804.035 801.535 777.926 680.905 638.142 615.953 849.224 581.663 560.965 709.754 834.055 571.557 556.868 705.808 553.875 528.927 516.575 496.917 507.821 466.055 458.44 523.663 508.489 444.713 430.011 427.231 445.052 472.814 422.903 523.697 471.284 422.094 422.013 539.357 411.757 407.673 387.12 379.03 378.829 368.063 327.676 320.624 362.792 316.971
threshold=0.24452438205480578 66.500000000000014 0.19806650280952456 3.6000000238418584 39.500000000000007 59.500000000000007 0.3003759384155274 83.500000000000014 52.500000000000007 11.500000000000002 98.500000000000014 1.0000000180025095e-35 1.2908571362495425 34.500000000000007 7.9219565391540536 1.101020395755768 2.5000000000000004 76.500000000000014 46.500000000000007 279.50000000000006 17.500000000000004 0.28268365561962133 7.5000000000000009 84.500000000000014 19.500000000000004 0.16447026282548907 959.50000000000011 139.50000000000003 11.427754402160646 49.500000000000007 94.500000000000014 61.500000000000007 0.21658075600862506 26.500000000000004 41.500000000000007 0.22123266011476519 35.500000000000007 1.0600751638412478 9.5000000000000018 6.5000000000000009 0.62468275427818309 67.500000000000014 45.500000000000007 4.0499999523162851 0.28154534101486212 64.500000000000014 57.500000000000007 1.1943396329879763 14.500000000000002 34.500000000000007 61.500000000000007 18.500000000000004 331.50000000000006 1.3047713637351992 0.61018896102905285 3.5880100727081303 0.16447026282548907 3.5000000000000004 35.500000000000007 7.5000000000000009 1.6267856955528261 23.500000000000004
decision_type=2 2 2 2 2 2 2 2 2 2 2 2 2 2 2 2 2 2 2 2 2 2 2 2 2 2 2 2 2 2 2 2 2 2 2 2 2 2 2 2 2 2 2 2 2 2 2 2 2 2 2 2 2 2 2 2 2 2 2 2 2 2
left_child=1 3 10 19 -5 6 18 35 9 11 20 12 14 22 -6 -16 26 21 50 -1 49 -7 -13 24 33 -12 27 28 30 -29 31 -10 -9 55 -8 36 -4 -19 41 40 -40 -23 -18 -39 45 -45 47 48 -44 -3 51 -2 58 -54 -26 -22 -25 -31 -41 60 -36 -61
right_child=5 2 7 4 8 17 34 32 16 -11 25 13 -14 -15 15 -17 42 37 -20 -21 23 38 -24 56 54 -27 -28 29 -30 57 -32 -33 -34 -35 59 -37 -38 43 39 52 -42 -43 46 44 -46 -47 -48 -49 -50 -51 -52 -53 53 -55 -56 -57 -58 -59 -60 61 -62 -63
leaf_value=-0.019430071269943765 -0.01011942266114056 -0.037392156713464283 -0.038480198226263744 0.33047479882836339 0.30450265768170354 -0.052462362731196539 -0.020982573916831903 -0.053579792726407019 0.0175017965788191 0.32092181700695721 0.013726226245635189 0.078350085787853949 0.068281024687261466 0.16727643427822519 0.06051512773220355 0.27223116005168241 0.065983350918919756 -0.072461645092445473 -0.012389411645474144 0.1051277600175568 0.070627549989269914 -0.10750710887977709 -0.059489355279553319 0.071743755707706233 0.1879894979654447 -0.075234589541312485 0.13145527146737246 -0.0586205129684454 0.17612087132440785 0.084213325090706337 -0.020542238897473458 0.16243376637759963 -0.12641022138928962 0.044222552534004651 -0.11321154205922913 -0.025711792564851586 0.038892870232186939 -0.070822426685646395 -0.087980807678035969 -0.13806562752677845 -0.21214038584720002 -0.012007874338065876 0.13519499396378137 -0.20512446405668441 -0.080806120022347092 -0.097441925485179104 0.083291611252832659 0.082860887681736661 0.2676776404144629 0.039918383532308137 0.11279785277092293 0.09951995361046713 -0.19182841226698888 -0.074326673535739671 0.10186179297665754 0.1736474824305308 0.013837031386516029 -0.0044115618616342549 -0.053166334175498021 -0.10324356068197735 -0.019377976701688691 -0.037586465240961098
leaf_weight=273 119 88 99 68 59 661 183 206 65 53 191 58 82 50 64 50 130 130 570 55 76 77 61 206 91 100 71 82 58 79 70 56 176 296 50 407 323 66 52 51 76 101 52 153 56 52 96 50 52 222 72 60 61 50 107 58 201 89 207 379 138 82
leaf_count=273 119 88 99 68 59 661 183 206 65 53 191 58 82 50 64 50 130 130 570 55 76 77 61 206 91 100 71 82 58 79 70 56 176 296 50 407 323 66 52 51 76 101 52 153 56 52 96 50 52 222 72 60 61 50 107 58 201 89 207 379 138 82
internal_value=0.000141585 0.0438173 0.0141038 0.0901881 0.109585 -0.0590431 -0.0294221 -0.0290452 0.0988354 0.14341 0.0460418 0.120518 0.163105 0.0556789 0.207399 0.154933 0.0763271 -0.0863196 0.00731907 0.0017122 0.0596833 -0.074241 0.00778596 0.0721619 0.0908008 -0.0169975 0.0530399 0.041642 0.0773859 0.00587459 0.0466424 0.0853594 -0.0873776 0.0668622 -0.0656427 -0.00209294 0.0206933 -0.121391 -0.0954588 -0.110281 -0.162774 -0.0536891 0.111027 -0.140563 -0.157861 -0.178415 0.134093 0.16502 0.203355 0.0179225 0.0519469 0.0269799 -0.0916812 -0.140036 0.142191 0.116174 0.0432501 0.0375149 -0.070417 -0.0781839 -0.0448007 -0.0916715
internal_weight=8116 4670 2847 1823 1495 3446 1653 1211 1427 477 1636 424 255 169 173 114 950 1793 821 328 1345 1336 119 1035 628 291 570 499 249 250 191 121 382 430 832 829 422 457 675 497 128 178 380 327 261 205 250 154 104 310 251 179 369 111 198 134 407 168 258 649 188 461
internal_count=8116 4670 2847 1823 1495 3446 1653 1211 1427 477 1636 424 255 169 173 114 950 1793 821 328 1345 1336 119 1035 628 291 570 499 249 250 191 121 382 430 832 829 422 457 675 497 128 178 380 327 261 205 250 154 104 310 251 179 369 111 198 134 407 168 258 649 188 461
is_linear=0
shrinkage=0.03


Tree=31
num_leaves=63
num_cat=0
split_feature=79 23 23 79 23 91 23 79 116 23 225 309 23 79 23 130 48 121 233 142 72 79 219 78 23 23 43 23 263 79 96 285 90 19 151 134 23 79 274 153 236 79 55 251 309 292 154 13 24 246 19 13 96 308 23 268 53 270 23 102 101 23
split_gain=22039 5363.39 3627.09 4586.46 3139.9 2647.51 2580.08 2223.97 2052.81 1589.54 1382.23 1143.25 1121.73 1009.31 1116.4 1093.1 1134.35 997.538 858.906 800.119 873.818 786.342 781.257 693.62 678.333 648.274 568.351 555.193 551.606 538.765 508.348 488.059 478.909 523.297 492.977 490.493 471.831 465.702 453.435 562.74 581.987 453.089 500.631 446.59 410.045 405.299 442.976 412.327 585.599 403.129 383.618 376.101 372.727 370.862 344.348 344.068 337.605 332.675 331.722 454.196 330.483 323.295
threshold=0.22687723487615588 83.500000000000014 70.500000000000014 0.26794917881488806 36.500000000000007 16.500000000000004 53.500000000000007 0.17614738643169406 56.500000000000007 55.500000000000007 1.5000000000000002 53.500000000000007 41.500000000000007 0.19806650280952456 65.500000000000014 1.5000000000000002 425.50000000000006 1.0599794983863833 12.500000000000002 4.5000000000000009 12.500000000000002 0.29740898311138159 1.0856566429138186 1.5389676094055178 92.500000000000014 92.500000000000014 13.500000000000002 112.50000000000001 6.5000000000000009 0.20524267852306369 3.7524834871292119 33.500000000000007 9.5000000000000018 69.500000000000014 3.0720655918121342 103.50000000000001 60.500000000000007 0.24230587482452395 0.60829037427902233 0.91864311695098888 1.0000000180025095e-35 0.25724790990352636 2.0263340473175053 0.2351169362664223 33.500000000000007 4.2565789222717294 0.19815570116043094 41.500000000000007 60.500000000000007 4.1483516693115243 47.500000000000007 43.500000000000007 3.4868334531784062 27.500000000000004 46.500000000000007 11.211206912994387 7.9268789291381845 2.2270407676696782 54.500000000000007 0.61629119515419017 0.16486439108848575 83.500000000000014
decision_type=2 2 2 2 2 2 2 2 2 2 2 2 2 2 2 2 2 2 2 2 2 2 2 2 2 2 2 2 2 2 2 2 2 2 2 2 2 2 2 2 2 2 2 2 2 2 2 2 2 2 2 2 2 2 2 2 2 2 2 2 2 2
left_child=1 4 3 9 -1 50 8 27 11 26 17 -7 23 15 30 16 19 -10 -13 20 60 58 -20 -5 29 41 -2 44 -21 -9 -15 -18 33 34 55 36 -34 -28 -22 57 -41 61 43 51 -3 47 -47 -30 -49 -27 53 -43 -26 -6 -39 -23 -36 -40 -14 -60 -8 -4
right_child=2 7 25 12 5 6 13 24 10 -11 -12 18 21 14 -16 -17 31 -19 22 28 38 32 -24 -25 52 49 37 -29 45 -31 -32 -33 35 -35 56 -37 -38 54 39 40 -42 42 -44 -45 -46 46 -48 48 -50 -51 -52 -53 -54 -55 -56 -57 -58 -59 59 -61 -62 -63
leaf_value=0.3065145248437629 0.025232136485477289 -0.018596348094789286 -0.050654691111241629 0.086117701538605609 -0.0055677615515478361 -0.03813945005921756 -0.02563093013358566 0.0085098531446308242 0.38053496655143265 -0.0079970242029348895 0.12305084123276173 0.19135766979058583 -0.012070249964807021 0.13290404336825581 0.015145541301181354 -0.017864103618558946 0.1061221069368449 0.19159649958213168 -0.022791640863699072 -0.041302212521714989 0.07113927894830703 -0.10370238589467826 0.12950039754180531 -0.028073395188652765 -0.062517123913810563 -0.090752140108276813 0.17390733108708731 -0.058794682797263645 0.12331531368841335 -0.070065030738533957 0.03907469788963875 0.22017617541966558 -0.10577430302862741 -0.036211181174801307 -0.19350891671636525 -0.056911775094385324 -0.19397173869270312 0.13039127594977618 0.14131914756868194 0.10670754414270905 0.23953942988067864 -0.038583006018372341 -0.020288424123141722 -0.13521925915700367 0.055518840978145918 0.092620528666478269 -0.014727893722057342 0.10546548515977992 -0.020984536631693761 -0.20441298586048492 -0.03115517607585197 -0.12836811168093076 -0.14935625229369509 0.093821747526526444 0.039370379970462707 -0.02164579850642882 -0.099403717692701093 0.050216509274074006 -0.000346759000623768 -0.074031805652580579 0.080447121262550353 -0.11180155491828919
leaf_weight=50 161 78 373 63 90 50 52 208 55 700 79 89 229 130 545 90 65 53 50 52 104 80 75 189 146 50 56 50 126 125 88 78 201 280 50 116 78 59 91 50 83 106 58 317 465 52 99 70 61 72 222 70 65 53 103 108 123 62 98 324 52 99
leaf_count=50 161 78 373 63 90 50 52 208 55 700 79 89 229 130 545 90 65 53 50 52 104 80 75 189 146 50 56 50 126 125 88 78 201 280 50 116 78 59 91 50 83 106 58 317 465 52 99 70 61 72 222 70 65 53 103 108 123 62 98 324 52 99
internal_value=0.000143217 0.0508691 -0.0480245 -0.0307583 0.073067 0.0687378 0.080177 -0.00412392 0.144816 0.0188078 0.220746 0.0904028 -0.0583359 0.0651606 0.0381643 0.082467 0.0907071 0.290424 0.120474 0.0787418 0.105259 -0.0671501 0.0688862 0.000701928 -0.0478847 -0.0934684 0.0682061 0.0360339 0.0500979 -0.0211067 0.0953794 0.16943 -0.083393 -0.0671801 -0.091034 -0.109467 -0.131036 0.0996836 0.125826 0.145395 0.190772 -0.085512 -0.104057 -0.113851 0.0448578 0.0618194 0.0226059 0.0846824 0.0468713 -0.158947 -0.00652431 -0.0748165 -0.0898468 0.0316646 0.0731165 -0.0569274 -0.127558 0.104968 -0.0412129 -0.0569614 0.0276691 -0.0636892
internal_weight=8116 3953 4163 3018 2816 2766 2401 1137 451 1079 187 264 1939 1950 763 1187 1097 108 214 954 494 1687 125 252 544 1145 379 593 460 333 218 143 1036 641 361 395 279 218 390 286 133 1023 551 493 543 408 151 257 131 122 365 176 211 143 162 188 173 153 651 422 104 472
internal_count=8116 3953 4163 3018 2816 2766 2401 1137 451 1079 187 264 1939 1950 763 1187 1097 108 214 954 494 1687 125 252 544 1145 379 593 460 333 218 143 1036 641 361 395 279 218 390 286 133 1023 551 493 543 408 151 257 131 122 365 176 211 143 162 188 173 153 651 422 104 472
is_linear=0
shrinkage=0.03


Tree=32
num_leaves=63
num_cat=0
split_feature=79 23 23 79 263 23 79 43 23 23 23 23 207 97 47 23 79 188 285 10 96 141 19 79 42 263 23 21 79 128 126 79 69 296 179 146 145 319 23 203 22 12 43 92 177 19 79 50 72 96 19 13 122 24 292 159 24 71 266 79 310 58
split_gain=20793.5 5783.33 3297.9 3506.56 3161.49 3472.85 2661.61 1494.72 2008.92 1427.26 1181.31 1148.66 1047.82 1863.18 1178.98 880.871 814.698 790.704 1082.04 810.04 781.691 785.168 687.723 675.91 659.915 666.162 627.927 617.146 606.812 592.152 519.509 504.776 470.581 456.671 433.243 717.305 763.385 421.178 450.919 420.664 410.414 408.309 471.773 407.316 402.193 542.346 447.65 416.34 378.924 469.277 367.47 366.84 355.242 337.894 336.917 356.321 323.926 311.401 308.263 300.102 298.98 391.931
threshold=0.23447144776582721 72.500000000000014 64.500000000000014 0.27978494763374334 6.5000000000000009 38.500000000000007 0.18624359369277957 9.5000000000000018 54.500000000000007 89.500000000000014 46.500000000000007 103.50000000000001 13.500000000000002 8.5189290046691912 146.50000000000003 78.500000000000014 0.21317502111196521 17.500000000000004 26.500000000000004 1.5000000000000002 3.4868334531784062 28.500000000000004 69.500000000000014 0.25463122129440313 8.5000000000000018 11.500000000000002 45.500000000000007 76.500000000000014 0.13906469941139224 4.5000000000000009 7.5000000000000009 0.24796693772077563 29.500000000000004 0.69124040007591259 91.500000000000014 87.500000000000014 57.500000000000007 1.0000000180025095e-35 83.500000000000014 1.5000000000000002 66.500000000000014 66.500000000000014 6.5000000000000009 27.500000000000004 0.55942294001579296 67.500000000000014 0.3144462406635285 257.50000000000006 47.500000000000007 1.8660994172096255 40.500000000000007 51.500000000000007 0.85839599370956432 51.500000000000007 3.3560392856597905 1.0000000180025095e-35 62.500000000000007 170.50000000000003 5.5000000000000009 0.17089217156171801 12.500000000000002 0.66309586167335521
decision_type=2 2 2 2 2 2 2 2 2 2 2 2 2 2 2 2 2 2 2 2 2 2 2 2 2 2 2 2 2 2 2 2 2 2 2 2 2 2 2 2 2 2 2 2 2 2 2 2 2 2 2 2 2 2 2 2 2 2 2 2 2 2
left_child=1 4 3 10 30 -6 11 17 12 16 29 32 13 -9 -15 23 57 22 19 -19 21 24 52 -4 25 -10 33 -27 -13 -2 34 -12 56 -5 35 -1 -37 38 48 -29 -17 42 -20 -25 -45 46 -46 53 49 -34 51 -28 -7 -47 -22 -56 58 -8 -3 -40 -42 -62
right_child=2 6 15 26 5 7 9 8 20 -11 31 28 -14 14 -16 40 -18 18 41 -21 54 -23 -24 43 -26 27 50 39 -30 -31 -32 -33 37 -35 -36 36 -38 -39 59 -41 60 -43 -44 44 45 47 -48 -49 -50 -51 -52 -53 -54 -55 55 -57 -58 -59 -60 -61 61 -63
leaf_value=-0.020890650334479535 0.041560195050126793 -0.010227669688963119 -0.035150877873405525 -0.038603564230585495 0.33394113130461084 0.10192518174648285 -0.0023561598568295054 0.11415318197019549 0.20097697351660046 -0.08845234443380795 0.046318060115894726 0.033698032922469645 0.075168539859465699 0.18083026354605294 0.37764909334147151 -0.16773779471715292 -0.041328140376135705 0.065500246962675673 0.0076678888308150421 0.20034384431510135 0.088959639991323142 0.044459377853690009 -0.078835936522079722 -0.0087981551696183317 0.22237735146825963 0.16051303817142901 -0.079936237684239367 0.093915684402707103 -0.078026500158011908 0.15143588314056394 0.091743836887812208 -0.012709313635230878 0.15045363165573639 0.054821927254112474 -0.081823612820018418 0.15717911010279373 -0.0053114197817113662 -0.015331736566389307 0.073764508557739625 -0.012291791125347739 -0.049818264091456378 -0.033223146989941596 0.12230411189379262 -0.011265970357465294 -0.10343136164126918 -0.10046571351406051 -0.18905226033926009 -0.11652899758314056 0.1631694353671817 0.040335965987407796 -0.057098949177644451 -0.15916605908642797 0.010554379582768534 -0.025332988790751243 0.066443171181222976 -0.013751354786206264 -0.017004888826294948 0.050326096384885347 0.070086196527505917 0.017875970398837867 -0.14056615528487967 -0.060531076828881002
leaf_weight=225 110 61 360 372 54 55 207 97 62 246 170 77 66 52 66 116 309 77 69 86 134 113 58 58 65 70 263 82 99 74 58 548 54 53 54 50 53 50 258 56 80 59 60 52 175 81 84 138 76 98 627 67 122 160 101 97 113 196 143 131 188 81
leaf_count=225 110 61 360 372 54 55 207 97 62 246 170 77 66 52 66 116 309 77 69 86 134 113 58 58 65 70 263 82 99 74 58 548 54 53 54 50 53 50 258 56 80 59 60 52 175 81 84 138 76 98 627 67 122 160 101 97 113 196 143 131 188 81
internal_value=0.000143239 0.0458349 -0.0503095 -0.0272689 0.0805936 0.099125 0.0106773 0.0912282 0.112473 -0.0263142 0.0187307 0.0412235 0.18124 0.213303 0.293164 -0.0837259 -0.00475114 0.0526363 0.0810876 0.137433 0.087499 0.113358 0.00997745 -0.0690652 0.136397 0.114953 -0.0572837 0.0884727 -0.0292328 0.086329 0.00889029 0.00131151 0.0538423 -0.0268515 -0.00389626 0.00914295 0.0743204 0.0681362 0.0749141 0.0510386 -0.118436 0.0317667 0.0615177 -0.0853189 -0.0917291 -0.0982593 -0.131821 -0.0750377 0.108438 0.0801844 -0.0707564 -0.0964546 0.0393595 -0.0508959 0.0523697 0.0272843 0.023647 0.0233271 0.046138 0.0550375 -0.101617 -0.11678
internal_weight=8116 4259 3857 2284 2141 1701 2118 1647 1061 958 902 1160 281 215 118 1573 712 586 351 163 780 448 235 1108 335 270 1382 208 176 184 440 718 984 425 382 328 103 667 617 138 465 188 129 748 690 638 259 379 228 152 957 330 177 241 332 198 317 403 204 389 349 269
internal_count=8116 4259 3857 2284 2141 1701 2118 1647 1061 958 902 1160 281 215 118 1573 712 586 351 163 780 448 235 1108 335 270 1382 208 176 184 440 718 984 425 382 328 103 667 617 138 465 188 129 748 690 638 259 379 228 152 957 330 177 241 332 198 317 403 204 389 349 269
is_linear=0
shrinkage=0.03


Tree=33
num_leaves=63
num_cat=0
split_feature=79 273 266 79 233 310 137 153 158 17 1 19 24 79 17 83 131 91 327 18 79 122 119 24 16 290 97 97 179 270 79 318 198 221 96 84 75 110 13 233 16 265 97 142 16 119 14 55 100 298 326 3 266 19 199 56 102 80 5 20 202 300
split_gain=19585.5 2973.39 2508.98 1731.36 1470.94 1153.13 1153.11 1875 1145.16 1018.2 998.312 970.973 834.078 782.443 708.244 670.974 637.728 590.036 567.19 763.259 1154.13 567.34 554.878 553.491 541.402 537.979 532.724 492.762 476.685 488.844 447.371 499.187 660.059 476.873 426.731 416.867 404.068 403.995 395.378 394.67 388.766 384.051 382.334 420.33 366.505 362.774 361.913 446.684 358.806 348.769 341.807 340.372 548.036 497.232 429.685 343.54 322.213 312.626 425.186 309.5 346.149 306.908
threshold=0.22687723487615588 0.29679679870605474 13.500000000000002 0.19371296465396884 38.500000000000007 11.500000000000002 1.5000000000000002 1.0490963459014895 1.5000000000000002 59.500000000000007 27.500000000000004 25.500000000000004 49.500000000000007 0.26600624620914465 69.500000000000014 7.5000000000000009 1.5000000000000002 33.500000000000007 1.0000000180025095e-35 53.500000000000007 0.14201681315898898 0.88935971260070812 10.694360733032228 58.500000000000007 52.500000000000007 1.1869565248489382 5.9334146976470956 7.5044379234313974 87.500000000000014 5.6562263965606698 0.31281565129756933 0.63288080692291271 0.24602774530649188 0.64107033610343944 3.7279226779937749 3.5000000000000004 9.8028411865234393 18.500000000000004 42.500000000000007 10.500000000000002 57.500000000000007 26.500000000000004 11.51735305786133 4.5000000000000009 47.500000000000007 8.6179571151733416 48.500000000000007 0.97855642437934887 1.1868848800659182 92.500000000000014 201.50000000000003 2.5000000000000004 9.5000000000000018 81.500000000000014 0.61646288633346569 1.349077641963959 0.6242632567882539 0.6118532419204713 2.5000000000000004 98.500000000000014 4.5000000000000009 2.5000000000000004
decision_type=2 2 2 2 2 2 2 2 2 2 2 2 2 2 2 2 2 2 2 2 2 2 2 2 2 2 2 2 2 2 2 2 2 2 2 2 2 2 2 2 2 2 2 2 2 2 2 2 2 2 2 2 2 2 2 2 2 2 2 2 2 2
left_child=2 13 5 4 6 17 7 36 18 24 -9 28 22 14 23 57 30 50 19 20 -7 -20 27 46 -5 -14 -21 -8 29 45 -17 61 -33 -34 -11 38 -4 -35 -27 44 -29 -23 43 -19 -28 -3 -2 -48 -15 -46 -1 55 54 56 -53 59 -54 58 -13 60 -10 -32
right_child=1 11 3 9 -6 8 12 10 51 34 -12 15 25 48 -16 16 -18 42 21 26 -22 41 -24 -25 -26 35 39 40 -30 -31 31 32 33 37 -36 -37 -38 -39 -40 -41 -42 -43 -44 -45 49 -47 47 -49 -50 -51 -52 52 53 -55 -56 -57 -58 -59 -60 -61 -62 -63
leaf_value=0.0029355706485069315 0.012071985523723397 -0.18833052500394673 0.12491550495991338 0.18603110005750373 0.25519073649708712 0.2502403486892581 0.060120018138550217 0.34208584999336911 0.080125230990619536 0.038598435004471722 0.15344409075810719 -0.0095846268491911104 0.12378860164363428 -0.067097455090584443 -0.027880722927843878 -0.061914048603626669 0.007996724502258825 0.072118870313871986 -0.043690472344557446 0.14615441238338298 0.062420330024682551 0.014496127128925012 0.037936875969171523 -0.016038652271855362 0.061192274561455075 0.029893744678089494 0.017250716946087777 0.20753300497722293 -0.19505074142921167 -0.047794131797683589 -0.086421241368555154 -0.063020086744383197 -0.22794453842741139 -0.07445026078357779 -0.024275053078653637 0.062835980441491551 0.017090556810820293 -0.16447052127912198 -0.071782336121513718 -0.023701216802000998 0.11094324084743856 0.12136061622879722 -0.019408442141488194 -0.0092759365939789184 0.058805528245310282 -0.096294085938069554 0.12409283419450123 0.028046225116530567 -0.02776849674282833 0.12904776345472782 -0.059779018706509042 -0.061252365842705866 0.14971351833703617 0.0064301933977805384 0.032659603813707902 -0.053821010719494598 0.062384914086947456 -0.0055743738909926118 -0.12417534262432078 -0.038145655871155745 0.011453071558557518 0.0015903829298913477
leaf_weight=137 185 64 64 50 55 55 63 50 82 242 56 60 52 323 614 724 84 164 71 65 64 68 76 257 85 75 109 80 60 101 89 133 52 86 161 105 61 100 62 51 79 54 129 87 200 107 80 96 595 95 181 60 71 70 155 75 86 238 56 82 326 59
leaf_count=137 185 64 64 50 55 55 63 50 82 242 56 60 52 323 614 724 84 164 71 65 64 68 76 257 85 75 109 80 60 101 89 133 52 86 161 105 61 100 62 51 79 54 129 87 200 107 80 96 595 95 181 60 71 70 155 75 86 238 56 82 326 59
internal_value=0.000145429 -0.045262 0.0479645 0.0799471 0.105902 0.0300892 0.0956278 0.152465 0.042544 0.0374712 0.244792 -0.0714569 0.0732302 -0.0207145 -0.00508291 -0.0621283 -0.0719163 -0.00273883 0.0685714 0.0821728 0.15059 0.0233472 0.108543 0.0175758 0.108457 0.03719 0.0662568 0.132436 -0.118361 -0.100792 -0.0773188 -0.098648 -0.117243 -0.147154 0.0134823 0.0181492 0.0728502 -0.123469 -0.016307 0.0545474 0.160535 0.0623989 0.0224678 0.0439815 0.0644594 -0.131635 0.0414845 0.0721582 -0.0416644 0.0817855 -0.032836 0.020993 0.0406815 0.0730851 0.00628937 0.00554605 0.102575 -0.0253378 -0.0654928 0.0147239 0.025417 -0.0515603
internal_weight=8116 4163 3953 1416 878 2537 823 231 1839 538 106 2013 592 2150 1232 1681 1327 698 832 639 119 193 298 618 135 294 520 222 332 272 1243 519 371 238 403 242 125 186 137 455 159 122 380 251 404 171 361 176 918 295 318 1007 442 227 215 565 157 354 116 490 408 148
internal_count=8116 4163 3953 1416 878 2537 823 231 1839 538 106 2013 592 2150 1232 1681 1327 698 832 639 119 193 298 618 135 294 520 222 332 272 1243 519 371 238 403 242 125 186 137 455 159 122 380 251 404 171 361 176 918 295 318 1007 442 227 215 565 157 354 116 490 408 148
is_linear=0
shrinkage=0.03


Tree=34
num_leaves=63
num_cat=0
split_feature=79 79 310 273 233 17 17 291 19 243 15 21 19 176 223 16 304 94 88 180 261 212 319 18 227 248 55 142 247 176 72 3 123 247 212 52 272 79 254 17 101 273 298 43 272 175 15 171 249 37 13 113 151 71 189 163 275 193 43 254 16 240
split_gain=18476.1 2472.84 2904.18 1735.46 1613.44 1427.17 1357.4 1110.56 1032.32 1060.87 1024.51 984.589 826.287 783.051 719.411 688.96 761.278 656.364 647.799 596.286 595.769 622.201 583.323 501.787 488.742 484.548 604.595 491.778 519.981 478.232 467.166 455.655 443.983 479.463 440.083 430.696 408.55 407.064 426.703 423.27 393.312 388.911 431.302 385.119 382.455 378.985 430.829 367.543 365.979 485.29 365.972 364.421 354.587 339.271 330.13 371.27 325.408 359.123 324.538 379.479 312.95 354.979
threshold=0.24452438205480578 0.19806650280952456 11.500000000000002 0.29679679870605474 40.500000000000007 65.500000000000014 53.500000000000007 8.0561666488647479 66.500000000000014 148.50000000000003 71.500000000000014 88.500000000000014 39.500000000000007 0.20638945698738101 1.0000000180025095e-35 51.500000000000007 13.500000000000002 26.500000000000004 11.500000000000002 4.5000000000000009 9.5000000000000018 72.500000000000014 1.5000000000000002 72.500000000000014 2.5000000000000004 3.6856296062469487 0.84495192766189586 2.5000000000000004 8.4888248443603533 0.44222222268581396 44.500000000000007 2.5000000000000004 0.20838829874992373 9.0209302902221697 67.500000000000014 3.5743141174316411 1.617692291736603 0.30247858166694647 38.500000000000007 74.500000000000014 0.26161035895347601 0.2299679517745972 39.500000000000007 11.500000000000002 0.90454545617103588 1.3524193763732912 66.500000000000014 4.954545497894288 0.47578015923500067 161.50000000000003 44.500000000000007 68.500000000000014 2.9153417348861699 281.50000000000006 22.500000000000004 2.5000000000000004 20.500000000000004 2.8273025751113896 13.500000000000002 75.500000000000014 53.500000000000007 4.5000000000000009
decision_type=2 2 2 2 2 2 2 2 2 2 2 2 2 2 2 2 2 2 2 2 2 2 2 2 2 2 2 2 2 2 2 2 2 2 2 2 2 2 2 2 2 2 2 2 2 2 2 2 2 2 2 2 2 2 2 2 2 2 2 2 2 2
left_child=1 2 17 37 6 15 7 -4 10 30 11 14 20 51 -8 16 -3 52 50 -14 45 -22 47 60 29 27 -27 -16 -29 -21 -10 -31 33 -12 41 43 -25 39 -39 -2 -40 42 -19 -17 -13 -5 56 -20 -35 -50 -11 -7 -1 58 -48 -56 57 -47 -49 -60 61 -15
right_child=3 5 4 12 -6 13 8 -9 9 18 32 44 19 23 25 35 -18 34 22 24 21 -23 -24 36 -26 26 -28 28 -30 31 -32 -33 -34 48 -36 -37 -38 38 40 -41 -42 -43 -44 -45 -46 46 54 53 49 -51 -52 -53 -54 -55 55 -57 -58 -59 59 -61 -62 -63
leaf_value=-0.014685319571902876 -0.011623110467660321 0.056593562627539909 0.062883667365297102 -0.023648634013430824 0.24016869683914321 -0.022233146124053745 0.21128404861894148 0.21716967218929958 -0.064380265231195236 0.037375263054068984 0.1224866425532561 0.09274323217198252 -0.020334539731643949 -0.027713560422784403 0.14276811236945483 0.01615121105165741 0.19538660597588334 0.014674077760089527 0.12573878371665459 -0.065496296151518779 -0.19156942096099538 -0.072576353859100759 -0.017841174077420009 -0.023947397680687051 0.0031277006550679927 0.099415068047888133 0.23847866511115659 0.11074586595266551 -0.011662134843932311 -0.072439196453539328 0.035526714037770205 -0.18573106494316688 -0.0063508004134674679 -0.0046661910426337274 -0.036557123030070214 0.0062975017800618012 -0.098815108894145687 -0.017335092719679451 -0.13467400576799146 -0.048547086763760301 -0.034884905578568576 -0.013625469950112429 0.12364780632812263 0.10524225931981794 0.01495140536671335 -0.19773406538165222 -0.0087808397904920732 0.01600396278547123 0.11205151497619226 0.0043037340896470207 -0.06290913043837798 0.035001602787544571 -0.089641306470883517 -0.00072546790277615921 -0.14613101286547522 -0.041628664786547004 -0.047238366446074313 -0.10880158229637892 0.054915287157609349 0.12960507683515549 -0.020472998099554923 0.067907868877135139
leaf_weight=227 930 101 76 86 50 127 86 96 113 76 90 119 307 56 77 76 55 54 118 623 105 66 62 153 76 67 51 58 66 67 66 64 108 95 63 240 115 105 92 399 59 54 83 103 109 58 75 63 95 62 56 462 75 60 55 70 50 159 125 124 368 90
leaf_count=227 930 101 76 86 50 127 86 96 113 76 90 119 307 56 77 76 55 54 118 623 105 66 62 153 76 67 51 58 66 67 66 64 108 95 63 240 115 105 92 399 59 54 83 103 109 58 75 63 95 62 56 462 75 60 55 70 50 159 125 124 368 90
internal_value=0.000145923 0.0390251 0.0574719 -0.052539 0.0731523 0.0131873 0.0690981 0.149754 0.0618959 0.0373517 0.0814017 0.106002 -0.0721841 -0.00345856 0.134067 0.0528138 0.10646 -0.00369221 0.0543518 -0.0561426 -0.0972641 -0.146331 0.0686056 -0.0231227 -0.0693469 0.112655 0.161018 0.0836067 0.0460211 -0.0766465 -0.0275503 -0.128776 0.046639 0.0633423 0.0317821 0.0326346 -0.0563214 -0.0294421 -0.0640284 -0.0227368 -0.0961696 0.0543963 0.0811122 0.0677158 0.055781 -0.0818546 -0.0925001 0.0795578 0.0418187 0.069798 -0.00532275 0.0226439 -0.0335346 0.0646112 -0.0587379 -0.0884045 -0.117477 -0.13337 0.0771381 0.0924798 -0.00573707 0.0312921
internal_weight=8116 4670 2724 3446 2168 1946 2118 172 1946 863 1083 633 1861 1371 405 575 156 556 684 1137 724 171 552 782 830 319 118 201 124 754 179 131 450 342 254 419 268 1585 256 1329 151 191 137 179 228 553 467 490 252 157 132 589 302 372 200 125 267 217 312 249 514 146
internal_count=8116 4670 2724 3446 2168 1946 2118 172 1946 863 1083 633 1861 1371 405 575 156 556 684 1137 724 171 552 782 830 319 118 201 124 754 179 131 450 342 254 419 268 1585 256 1329 151 191 137 179 228 553 467 490 252 157 132 589 302 372 200 125 267 217 312 249 514 146
is_linear=0
shrinkage=0.03


Tree=35
num_leaves=63
num_cat=0
split_feature=79 23 23 79 23 72 23 79 298 13 23 300 273 327 231 176 23 170 231 133 23 79 23 159 23 79 68 23 37 150 178 48 318 327 84 78 241 79 79 190 272 101 310 19 219 147 130 176 76 79 275 98 72 121 246 290 83 102 19 72 247 13
split_gain=17440.6 5283.16 3049.5 3053.09 2651.2 2501.53 3417.77 2249.25 1162.42 1154.33 1042.64 1009.77 971.825 875.788 1213.65 890.44 800.024 789.7 765.607 749.164 667.827 817.182 659.408 621.927 605.014 583.076 569.365 552.722 543.739 531.335 519.399 516.224 509.714 493.487 597.999 480.388 456.207 455.21 445.234 417.214 398.975 390.845 370.306 460.391 367.412 366.666 362.488 366.039 525.93 329.367 323.673 313.579 308.929 302.546 297.061 299.772 289.679 295.967 285.273 407.902 353.48 309.76
threshold=0.23447144776582721 75.500000000000014 64.500000000000014 0.28140169382095342 36.500000000000007 24.500000000000004 48.500000000000007 0.20415349304676059 69.500000000000014 47.500000000000007 46.500000000000007 6.5000000000000009 0.17445652186870578 1.0000000180025095e-35 59.500000000000007 0.13873296231031421 78.500000000000014 3.0499999523162846 72.500000000000014 0.41612553596496588 63.500000000000007 0.20941306650638583 101.50000000000001 1.0000000180025095e-35 38.500000000000007 0.26692113280296331 12.500000000000002 87.500000000000014 299.50000000000006 11.222749233245851 14.500000000000002 394.50000000000006 0.62491914629936229 1.0000000180025095e-35 1.5000000000000002 1.8198052048683169 20.500000000000004 0.24796693772077563 0.16722595691680911 40.500000000000007 1.2884267568588259 0.21272626519203189 12.500000000000002 25.500000000000004 1.2325097322463991 77.500000000000014 1.5000000000000002 0.44722221791744238 2.8353382349014287 0.30970597267150884 10.500000000000002 4.7309210300445566 38.500000000000007 0.6511632800102235 6.9752502441406259 4.920891761779786 5.5000000000000009 0.64258185029029857 40.500000000000007 32.500000000000007 10.930543422698976 37.500000000000007
decision_type=2 2 2 2 2 2 2 2 2 2 2 2 2 2 2 2 2 2 2 2 2 2 2 2 2 2 2 2 2 2 2 2 2 2 2 2 2 2 2 2 2 2 2 2 2 2 2 2 2 2 2 2 2 2 2 2 2 2 2 2 2 2
left_child=1 4 3 10 -1 8 9 12 56 -7 26 19 36 14 15 30 25 -16 -15 20 29 23 51 40 35 -4 -2 -9 33 32 -10 -25 -8 34 -27 -5 -3 41 -24 -17 44 -12 -18 -44 -22 -20 47 50 -49 -36 -26 -14 -34 -41 55 -45 57 -6 60 -60 61 -52
right_child=2 7 16 24 5 6 11 27 13 -11 37 -13 22 18 17 39 42 -19 45 -21 21 -23 38 31 46 28 -28 -29 -30 -31 -32 -33 52 -35 49 -37 -38 -39 -40 53 -42 -43 43 54 -46 -47 -48 48 -50 -51 58 -53 -54 -55 -56 -57 -58 -59 59 -61 -62 -63
leaf_value=0.28539431417470468 0.028513984398543833 -0.033236766175581856 -0.040959257802687554 0.056859100409722946 -0.0099471645337003076 0.30728797107934952 0.030944001057318274 -0.030797652353289399 0.10113251256161049 0.12261595353484153 0.10855315288430765 0.20057797753091514 0.020940578808704535 -0.029836186733096834 0.073473278138002279 0.0055714820680164154 -0.060204683642547864 -0.068961896263636066 0.024155217614024876 -0.023687196790107657 0.109991581573881 0.017657679867893458 -0.017365102954208851 -0.0016844839683853752 -0.012729315794885404 -0.048997121266154353 0.13142120360396803 -0.10116207937266203 -0.14549487123658897 0.18712016724688668 0.22056258422357064 0.10960663107357686 0.081490837181768111 -0.035264703734027382 -0.094474762950791047 -0.05923600779401815 0.04971621704908305 -0.011332748742480367 -0.13717352353609524 0.15109749111690018 0.039628785392817327 0.01221290497659989 -0.18227589691192217 -0.092037473931691066 0.20521529570938302 0.1188869216479361 0.0077102411011962775 -0.17356684648116388 -0.066892410526672996 -0.18674078455437784 -0.044306093619929418 -0.043200522375457427 0.16194350062954152 0.049616215597346143 -0.039241742354659541 -0.16734444816089883 0.040557215259625357 -0.088675757756210713 -0.025082509627651305 -0.076565051224285904 -0.023159563368407344 -0.12989034481596629
leaf_weight=50 99 64 520 76 229 83 83 313 60 51 56 57 355 159 75 62 103 64 88 69 147 249 61 100 136 128 95 148 108 69 80 59 92 205 79 54 769 576 51 56 50 114 96 136 51 63 68 61 134 68 53 84 87 52 52 78 77 52 282 274 58 148
leaf_count=50 99 64 520 76 229 83 83 313 60 51 56 57 355 159 75 62 103 64 88 69 147 249 61 100 136 128 95 148 108 69 80 59 92 205 79 54 769 576 51 56 50 114 96 136 51 63 68 61 134 68 53 84 87 52 52 78 77 52 282 274 58 148
internal_value=0.000144307 0.0419902 -0.046062 -0.0239076 0.0711916 0.0665423 0.0957394 0.00376524 0.0338908 0.238431 0.0175567 0.0783613 0.0228839 0.054887 0.0816207 0.114559 -0.0781945 0.00786747 0.0160283 0.0715809 0.0782582 0.0605658 -0.00801967 0.086709 -0.0528994 -0.0642263 0.0793222 -0.0535576 -0.0846981 0.113034 0.170459 0.0400392 0.0928858 -0.0707448 -0.09697 0.00855092 0.0433107 0.00140966 -0.0726519 0.0677966 0.116349 0.0443977 -0.111269 -0.125592 0.135427 0.0642012 -0.0594814 -0.0634716 -0.100978 -0.138129 -0.055683 0.00859728 0.121276 0.10314 -0.104529 -0.120136 -0.0106524 -0.0247789 -0.0628264 -0.0505453 -0.0888946 -0.107654
internal_weight=8116 4259 3857 2284 2414 2364 1247 1845 1117 134 940 1113 1384 759 449 310 1573 139 310 1056 987 656 551 407 1344 1108 194 461 588 331 140 159 262 480 275 130 833 746 112 170 248 170 465 362 198 151 1214 1146 195 147 951 439 179 108 266 214 358 281 815 556 259 201
internal_count=8116 4259 3857 2284 2414 2364 1247 1845 1117 134 940 1113 1384 759 449 310 1573 139 310 1056 987 656 551 407 1344 1108 194 461 588 331 140 159 262 480 275 130 833 746 112 170 248 170 465 362 198 151 1214 1146 195 147 951 439 179 108 266 214 358 281 815 556 259 201
is_linear=0
shrinkage=0.03


Tree=36
num_leaves=63
num_cat=0
split_feature=79 23 23 79 23 72 23 79 23 176 79 121 24 23 132 318 48 142 310 79 23 78 19 23 23 145 83 275 96 126 23 23 310 310 272 23 90 134 79 19 147 23 200 325 96 254 318 246 309 20 79 24 82 172 149 1 45 5 168 96 151 284
split_gain=16441.9 4466.92 3009.88 3557.27 2609.02 2196.25 2517.87 1813.12 1330.37 1322.43 1044.16 984.913 1338.92 974.677 947.77 910.449 780.474 835.259 722.95 645.826 629.737 604.311 599.25 578.098 557.849 555.443 550.434 517.675 510.439 508.482 575.03 491.068 468.274 534.498 463.837 469.971 441.096 440.87 439.78 433.708 499.336 427.287 425.084 419.935 418.757 393.996 374.55 367.861 349.385 344.872 340.979 397.083 471.298 382.218 352.069 343.114 392.128 340.557 330.135 324.279 319.317 314.587
threshold=0.22687723487615588 83.500000000000014 70.500000000000014 0.26794917881488806 36.500000000000007 13.500000000000002 55.500000000000007 0.17614738643169406 55.500000000000007 0.22653958946466449 0.19806650280952456 1.3646975755691531 33.500000000000007 41.500000000000007 1.5000000000000002 0.63434892892837536 425.50000000000006 4.5000000000000009 11.500000000000002 0.29740898311138159 65.500000000000014 1.5389676094055178 75.500000000000014 92.500000000000014 92.500000000000014 40.500000000000007 4.5000000000000009 42.500000000000007 2.9623525142669682 5.5000000000000009 46.500000000000007 112.50000000000001 28.500000000000004 20.500000000000004 1.0690476298332217 68.500000000000014 9.5000000000000018 103.50000000000001 0.20524267852306369 69.500000000000014 18.500000000000004 60.500000000000007 24.500000000000004 74.500000000000014 3.7920341491699223 93.500000000000014 0.62871724367141735 4.1483516693115243 33.500000000000007 76.500000000000014 0.24499800056219104 48.500000000000007 98.500000000000014 5.6546051502227792 4.9696006774902353 28.500000000000004 28.500000000000004 1.5000000000000002 10.500000000000002 3.4868334531784062 3.0720655918121342 2.5000000000000004
decision_type=2 2 2 2 2 2 2 2 2 2 2 2 2 2 2 2 2 2 2 2 2 2 2 2 2 2 2 2 2 2 2 2 2 2 2 2 2 2 2 2 2 2 2 2 2 2 2 2 2 2 2 2 2 2 2 2 2 2 2 2 2 2
left_child=1 4 3 8 -1 18 9 31 29 11 14 12 -7 21 16 -14 17 26 58 -15 44 -5 25 38 50 -20 -8 42 34 -2 -31 48 33 46 35 -28 39 41 -9 40 -21 -38 -19 -17 -12 -18 -27 -26 -3 -44 -4 55 -53 -54 -55 56 57 -52 -6 -25 61 -42
right_child=2 7 24 13 5 6 10 23 -10 -11 20 -13 15 19 -16 43 45 27 22 36 -22 -23 -24 59 47 32 28 -29 -30 30 -32 -33 -34 -35 -36 -37 37 -39 -40 -41 60 -43 49 -45 -46 -47 -48 -49 -50 -51 51 52 53 54 -56 -57 -58 -59 -60 -61 -62 -63
leaf_value=0.27700036019963375 0.024165274794049122 -0.020208766203892382 -0.047408474570619696 0.084706741108966518 -0.0093876442809899645 0.2524713017906941 0.023023116027904768 0.0057537319409576328 -0.0066059888870330444 0.2404095137263498 0.11928063744881955 0.023649697612071859 0.016217855107784271 -0.03473924837080173 -0.019896713262651026 0.093217526078224172 0.11096562709577462 0.098884213063223605 -0.036034390754424606 -0.16366551777554883 0.013809293442548784 -0.021882014229697613 -0.041388434148781621 -0.058979793710215972 -0.078704832301420322 0.11003685224973239 0.2468592283437992 0.10414321340546749 0.064941416569054125 0.16249985078703741 0.057632781888505694 -0.05911992125213146 -0.0070412426944156834 0.15531825349519127 0.076571147952039356 0.13428054201575193 -0.094413350930548104 -0.048211933606519146 -0.065243974830511781 -0.029251032050970769 -0.0721879742204488 -0.17818382856777951 0.051223839609061968 0.2129559329855773 0.023795875534415246 0.21648404268754853 0.01316538128910995 -0.18690774512617556 0.048178625246150172 -0.020284592334181072 -0.018345309760835437 0.0096356351385193471 -0.14263568537930649 -0.039549600772914431 -0.10692992757626735 -0.1555506989129565 -0.14797849693081597 -0.11724746542481275 -0.091994381722594998 -0.13999411337077616 -0.096396184547306737 0.011281387898567559
leaf_weight=50 169 78 286 63 197 70 58 208 700 92 100 86 74 651 81 57 90 57 51 53 524 189 71 146 50 64 57 100 93 72 138 50 55 75 58 93 201 116 125 280 90 78 101 53 71 53 81 72 465 149 80 61 71 188 112 109 65 51 55 65 145 73
leaf_count=50 169 78 286 63 197 70 58 208 700 92 100 86 74 651 81 57 90 57 51 53 524 189 71 146 50 64 57 100 93 72 138 50 55 75 58 93 201 116 125 280 90 78 101 53 71 53 81 72 465 149 80 61 71 188 112 109 65 51 55 65 145 73
internal_value=0.000142783 0.0439564 -0.0414613 -0.0257337 0.0642144 0.0602692 0.0750648 -0.00622867 0.0179174 0.139639 0.0584363 0.111747 0.141365 -0.050021 0.0782171 0.0979599 0.0869722 0.0747805 0.0119656 -0.0582372 0.0301875 0.00499466 0.037156 -0.0457392 -0.0828576 0.0543365 0.108113 0.045186 0.124379 0.0631093 0.0941869 0.030033 0.0711661 0.0906613 0.150516 0.178412 -0.0729551 -0.0979516 -0.0210126 -0.0574231 -0.0791328 -0.118386 0.0257059 0.152308 0.0800038 0.151306 0.0563833 -0.143563 0.0383359 0.0086938 -0.0754849 -0.0863012 -0.0675065 -0.0801821 -0.0649766 -0.112614 -0.0880681 -0.0574457 -0.0277092 -0.0844794 -0.064104 -0.0349651
internal_weight=8116 3953 4163 3018 2816 2766 2117 1137 1079 432 1685 340 254 1939 990 184 909 766 649 1687 695 252 397 544 1145 326 359 407 301 379 210 593 275 220 208 150 1036 395 333 641 361 279 307 110 171 143 145 122 543 250 1023 737 432 371 300 305 196 131 252 211 308 163
internal_count=8116 3953 4163 3018 2816 2766 2117 1137 1079 432 1685 340 254 1939 990 184 909 766 649 1687 695 252 397 544 1145 326 359 407 301 379 210 593 275 220 208 150 1036 395 333 641 361 279 307 110 171 143 145 122 543 250 1023 737 432 371 300 305 196 131 252 211 308 163
is_linear=0
shrinkage=0.03


Tree=37
num_leaves=63
num_cat=0
split_feature=79 23 23 79 263 23 79 88 23 23 23 23 327 244 186 15 60 23 194 286 79 79 79 47 19 159 194 123 23 196 79 114 276 55 48 79 73 321 43 191 296 89 221 58 10 255 121 297 146 99 20 99 79 18 310 290 238 6 199 230 144 187
split_gain=15497.9 4631.92 2777.76 2791.78 2537.28 2942.71 2046.15 1369.28 2481.06 1197.42 984.226 952.244 849.953 882.466 807.753 763.796 962.258 742.356 690.928 668.665 790.533 634.661 620.48 607.169 575.127 550.011 620.012 571.899 546.843 583.963 536.49 531.015 495.175 471.406 465.694 435.224 423.058 460.417 421.76 458.863 443.74 413.312 403.005 703.588 385.548 352.145 350.645 605.168 591.616 432.553 416.534 348.067 338.165 719.187 326.227 320.97 315.175 308.723 303.381 289.327 287.797 281.871
threshold=0.23354978114366534 72.500000000000014 64.500000000000014 0.27978494763374334 6.5000000000000009 38.500000000000007 0.18624359369277957 17.500000000000004 46.500000000000007 89.500000000000014 103.50000000000001 51.500000000000007 1.0000000180025095e-35 49.500000000000007 1.5000000000000002 55.500000000000007 63.500000000000007 86.500000000000014 8.0712766647338885 73.500000000000014 0.18374849855899814 0.26425938308238989 0.21317502111196521 101.50000000000001 25.500000000000004 1.0000000180025095e-35 6.0797533988952646 0.21542711555957797 48.500000000000007 4.2915790081024179 0.13906469941139224 179.50000000000003 161.50000000000003 0.82584595680236828 425.50000000000006 0.25652371346950537 6.1499998569488534 1.0000000180025095e-35 13.500000000000002 15.500000000000002 0.63630351424217235 10.500000000000002 0.61548125743865978 0.67013269662857067 5.5000000000000009 2.5000000000000004 1.3835727572441103 10.500000000000002 138.50000000000003 0.47472757101058966 65.500000000000014 1.001858711242676 0.13063795119524005 66.500000000000014 22.500000000000004 2.3873789310455327 16.500000000000004 2.5000000000000004 0.63093358278274547 0.15530303120613101 50.500000000000007 7.5000000000000009
decision_type=2 2 2 2 2 2 2 2 2 2 2 2 2 2 2 2 2 2 2 2 2 2 2 2 2 2 2 2 2 2 2 2 2 2 2 2 2 2 2 2 2 2 2 2 2 2 2 2 2 2 2 2 2 2 2 2 2 2 2 2 2 2
left_child=1 4 3 11 46 -6 10 12 -9 22 36 38 15 58 45 16 -7 21 -18 34 -21 -4 -8 56 -25 26 -17 33 -5 59 -12 55 44 -28 -16 -13 -3 52 39 -2 -40 -34 -19 60 -26 -10 47 50 49 -49 -1 -36 53 -38 -27 -15 57 -23 -14 -30 -44 -43
right_child=2 6 17 28 5 7 9 8 14 -11 30 35 13 31 19 25 18 42 -20 20 -22 23 -24 24 32 54 27 -29 29 -31 -32 -33 41 -35 51 -37 37 -39 40 -41 -42 61 43 -45 -46 -47 -48 48 -50 -51 -52 -53 -54 -55 -56 -57 -58 -59 -60 -61 -62 -63
leaf_value=0.060699839259569462 -0.02840742724239826 0.013059795499731429 -0.042587304430693668 -0.025580434269139106 0.30379696209864177 0.033357164982487177 0.019807004317304689 0.31302572659575023 0.19761884005981331 -0.081391913085131024 0.028958660369882216 0.024981812730093825 -0.10213786078823936 0.075331828957060712 0.018689836536298739 0.16313212901842397 0.10353992086389791 -0.05233277885352864 0.24198627301728098 0.21043522171309736 0.073662558926321633 -0.037472380485015971 -0.03714748361497186 -0.17545280540155039 -0.043611117584292182 0.043069317350036475 0.1312815889590665 -0.0052452875443556339 -0.062602816270205044 -0.16286615815232783 -0.076109978765621783 0.1325004743412137 -0.055615416196616071 0.019196555846267276 0.15061714666404505 -0.026152237571119497 0.032782862885640217 -0.025721624534238468 0.040984552051373864 0.086337650186485718 0.13601913933691226 -0.19407079595166282 -0.24961271422750808 -0.058334925735698026 -0.13226131487105575 0.10408554090031734 -0.060055579064322288 0.041347902872983143 -0.017938719424936505 0.1660331243276596 -0.036027784783499578 0.042791976365926007 0.052401593555879637 0.15667942275185334 -0.055258486121892929 -0.0031219435030640651 0.017816357247788329 -0.12388476197449666 -0.00010570599482609675 0.0098190102860745438 -0.14211203122368227 -0.10301287031259204
leaf_weight=51 74 252 606 550 54 67 403 51 84 245 77 272 53 76 181 60 68 50 66 60 106 130 299 80 219 72 94 88 729 50 99 55 56 53 54 331 77 54 85 53 94 73 50 50 55 71 60 50 53 51 174 55 507 94 51 120 57 52 51 53 51 60
leaf_count=51 74 252 606 550 54 67 403 51 84 245 77 272 53 76 181 60 68 50 66 60 106 130 299 80 219 72 94 88 729 50 99 55 56 53 54 331 77 54 85 53 94 73 50 50 55 71 60 50 53 51 174 55 507 94 51 120 57 52 51 53 51 60
internal_value=0.000141183 0.0398124 -0.043169 -0.0220136 0.0710098 0.087693 0.0082705 0.0803788 0.113679 -0.0244353 0.0349688 0.0188084 0.057652 0.0205671 0.0965556 0.078853 0.12686 -0.0736377 0.173017 0.0761494 0.124063 -0.065745 -0.00446972 -0.0836134 -0.101154 0.0555208 0.0776777 0.0552607 -0.0488582 -0.0641969 -0.0302385 0.0509636 -0.0879659 0.0912727 0.0483912 -0.00308362 0.0466508 0.0581813 0.0618181 0.0197787 0.0913694 -0.125343 -0.127545 -0.151942 -0.0618221 0.155716 0.00673162 0.017435 0.0630566 0.105318 -0.0139313 0.0970936 0.0648919 0.101405 0.00218241 0.0275269 -0.0435059 -0.0627037 -0.0525804 -0.0576882 -0.197256 -0.154067
internal_weight=8116 4236 3880 2291 2129 1690 2107 1636 662 947 1160 909 974 355 611 619 201 1589 134 456 166 1388 702 782 543 418 295 235 1382 832 176 251 463 147 290 603 984 732 306 127 179 189 201 151 274 155 439 379 154 101 225 109 678 171 123 196 239 182 104 782 101 133
internal_count=8116 4236 3880 2291 2129 1690 2107 1636 662 947 1160 909 974 355 611 619 201 1589 134 456 166 1388 702 782 543 418 295 235 1382 832 176 251 463 147 290 603 984 732 306 127 179 189 201 151 274 155 439 379 154 101 225 109 678 171 123 196 239 182 104 782 101 133
is_linear=0
shrinkage=0.03


Tree=38
num_leaves=63
num_cat=0
split_feature=79 23 79 60 23 23 79 23 23 23 87 189 179 16 190 21 25 70 23 246 23 79 23 62 146 49 22 223 101 36 23 79 171 143 107 79 19 23 78 18 141 23 252 79 66 2 178 151 290 24 78 176 57 122 58 58 79 197 79 25 60 243
split_gain=14617.8 4999.37 2899.04 2528.74 2372.29 2218.8 1691.71 1559.46 1188.44 1155.29 903.294 1047.42 860.121 863.353 760.839 692.45 614.543 609.025 817.61 603.795 568.184 566.752 566.142 560.819 1045.26 1056.34 554.171 535.821 822.782 497.542 489.645 480.925 467.05 446.241 542.875 445.905 404.835 397.678 434.069 396.78 463.565 389.257 375.018 359.645 463.173 358.356 459.979 384.97 350.036 345.638 341.278 460.847 331.379 452.096 369.214 403.3 321.713 311.764 306.595 304.061 296.933 283.955
threshold=0.24452438205480578 66.500000000000014 0.19806650280952456 63.500000000000007 39.500000000000007 59.500000000000007 0.3003759384155274 80.500000000000014 55.500000000000007 103.50000000000001 11.500000000000002 55.500000000000007 64.500000000000014 42.500000000000007 48.500000000000007 48.500000000000007 8.5000000000000018 49.500000000000007 83.500000000000014 2.5761554241180424 46.500000000000007 0.13906469941139224 76.500000000000014 1.0000000180025095e-35 87.500000000000014 153.50000000000003 66.500000000000014 1.5000000000000002 0.23639886826276782 0.47196015715599066 97.500000000000014 0.18929156661033633 36.321428298950202 2.5000000000000004 1.0000000180025095e-35 0.17089217156171801 73.500000000000014 38.500000000000007 1.8026548624038699 61.500000000000007 18.500000000000004 74.500000000000014 0.62474766373634349 0.22378240525722506 8.5000000000000018 5.5000000000000009 16.500000000000004 1.8086538314819338 5.0071427822113046 59.500000000000007 2.0645833015441899 0.47987118363380438 0.28352333605289465 1.0600751638412478 0.65883609652519237 0.64019396901130687 0.21658075600862506 1.1479974985122683 0.15759905427694323 9.5000000000000018 226.50000000000003 77.500000000000014
decision_type=2 2 2 2 2 2 2 2 2 2 2 2 2 2 2 2 2 2 2 2 2 2 2 2 2 2 2 2 2 2 2 2 2 2 2 2 2 2 2 2 2 2 2 2 2 2 2 2 2 2 2 2 2 2 2 2 2 2 2 2 2 2
left_child=1 3 9 15 -5 6 20 43 10 17 11 12 16 -14 -15 -1 -6 36 33 -16 39 -11 32 24 -17 -26 48 28 31 45 56 -10 -7 -19 42 59 49 38 -8 40 -2 -36 -35 44 -4 46 -29 -48 -24 58 51 -39 53 -28 55 -55 -9 -47 -3 -20 -44 -51
right_child=5 2 7 4 8 22 37 30 27 21 -12 -13 13 14 19 23 -18 18 35 -21 -22 -23 26 -25 25 -27 52 29 -30 -31 -32 -33 -34 34 41 -37 -38 50 -40 -41 -42 -43 60 -45 -46 57 47 -49 -50 61 -52 -53 -54 54 -56 -57 -58 -59 -60 -61 -62 -63
leaf_value=0.11693635178062151 -0.012120382204651833 0.079987106900547902 -0.034008747546168241 0.28101995781316597 0.1169407013020938 -0.055591482358159257 0.064965720778474442 -0.029856706799570202 0.1892165148920483 0.028101038806713545 0.21197973846312029 0.010367976495096187 0.054806357502937317 0.29114178354923542 0.068461123924045006 -0.024030375984298091 -0.014854233728514776 0.14970753669490416 0.087349235335109285 0.20500872111320495 -0.0076515252116640241 -0.077539948342821075 -0.10539483184175144 -0.082297830195700528 0.14782005875238349 -0.016737444303074819 -0.039514551216570458 -0.029039514304636273 0.0191583362042352 -0.038171627774076948 -0.14388636130839585 0.08458707995978848 -0.13447587303817271 0.11628991854818244 0.19104118143810944 0.0033963191358643715 -0.029747539800354987 -0.063826682166562954 -0.058214648350634994 0.10542196898698833 0.089508309344776341 0.071556736735197218 -0.011810537849584321 -0.021066494854619418 0.040185187476117309 0.045277892375578645 0.1125842754963737 0.031646839438070513 -0.21494182518468452 -0.049624370109467277 -0.030404163534957458 -0.15975052473299645 -0.009473879994332508 -0.10383062531316981 -0.054768277309834953 -0.21361125020419849 -0.081858793940667696 0.13926598278621971 0.005922816262857334 0.019832937901858055 0.064179622593921487 0.029257437533746333
leaf_weight=52 119 162 100 58 78 1265 51 228 80 77 82 88 54 51 50 228 53 89 152 74 570 110 61 60 83 60 100 72 80 58 63 83 71 56 50 236 117 436 50 72 60 51 88 313 303 60 76 173 51 62 245 50 52 84 59 50 204 70 73 100 96 117
leaf_count=52 119 162 100 58 78 1265 51 228 80 77 82 88 54 51 50 228 53 89 152 74 570 110 61 60 83 60 100 72 80 58 63 83 71 56 50 236 117 436 50 72 60 51 88 313 303 60 76 173 51 62 245 50 52 84 59 50 204 70 73 100 96 117
internal_value=0.000140753 0.034723 0.00987695 0.0734988 0.094699 -0.0467215 -0.0216308 -0.0252974 0.086057 0.0359133 0.120479 0.103296 0.12592 0.16096 0.193219 0.0146083 0.0639105 0.044969 0.059753 0.150937 0.00892013 -0.0341226 -0.069828 0.00202032 0.0158412 0.0791382 -0.0987127 0.0616694 0.0982938 0.0440262 -0.0661834 0.13678 -0.0598811 0.0898852 0.0738797 0.0330726 0.0193459 -0.0517523 0.00401246 0.046434 0.0222531 0.132 0.0489743 0.00302167 0.0217362 0.0546582 0.0374399 0.0567022 -0.156739 0.0332584 -0.0594521 -0.0740032 -0.0794768 -0.091826 -0.118587 -0.146072 -0.0545456 0.0965636 0.0571025 0.0607413 0.0279691 0.00181135
internal_weight=8116 4670 2847 1823 1340 3446 1653 1211 1282 1636 530 448 360 229 175 483 131 1449 918 124 821 187 1793 431 371 143 457 752 243 509 495 163 1336 430 341 488 531 832 101 251 179 101 240 716 403 451 321 249 112 414 731 486 345 293 193 134 432 130 235 252 184 179
internal_count=8116 4670 2847 1823 1340 3446 1653 1211 1282 1636 530 448 360 229 175 483 131 1449 918 124 821 187 1793 431 371 143 457 752 243 509 495 163 1336 430 341 488 531 832 101 251 179 101 240 716 403 451 321 249 112 414 731 486 345 293 193 134 432 130 235 252 184 179
is_linear=0
shrinkage=0.03


Tree=39
num_leaves=63
num_cat=0
split_feature=79 273 266 79 253 137 153 310 328 176 240 15 152 79 231 24 278 96 18 93 10 33 291 317 137 273 70 142 79 1 24 176 20 62 296 234 102 98 326 260 141 18 298 259 118 318 252 4 92 91 142 291 56 198 243 248 90 24 18 191 111 46
split_gain=13804.7 2118.71 1894.57 1478.26 1252.74 963.755 1727.16 892.472 800.092 910.215 743.359 939.868 693.427 598.047 596.041 561.107 555.851 552.081 652.521 534.435 517.917 511.49 505.667 478.267 477.444 473.554 523.962 467.327 448.793 432.615 435.327 397.372 396.533 393.758 419.283 383.108 371.298 371.187 367.624 374.259 367.434 365.841 357.032 355.085 345.487 500.753 333.611 327.55 362.702 294.759 365.02 290.85 363.946 286.67 284.963 295.827 299.966 282.347 277.488 275.353 274.3 339.969
threshold=0.22687723487615588 0.30079366266727453 13.500000000000002 0.17089217156171801 34.500000000000007 1.5000000000000002 1.0490963459014895 12.500000000000002 1.0000000180025095e-35 0.16172623634338382 3.5000000000000004 62.500000000000007 1.2720866203308108 0.26600624620914465 186.50000000000003 60.500000000000007 1.5000000000000002 3.7083914279937749 59.500000000000007 86.500000000000014 1.5000000000000002 0.04446640424430371 7.8437736034393319 0.23553323745727542 2.5000000000000004 0.55277779698371898 31.500000000000004 4.5000000000000009 0.31281565129756933 28.500000000000004 61.500000000000007 0.15849281847476962 62.500000000000007 1.0000000180025095e-35 0.64390966296195995 8.5000000000000018 0.59021091461181652 3.4722288846969609 207.50000000000003 1.5000000000000002 14.500000000000002 50.500000000000007 83.500000000000014 3.5000000000000004 2.0719543695449834 0.62362128496170055 0.60297271609306347 1.5000000000000002 41.500000000000007 37.500000000000007 3.5000000000000004 9.2628998756408709 1.066987216472626 0.37377451360225683 154.50000000000003 1.4506387114524844 17.500000000000004 59.500000000000007 73.500000000000014 17.500000000000004 7.5000000000000009 12.500000000000002
decision_type=2 2 2 2 2 2 2 2 2 2 2 2 2 2 2 2 2 2 2 2 2 2 2 2 2 2 2 2 2 2 2 2 2 2 2 2 2 2 2 2 2 2 2 2 2 2 2 2 2 2 2 2 2 2 2 2 2 2 2 2 2 2
left_child=2 13 7 4 5 6 -4 19 36 10 11 42 -12 20 17 44 -17 18 22 57 -2 25 -5 24 -19 26 29 38 46 -3 -31 -22 -30 37 -35 53 -9 -11 39 -21 -40 -38 -10 -33 -7 -46 -28 48 -13 -43 -51 52 -20 -34 -52 -56 -57 -1 -48 -53 -15 -62
right_child=1 21 3 14 -6 15 -8 8 9 33 12 47 -14 60 -16 16 -18 23 51 27 31 -23 -24 -25 -26 -27 28 -29 32 30 -32 43 35 34 -36 -37 41 -39 40 -41 -42 49 -44 -45 45 -47 58 -49 -50 50 54 59 -54 -55 55 56 -58 -59 -60 -61 61 -63
leaf_value=-0.013829376649983386 -0.018057747202020871 -0.0038165537397352794 0.054847671117734267 0.035922476594352118 0.24247470983862879 0.15490209486512913 0.26514115552539413 -0.043556946317665282 0.12166152198063698 0.0069804676486035951 -0.047137546375393864 -0.01887079530323927 0.096002069911168469 -0.0078197800748073202 0.1418088181889974 -0.033180428319951383 0.084322726442263671 0.10685372550956539 -0.0058136223915166091 0.024153693805520349 0.072943712626144561 0.0032749075078006297 0.1482531252204243 -0.034301152779427295 0.00074738349837874909 -0.1237344684356298 0.0036961409025766615 -0.019664494568372475 -0.14624989747107789 -0.1226092690719317 -0.027598120548508381 -0.012164628750682777 -0.076805747253408732 -0.038491133836934623 0.040825011936611817 -0.015230527671232615 0.088808263689279549 0.11385820853969325 0.041545154462744309 0.13404505995811805 -0.052285898257704341 -0.02302184742448837 0.23035466989591008 0.063473170150632724 0.14482306102911632 0.031787517304931366 -0.051510645463048704 0.12591693490285139 0.085690040682822891 0.07195812043125234 -0.015530377299051375 -0.042633900013478367 0.086251849049572338 -0.14117594847591911 -0.031278378821321222 0.063160569839812622 -0.0053654916888033902 -0.077475384368940636 -0.099859532708221163 0.036618943219184581 -0.11654014980166473 -0.038860828102491321
leaf_weight=281 850 228 73 58 54 62 68 79 56 51 59 51 61 242 51 81 64 60 55 51 105 104 98 145 102 116 78 169 97 72 109 237 296 117 121 72 71 68 142 62 50 130 62 72 53 104 506 64 70 126 178 67 128 81 56 202 80 80 137 93 54 707
leaf_count=281 850 228 73 58 54 62 68 79 56 51 59 51 61 242 51 81 64 60 55 51 105 104 98 145 102 116 78 169 97 72 109 237 296 117 121 72 71 68 142 62 50 130 62 72 53 104 506 64 70 126 178 67 128 81 56 202 80 80 137 93 54 707
internal_value=0.000141427 -0.0379803 0.0402878 0.0680793 0.106012 0.0909696 0.157419 0.0247556 0.0372124 0.0595597 0.0892883 0.114258 0.0258172 -0.0183951 0.043242 0.0648689 0.0189054 0.0368371 0.056281 -0.000649698 -0.00466146 -0.0613758 0.106984 0.00515289 0.0404605 -0.0651276 -0.0609999 0.0202784 -0.0705336 -0.0313665 -0.0658586 0.0228202 -0.0911006 0.0241841 0.00183556 -0.0788879 0.0182629 0.0684933 0.0424026 0.085095 0.0169657 0.0241009 0.180227 0.00560761 0.0950771 0.0706211 -0.0548539 0.0714372 0.0418255 0.0180427 0.0263808 0.0329767 0.0587007 -0.0909728 0.0151338 0.0312806 0.0437703 -0.0281088 -0.0619511 0.00337314 -0.0356807 -0.0445186
internal_weight=8116 4163 3953 1416 559 505 141 2537 1702 780 423 303 120 2267 857 364 145 806 499 835 1264 1896 156 307 162 1792 1676 474 1267 409 181 414 546 357 238 449 922 119 305 113 192 843 118 309 219 157 721 185 121 772 642 343 183 377 516 338 282 361 643 160 1003 761
internal_count=8116 4163 3953 1416 559 505 141 2537 1702 780 423 303 120 2267 857 364 145 806 499 835 1264 1896 156 307 162 1792 1676 474 1267 409 181 414 546 357 238 449 922 119 305 113 192 843 118 309 219 157 721 185 121 772 642 343 183 377 516 338 282 361 643 160 1003 761
is_linear=0
shrinkage=0.03


Tree=40
num_leaves=63
num_cat=0
split_feature=273 23 78 259 23 23 263 78 23 109 74 116 23 248 314 78 199 19 172 261 24 118 75 132 94 176 23 76 328 76 78 198 78 218 120 78 198 21 248 299 76 23 21 263 169 149 76 23 20 194 244 327 134 13 121 58 315 119 252 189 76 78
split_gain=10735.5 2811.24 1461.03 1758.08 1393.64 1214.61 1172.87 1058.98 1034.72 1263.59 851.558 972.878 836.68 709.833 644.922 635.698 578.455 553.085 539.041 531.727 528.041 630.699 758.554 504.695 522.849 555.75 464.844 481.201 424.857 410.659 434.191 530.431 432.035 383.98 385.984 389.941 377.323 375.587 371.247 361.858 351.424 347.621 338.872 338.626 323.094 332.985 317.823 356.487 353.37 302.539 301.888 354.677 304.307 301.284 300.482 381.736 300.186 431.631 290.834 326.047 310.163 378.763
threshold=0.2485294118523598 35.500000000000007 1.0856566429138186 4.5000000000000009 46.500000000000007 71.500000000000014 6.5000000000000009 1.2457184195518496 58.500000000000007 8.5000000000000018 13.138363838195803 49.500000000000007 84.500000000000014 3.4489681720733647 2.0637780427932744 1.4943609237670901 0.63338690996170055 34.500000000000007 15.308035850524904 11.500000000000002 58.500000000000007 3.5975543260574345 8.0669503211975115 1.5000000000000002 26.500000000000004 0.13423423469066623 82.500000000000014 2.9219594001770024 1.0000000180025095e-35 4.6324675083160409 1.4791626334190371 0.40270270407199865 1.6683848500251772 2.2658450603485112 4.0307626724243173 1.6651514768600466 0.16152751445770266 79.500000000000014 4.2981696128845224 7.5000000000000009 3.0111939907073979 68.500000000000014 87.500000000000014 16.500000000000004 8.5000000000000018 3.6758605241775517 4.2690789699554452 80.500000000000014 88.500000000000014 8.0712766647338885 19.500000000000004 1.0000000180025095e-35 36.500000000000007 42.500000000000007 1.0359771847724917 0.67013269662857067 0.61018896102905285 10.455535888671877 0.63892495632171642 40.500000000000007 2.4639139175415044 1.2875939607620241
decision_type=2 2 2 2 2 2 2 2 2 2 2 2 2 2 2 2 2 2 2 2 2 2 2 2 2 2 2 2 2 2 2 2 2 2 2 2 2 2 2 2 2 2 2 2 2 2 2 2 2 2 2 2 2 2 2 2 2 2 2 2 2 2
left_child=1 -1 3 6 10 13 50 26 9 14 11 -2 29 18 17 -13 -16 -8 33 28 21 22 -15 24 39 46 27 -6 -14 30 -9 36 41 34 35 58 -32 -22 -39 49 -7 -31 -24 53 -23 -46 47 48 -26 -10 52 54 -3 -12 55 -52 57 -34 59 -4 -60 -62
right_child=4 2 5 -5 7 40 8 12 23 -11 43 15 19 20 16 -17 -18 -19 -20 -21 37 44 42 -25 25 -27 -28 -29 -30 32 31 -33 56 -35 -36 -37 -38 38 -40 -41 -42 -43 -44 -45 45 -47 -48 -49 -50 -51 51 -53 -54 -55 -56 -57 -58 -59 60 -61 61 -63
leaf_value=0.21759335261769591 -0.020431572302974623 -0.0046187025736803295 -0.079360891906544564 0.1788216858181883 -0.019491461071503076 -0.072290947734606717 0.18280775461878096 -0.040824105920856786 0.082457836954775501 0.20568711592941669 0.070479999577521144 0.18275661043822766 -0.038803388029688371 0.19181068915387858 -0.0199417366391542 0.037001967517768637 0.084042812215654461 0.066948663729708646 0.094017932935286375 -0.19051911309923766 0.074508476197274756 -0.024438330587963089 0.11141785836122074 -0.044401541629007883 0.067474121887535946 0.03328330201204887 -0.047609505095931468 0.03922136624118891 -0.12046944544865536 0.03730099332650684 -0.015117970408137999 -0.16870849141534769 -0.10441925533167966 -0.064550646072626103 0.078973360886094995 -0.078749778541521376 -0.079936626368503572 0.047142012106875575 -0.045848881184309721 -0.054597008100519061 -0.012970467889213457 -0.034760066674207335 0.0059390144937616933 -0.048065560021140909 0.11834237880176968 0.02272664556788757 0.15053786349647183 0.034211393174929668 0.15361818974293193 0.00063902316614985468 0.13711526269262486 -0.023796291284891496 -0.084786306707298045 -0.021784211106598377 -0.0035955984459111563 0.022641272825690416 -0.029320748662576078 -0.010505910625824561 -0.026070840064858204 0.019478071057482772 0.075347220609113572 0.0052233727641142671
leaf_weight=71 80 260 63 84 451 105 62 553 58 73 52 59 105 68 97 50 94 95 58 52 66 57 60 62 136 542 320 173 129 120 98 52 142 74 60 51 475 62 99 67 596 119 50 181 53 85 50 150 64 131 54 82 50 79 56 51 335 64 95 56 124 156
leaf_count=71 80 260 63 84 451 105 62 553 58 73 52 59 105 68 97 50 94 95 58 52 66 57 60 62 136 542 320 173 129 120 98 52 142 74 60 51 475 62 99 67 596 119 50 181 53 85 50 150 64 131 54 82 50 79 56 51 335 64 95 56 124 156
internal_value=0.000142427 0.0316357 0.0285554 0.0448419 -0.0376495 0.0100185 0.0397264 -0.0449573 0.0521875 0.0928782 0.00884922 0.0589344 -0.0561696 0.0267817 0.0686927 0.116841 0.0314051 0.113569 0.00703926 -0.104083 0.05098 0.0728927 0.1136 0.0385288 0.0428541 0.0531764 -0.0182733 -0.003177 -0.0841455 -0.0491215 -0.0603093 -0.077457 -0.0321695 -0.000517776 0.00740794 -0.000601033 -0.0688964 0.014812 -0.00996877 0.00481232 -0.0219462 0.00142588 0.0639584 -0.0215822 0.0353447 0.0600358 0.0799813 0.0695016 0.0956673 0.0260493 0.00182141 0.0267977 -0.01778 0.0150962 0.0525539 0.0822518 -0.0469864 -0.075434 0.00760975 -0.0330737 0.0205736 0.0364358
internal_weight=8116 4427 4356 2318 3689 2038 2234 3188 1681 421 501 189 2244 1337 348 109 191 157 737 286 600 373 178 1260 1198 942 944 624 234 1958 1178 625 780 679 605 545 573 227 161 256 701 239 110 312 195 138 400 350 200 189 553 243 310 131 161 105 541 206 494 119 375 280
internal_count=8116 4427 4356 2318 3689 2038 2234 3188 1681 421 501 189 2244 1337 348 109 191 157 737 286 600 373 178 1260 1198 942 944 624 234 1958 1178 625 780 679 605 545 573 227 161 256 701 239 110 312 195 138 400 350 200 189 553 243 310 131 161 105 541 206 494 119 375 280
is_linear=0
shrinkage=0.03


Tree=41
num_leaves=63
num_cat=0
split_feature=79 266 79 79 253 17 203 153 309 19 244 273 19 15 299 16 176 96 17 150 24 90 239 189 113 117 44 232 283 119 67 110 246 18 176 296 86 19 19 20 314 10 275 285 123 6 47 101 197 8 146 97 143 97 273 121 124 189 111 6 9 53
split_gain=12463.3 1647.69 1620.23 1605.37 1156.18 872.233 869.741 978.419 1007.41 845.88 751.276 977.842 782.849 787.126 719.082 641.977 606.432 583.917 535.805 524.407 542.945 508.96 507.127 495.806 531.126 747.893 489.142 475.079 588.043 463.99 419.365 409.15 400.413 382.026 377.653 375.921 374.192 347.685 622.031 660.007 602.956 339.835 334.097 498.802 328.859 332.35 327.941 316.3 423.454 471.094 380.358 316.294 310.831 400.917 309.545 307.832 306.023 305.863 304.32 288.003 282.786 290.036
threshold=0.23447144776582721 13.500000000000002 0.17089217156171801 0.29740898311138159 34.500000000000007 57.500000000000007 1.5000000000000002 1.0349404811859133 89.500000000000014 39.500000000000007 20.500000000000004 0.16247642785310748 76.500000000000014 72.500000000000014 7.5000000000000009 50.500000000000007 0.31142240762710577 3.2951964139938359 52.500000000000007 6.8850538730621347 36.500000000000007 9.5000000000000018 14.500000000000002 15.500000000000002 40.500000000000007 6.5999999046325692 30.500000000000004 307.50000000000006 12.500000000000002 10.066156387329103 14.500000000000002 23.500000000000004 1.5472906827926638 72.500000000000014 0.20761494338512423 0.60941386222839367 1.5000000000000002 26.500000000000004 66.500000000000014 91.500000000000014 4.253007411956788 5.5000000000000009 24.500000000000004 13.500000000000002 0.17787194252014163 5.5000000000000009 87.500000000000014 0.29280610382556921 1.0889328122138979 5.5000000000000009 117.50000000000001 7.7073233127594003 3.5000000000000004 9.4466748237609881 0.21294035762548449 0.74678966403007518 0.62823867797851574 42.500000000000007 10.500000000000002 8.5000000000000018 43.500000000000007 6.0058593750000009
decision_type=2 2 2 2 2 2 2 2 2 2 2 2 2 2 2 2 2 2 2 2 2 2 2 2 2 2 2 2 2 2 2 2 2 2 2 2 2 2 2 2 2 2 2 2 2 2 2 2 2 2 2 2 2 2 2 2 2 2 2 2 2 2
left_child=1 10 4 16 6 15 7 14 -9 22 47 12 13 23 -3 -4 18 19 34 -7 -21 -11 42 -12 25 -25 -15 -23 59 31 -19 -8 -28 36 -2 -14 -18 54 39 40 46 -32 43 51 -40 -46 -39 48 50 56 -1 -5 -26 -54 55 -13 -50 -22 -48 -29 61 -20
right_child=3 2 5 9 -6 17 29 8 -10 21 11 37 35 26 -16 -17 33 30 60 20 57 27 -24 24 52 -27 32 28 -30 -31 41 -33 -34 -35 -36 -37 -38 38 44 -41 -42 -43 -44 -45 45 -47 58 -49 49 -51 -52 -53 53 -55 -56 -57 -58 -59 -60 -61 -62 -63
leaf_value=-0.0069055998532625536 0.082989367438014591 0.13223442472449756 0.16539135019256643 0.01301846411298303 0.23209621770883149 0.12272413098874192 0.031087933152914044 0.0702425541224415 0.23725078056040017 -0.023428757127802517 0.014042916425636837 0.062816423401236526 -0.05479464536642327 -0.029882780134212226 -0.022991651088561649 0.049728348094377324 0.0099688238221406923 -0.051788310355083508 0.030437518772395217 0.097452224996583209 -0.019009744774151061 -0.026216444931748621 -0.15909187801193489 0.077420654322419846 0.10461196816848083 0.21785968838443218 0.10106454333537314 -0.097405384657106214 -0.026584328428249464 -0.0092888249611032415 -0.00049960214580441339 0.12444822963054587 0.0032176545560359954 -0.090489651866206153 -0.00074185652042468712 0.028327301577026287 -0.050076069210432471 -0.010518710451343885 -0.061407588217939645 -0.016253499748228595 0.1671703166887164 0.076237904433883841 -0.022252052782512292 -0.11553493857524304 -0.01280036695179392 0.043272399619544065 0.1317294678588708 -0.076905278045151668 -0.042460850004006075 0.094111657339334492 -0.091667198932983654 -0.074172268846671871 0.091541700200999485 -0.014641889744117611 -0.050706152563671697 -0.036959299407899375 0.036445654254830019 0.048737073271136196 0.028818743958925971 -0.18237928590594005 0.029501899069137111 -0.026848619987147684
leaf_weight=358 79 54 72 50 54 71 89 52 91 495 69 59 67 95 52 109 124 109 84 86 139 158 82 69 164 70 82 139 87 86 231 81 69 145 123 174 374 51 69 85 55 66 81 264 243 155 53 50 73 74 54 145 67 60 137 51 109 104 51 51 97 1279
leaf_count=358 79 54 72 50 54 71 89 52 91 495 69 59 67 95 52 109 124 109 84 86 139 158 82 69 164 70 82 139 87 86 231 81 69 145 123 174 374 51 69 85 55 66 81 264 243 155 53 50 73 74 54 145 67 60 137 51 109 104 51 51 97 1279
internal_value=0.000142585 0.035517 0.0602286 -0.0389178 0.101007 0.0370542 0.0865589 0.126417 0.17743 -0.0624985 0.0214181 0.0308849 0.0521167 0.0673029 0.0565826 0.0963939 -0.0230202 0.0236256 -0.013434 0.049303 0.0331345 -0.0443061 -0.0895847 0.0889263 0.100882 0.149196 0.0232585 -0.0679548 -0.0915824 0.0474496 -0.00173141 0.076039 0.0566684 -0.047739 0.032252 0.00508778 -0.0351351 0.010106 0.0201277 0.0541511 0.0825902 0.0167518 -0.0787553 -0.0886565 -0.00143446 0.00909074 0.0516987 -0.00489246 0.000604614 0.0308377 -0.0182102 -0.0518633 0.0773721 0.0416538 -0.0207675 0.0166406 0.00473726 0.0100657 0.0820187 -0.12105 -0.0197727 -0.0232984
internal_weight=8116 4259 1546 3857 559 987 505 249 143 1552 2713 1995 986 745 106 181 2305 806 1662 400 329 930 622 499 430 139 246 435 277 256 406 170 151 643 202 241 498 1009 762 295 210 297 540 459 467 398 155 718 668 256 412 195 291 127 247 110 182 243 104 190 1460 1363
internal_count=8116 4259 1546 3857 559 987 505 249 143 1552 2713 1995 986 745 106 181 2305 806 1662 400 329 930 622 499 430 139 246 435 277 256 406 170 151 643 202 241 498 1009 762 295 210 297 540 459 467 398 155 718 668 256 412 195 291 127 247 110 182 243 104 190 1460 1363
is_linear=0
shrinkage=0.03


Tree=42
num_leaves=63
num_cat=0
split_feature=79 23 23 79 23 135 23 176 104 79 259 23 79 69 23 19 318 25 155 12 131 94 144 126 23 78 79 96 25 23 23 252 60 23 79 47 22 19 312 23 79 23 120 154 102 83 268 20 149 302 15 309 265 317 19 232 275 299 22 96 157 10
split_gain=11755.3 3587.1 2410.93 2834.29 2132.37 1751.3 1660.87 1941.2 1649.07 1406.15 857.984 850.319 787.276 932.491 776.071 623.733 907.439 902.69 687.288 614.297 605.485 565.954 971.102 522.416 521.397 514.416 508.466 497.594 668.372 492.18 421.14 420.247 408.704 442.374 406.493 452.757 393.046 380.727 380.394 379.822 368.875 347.176 345.358 337.254 335.845 315.004 503.667 342.221 409.026 344.047 303.957 295.156 294.027 321.262 288.806 526.052 286.97 282.679 303.69 281.225 279.369 276.356
threshold=0.22687723487615588 83.500000000000014 68.500000000000014 0.26794917881488806 36.500000000000007 76.500000000000014 57.500000000000007 0.2152509689331055 268.50000000000006 0.17614738643169406 4.5000000000000009 54.500000000000007 0.19806650280952456 59.500000000000007 41.500000000000007 34.500000000000007 0.64767763018608104 8.5000000000000018 0.66080582141876232 64.500000000000014 1.0000000180025095e-35 25.500000000000004 37.500000000000007 5.5000000000000009 86.500000000000014 1.5389676094055178 0.30970597267150884 3.3177307844161992 10.500000000000002 92.500000000000014 112.50000000000001 0.6357925832271577 131.50000000000003 65.500000000000014 0.25463122129440313 101.50000000000001 70.500000000000014 25.500000000000004 4.0937304496765146 46.500000000000007 0.20524267852306369 56.500000000000007 3.0431855916976933 0.23103087395429614 0.61225453019142162 7.5000000000000009 11.286290168762209 68.500000000000014 5.9584608078002939 3.5000000000000004 60.500000000000007 33.500000000000007 28.500000000000004 0.24404424428939822 30.500000000000004 112.50000000000001 5.5000000000000009 8.5000000000000018 73.500000000000014 3.4868334531784062 73.500000000000014 7.5000000000000009
decision_type=2 2 2 2 2 2 2 2 2 2 2 2 2 2 2 2 2 2 2 2 2 2 2 2 2 2 2 2 2 2 2 2 2 2 2 2 2 2 2 2 2 2 2 2 2 2 2 2 2 2 2 2 2 2 2 2 2 2 2 2 2 2
left_child=1 4 3 11 -1 56 7 10 -9 30 15 23 13 20 25 16 -7 18 19 -17 21 54 -23 -2 34 -5 41 28 -15 40 51 -19 -14 43 -4 57 -26 -37 42 -25 -11 -16 50 -34 -43 46 -28 48 -47 52 -24 -3 -49 -54 55 -8 -6 58 -36 -31 -29 -39
right_child=2 9 24 14 5 6 12 8 -10 29 -12 -13 32 27 26 17 -18 31 -20 -21 -22 22 38 39 36 -27 45 60 -30 59 -32 -33 33 -35 35 37 -38 61 -40 -41 -42 44 -44 -45 -46 47 -48 49 -50 -51 -52 -53 53 -55 -56 -57 -58 -59 -60 -61 -62 -63
leaf_value=0.2476984266673817 0.01999672914659114 -0.021931890583113779 -0.037545136377061854 0.081361255978408736 -0.0078805250764548123 0.030941608032354941 -0.043839727093776065 0.061355427242112612 0.27458944089465087 0.0047588350925077665 0.17625624686479568 0.0020817326865361341 -0.024559503300377594 0.095530232699293838 -0.011230543535057976 0.15049741850745293 0.17282654236102926 -0.097735743466413241 -0.02272704255580902 0.030265400564548239 -0.055798133822048408 0.17924534761346875 0.094001104952657927 0.1488620897055897 -0.15826759648323058 -0.01698483468557855 -0.11833098229848676 0.0096725878850469054 0.22921942799741568 -0.054577779148002062 -0.058379320034428556 0.022538155179757338 0.13532685362978983 0.017247494145340006 -0.09599494536957108 -0.15828657395460388 -0.077666433081030842 -0.068210143026043751 0.0060317666044013684 0.059097995036055284 -0.06026597699970894 0.004899968765204466 0.11135305073456604 0.03269823281002826 -0.06427770523048687 -0.075236797326862226 -0.01464015761934794 -0.027027871779033114 -0.17295650785619562 0.0083053324123223624 0.02318931098167713 0.040897809922387382 -0.14347115240789748 -0.067728622878734782 -0.0265571033452516 0.064868271983922657 -0.085644019485584325 0.020393719579044144 -0.0072739460331494692 -0.13001454179090532 0.10416637895568724 -0.13860650744411301
leaf_weight=50 151 78 460 63 181 77 53 52 90 208 63 641 150 94 385 92 86 52 54 66 50 63 84 72 89 189 53 52 54 146 50 51 56 438 82 65 149 328 112 107 125 78 118 60 328 100 194 90 65 53 155 465 73 172 91 156 55 56 60 65 61 60
leaf_count=50 151 78 460 63 181 77 53 52 90 208 63 641 150 94 385 92 86 52 54 66 50 63 84 72 89 189 53 52 54 146 50 51 56 438 82 65 149 328 112 107 125 78 118 60 328 100 194 90 65 53 155 465 73 172 91 156 55 56 60 65 61 60
internal_value=0.000142933 0.0371897 -0.0350355 -0.0192162 0.0553434 0.051778 0.0590676 0.0990282 0.197479 -0.00778066 0.0728705 0.0222484 0.044245 0.0596096 -0.0410623 0.0589048 0.106399 0.0340698 0.0693618 0.10078 0.0447791 0.0508831 0.0694408 0.0612961 -0.0679957 0.00782609 -0.0488059 0.109364 0.14552 -0.042574 0.0241556 -0.0385386 0.0192502 0.0311349 -0.0592628 -0.0745274 -0.108343 -0.091064 0.0543409 0.0958306 -0.0197572 -0.0316859 0.0694375 0.0829763 -0.051008 -0.0656726 -0.037277 -0.0782654 -0.114542 -0.0625835 0.0483651 0.0318488 -0.07379 -0.0907883 0.0178529 0.0372237 -0.0262883 -0.0364264 -0.0588202 -0.0783203 0.0611488 -0.0794245
internal_weight=8116 3953 4163 2814 2816 2766 2530 683 142 1137 541 971 1847 1143 1843 478 163 315 212 158 882 832 532 330 1349 252 1591 261 148 544 593 103 704 554 1111 651 238 453 469 179 333 791 357 116 406 800 247 553 165 388 239 543 335 245 300 209 236 198 142 211 113 388
internal_count=8116 3953 4163 2814 2816 2766 2530 683 142 1137 541 971 1847 1143 1843 478 163 315 212 158 882 832 532 330 1349 252 1591 261 148 544 593 103 704 554 1111 651 238 453 469 179 333 791 357 116 406 800 247 553 165 388 239 543 335 245 300 209 236 198 142 211 113 388
is_linear=0
shrinkage=0.03


Tree=43
num_leaves=63
num_cat=0
split_feature=79 79 254 327 79 253 137 153 17 310 19 243 121 59 15 119 224 102 96 79 106 116 272 261 261 274 16 268 123 285 17 154 116 59 80 67 141 58 40 171 99 45 56 60 290 92 299 285 3 15 261 75 101 172 81 171 152 77 19 315 241 293
split_gain=11105.8 1586.56 1874.21 1123.14 1072.04 1014.92 1006.73 1338.26 896.44 775.135 683.552 659.319 603.638 950.122 599.934 548.589 662.253 654.294 539.765 518.424 512.4 574.57 504.764 472.173 471.284 486.066 456.318 455.406 449.587 449.112 446.676 409.989 398.807 576.28 398.739 392.71 472.155 467.995 383.557 370.285 362.998 346.736 346.659 346.036 320.485 312.298 295.534 291.576 291.414 311.901 282.52 280.251 280.137 276.535 351.324 505.505 293.9 275.613 270.192 265.163 262.433 247.463
threshold=0.24452438205480578 0.18083763867616656 62.500000000000007 1.0000000180025095e-35 0.30970597267150884 34.500000000000007 1.5000000000000002 1.0490963459014895 65.500000000000014 11.500000000000002 39.500000000000007 218.50000000000003 0.52048495411872875 17.500000000000004 72.500000000000014 8.916262626647951 1.5000000000000002 0.64360782504081737 4.4142780303955087 0.21756661683321002 1.0000000180025095e-35 20.500000000000004 0.94017857313156139 1.0000000180025095e-35 8.5000000000000018 0.69713348150253307 51.500000000000007 4.7162470817565927 0.22456374019384387 13.500000000000002 92.500000000000014 0.21635553240776065 46.500000000000007 46.500000000000007 0.63347515463829052 7.5000000000000009 11.500000000000002 0.63986080884933483 2.5000000000000004 15.224184989929201 0.39876937866210943 25.500000000000004 1.4559541940689089 55.500000000000007 1.087297320365906 134.50000000000003 14.500000000000002 71.500000000000014 8.5000000000000018 64.500000000000014 5.5000000000000009 7.1904253959655771 0.22810352593660357 7.4059562683105478 34.500000000000007 5.1675822734832773 1.3085655570030215 2.9765625000000004 69.500000000000014 1.4940944910049441 132.50000000000003 1.1329225301742556
decision_type=2 2 2 2 2 2 2 2 2 2 2 2 2 2 2 2 2 2 2 2 2 2 2 2 2 2 2 2 2 2 2 2 2 2 2 2 2 2 2 2 2 2 2 2 2 2 2 2 2 2 2 2 2 2 2 2 2 2 2 2 2 2
left_child=1 2 3 9 39 6 7 -4 12 38 29 41 22 -14 20 28 17 31 19 30 21 -11 -3 -22 58 45 34 -28 -8 52 53 -17 -16 -34 -15 43 37 -37 -1 57 -40 48 -41 -31 -25 -26 -44 -47 49 51 -30 -5 -6 -10 -55 -56 -57 -2 -12 -46 -20 -60
right_child=4 8 5 11 10 -7 15 -9 18 14 24 -13 13 26 32 16 -18 -19 60 -21 23 -23 -24 44 25 -27 27 -29 50 35 -32 -33 33 -35 -36 36 -38 -39 40 42 -42 -43 46 -45 59 47 -48 -49 -50 -51 -52 -53 -54 54 55 56 -58 -59 61 -61 -62 -63
leaf_value=-0.022280697833608698 -0.021847688504782661 0.021148380711674689 0.050537595214403194 -0.018752595674991608 -0.094036988317966461 0.19494787159065405 0.13008854569257361 0.21025988015318289 0.0099992448929697268 0.068392236828804007 -0.069416070492006834 0.077845066277651295 -0.089894626836207775 0.047046479123644534 -0.017106487658439262 0.16195199471380975 -0.042266418088227509 -0.01350107575932594 -0.040457150494777445 -0.010919396705251059 0.12902156015297017 0.20809208570234475 0.14028128001879858 -0.013028351203316734 -0.031633073008292677 -0.15268105411354235 0.090235997771287893 0.0087091561011262593 0.09230434577254687 -0.11141731347029024 -0.023530629835888849 0.046426407352089881 0.12830390064931305 -0.0061500424390489401 0.15558404024909525 -0.099818739742040627 -0.070158232542770829 -0.20307176416439396 0.10836669150166786 -0.056089575844881986 0.0078592246668092135 0.037185991083743507 -0.035569473685402621 -0.00086596744901993683 0.036997535570013902 -0.12277651436883828 0.053398500730355201 -0.034203750099006447 -0.07567136074443466 -0.0759147766418755 -0.0074175082448010255 0.062068923333516483 -0.01233264420343482 -0.011393118664823672 0.10835005193465311 0.012904318053403804 0.079363078384903127 0.045493535744516471 0.023250126226109939 0.12188571458998716 0.031917536764774684 -0.034632433991432184
leaf_weight=161 1406 50 91 149 64 71 112 99 254 50 71 70 54 79 98 53 89 72 309 579 82 59 90 62 230 50 76 311 50 51 138 59 60 54 50 75 87 92 51 571 86 76 94 50 92 86 51 56 102 59 51 51 91 73 130 173 91 56 141 52 52 124
leaf_count=161 1406 50 91 149 64 71 112 99 254 50 71 70 54 79 98 53 89 72 309 579 82 59 90 62 230 50 76 311 50 51 138 59 60 54 50 75 87 92 51 571 86 76 94 50 92 86 51 56 102 59 51 51 91 73 130 173 91 56 141 52 52 124
internal_value=0.000140554 0.0302835 0.0491199 0.028779 -0.040706 0.0875334 0.0759804 0.134426 0.0140467 0.0487515 -0.062633 -0.00697642 0.0425652 0.0287561 0.0681262 0.052902 0.0246038 0.0570022 0.00277402 0.01101 0.0898549 0.145214 0.0981856 0.0684731 -0.0444672 -0.0655441 0.0413229 0.0249109 0.088887 -0.0894926 0.0257867 0.102044 0.0272054 0.0651155 0.0899885 -0.1081 -0.128023 -0.157571 0.00906136 -0.0279175 0.0457886 -0.0207101 -0.0455866 -0.057234 0.0438644 -0.0534542 -0.00412588 -0.0883299 -0.0329678 -0.0159238 0.0423707 0.00206316 -0.0464552 0.0352456 0.0489263 0.0601028 0.0360255 -0.0192389 -0.0178798 0.0682808 -0.0299726 -0.00386292
internal_weight=8116 4670 2161 1414 3446 747 676 190 2509 907 1268 507 710 570 609 486 273 184 1799 1438 397 109 140 288 758 422 516 387 213 510 859 112 212 114 129 355 254 167 298 2178 137 437 716 101 206 372 145 142 361 259 101 200 155 721 467 394 264 1462 336 144 361 265
internal_count=8116 4670 2161 1414 3446 747 676 190 2509 907 1268 507 710 570 609 486 273 184 1799 1438 397 109 140 288 758 422 516 387 213 510 859 112 212 114 129 355 254 167 298 2178 137 437 716 101 206 372 145 142 361 259 101 200 155 721 467 394 264 1462 336 144 361 265
is_linear=0
shrinkage=0.03


Tree=44
num_leaves=63
num_cat=0
split_feature=79 23 79 188 23 23 23 79 23 3 14 4 66 137 23 261 11 286 253 75 70 23 37 232 58 79 328 79 188 23 57 141 52 53 263 240 23 216 49 66 79 187 312 79 318 24 79 14 23 78 78 176 185 53 277 262 233 79 73 220 6 25
split_gain=10456.2 4072.54 2221.58 1935.23 1966.47 1864.36 1330.06 1300.55 1005.17 980.987 798.466 683.837 749.049 670.845 625.499 909.754 596.368 750.497 704.626 588.601 519.72 663.392 508.005 597.463 498.59 494.148 476.703 481.831 635.72 469.218 468.587 624.594 458.534 587.424 480.076 436.918 429.469 416.936 401.965 386.984 708.494 476.541 366.588 365.569 358.182 354.683 347.508 341.53 332.572 394.567 310.825 422.637 310.439 296.06 294.877 278.91 280.95 276.673 403.368 268.1 266.758 266.405
threshold=0.24452438205480578 66.500000000000014 0.19806650280952456 9.5000000000000018 39.500000000000007 59.500000000000007 80.500000000000014 0.3003759384155274 103.50000000000001 2.5000000000000004 53.500000000000007 7.5000000000000009 3.5000000000000004 1.5000000000000002 52.500000000000007 4.5000000000000009 45.500000000000007 61.500000000000007 16.500000000000004 8.6841135025024432 49.500000000000007 83.500000000000014 215.50000000000003 260.50000000000006 0.64112201333045971 0.13906469941139224 1.0000000180025095e-35 0.30970597267150884 14.500000000000002 46.500000000000007 0.27942875027656561 11.500000000000002 2.2520872354507451 11.325625896453859 16.500000000000004 6.5000000000000009 97.500000000000014 6.8750429153442392 304.50000000000006 11.500000000000002 0.192484125494957 2.5000000000000004 3.9284250736236577 0.16965142637491229 0.65356904268264782 62.500000000000007 0.17089217156171801 45.500000000000007 38.500000000000007 1.8026548624038699 2.0645833015441899 0.47987118363380438 3.5000000000000004 9.3928170204162615 2.5000000000000004 12.500000000000002 23.500000000000004 0.22378240525722506 13.050000190734865 0.20325741171836856 5.5000000000000009 9.5000000000000018
decision_type=2 2 2 2 2 2 2 2 2 2 2 2 2 2 2 2 2 2 2 2 2 2 2 2 2 2 2 2 2 2 2 2 2 2 2 2 2 2 2 2 2 2 2 2 2 2 2 2 2 2 2 2 2 2 2 2 2 2 2 2 2 2
left_child=1 3 8 60 -5 7 57 29 20 10 14 13 -13 19 15 -6 18 24 -14 -11 45 32 23 -12 -18 -10 35 38 -29 47 31 -30 -22 34 -34 52 -8 -15 -28 41 -41 53 59 -36 -42 -3 61 -2 49 -9 51 54 -7 -16 -50 56 -56 58 -4 -39 -1 -23
right_child=5 2 6 4 9 26 36 48 25 11 22 12 16 37 39 -17 17 -19 -20 -21 21 46 -24 -25 -26 -27 27 28 30 -31 -32 -33 33 -35 43 -37 -38 42 -40 40 44 -43 -44 -45 -46 -47 -48 -49 50 -51 -52 -53 -54 -55 55 -57 -58 -59 -60 -61 -62 -63
leaf_value=0.020239155241053738 -0.0086633140013202426 0.033412794536704614 -0.014295634880173401 0.22437201238595519 0.049026784508934482 -0.077902304822010757 -0.050687702025588512 0.066125637551483055 0.022577501552609295 0.24814657624690764 0.018497304690860306 -0.034862855955174098 0.096035466555878524 0.1515737825827673 0.081759311333298682 0.21248700674819318 0.14191046294482312 0.20825301197878385 -0.044037710349810751 0.10841161169939571 0.14315166524997572 0.077157720895666707 0.062082527240472182 -0.10551908593802224 0.012550501813148629 -0.076092526545697772 -0.019808440329506991 -0.04027268718802527 -0.24014622213318942 -0.0047753449144800507 -0.080498236090821379 -0.10413160135969519 0.040359447095129224 -0.018157041109525238 0.17768795471827861 -0.059620115577971797 -0.13435339777031913 0.051285179493562226 -0.079332053558043153 0.16793841110735105 -0.0063662844983970414 -0.039795647811889649 0.0055449948845238519 0.080411257030283831 0.098477305149068481 -0.017198649140533491 0.0016417765820139572 0.067330039967782793 0.0022857024140236241 -0.0513242664357976 -0.022273113230674914 -0.14585726985160044 -0.00096052416234831267 0.0054148566797375675 -0.060211864948835667 -0.018068483832679436 -0.12781313424246221 -0.018799491629129052 0.045891979020592326 0.14961350291967393 -0.038759378590723023 0.014025251804897101
leaf_weight=138 76 333 182 77 68 58 432 51 77 61 78 56 74 79 108 56 50 58 56 53 81 152 69 62 57 110 155 88 63 570 84 63 134 64 58 743 63 52 303 57 67 74 57 93 51 198 236 175 70 50 245 50 236 79 200 88 78 313 221 50 136 100
leaf_count=138 76 333 182 77 68 58 432 51 77 61 78 56 74 79 108 56 50 58 56 53 81 152 69 62 57 110 155 88 63 570 84 63 134 64 58 743 63 52 303 57 67 74 57 93 51 198 236 175 70 50 245 50 236 79 200 88 78 313 221 50 136 100
internal_value=0.000140334 0.0293886 0.00696432 0.0643858 0.0773784 -0.0394938 -0.0238263 -0.0164971 0.0297568 0.069542 0.0460293 0.0951603 0.0652205 0.124746 0.064676 0.123957 0.084273 0.122002 0.0358207 0.18469 0.0382049 0.0518605 -0.00400304 -0.0367831 0.0737534 -0.0355597 -0.0606737 -0.078821 -0.108563 0.0102875 -0.136854 -0.173494 0.079 0.0637445 0.0821356 -0.0473808 -0.0615855 0.0953804 -0.0592746 0.0475712 0.0819792 0.0242759 0.0666876 0.118699 0.0393942 0.0145439 0.0278339 0.044377 -0.0429082 0.00804898 -0.0499502 -0.0638282 -0.0163521 0.0497072 -0.054109 -0.0648717 -0.0795693 0.00232758 0.0187424 0.10047 -0.00907924 0.0522596
internal_weight=8116 4670 2847 1823 1549 3446 1211 1653 1636 1472 769 703 351 352 560 124 295 165 130 114 1449 918 209 140 107 187 1793 756 298 821 210 126 430 349 285 1037 495 238 458 436 175 261 159 151 118 531 488 251 832 101 731 486 294 187 436 366 278 716 403 102 274 252
internal_count=8116 4670 2847 1823 1549 3446 1211 1653 1636 1472 769 703 351 352 560 124 295 165 130 114 1449 918 209 140 107 187 1793 756 298 821 210 126 430 349 285 1037 495 238 458 436 175 261 159 151 118 531 488 251 832 101 731 486 294 187 436 366 278 716 403 102 274 252
is_linear=0
shrinkage=0.03


Tree=45
num_leaves=63
num_cat=0
split_feature=79 23 23 60 23 79 79 176 316 271 317 79 23 23 49 130 23 21 167 79 225 317 3 79 256 146 47 23 23 151 196 199 3 43 47 79 251 79 221 58 24 1 15 79 119 79 151 119 79 230 43 151 217 269 24 216 91 119 75 123 9 244
split_gain=9865.41 3493.81 2086.06 1919.18 1989.98 1808.98 1468.18 1275.76 1166 1054.1 1605.91 1206.78 929.95 893.923 813.12 1016.06 776.26 669.581 612.999 607.051 689.398 577.38 544.712 512.772 505.047 674.03 916.783 475.685 446.704 436.8 413.736 402.616 421.965 384.976 382.357 538.52 389.993 449.701 372.342 624.182 352.797 662.989 351.406 348.151 347.096 344.131 341.291 335.741 335.693 335.621 342.556 314.992 300.707 287.673 371.707 283.112 266.707 247.335 323.576 280.288 260.932 241.82
threshold=0.23447144776582721 72.500000000000014 66.500000000000014 61.500000000000007 52.500000000000007 0.27978494763374334 0.18624359369277957 0.21913109719753268 1.1549047231674197 0.91551724076271068 0.15978723019361499 0.14350064843893054 89.500000000000014 51.500000000000007 959.50000000000011 1.5000000000000002 112.50000000000001 48.500000000000007 23.500000000000004 0.18929156661033633 1.5000000000000002 0.23646138608455661 2.5000000000000004 0.21317502111196521 1.0000000180025095e-35 87.500000000000014 59.500000000000007 86.500000000000014 48.500000000000007 3.34153163433075 4.2915790081024179 0.63288080692291271 4.5000000000000009 13.500000000000002 101.50000000000001 0.26425938308238989 0.2351169362664223 0.31281565129756933 0.61548125743865978 0.67013269662857067 61.500000000000007 27.500000000000004 64.500000000000014 0.21851522475481036 10.253985881805422 0.26202034950256353 3.5287268161773686 8.8948545455932635 0.25937646627426153 0.15530303120613101 3.5000000000000004 1.7379402518272402 3.2190830707550053 10.170608043670656 61.500000000000007 16.41381931304932 74.500000000000014 11.374292850494387 7.9168965816497812 0.25585310161113745 36.500000000000007 117.50000000000001
decision_type=2 2 2 2 2 2 2 2 2 2 2 2 2 2 2 2 2 2 2 2 2 2 2 2 2 2 2 2 2 2 2 2 2 2 2 2 2 2 2 2 2 2 2 2 2 2 2 2 2 2 2 2 2 2 2 2 2 2 2 2 2 2
left_child=1 3 5 17 7 13 16 9 -9 10 -5 -12 23 31 15 18 42 -1 19 20 29 -13 53 -8 25 -19 -27 34 61 51 49 32 -2 -33 40 -36 47 -38 -29 -40 41 -4 -3 -16 46 -35 -24 -37 -15 50 -30 -6 56 -20 -55 -44 -21 58 59 60 -52 -7
right_child=2 6 27 4 14 28 12 8 -10 -11 11 21 -14 48 43 -17 -18 24 22 52 -22 -23 44 -25 -26 26 -28 38 30 -31 -32 33 -34 45 35 36 37 -39 39 -41 -42 -43 55 -45 -46 -47 -48 -49 -50 -51 57 -53 -54 54 -56 -57 -58 -59 -60 -61 -62 -63
leaf_value=0.11029858456781277 -0.038299055965200286 0.056672577483304704 0.019087671108543872 -0.013756434251280392 0.15760183340973324 -0.024574424023656342 0.016504626490710543 0.12071012377738952 0.32736955994685346 0.0048738521492326407 0.29557691170952538 0.18795536935329438 -0.073341156387558337 0.012810645116340256 0.16763312553398702 -0.056073437020182609 -0.07912047155264576 -0.022696383158771358 -0.018142978123767854 0.030324419740210759 0.029019190929830074 0.049808220603249291 0.05288976848818535 -0.034790549713998073 -0.084456069558858871 0.11934140455264311 -0.023651338847328538 -0.036091626908849268 0.019218336720215643 0.20241120540577431 -0.13092055375638761 0.031266796237230304 0.070326626445016541 0.17522891297936438 -0.043591009616585713 0.010413047588533826 -0.084255652893872823 -0.16477837655810934 -0.17488091078996656 -0.043955560431760896 0.0099201937028488441 -0.11090549061010624 0.015570915763508015 0.071587202983288051 0.010099382657896387 0.064073977596484699 0.14525112081032532 -0.087010349612447274 -0.027775477523005805 0.022208540784352915 -0.043421400396447429 0.056618522713261267 -0.002446887073693452 0.10189352278239452 -0.0060025118681100694 0.088888210919685656 0.104672470563938 -0.01016909544666608 -0.08598260112130604 -0.022083831236521769 -0.1242842291817069 0.044047808982842766
leaf_weight=51 66 365 59 50 53 500 403 51 50 76 54 56 246 392 75 79 58 244 181 88 67 54 85 309 59 90 72 50 56 68 56 74 61 52 433 53 198 94 99 50 128 86 687 66 65 51 64 78 343 58 94 61 80 51 64 50 87 89 312 216 59 50
leaf_count=51 66 365 59 50 53 500 403 51 50 76 54 56 246 392 75 79 58 244 181 88 67 54 85 309 59 90 72 50 56 68 56 74 61 52 433 53 198 94 99 50 128 86 687 66 65 51 64 78 343 58 94 61 80 51 64 50 87 89 312 216 59 50
internal_value=0.000140356 0.0316128 -0.0346115 0.0586288 0.0746259 -0.0186111 0.00428866 0.133562 0.225223 0.100974 0.134921 0.180058 -0.023183 0.0117673 0.0558588 0.0470285 0.0269769 0.00820323 0.0551084 0.0785592 0.111842 0.121197 0.0318252 -0.00577448 -0.00320699 0.00877864 0.0560339 -0.0650453 -0.0397881 0.142007 -0.0523473 0.0549449 0.0140173 0.0840674 -0.0574112 -0.0672705 -0.0913498 -0.110651 -0.107852 -0.131532 -0.0263643 -0.0582433 0.0326276 0.123496 0.0681693 0.121336 0.0932656 -0.0478145 -0.00614155 -0.0472275 -0.0521241 0.104529 0.0457494 0.00540834 0.0423129 0.0206587 0.0676707 -0.0573308 -0.0634704 -0.0442548 -0.0752084 -0.0182674
internal_weight=8116 4259 3857 2141 1625 2529 2118 391 101 290 214 164 958 1039 1234 1093 1160 516 1014 504 249 110 510 712 465 406 162 1328 1490 182 940 304 127 177 1129 856 423 292 199 149 273 145 1102 141 214 103 149 131 735 884 826 114 255 296 115 737 175 770 681 369 153 550
internal_count=8116 4259 3857 2141 1625 2529 2118 391 101 290 214 164 958 1039 1234 1093 1160 516 1014 504 249 110 510 712 465 406 162 1328 1490 182 940 304 127 177 1129 856 423 292 199 149 273 145 1102 141 214 103 149 131 735 884 826 114 255 296 115 737 175 770 681 369 153 550
is_linear=0
shrinkage=0.03


Tree=46
num_leaves=63
num_cat=0
split_feature=79 23 23 79 263 23 23 308 159 48 79 72 23 194 177 23 146 312 23 101 200 104 101 312 23 43 23 18 96 211 273 122 284 119 221 291 61 122 23 327 117 309 102 97 16 252 79 211 274 79 268 79 23 100 17 141 199 249 10 39 255 152
split_gain=9313.7 2600.28 2510.55 2803.45 1715.48 2042.37 1290.81 978.226 1016.72 976.735 821.581 803.995 950.901 1304.83 969.818 743.18 662.658 621.371 545.033 496.545 482.161 480.353 625.051 472.762 469.089 456.53 467.863 435.724 434.627 490.358 399.223 375.993 416.001 434.268 431.11 375.724 370.279 353.28 353.249 350.367 454.002 332.727 327.762 322.072 319.912 308.113 304.939 301.402 301.361 311.604 300.92 297.005 294.938 312.666 287.36 274.56 395.187 307.749 295.738 272.642 270.734 262.184
threshold=0.21756661683321002 83.500000000000014 73.500000000000014 0.26794917881488806 6.5000000000000009 39.500000000000007 56.500000000000007 176.50000000000003 1.0000000180025095e-35 394.50000000000006 0.16447026282548907 13.500000000000002 58.500000000000007 8.2576532363891619 0.63958725333213817 41.500000000000007 124.50000000000001 3.3109560012817387 100.50000000000001 0.2942980974912644 45.500000000000007 326.50000000000006 0.21141793578863147 2.2384020090103154 100.50000000000001 13.500000000000002 46.500000000000007 49.500000000000007 3.5748442411422734 95.500000000000014 0.55277779698371898 0.90073889493942272 4.5000000000000009 7.4581434726715097 0.67506346106529247 8.5335659980773944 14.500000000000002 1.0600751638412478 111.50000000000001 1.0000000180025095e-35 17.050000190734867 33.500000000000007 0.61326599121093761 6.0681121349334726 51.500000000000007 0.65300115942955028 0.23557158559560779 90.500000000000014 0.59889775514602672 0.17614738643169406 4.2915790081024179 0.32449981570243841 60.500000000000007 1.1828954219818117 82.500000000000014 15.500000000000002 0.60722440481185924 1.3826486468315127 5.5000000000000009 20.500000000000004 2.5000000000000004 1.2720866203308108
decision_type=2 2 2 2 2 2 2 2 2 2 2 2 2 2 2 2 2 2 2 2 2 2 2 2 2 2 2 2 2 2 2 2 2 2 2 2 2 2 2 2 2 2 2 2 2 2 2 2 2 2 2 2 2 2 2 2 2 2 2 2 2 2
left_child=1 4 3 6 39 -6 25 8 11 19 38 23 13 14 -13 43 -15 20 37 31 21 60 -23 44 -12 27 -27 -2 29 -11 36 -10 33 -33 -35 -25 55 -4 41 40 50 -3 -39 -5 -7 -29 -8 -22 -19 -50 -1 -45 -38 -54 -42 56 -17 -58 59 -59 -14 -55
right_child=2 10 18 15 5 7 46 -9 9 28 24 12 17 16 -16 30 -18 48 -20 -21 47 22 -24 35 -26 26 -28 45 -30 -31 -32 32 -34 34 -36 -37 52 42 -40 -41 54 -43 -44 51 -46 -47 -48 -49 49 -51 -52 -53 53 61 -56 -57 57 58 -60 -61 -62 -63
leaf_value=-0.025848422737225242 -0.039914862669032554 -0.02690608694920173 -0.036389869100321083 0.073785855367102401 0.25375168085098265 0.12513268146249984 0.02055161654894044 0.19101669062367257 -0.039448993476324301 0.18710935507662055 -0.014678662188493568 -0.019602586232358589 0.10528458664262737 0.25511049376164058 0.15610568362123825 -0.0083877070280997182 0.12537799491236606 -0.025133483426814728 -0.16398971915245056 -0.081405371383709055 -0.00077355383854845285 0.087959432036926341 0.21640732728583473 0.044903508871793743 -0.087175902199232949 0.13512357968170391 0.052586796226181287 0.092441103375674058 0.031462952572068104 0.059343595683574675 -0.11690783039831062 0.10974799741764327 -0.028971147633024625 0.0013067652053104901 0.097574402548239694 -0.055834975838661191 -0.044176161533496093 -0.040607937785655093 -0.043243915170174223 -0.021421273989697634 0.11737938356736013 0.046999323706763484 -0.087596495462617496 0.026575157344341276 0.030102569858233136 0.0025439587945029845 -0.015841294617160363 0.092306861949378038 0.093206169939151512 0.012155679975352857 0.056090464717463442 -0.046642675430379116 -0.13164286190928781 -0.093691220699864269 0.025512722814899115 -0.0099216126781184136 -0.037465323374177566 -0.071384610717113203 -0.041465502033010124 -0.17143483195525522 0.016136412986499423 -0.021787338500513752
leaf_weight=137 68 64 299 54 50 53 303 50 85 56 496 63 80 78 50 203 71 65 51 50 68 71 69 59 95 94 184 76 75 54 67 73 83 166 55 74 474 183 57 235 61 359 523 104 80 62 650 57 80 91 56 94 84 101 62 368 241 51 69 51 50 84
leaf_count=137 68 64 299 54 50 53 303 50 85 56 496 63 80 78 50 203 71 65 51 50 68 71 69 59 95 94 184 76 75 54 67 73 83 166 55 74 474 183 57 235 61 359 523 104 80 62 650 57 80 91 56 94 84 101 62 368 241 51 69 51 50 84
internal_value=0.000141078 0.0363284 -0.0283927 -0.0160946 0.0530386 0.0662041 0.0160114 0.0611537 0.0575543 0.0288628 -0.00279988 0.074769 0.0884005 0.136455 0.0588318 -0.038652 0.19454 0.068263 -0.0688901 0.00745786 0.091245 0.113773 0.152352 0.0288467 -0.0264598 0.0558544 0.0808792 0.0218556 0.0877436 0.125488 -0.0454289 0.0172301 0.0300798 0.0467924 0.0255964 -0.0111449 -0.0425881 -0.0639059 0.0263258 0.00626717 0.0268609 0.0357803 -0.0754914 0.00955557 0.0686229 0.0523614 -0.004261 0.0420668 0.0295747 0.0503955 -0.00190683 -0.00824454 -0.0585776 -0.0836966 0.0716518 -0.0304553 -0.042706 -0.059554 -0.090286 -0.122588 0.0713817 -0.0613356
internal_weight=8116 3578 4538 3482 2507 1956 1437 1906 1856 697 1071 1159 893 262 113 2045 149 631 1056 512 395 270 140 266 591 484 278 206 185 110 1793 462 377 294 221 133 1726 1005 480 551 316 423 706 252 133 138 953 125 236 171 193 198 743 269 123 983 615 412 171 102 130 185
internal_count=8116 3578 4538 3482 2507 1956 1437 1906 1856 697 1071 1159 893 262 113 2045 149 631 1056 512 395 270 140 266 591 484 278 206 185 110 1793 462 377 294 221 133 1726 1005 480 551 316 423 706 252 133 138 953 125 236 171 193 198 743 269 123 983 615 412 171 102 130 185
is_linear=0
shrinkage=0.03


Tree=47
num_leaves=63
num_cat=0
split_feature=79 79 242 24 327 242 15 79 189 12 123 17 78 19 55 261 318 9 282 14 176 22 2 38 37 249 58 273 232 93 116 79 233 189 17 273 18 196 123 22 78 46 119 101 46 242 22 22 273 318 12 252 178 264 75 94 24 11 159 190 53 157
split_gain=8788.89 1292.57 1653.34 1551.24 1160.27 1027.98 952.807 893.184 832.027 722.209 711.158 963.037 684.774 617.029 601.828 589.335 680.533 540.637 522.382 511.261 499.877 550.065 512.634 497.724 463.287 462.882 461.563 460.565 459.761 546.249 806.661 750.13 464.308 444.189 429.205 386.643 373.108 365.578 401.746 356.325 394.453 335.059 385.945 333.857 328.925 340.551 328.366 319.602 317.848 314.605 374.035 347.628 337.393 297.359 290.225 289.574 335.416 309.862 283.863 280.234 273.556 273.284
threshold=0.24452438205480578 0.18083763867616656 174.50000000000003 36.500000000000007 1.0000000180025095e-35 97.500000000000014 61.500000000000007 0.30970597267150884 11.500000000000002 64.500000000000014 0.13679712265729907 61.500000000000007 0.88949939608573925 25.500000000000004 0.77020797133445751 7.5000000000000009 0.63647601008415233 32.500000000000007 6.5000000000000009 46.500000000000007 0.19292803853750232 54.500000000000007 3.5000000000000004 139.50000000000003 219.50000000000003 1.2238058447837832 0.66499435901641857 0.19821428507566455 95.500000000000014 272.50000000000006 53.500000000000007 0.13680927455425265 11.500000000000002 31.500000000000004 67.500000000000014 0.42163743078708654 64.500000000000014 1.657299876213074 0.2530492395162583 64.500000000000014 1.8729838728904726 25.500000000000004 10.253985881805422 0.29549358785152441 63.500000000000007 76.500000000000014 62.500000000000007 56.500000000000007 0.31057780981063848 0.69720265269279491 58.500000000000007 0.62940567731857311 14.500000000000002 31.500000000000004 9.3567504882812518 67.500000000000014 62.500000000000007 49.500000000000007 1.0000000180025095e-35 60.500000000000007 9.4732398986816424 39.500000000000007
decision_type=2 2 2 2 2 2 2 2 2 2 2 2 2 2 2 2 2 2 2 2 2 2 2 2 2 2 2 2 2 2 2 2 2 2 2 2 2 2 2 2 2 2 2 2 2 2 2 2 2 2 2 2 2 2 2 2 2 2 2 2 2 2
left_child=1 2 4 -4 6 41 8 46 -1 25 -3 14 -5 17 18 49 -17 58 -12 -11 22 36 24 -8 53 33 35 54 -25 30 32 -32 60 34 -10 39 -22 -16 -39 40 -18 42 -6 44 45 -23 -2 -7 -48 50 51 -15 -52 -13 -24 57 -57 -47 -9 -54 -30 -50
right_child=7 10 3 12 5 47 23 13 9 19 11 20 -14 15 37 16 26 -19 -20 -21 21 43 27 28 -26 -27 -28 -29 29 -31 31 -33 -34 -35 -36 -37 -38 38 -40 -41 -42 -43 -44 -45 -46 55 48 -49 61 -51 52 -53 59 -55 -56 56 -58 -59 -60 -61 -62 -63
leaf_value=-0.012456211954355239 -0.01065176984931859 -0.074607371800556418 0.26907410229914464 0.0099379713277161948 -0.018957988765552967 0.11072273046842643 -0.0374993915913941 -0.024605686580201229 0.2565696475056351 0.11824839892983435 0.042972525798461655 -0.0020343440369968969 0.14642410933971403 -0.11934040555899793 0.010401824698266057 -0.024305592197924851 -0.18456579834222792 -0.15469888896215706 0.16079947886809909 4.4041624343073044e-05 0.097577660613706416 -0.025573910871669277 0.11726718937164371 -0.01403707701509649 0.038208252109296903 0.062446675820705982 -0.033934448196111543 -0.0077079237544018285 0.096226093266159288 -0.017528742716230197 0.18304985263599799 0.066401804230482017 -0.046174596336754886 0.092447186350506153 0.13394178838943535 -0.18346065481684426 -0.0022694742026237343 0.12362559630688447 0.014977540603742517 -0.044958407677035649 -0.074713556181968135 0.040551190648402555 -0.093284072512533595 -0.080539354358625123 -0.072912319811142004 0.070288247776006438 -0.024715723825207325 0.032142440323753345 -0.10444932905764415 0.026856161136880958 0.052113142266171052 -0.030200377206253529 -0.086384405230774591 -0.075514208821149967 0.041633730490345425 -0.034752049731567154 0.029390139430761335 -0.0041576818004250525 -0.10694202617440425 0.0071475143951655763 0.029971516762965732 -0.043268517650939309
leaf_weight=59 902 81 51 70 273 55 76 82 60 59 65 209 62 65 242 221 55 95 72 73 70 400 102 109 230 51 94 68 79 86 77 142 54 52 52 54 64 66 57 86 67 59 81 63 68 118 907 288 86 100 63 100 50 64 85 171 127 87 70 66 193 283
leaf_count=59 902 81 51 70 273 55 76 82 60 59 65 209 62 65 242 221 55 95 72 73 70 400 102 109 230 51 94 68 79 86 77 142 54 52 52 54 64 66 57 86 67 59 81 63 68 118 907 288 86 100 63 100 50 64 85 171 127 87 70 66 193 283
internal_value=0.000141619 0.0269567 0.0439585 0.130012 0.0359354 0.00670928 0.053996 -0.0361953 0.0915169 0.10918 0.0123014 0.0152303 0.074664 -0.0562092 0.0521944 -0.0458349 -0.0658089 -0.0987349 0.105613 0.0533696 0.00557371 -0.00673832 0.0245292 0.0352384 0.00692554 0.14304 -0.0914333 0.0590905 0.0427493 0.0525654 0.0636379 0.108061 0.0335564 0.167572 0.201324 -0.111855 0.0502259 0.0319105 0.0738033 -0.0924765 -0.125335 -0.0251466 -0.0361797 -0.0141619 -0.00977683 -0.00494704 -0.0245231 0.045028 -0.0343126 -0.0197881 -0.033386 -0.0658235 -0.003286 -0.0194731 0.0832927 0.0114742 -0.00740941 0.0388273 -0.0629749 -0.0335617 0.0494966 -0.0577712
internal_weight=8116 4670 2161 183 1978 756 1222 3446 406 347 2509 2428 132 1268 502 1021 577 247 137 132 1926 1168 758 816 503 215 356 255 740 631 545 219 326 164 112 262 134 365 123 208 122 413 354 1034 971 903 2178 343 1276 444 344 165 179 273 187 503 298 205 152 116 272 369
internal_count=8116 4670 2161 183 1978 756 1222 3446 406 347 2509 2428 132 1268 502 1021 577 247 137 132 1926 1168 758 816 503 215 356 255 740 631 545 219 326 164 112 262 134 365 123 208 122 413 354 1034 971 903 2178 343 1276 444 344 165 179 273 187 503 298 205 152 116 272 369
is_linear=0
shrinkage=0.03


Tree=48
num_leaves=63
num_cat=0
split_feature=79 79 266 308 202 79 97 153 233 19 310 79 327 79 21 122 15 231 19 15 17 261 268 239 190 52 19 155 72 250 113 111 274 239 70 195 253 94 269 74 19 185 188 270 246 61 58 275 245 12 67 151 221 79 252 58 4 187 98 9 209 147
split_gain=8300.67 1581.14 1371.42 966.393 742.235 1044.05 730.252 879.274 1319.62 677.018 665.141 649.17 625.568 669.713 795.654 579.957 567.074 564.701 548.929 516.234 456.92 443.83 441.457 430.688 428.591 512.702 422.361 411.102 410.089 405.357 404.295 395.995 375.709 363.612 442.491 347.694 343.954 343.667 360.325 340.857 379.317 339.879 320.808 310.045 360.232 305.576 302.046 298.645 445.266 352.966 322.74 313.322 329.28 295.254 283.626 282.778 282.327 295.091 339.9 274.489 273.445 357.124
threshold=0.21756661683321002 0.29740898311138159 13.500000000000002 180.50000000000003 9.5000000000000018 0.17262665182352069 6.7383217811584482 0.91622808575630199 21.500000000000004 39.500000000000007 11.500000000000002 0.10566188395023347 1.0000000180025095e-35 0.15203631669282916 87.500000000000014 0.71119534969329845 60.500000000000007 59.500000000000007 26.500000000000004 51.500000000000007 74.500000000000014 8.5000000000000018 17.230909347534183 14.500000000000002 43.500000000000007 3.1163069009780888 27.500000000000004 0.63377562165260326 44.500000000000007 1.2976870536804201 57.500000000000007 11.500000000000002 0.69244360923767101 31.500000000000004 69.500000000000014 3.6134327650070195 28.500000000000004 26.500000000000004 8.2788462638854998 6.2417004108428964 78.500000000000014 10.500000000000002 16.500000000000004 3.6652334928512578 4.6345982551574716 12.500000000000002 0.67256176471710216 24.500000000000004 9.0500001907348651 48.500000000000007 7.5000000000000009 3.1608682870864873 0.6267136037349702 0.26600624620914465 0.69973316788673412 0.64406013488769542 5.5000000000000009 1.5000000000000002 3.9395529031753544 33.500000000000007 3.5000000000000004 33.500000000000007
decision_type=2 2 2 2 2 2 2 2 2 2 2 2 2 2 2 2 2 2 2 2 2 2 2 2 2 2 2 2 2 2 2 2 2 2 2 2 2 2 2 2 2 2 2 2 2 2 2 2 2 2 2 2 2 2 2 2 2 2 2 2 2 2
left_child=2 20 10 4 5 6 -4 -8 11 23 37 -9 13 14 16 -15 -12 28 29 -6 22 54 53 47 -7 -26 -13 -16 -14 42 -18 41 33 34 59 -27 -33 38 -1 -19 -41 -21 -17 44 -22 -24 -45 48 49 -3 -50 -51 -53 60 -11 -46 57 58 -39 -23 61 -2
right_child=1 9 3 -5 19 24 7 8 -10 21 12 26 17 15 27 18 30 39 -20 31 43 32 45 -25 25 35 -28 -29 -30 -31 -32 36 -34 -35 -36 -37 -38 56 -40 40 -42 -43 -44 46 55 -47 -48 -49 50 51 -52 52 -54 -55 -56 -57 -58 -59 -60 -61 -62 -63
leaf_value=-0.0082645948495595686 -0.0008942209886653083 -0.12306491581309172 0.0041761805029476391 0.18523743884743385 0.090705053810145445 -0.019857253574401788 0.043401241775557216 0.20778480147614198 0.2920481498983617 -0.021480928365628985 0.16967109987767118 0.02358267735867273 -0.052892729925184408 -0.070617583351066479 -0.030492234297774052 -0.010929905311390757 0.024696220788237168 -0.026163308861320966 0.063539819859237151 -0.056623672260948922 -0.029471409226526 0.0043921602966970411 0.0020604972065547886 -0.13955314242516656 0.0078735436261631545 0.15198420192730627 0.13617951844708395 0.061210754335598833 0.022021904029303561 -0.051860441669094849 0.13553364333861015 0.055182477060439328 -0.12107176605950701 0.022426178415626052 -0.094053806695726605 0.045438887170769951 -0.028101763652735635 -0.002247640414012445 -0.080555707160607878 0.095741560239540904 0.02270907814912498 0.025922744292075986 0.064969752829263705 -0.021489891963533781 -0.035344177492610783 -0.053870881470832591 0.04691285193855451 -0.012336898522178936 -0.063976968953858557 -0.003403247574680164 -0.1525040084293679 -0.016454835006132207 -0.11330346530380969 -0.016285258651088638 0.053911152939750427 -0.11619812392717914 0.070282850489552531 -0.037530388452989213 0.090812720576157926 -0.062332768050309656 -0.0031442225241669632 0.051636812861640534
leaf_weight=247 209 53 50 52 96 91 82 50 51 377 94 62 173 51 65 99 72 72 283 100 392 115 137 82 99 58 58 132 105 81 50 209 65 63 154 54 56 110 82 94 199 80 100 487 68 244 65 81 66 121 91 57 71 507 50 94 69 101 51 106 521 262
leaf_count=247 209 53 50 52 96 91 82 50 51 377 94 62 173 51 65 99 72 72 283 100 392 115 137 82 99 58 58 132 105 81 50 209 65 63 154 54 56 110 82 94 199 80 100 487 68 244 65 81 66 121 91 57 71 507 50 94 69 101 51 106 521 262
internal_value=0.000139626 -0.0267977 0.0343023 0.059671 0.0540614 0.0755272 0.110506 0.127981 0.159026 -0.0513513 0.0206945 0.117645 0.0307662 0.045284 0.0747883 0.0253489 0.114441 0.00754399 0.034152 0.0279809 -0.0140228 -0.0350851 -0.00501622 -0.0755767 0.0344115 0.0577998 0.0786802 0.0309522 -0.0246201 0.00432882 0.070854 0.0142764 -0.0541546 -0.0439708 -0.0551555 0.101471 0.0375433 -0.00479769 -0.0264719 0.0320419 0.0463853 -0.0199958 0.0273448 -0.029314 -0.0451529 -0.0338063 -0.013365 -0.0656218 -0.0749777 -0.053376 -0.115929 -0.0381097 -0.0706374 0.002319 -0.0125475 -0.0826845 0.0167605 0.00245123 0.0276097 -0.0277483 0.0118343 0.0283744
internal_weight=8116 4538 3578 1248 1196 655 353 303 221 1552 2330 170 1670 1027 413 614 216 643 563 541 2986 930 1880 622 302 211 120 197 278 280 122 445 503 438 375 112 265 660 329 365 293 180 199 1106 554 381 552 540 459 302 157 249 128 1499 427 162 331 262 161 221 992 471
internal_count=8116 4538 3578 1248 1196 655 353 303 221 1552 2330 170 1670 1027 413 614 216 643 563 541 2986 930 1880 622 302 211 120 197 278 280 122 445 503 438 375 112 265 660 329 365 293 180 199 1106 554 381 552 540 459 302 157 249 128 1499 427 162 331 262 161 221 992 471
is_linear=0
shrinkage=0.03


Tree=49
num_leaves=63
num_cat=0
split_feature=79 23 23 59 23 23 79 79 52 23 67 287 52 79 23 133 23 23 6 123 79 142 179 283 6 154 23 109 231 327 23 81 273 201 21 23 117 50 78 194 52 211 271 149 164 23 221 60 67 133 325 60 76 260 313 21 141 262 211 251 300 69
split_gain=7831.55 3394.69 1621.9 1578.99 1933.97 1571.52 1555.25 1185.4 917.644 783.298 717.148 709.19 694.349 690.291 660.003 641.104 695.757 606.892 595.404 576.567 562.141 518.558 568.543 795.783 469.359 477.117 459.046 431.706 421.005 735.034 467.751 390.644 419.508 412.007 440.12 380.963 378.617 378.534 358.806 354.729 483.589 345.246 351.804 340.977 339.075 325.531 313.302 288.112 332.713 321.071 284.885 278.559 265.871 258.502 247.154 245.002 244.575 268.994 228.342 224.297 259.152 407.78
threshold=0.24230587482452395 71.500000000000014 36.500000000000007 26.500000000000004 48.500000000000007 64.500000000000014 0.21317502111196521 0.28140169382095342 3.6675724983215336 84.500000000000014 10.500000000000002 32.500000000000007 1.5915859937667849 0.16447026282548907 40.500000000000007 0.41612553596496588 60.500000000000007 83.500000000000014 2.5000000000000004 0.15040920674800876 0.20941306650638583 2.5000000000000004 84.500000000000014 2.5000000000000004 1.5000000000000002 0.20463493466377261 100.50000000000001 11.500000000000002 58.500000000000007 1.0000000180025095e-35 52.500000000000007 13.500000000000002 0.31057780981063848 158.50000000000003 96.500000000000014 38.500000000000007 29.050000190734867 67.500000000000014 1.8198052048683169 6.9552996158599862 2.8334983587265019 24.500000000000004 2.9594594240188603 2.9376882314682011 15.500000000000002 111.50000000000001 0.61995476484298717 29.500000000000004 8.5000000000000018 0.19677419215440753 75.500000000000014 74.500000000000014 3.3610537052154545 3.5000000000000004 8.6867432594299334 95.500000000000014 8.5000000000000018 1.5000000000000002 99.500000000000014 0.18379075825214389 3.5000000000000004 42.500000000000007
decision_type=2 2 2 2 2 2 2 2 2 2 2 2 2 2 2 2 2 2 2 2 2 2 2 2 2 2 2 2 2 2 2 2 2 2 2 2 2 2 2 2 2 2 2 2 2 2 2 2 2 2 2 2 2 2 2 2 2 2 2 2 2 2
left_child=1 2 -1 11 8 7 9 14 10 27 -5 -4 18 45 -2 16 21 -8 -13 -14 24 -6 -23 -24 52 -26 -15 -3 29 30 -21 -7 37 34 41 38 -25 -33 -9 -30 -41 -34 -43 -29 -35 51 -22 -37 -49 59 -27 -11 -18 -32 -42 -19 -39 -58 -59 -50 -61 -62
right_child=5 6 3 4 15 31 17 35 -10 13 -12 12 19 26 -16 -17 20 55 -20 28 46 22 23 36 25 50 -28 43 39 -31 53 32 33 44 -36 47 -38 56 -40 40 54 42 -44 -45 -46 -47 -48 48 49 -51 -52 -53 -54 -55 -56 -57 57 58 -60 60 61 -63
leaf_value=0.21665510240590796 0.10150843306708691 0.021913663402902819 -0.012307517452180878 0.14066307329047809 0.017047637512809351 0.020057110215337681 -0.020158286919608581 0.055932702980693673 0.063458000202389328 -0.023239947338314616 0.3017778859889278 0.029769044196499245 -0.054944350862254701 -0.014233504153348297 0.0032456353482010892 -0.031345146036018498 -0.019821861973175633 -0.064844437771671107 0.15526303067053485 0.16832217956673015 -0.046610883588512099 0.18209175605808986 -0.011896574129614066 0.069969545525723487 0.14566054410320156 0.020857056409120559 -0.088103606457943504 0.10561484014569235 -0.04883980793797451 -0.033283016615045756 0.10030675223266536 0.0022480847389670087 -0.053113048835234204 -0.030618639963013786 -0.039236518324731469 -0.10512962021704378 0.1778957150211701 -0.10503082433497751 -0.044423926417123186 0.093046140152475101 0.036222801185571224 -0.15760893783584146 -0.07716848898090814 0.033371428088285027 -0.10758320668793242 -0.043627843481713321 0.030079194846670668 -0.00044479829259216783 0.0040653693266230057 0.015409727444896451 0.11012029869448055 0.043396991748482945 0.069884698521007191 0.010160438834259716 -0.056744737309568069 -0.14140854735341338 0.013919563806005593 -0.067454683781714639 -0.014329512191907269 -0.064957907811052859 0.024883213707342228 -0.053564421454912622
leaf_weight=52 66 558 362 54 56 55 347 76 50 67 51 62 71 431 753 68 64 138 76 54 61 84 52 57 97 79 91 120 68 51 65 127 65 209 90 57 64 76 54 68 51 160 75 117 68 57 211 193 67 76 54 340 54 51 50 53 57 320 95 545 86 190
leaf_count=52 66 558 362 54 56 55 347 76 50 67 51 62 71 431 753 68 64 138 76 54 61 84 52 57 97 79 91 120 68 51 65 127 65 209 90 57 64 76 54 68 51 160 75 117 68 57 211 193 67 76 54 340 54 51 50 53 57 320 95 545 86 190
internal_value=0.000137639 0.0261852 0.0525425 0.0485396 0.0725886 -0.0331954 0.000748137 -0.0171636 0.170931 0.0142538 0.221028 0.0214782 0.0398056 -0.00361374 0.0112784 0.0572053 0.0636858 -0.0439045 0.0995015 0.0240744 0.0451563 0.100129 0.118096 0.0861548 0.0703586 0.0952377 -0.0272551 0.0363907 0.0364171 0.0661063 0.0959433 -0.0579876 -0.0611987 -0.0780973 -0.0979944 -0.0344909 0.128045 -0.0444096 0.0142252 0.00857076 0.0318223 -0.115433 -0.132372 0.0702404 -0.0498315 0.0229842 0.0127726 -0.0397151 -0.0364044 -0.0435958 0.0576506 0.0323972 0.0214726 0.061099 -0.00990584 -0.0867158 -0.055207 -0.0469794 -0.0553572 -0.0486575 -0.0529598 -0.029119
internal_weight=8116 4556 2237 2185 1156 3560 2319 2163 155 1781 105 1029 667 986 819 1001 933 538 138 529 620 313 257 173 348 230 522 795 458 221 170 1397 1342 667 390 1344 121 675 130 237 169 300 235 237 277 464 272 1214 1157 964 133 407 118 116 101 191 548 472 415 888 821 276
internal_count=8116 4556 2237 2185 1156 3560 2319 2163 155 1781 105 1029 667 986 819 1001 933 538 138 529 620 313 257 173 348 230 522 795 458 221 170 1397 1342 667 390 1344 121 675 130 237 169 300 235 237 277 464 272 1214 1157 964 133 407 118 116 101 191 548 472 415 888 821 276
is_linear=0
shrinkage=0.03


Tree=50
num_leaves=63
num_cat=0
split_feature=79 23 23 79 135 23 23 65 23 141 79 23 130 237 292 126 23 23 22 15 171 23 193 88 149 60 288 18 79 15 19 311 79 144 71 57 318 254 253 49 317 57 122 79 274 23 98 314 43 23 20 79 149 119 212 191 317 269 146 309 79 94
split_gain=7389.65 2333.86 2190.06 2095.37 1506.05 1726.4 1373.9 1092.24 1397.53 1302.06 713.943 711.679 692.607 501.402 462.469 435.782 590.45 415.549 412.859 408.677 606.678 392.161 391.783 390.851 493.947 389.632 373.712 372.942 362.502 362.344 610.277 533.124 420.526 515.441 351.514 434.838 350.936 350.793 326.812 324.824 324.094 323.798 410.71 321.268 315.403 311.806 309.834 280.949 274.036 349.055 260.744 472.173 347.63 271.927 298.275 242.448 233.247 227.883 227.801 227.639 228.985 277.089
threshold=0.21851522475481036 83.500000000000014 76.500000000000014 0.26794917881488806 76.500000000000014 39.500000000000007 56.500000000000007 4.5000000000000009 52.500000000000007 15.500000000000002 0.17614738643169406 48.500000000000007 1.0000000180025095e-35 12.500000000000002 3.2493103742599492 5.5000000000000009 46.500000000000007 100.50000000000001 66.500000000000014 49.500000000000007 4.4274194240570077 92.500000000000014 13.26724147796631 16.500000000000004 1.8511281013488772 99.500000000000014 36.500000000000007 49.500000000000007 0.29185102880001074 72.500000000000014 75.500000000000014 9.0500001907348651 0.15821565687656405 36.500000000000007 106.50000000000001 0.20806725323200229 0.66639655828475963 10.500000000000002 9.5000000000000018 419.50000000000006 0.18776709586381915 0.28485606610774999 1.0600751638412478 0.24499800056219104 0.6778150498867036 112.50000000000001 3.3571348190307622 4.4427075386047372 19.500000000000004 72.500000000000014 68.500000000000014 0.31281565129756933 5.3389341831207284 11.42582416534424 143.50000000000003 14.500000000000002 0.32910783588886267 10.518292903900148 126.50000000000001 33.500000000000007 0.14854215830564502 25.500000000000004
decision_type=2 2 2 2 2 2 2 2 2 2 2 2 2 2 2 2 2 2 2 2 2 2 2 2 2 2 2 2 2 2 2 2 2 2 2 2 2 2 2 2 2 2 2 2 2 2 2 2 2 2 2 2 2 2 2 2 2 2 2 2 2 2
left_child=1 4 3 6 37 -6 15 12 9 -9 45 28 13 19 26 27 -17 18 57 20 -7 -12 25 29 -25 47 39 -2 -5 30 31 32 33 -21 58 -36 -33 -1 -35 -10 -32 42 -20 -8 -26 59 -34 -13 -41 -50 51 -27 -53 54 -52 -29 -44 -4 -16 -3 61 -61
right_child=2 10 17 11 5 7 43 8 14 -11 21 22 -14 -15 34 16 -18 -19 41 23 -22 -23 -24 24 44 50 -28 55 -30 -31 40 36 46 38 35 -37 -38 -39 -40 48 -42 -43 56 -45 -46 -47 -48 -49 49 -51 53 52 -54 -55 -56 -57 -58 -59 -60 60 -62 -63
leaf_value=-0.0047698476815980573 -0.03398600897789001 -0.023211174501648432 -0.079184442590112272 0.036480491475628117 0.21865963797820243 0.16608167181996739 0.0073716106372150149 0.27183432450890543 0.1383192004403978 0.062931625106755429 -0.009508289074946245 -0.0018676126592039857 -0.057064600578496147 0.12333978922091056 0.037749559598810531 0.13947380580453445 0.045522205466249334 -0.15405555903911591 -0.019768301997799425 0.025161893271630809 0.033444956413856364 -0.064444366008261866 -0.11024319837214769 0.11841893550907742 0.0037750510879290791 -0.045596645064069886 0.14713147709504343 0.0062266217578541153 -0.01971166057109602 -0.01794642671247838 -0.084899580163775745 -0.044107861165647147 -0.019647974847023613 0.088306835737918879 0.10930798519179225 0.034212264393540213 0.050727609895890757 -0.093510259280309954 0.19018319269785514 0.010584797991646659 0.010639434810037965 0.021049435340306337 -0.091734264407710847 -0.025031970361663523 0.078504274881311814 -0.053630843405776167 0.069522197878844033 -0.065353533871471886 0.13390865060149645 0.03567745910013375 -0.063292324374531875 -0.073144968464260995 -0.1798692727088928 0.0049426666127365768 -0.022836553872985783 0.085247705399371237 -0.022455593656409867 -0.14901279316498683 -0.051927854944677915 -0.004508505773640448 0.0088737173567355523 0.068771255816395732
leaf_weight=188 74 78 137 131 56 50 569 59 52 50 291 291 70 60 50 91 179 51 159 61 81 195 80 86 129 191 77 65 475 192 52 80 66 70 99 232 61 50 51 80 80 50 248 532 83 50 73 79 60 72 451 62 52 97 260 75 54 64 50 61 212 192
leaf_count=188 74 78 137 131 56 50 569 59 52 50 291 291 70 60 50 91 179 51 159 61 81 195 80 86 129 191 77 65 475 192 52 80 66 70 99 232 61 50 51 80 80 50 248 532 83 50 73 79 60 72 451 62 52 97 260 75 54 64 50 61 212 192
internal_value=0.000137031 0.032202 -0.0254127 -0.0159852 0.0480048 0.055493 0.0102309 0.0512918 0.0772519 0.177451 -0.00471569 -0.0351385 0.0342428 0.0392965 0.0628934 0.0523019 0.0775852 -0.0717153 -0.0656095 0.0350482 0.0849443 -0.0316376 -0.0458332 0.0289456 0.0581524 -0.0422867 0.0889983 0.0201899 -0.00752442 0.0178125 0.0293816 0.0456154 0.0669179 0.096827 0.0420814 0.0569345 -0.00301144 -0.023726 0.132453 0.0715516 -0.0273525 -0.051106 -0.0589606 -0.00829421 0.0332635 0.0173646 0.0273445 -0.0155623 0.0546021 0.0809991 -0.0511489 -0.0748227 -0.122967 -0.0421311 -0.0485512 0.0488637 -0.0794617 -0.102046 -0.00715934 0.0239885 0.0319387 0.0511548
internal_weight=8116 3599 4517 3754 2520 2282 1585 2226 881 109 1079 2169 1345 1275 772 484 270 763 712 1215 131 486 1563 1084 298 1483 341 214 606 786 594 462 321 182 431 331 141 238 121 264 132 511 461 1101 212 593 139 370 212 132 1113 305 114 808 711 140 302 201 100 543 465 253
internal_count=8116 3599 4517 3754 2520 2282 1585 2226 881 109 1079 2169 1345 1275 772 484 270 763 712 1215 131 486 1563 1084 298 1483 341 214 606 786 594 462 321 182 431 331 141 238 121 264 132 511 461 1101 212 593 139 370 212 132 1113 305 114 808 711 140 302 201 100 543 465 253
is_linear=0
shrinkage=0.03


Tree=51
num_leaves=63
num_cat=0
split_feature=273 23 23 141 78 23 98 137 309 43 176 78 37 23 248 155 173 325 159 17 200 24 23 133 7 171 144 73 16 76 23 71 252 19 149 19 55 78 292 78 96 115 313 71 102 150 294 101 221 97 164 58 53 219 177 190 52 234 194 55 17 20
split_gain=5832.16 1973.98 1092.18 1014.17 1006.35 804.685 703.583 938.31 749.845 673.606 621.054 651.9 563.804 540.669 499.034 621.646 625.174 523.151 486.761 450.395 512.38 416.898 396.443 417.674 415.31 437.469 396.095 386.22 378.088 362.415 364.295 353.827 350.266 346.254 336.551 361.031 371.911 324.789 316.332 309.982 308.962 406.996 308.6 430.368 360.872 342.232 307.764 303.979 301.424 285.118 375.544 277.114 315.238 494.277 276.875 274.943 273.741 411.786 349.789 272.626 306.215 258.064
threshold=0.25137363374233251 35.500000000000007 52.500000000000007 6.5000000000000009 1.2024590373039248 80.500000000000014 4.8336997032165536 1.5000000000000002 224.50000000000003 9.5000000000000018 0.44222222268581396 1.0509740114212038 158.50000000000003 40.500000000000007 4.3612430095672616 0.63292628526687633 4.7930672168731698 75.500000000000014 1.0000000180025095e-35 82.500000000000014 20.500000000000004 62.500000000000007 82.500000000000014 0.41612553596496588 33.500000000000007 5.085304021835328 71.500000000000014 3.6000000238418584 43.500000000000007 5.197071075439454 60.500000000000007 141.50000000000003 0.61470896005630504 29.500000000000004 1.2918955683708193 41.500000000000007 1.5569441318511965 0.84045451879501354 1.9878048896789553 1.4223906993865969 3.1179938316345219 203.50000000000003 4.287971258163453 38.500000000000007 0.66157731413841259 6.7804055213928232 1.1622778177261355 0.28106342256069189 0.67047631740570079 11.428375244140627 3.5000000000000004 0.64189964532852184 9.6218605041503924 1.2464535236358645 0.58309522271156322 65.500000000000014 3.4496695995330815 2.5000000000000004 8.492856979370119 1.0196083784103396 72.500000000000014 55.500000000000007
decision_type=2 2 2 2 2 2 2 2 2 2 2 2 2 2 2 2 2 2 2 2 2 2 2 2 2 2 2 2 2 2 2 2 2 2 2 2 2 2 2 2 2 2 2 2 2 2 2 2 2 2 2 2 2 2 2 2 2 2 2 2 2 2
left_child=1 -1 3 32 9 10 8 -8 14 21 11 26 18 -13 15 -5 17 38 40 20 -7 27 23 24 25 31 -2 28 -4 39 54 -14 -3 -30 46 36 51 -24 -17 -6 41 -11 -12 -44 45 -45 -15 -27 -19 50 -29 52 53 -36 -31 -20 58 -58 -21 60 -23 -37
right_child=5 2 4 6 29 19 7 -9 -10 12 42 13 22 34 -16 16 -18 48 55 56 -22 59 37 -25 -26 47 -28 49 33 30 -32 -33 -34 -35 35 61 -38 -39 -40 -41 -42 -43 43 44 -46 -47 -48 -49 -50 -51 -52 -53 -54 -55 -56 -57 57 -59 -60 -61 -62 -63
leaf_value=0.16862203440489246 0.078127828657018894 0.017027421668171883 -0.084935817018432433 -0.043325014261901378 -0.013223214163087083 -0.16643589650746432 0.19216226470829162 0.051365929217107836 0.13960308106030736 0.070385871425722585 -0.12794062365065603 0.035775607968577081 0.014401311304639368 0.068829662593141674 0.11081110555339942 -0.024210136956893481 -0.049319018850949678 0.05834830433568533 0.06542809330365236 0.036497761392593385 -0.068049691354937519 0.047427786632906643 0.033707402601200885 -0.038271681126807962 0.1208746293777796 0.028790216373877943 -0.014015046441927552 0.080636010816807199 0.052661857634782795 0.10284058156986296 -0.0048000737643157506 0.09756447927113622 -0.063523502655747063 -0.031652893596856857 0.026003366089180895 -0.061901455861477814 -0.10190324546769261 -0.016137685117863336 0.063371520254375605 -0.05940415930410381 0.042149809541801607 0.16458918241262435 0.023491077312538702 0.015938874836695396 -0.13095310383315742 -0.069027151718641377 -0.026163895348789261 -0.047979389716638253 0.16150250215083359 -0.0095257189533402824 0.0052553552754833026 -0.059640854101097984 0.029903675893942515 -0.089244904471788469 0.012108128184209699 -0.027978313686617184 -0.019859431919387795 -0.13018541208115117 -0.044664380167695604 -0.064928752921719471 -0.03407308149716809 -0.015680747902022948
leaf_weight=79 97 153 52 99 513 59 80 92 69 98 50 134 67 61 65 64 54 50 50 74 250 63 189 61 56 438 73 156 79 54 504 149 70 96 56 120 99 308 86 175 89 74 61 58 57 157 60 51 55 92 96 252 89 81 68 63 65 57 131 112 117 1089
leaf_count=79 97 153 52 99 513 59 80 92 69 98 50 134 67 61 65 64 54 50 50 74 250 63 189 61 56 438 73 156 79 54 504 149 70 96 56 120 99 308 86 175 89 74 61 58 57 157 60 51 55 92 96 252 89 81 68 63 65 57 131 112 117 1089
internal_value=0.000136232 0.0208118 0.0183481 0.0473929 0.0113054 -0.0311364 0.0648146 0.117585 0.0478826 0.0222712 -0.0237053 -0.0175794 0.0332615 -0.0222845 0.0342364 0.0217959 0.0427323 0.0623421 0.0657389 -0.0613602 -0.0873117 0.000697403 0.0240097 0.0367861 0.0428449 0.0364843 0.03871 0.0156027 -0.0147324 -0.010026 0.00648749 0.0719537 -0.00842833 0.00649215 -0.0263809 -0.0296621 -0.0491765 0.00284711 0.0260905 -0.025039 0.0881904 0.111632 -0.0589315 -0.0482178 -0.0643267 -0.0461384 0.0218971 0.020702 0.113395 0.035605 0.0520538 -0.0380662 -0.0138527 -0.0422891 0.052778 0.0135633 -0.0366459 -0.0720445 -0.0153319 -0.0284034 -0.00544334 -0.0203158
internal_weight=8116 4886 4807 937 3870 3230 714 172 542 2556 2594 2211 1693 2041 473 408 309 255 374 636 309 863 1319 822 761 705 170 571 227 1314 626 216 223 175 1907 1786 577 497 150 688 261 172 383 333 272 215 121 489 105 344 252 478 226 137 122 113 327 122 205 292 180 1209
internal_count=8116 4886 4807 937 3870 3230 714 172 542 2556 2594 2211 1693 2041 473 408 309 255 374 636 309 863 1319 822 761 705 170 571 227 1314 626 216 223 175 1907 1786 577 497 150 688 261 172 383 333 272 215 121 489 105 344 252 478 226 137 122 113 327 122 205 292 180 1209
is_linear=0
shrinkage=0.03


Tree=52
num_leaves=63
num_cat=0
split_feature=79 300 79 244 79 159 254 130 19 261 318 54 155 54 121 16 21 98 9 17 18 171 207 100 100 124 48 116 6 286 65 16 4 272 18 56 298 20 40 176 293 275 221 109 8 12 318 292 79 171 119 101 13 175 52 200 147 106 146 169 93 29
split_gain=6721.5 1108.72 918.641 883.436 1039.08 808.133 1006.93 616.143 530.996 514.246 628.921 506.467 798.577 799.762 1247.44 648.339 557.127 504.9 498.158 434.374 414.951 389.334 375.428 441.536 600.049 371.834 361.543 542.761 484.125 429.884 361.346 343.267 329.312 429.081 333.509 319.445 345.209 313.646 303.542 332.792 325.129 298.263 463.476 577.007 517.622 284.695 562.693 276.737 273.104 271.756 263.689 262.826 262.686 255.656 244.182 276.965 438.253 233.017 232.273 346.43 232.267 230.743
threshold=0.23447144776582721 7.5000000000000009 0.30970597267150884 20.500000000000004 0.19806650280952456 1.0000000180025095e-35 147.50000000000003 1.5000000000000002 25.500000000000004 7.5000000000000009 0.63647601008415233 4.4095270633697519 0.585169017314911 5.4935505390167245 0.79266321659088146 44.500000000000007 73.500000000000014 4.0821609497070321 32.500000000000007 61.500000000000007 55.500000000000007 15.224184989929201 6.5000000000000009 1.1671171188354494 0.97080135345458995 0.65701019763946544 394.50000000000006 100.50000000000001 2.5000000000000004 41.500000000000007 12.500000000000002 50.500000000000007 1.5000000000000002 0.73153153061866771 64.500000000000014 1.4559541940689089 221.50000000000003 88.500000000000014 1.5000000000000002 0.17316342145204547 0.59347826242446911 65.500000000000014 0.64153394103050243 10.500000000000002 2.5000000000000004 58.500000000000007 0.64923420548439037 3.1529221534729008 0.24796693772077563 9.555028438568117 9.2846250534057635 0.29395148158073431 44.500000000000007 1.0679723620414736 3.1793067455291752 32.500000000000007 69.500000000000014 2.5000000000000004 120.50000000000001 10.500000000000002 55.500000000000007 1.0000000180025095e-35
decision_type=2 2 2 2 2 2 2 2 2 2 2 2 2 2 2 2 2 2 2 2 2 2 2 2 2 2 2 2 2 2 2 2 2 2 2 2 2 2 2 2 2 2 2 2 2 2 2 2 2 2 2 2 2 2 2 2 2 2 2 2 2 2
left_child=1 3 21 51 5 6 7 11 18 45 -11 15 -13 14 -14 17 20 -5 47 31 -17 32 23 24 25 -18 27 28 57 -30 37 -6 60 -34 48 61 -37 -28 -21 40 -40 42 -12 44 -44 46 -10 -4 -35 -50 -33 58 -31 54 55 -24 -57 -7 59 -1 -2 -23
right_child=2 -3 8 4 19 26 -8 -9 9 10 41 12 13 -15 -16 16 22 -19 -20 38 -22 35 53 -25 -26 -27 30 -29 29 52 -32 50 33 34 -36 36 -38 -39 39 -41 -42 -43 43 -45 -46 -47 -48 -49 49 -51 -52 -53 -54 -55 -56 56 -58 -59 -60 -61 -62 -63
leaf_value=-0.0024950628713602814 0.031911434630552932 0.15106730974146296 -0.10038649299251499 -0.065151171386241921 0.091550393718583825 0.013991071341160151 0.16387885458566048 -0.032026414763957012 -0.095278716776916322 -0.018631993054185766 -0.17473375035483726 -0.0097315730899572364 0.081235387137957984 0.032780186656862498 0.27451276429132981 0.15947763909154863 0.13976405918598175 0.050632149288430808 -0.14258606865245382 -0.06712954133945076 0.069108959254450514 -0.051572965412743782 0.05688101405695993 0.13776700284170065 -0.039125459338812264 0.02823623782230748 0.092119722253707945 -0.080527714819015397 0.0019040893105557188 0.13798903573304414 -0.023897997693103901 0.041123533791274224 0.070641553545052679 0.067878489047288881 -0.030720435779217792 -0.027637067563901437 0.067209178261897151 0.0058909901814027258 0.061123218558290428 -0.0071506177819109637 -0.0037838599446695298 -0.022304513793318503 0.0020327873031298319 -0.15547706557171684 -0.099698045440427555 0.0085981714215469414 0.0010617860459246253 -0.018786625342507815 -0.02551278078500685 0.034057446456579273 -0.034128933240627421 -0.071682011772166265 0.040531814694404603 -0.012187275641053848 0.085949933258816599 -0.069076018566435027 0.034484673822550355 -0.049258638850280215 -0.043706883806355144 0.068299374323285797 -0.023834309651194166 0.0019426076486706732
leaf_weight=502 71 62 66 77 86 104 73 77 93 221 54 51 69 59 54 66 55 59 95 56 155 569 146 68 50 53 128 62 95 51 50 151 81 71 229 106 50 54 152 684 127 61 89 62 90 221 130 86 147 128 57 50 50 112 79 54 110 104 97 70 1054 83
leaf_count=502 71 62 66 77 86 104 73 77 93 221 54 51 69 59 54 66 55 59 95 56 155 569 146 68 50 53 128 62 95 51 50 151 81 71 229 106 50 54 152 684 127 61 89 62 90 221 130 86 147 128 57 50 50 112 79 54 110 104 97 70 1054 83
internal_value=0.000133908 0.0261119 -0.028551 0.0242305 0.030487 0.0432527 0.0558907 0.0501223 -0.049465 -0.0398459 -0.058502 0.0549458 0.095066 0.124325 0.167618 0.0462425 0.0550232 -0.0149187 -0.0889056 0.00942096 0.0966937 -0.018293 0.0422404 0.0742822 0.0462651 0.085794 0.016649 0.00138973 0.014129 0.0478444 0.0471616 0.0414786 -0.0104466 0.00644091 -0.00270995 -0.0355537 0.00299683 0.0667074 0.000140158 0.00411758 0.0316697 -0.0831313 -0.0955912 -0.0772092 -0.0493865 -0.0155243 -0.0393621 -0.0546427 0.0158639 0.00223739 0.0204368 -0.00603447 0.0906133 0.0276672 0.0391439 0.0269779 0.000173441 -0.0177182 -0.00102841 0.00627267 -0.0202909 -0.0447679
internal_weight=8116 4259 3857 4197 3478 2165 1467 1394 1268 1021 577 1317 233 182 123 1084 948 136 247 1313 221 2589 727 226 158 108 698 466 404 196 232 294 1781 656 575 808 156 182 1019 963 279 356 295 241 179 444 223 152 346 275 208 719 101 501 389 310 164 208 669 572 1125 652
internal_count=8116 4259 3857 4197 3478 2165 1467 1394 1268 1021 577 1317 233 182 123 1084 948 136 247 1313 221 2589 727 226 158 108 698 466 404 196 232 294 1781 656 575 808 156 182 1019 963 279 356 295 241 179 444 223 152 346 275 208 719 101 501 389 310 164 208 669 572 1125 652
is_linear=0
shrinkage=0.03


Tree=53
num_leaves=63
num_cat=0
split_feature=79 23 79 23 254 23 23 326 72 278 327 241 106 91 48 241 23 79 165 23 48 273 20 71 213 59 79 23 23 53 75 200 23 202 193 99 254 116 19 199 111 79 79 79 235 253 325 312 23 24 23 164 54 252 58 157 306 309 21 75 290 122
split_gain=6335.8 2129.4 1983.1 1927.55 1354.95 1660.78 1328.64 1322.98 1004.23 1376.99 859.693 894.443 649.789 633.746 673.602 811.492 631.907 586.002 546.001 596.058 484.083 518.03 604.2 480.885 448.269 434.243 430.244 377.265 373.589 442.978 362.746 415.926 361 359.775 357.637 356.55 352.402 344.011 374.05 397.941 339.966 317.506 310.533 306.268 494.631 306.199 298.267 309.687 296.31 296.141 283.956 278.751 264.168 263.467 309.259 261.24 256.808 251.851 251.007 250.841 269.264 239.642
threshold=0.21575680375099185 76.500000000000014 0.26794917881488806 84.500000000000014 62.500000000000007 55.500000000000007 56.500000000000007 195.50000000000003 24.500000000000004 1.5000000000000002 1.0000000180025095e-35 84.500000000000014 1.5000000000000002 36.500000000000007 87.500000000000014 44.500000000000007 48.500000000000007 0.16447026282548907 1.0000000180025095e-35 70.500000000000014 394.50000000000006 0.18274582922458651 93.500000000000014 171.50000000000003 21.500000000000004 17.500000000000004 0.18544973433017733 100.50000000000001 44.500000000000007 8.7012395858764666 9.6201000213623065 47.500000000000007 100.50000000000001 4.5000000000000009 13.26724147796631 2.7974951267242436 90.500000000000014 110.50000000000001 62.500000000000007 0.61001932621002208 6.5000000000000009 0.29185102880001074 0.24499800056219104 0.3003759384155274 1.0000000180025095e-35 21.500000000000004 75.500000000000014 2.2384020090103154 63.500000000000007 36.500000000000007 111.50000000000001 2.5000000000000004 1.99518758058548 0.6503582000732423 0.62787574529647838 52.500000000000007 4.5000000000000009 33.500000000000007 64.500000000000014 13.071320533752443 1.1309210658073428 1.1030400991439822
decision_type=2 2 2 2 2 2 2 2 2 2 2 2 2 2 2 2 2 2 2 2 2 2 2 2 2 2 2 2 2 2 2 2 2 2 2 2 2 2 2 2 2 2 2 2 2 2 2 2 2 2 2 2 2 2 2 2 2 2 2 2 2 2
left_child=3 2 6 4 10 7 25 -6 12 -10 13 23 -9 14 15 46 41 50 19 -15 21 22 30 49 -16 -2 -22 -19 29 -27 31 -7 35 40 37 59 -32 38 39 -18 -20 -4 -8 -39 -45 56 47 52 -23 58 57 -35 -1 54 -41 -53 -30 -5 -12 60 -3 -62
right_child=1 32 16 17 5 20 42 8 9 -11 11 -13 -14 18 24 -17 34 27 33 -21 26 48 -24 -25 -26 28 -28 -29 45 -31 36 -33 -34 51 -36 -37 -38 43 -40 53 -42 -43 -44 44 -46 -47 -48 -49 -50 -51 -52 55 -54 -55 -56 -57 -58 -59 -60 -61 61 -63
leaf_value=-0.016304379811921677 -0.023856837838888166 -0.022529402558343955 0.034753566462207924 -0.026938599194249797 0.014500033702043925 0.11285110561320415 0.0079537317551852706 0.17756340077925811 0.34667632839258983 0.13014723199605943 0.034766087154655352 0.089090405271911033 0.034093317594684536 0.18280242830514906 -0.09759051135608128 0.12802565104655317 -0.0028097596189574055 -0.01426360970250512 0.029572134734299337 0.051877365747436142 0.13279376488733799 0.055224908376291675 0.13806513095274567 0.053807089491747319 0.019892106608910994 0.16661768583928124 0.04920431344254695 -0.080447196515990374 0.046977971641553769 0.046515270051631065 0.049808841014312488 0.005028451170240129 -0.14276525485846731 0.06611135836992714 -0.10405438556163399 0.015224143853958916 -0.051459993115411357 -0.042454417241088213 -0.0100507991803302 -0.033032665585096065 0.12417395157603228 -0.017834814744037888 -0.023275612736222164 -0.053006814375238596 -0.16126619680128138 0.011076457955771023 0.072285724908113483 -0.066791803389787671 -0.027745262179339893 -0.049062317654102704 -0.042069365194645422 0.034648652343079449 0.069849528746171438 -0.042344572732730179 -0.1249537219306245 -0.055883498522368347 0.12325416878379625 0.038825990745652815 -0.042961625428426832 -0.014183442799297914 -0.054614761241975777 -0.096469858085877422
leaf_weight=76 59 82 131 61 67 77 619 54 50 59 91 81 60 67 62 73 137 446 60 60 93 51 62 71 54 58 140 93 134 54 58 55 53 73 80 50 64 315 483 51 81 475 532 105 60 134 59 51 151 268 57 59 54 235 97 54 57 346 62 72 200 343
leaf_count=76 59 82 131 61 67 77 619 54 50 59 91 81 60 67 62 73 137 446 60 60 93 51 62 71 54 58 140 93 134 54 58 55 53 73 80 50 64 315 483 51 81 475 532 105 60 134 59 51 151 268 57 59 54 235 97 54 57 346 62 72 200 343
internal_value=0.000132506 -0.0229463 -0.013608 0.0305681 0.0446734 0.0707982 0.0112068 0.131687 0.166674 0.231721 0.0259592 -0.00265913 0.103006 0.0445123 0.0183024 0.0411597 -0.0324473 -0.00455724 0.0691842 0.121837 0.0471419 0.0308869 0.0548136 -0.0179143 -0.0431977 0.0522001 0.0829933 -0.0258109 0.0624997 0.109635 0.0340306 0.0683006 -0.0674175 0.048426 -0.0425248 -0.0618878 -0.00330226 -0.0391377 -0.0290924 -0.046726 0.0844096 -0.00642817 -0.00648836 -0.060024 -0.0931082 0.0459696 0.0143164 -0.00487301 -0.0066285 -0.0301087 0.0201342 0.0208426 0.0197426 -0.0623867 -0.0937125 -0.0087252 0.0702644 0.0289275 0.00319414 -0.0674334 -0.0735354 -0.0811823
internal_weight=8116 4616 3816 3500 2497 1041 1647 290 223 109 1456 573 114 883 429 313 2169 1003 454 127 751 518 316 492 116 496 233 539 437 112 254 132 800 327 1563 747 122 1483 1003 520 141 606 1151 480 165 325 240 181 202 421 464 186 130 383 148 113 191 407 153 697 625 543
internal_count=8116 4616 3816 3500 2497 1041 1647 290 223 109 1456 573 114 883 429 313 2169 1003 454 127 751 518 316 492 116 496 233 539 437 112 254 132 800 327 1563 747 122 1483 1003 520 141 606 1151 480 165 325 240 181 202 421 464 186 130 383 148 113 191 407 153 697 625 543
is_linear=0
shrinkage=0.03


Tree=54
num_leaves=63
num_cat=0
split_feature=272 259 23 101 23 123 62 23 24 179 7 171 23 268 296 53 190 102 75 23 57 77 213 274 102 254 56 123 16 23 52 189 7 297 221 193 94 189 207 306 260 119 80 74 137 24 217 264 52 19 58 200 1 61 281 154 50 83 173 18 218 57
split_gain=2982.37 1367.14 1296.68 1064.05 873.645 714.847 626.414 693.116 597.742 910.605 802.65 702.411 535.137 684.331 504.092 495.733 484.243 444.782 433.053 423.59 460.623 409.133 406.971 452.346 396.93 380.344 398.608 449.423 378.861 413.804 588.557 466.312 376.757 370.031 350.457 330.64 405.085 330.01 309.571 294.845 292.975 291.032 290.567 284.314 279.784 273.924 278.503 273.72 268.266 271.197 373.31 315.659 265.294 338.877 270.056 264.397 260.375 299.59 253.927 253.757 246.196 243.601
threshold=1.1830143332481386 3.5000000000000004 60.500000000000007 0.21404471248388293 55.500000000000007 0.21593576669692996 1.5000000000000002 99.500000000000014 42.500000000000007 31.500000000000004 2.5000000000000004 4.954545497894288 43.500000000000007 12.823307991027834 0.62713956832885753 9.4193024635314959 33.500000000000007 0.6372894048690797 3.6134327650070195 85.500000000000014 0.20806725323200229 2.5627412796020512 42.500000000000007 0.59889775514602672 0.70551913976669323 110.50000000000001 1.0353621840476992 0.24447927623987201 42.500000000000007 57.500000000000007 3.7745375633239751 32.500000000000007 8.5000000000000018 58.500000000000007 0.63268041610717785 2.1687097549438481 24.500000000000004 24.500000000000004 6.5000000000000009 1.0000000180025095e-35 5.5000000000000009 10.351691722869875 0.64292758703231823 8.4448370933532733 4.5000000000000009 33.500000000000007 1.3585442900657656 78.500000000000014 2.8334983587265019 27.500000000000004 0.64456620812416088 21.500000000000004 29.500000000000004 16.500000000000004 3.5000000000000004 0.12599206715822223 131.50000000000003 14.500000000000002 1.61229944229126 57.500000000000007 0.83725962042808544 0.24415149539709094
decision_type=2 2 2 2 2 2 2 2 2 2 2 2 2 2 2 2 2 2 2 2 2 2 2 2 2 2 2 2 2 2 2 2 2 2 2 2 2 2 2 2 2 2 2 2 2 2 2 2 2 2 2 2 2 2 2 2 2 2 2 2 2 2
left_child=1 8 3 5 -3 15 18 22 9 39 28 16 13 -5 -6 -2 -12 37 -4 20 41 24 23 52 35 26 59 32 -11 30 31 -30 -28 -24 -15 36 38 -7 -10 -1 -19 -18 47 -31 -35 -44 -47 -14 -25 50 -50 -52 53 54 -8 -20 58 -58 -38 -13 -39 -59
right_child=2 4 6 12 14 17 7 -9 21 10 11 25 42 34 -16 -17 19 40 55 -21 -22 -23 33 48 -26 -27 27 -29 29 43 -32 -33 -34 44 -36 -37 56 60 -40 -41 -42 -43 45 -45 -46 46 -48 -49 49 -51 51 -53 -54 -55 -56 -57 57 61 -60 -61 -62 -63
leaf_value=-0.0097993476051264072 0.17220943107085196 0.17260007718801498 -0.094355370933359314 0.10103527134425844 0.0046431258717086164 -0.076600250886245197 -0.0059365796771916474 -0.1242596731385724 0.025460433191374726 -0.048278203658430892 0.0061877299696207044 -0.066860769334293538 -0.015345674126189359 0.047891340198355815 0.10526768311108575 0.052267483369081831 0.19377192704497198 0.026464223540166303 0.051634819493407293 0.02391382546729541 0.071920790936332191 -0.069920584565919375 0.012396927889040175 -0.010970650655049156 -0.052060931124008045 0.099518634702544656 0.12012254749967045 0.001606256459615653 0.1674094344661213 0.022326718552090296 -0.015057782360936625 0.03810733621611314 0.031214158905228388 0.012820672517021497 -0.044001144075251006 -0.0035120277117886944 0.030299681560187548 0.059471310931775302 -0.071141391197840367 -0.089162605150233748 0.11095776338622254 0.10315242203883826 -0.087237920148238057 -0.025034321347977652 -0.061746754561635579 0.018180452893887249 -0.047955508049587703 0.052677716060336367 -0.052268306616460904 -0.054078302830339493 -0.1859541210789572 -0.082977432443176291 -0.049802562607634632 -0.048400203554850557 0.084754124271372952 -0.011866198740233532 -0.028250346520148652 0.05099179976330083 0.10308732909227118 0.018397637813773363 -0.028514149669008178 -0.017065883277625333
leaf_weight=207 52 74 54 78 99 54 65 87 56 84 59 62 546 61 81 78 75 125 62 55 119 68 234 82 103 63 78 157 51 320 58 50 96 62 93 878 90 53 62 52 52 63 92 176 164 83 181 58 95 393 54 58 142 68 53 935 84 216 84 62 60 60
leaf_count=207 52 74 54 78 99 54 65 87 56 84 59 62 546 61 81 78 75 125 62 55 119 68 234 82 103 63 78 157 51 320 58 50 96 62 93 878 90 53 62 52 52 63 92 176 164 83 181 58 95 393 54 58 142 68 53 935 84 216 84 62 60 60
internal_value=0.000132792 0.0193111 -0.0171075 0.00356661 0.0864363 0.041538 -0.0303105 -0.0423857 0.0145364 0.0261574 0.0344685 0.0536591 -0.0115549 0.0292487 0.0502556 0.101193 0.0851327 0.0187662 -0.0123986 0.0999939 0.11612 0.00163691 -0.0374589 -0.0481056 0.00465762 0.0309966 0.0213115 0.0384676 0.0113412 0.019049 0.0610022 0.1044 0.0715283 -0.0140287 -0.00752803 0.00850743 0.0246737 -0.016315 -0.0254678 -0.0260149 0.0517711 0.153442 -0.021436 0.00550463 -0.0413238 -0.042896 -0.0271726 -0.00873735 -0.062018 -0.0689646 -0.0968313 -0.133833 -0.0190774 0.00452029 0.0351673 -0.00786951 0.0357806 0.0211161 0.0658268 -0.0244254 0.012913 0.0361885
internal_weight=8116 3842 4274 1666 254 474 2608 1557 3588 1887 1628 889 1192 232 180 130 371 344 1051 312 257 1701 1470 1010 1633 518 455 331 739 655 159 101 174 460 154 1530 652 167 118 259 177 138 960 496 226 356 264 604 682 600 207 112 328 186 118 997 534 360 174 124 113 276
internal_count=8116 3842 4274 1666 254 474 2608 1557 3588 1887 1628 889 1192 232 180 130 371 344 1051 312 257 1701 1470 1010 1633 518 455 331 739 655 159 101 174 460 154 1530 652 167 118 259 177 138 960 496 226 356 264 604 682 600 207 112 328 186 118 997 534 360 174 124 113 276
is_linear=0
shrinkage=0.03


Tree=55
num_leaves=63
num_cat=0
split_feature=79 23 23 23 59 23 79 79 234 300 23 141 44 298 23 150 23 327 244 194 176 238 308 212 91 328 79 311 88 36 79 91 101 304 134 251 142 159 67 101 292 246 23 23 89 79 79 130 261 60 79 40 19 23 12 211 23 211 70 318 23 43
split_gain=5819.76 2375.09 1496.44 1401.61 1455.67 1705.02 1149.04 965.589 783.658 667.139 617.353 542.551 538.891 524.632 521.297 518.653 648.127 479.888 914.68 738.587 662.6 451.802 402.136 395.379 382.574 445.043 652.175 531.633 386.828 364.61 355.008 505.335 348.843 348.613 346.608 325.533 324.312 318.299 442.728 380.523 368.478 315.205 312.6 293.876 292.182 291.864 277.605 275.965 334.733 372.511 375.321 374.133 356.877 325.938 296.083 406.473 274.047 272.395 271.48 274.462 270.79 373.069
threshold=0.23447144776582721 75.500000000000014 66.500000000000014 36.500000000000007 26.500000000000004 48.500000000000007 0.27978494763374334 0.20415349304676059 4.5000000000000009 6.5000000000000009 41.500000000000007 28.500000000000004 86.500000000000014 69.500000000000014 112.50000000000001 11.427754402160646 66.500000000000014 1.0000000180025095e-35 48.500000000000007 8.0712766647338885 0.13873296231031421 27.500000000000004 38.500000000000007 60.500000000000007 16.500000000000004 1.0000000180025095e-35 0.30970597267150884 4.1499998569488534 9.5000000000000018 0.24764151126146319 0.13063795119524005 36.500000000000007 0.28956443071365362 30.500000000000004 38.500000000000007 0.27261956036090856 10.500000000000002 1.0000000180025095e-35 7.5000000000000009 0.20477184653282168 4.3868637084960946 2.8746948242187504 88.500000000000014 92.500000000000014 8.5000000000000018 0.211651585996151 0.18454070389270785 1.5000000000000002 8.5000000000000018 188.50000000000003 0.29740898311138159 4.5000000000000009 69.500000000000014 45.500000000000007 66.500000000000014 29.500000000000004 87.500000000000014 30.500000000000004 88.500000000000014 0.67062348127365123 53.500000000000007 13.500000000000002
decision_type=2 2 2 2 2 2 2 2 2 2 2 2 2 2 2 2 2 2 2 2 2 2 2 2 2 2 2 2 2 2 2 2 2 2 2 2 2 2 2 2 2 2 2 2 2 2 2 2 2 2 2 2 2 2 2 2 2 2 2 2 2 2
left_child=1 3 6 -1 13 8 10 14 -6 11 -2 12 15 57 30 32 -17 18 20 -20 23 -19 -22 -15 -4 28 -27 -28 -26 36 31 -3 37 47 -33 -29 -13 38 -7 -40 -39 -30 58 -9 -41 -14 -44 48 52 51 -51 -50 54 -54 -8 -56 -43 -5 -32 -60 61 -12
right_child=2 7 24 4 5 9 33 43 -10 -11 60 29 45 17 -16 16 -18 21 19 -21 22 -23 -24 -25 25 26 27 35 41 -31 42 34 -34 -35 -36 -37 -38 40 39 44 -42 56 46 -45 -46 -47 -48 -49 49 50 -52 -53 53 -55 55 -57 -58 -59 59 -61 -62 -63
leaf_value=0.19958612918853758 0.095326178118790655 -0.00072903466375107107 0.022022097036242482 -0.0024471548181974282 0.21667528800409414 0.14051709511213833 -0.056148681751729816 -0.028173900319537683 0.068550086882379319 0.14929299129646847 -0.013796014176762621 0.061131120996162434 0.17181370757081929 0.068008654916384179 -0.073126776931541307 0.16946914911735803 0.036247677112264287 -0.018662873728800627 -0.10577874364221797 0.038341590110645737 0.079829457535044002 0.074791402863017442 -0.013605911565062247 0.17254148030435884 0.0095146754390463741 -0.054254268117106541 -0.052431985468700017 -0.22303331350578981 -0.01183125359788537 -0.065452455699157253 0.0037941538281107351 0.13584983452370292 -0.028638377649628597 0.046551516493065999 0.047061525477762642 -0.11293479057757014 -0.016808148004802997 0.045373624610273458 0.0036084112323062343 0.11953642833581496 -0.035508433439564412 -0.05354013704932422 0.0050976933370221328 -0.092883113332147896 0.03734778207965022 0.069053266619642575 -0.043064922525267474 0.023543437357246875 -0.075176346943048492 -0.025414219455712515 -0.098974351840230027 -0.0054511635626507239 0.040236910459824089 -0.021367556200684788 0.055184938129037617 -0.053503395337611434 -0.12456123547362428 -0.070320028527424888 0.026812824754224668 0.10273448666185139 -0.0057046895402995037 0.055240571809718843
leaf_weight=50 72 144 59 294 86 53 307 386 53 57 114 100 50 60 62 63 69 235 50 85 91 57 75 76 115 352 57 50 149 51 294 56 68 51 136 54 91 132 112 73 81 437 317 75 85 53 162 74 104 91 204 204 120 213 59 63 55 64 154 59 671 182
leaf_count=50 72 144 59 294 86 53 307 386 53 57 114 100 50 60 62 63 69 235 50 85 91 57 75 76 115 352 57 50 149 51 294 56 68 51 136 54 91 132 112 73 81 437 317 75 85 53 162 74 104 91 204 204 120 213 59 63 55 64 154 59 671 182
internal_value=0.000131079 0.0243038 -0.0265604 0.0438831 0.0405068 0.062215 -0.0130101 -0.00132363 0.161089 0.0500073 0.0111998 0.0446389 0.0560416 0.0149705 0.011205 0.0469248 0.100627 0.0295625 0.0494227 -0.0154216 0.0783646 -0.000227088 0.037786 0.127257 -0.052336 -0.0558078 -0.0773909 -0.127328 -0.0410793 0.00503854 0.0152124 0.0417957 0.0350417 -0.0298882 0.0735278 -0.167487 0.0241036 0.0431588 0.0618928 0.0459976 0.0145935 -0.0501568 0.00612038 -0.0388797 0.075834 0.120109 -0.0112469 -0.0326278 -0.035688 -0.0523822 -0.0764454 -0.0291618 -0.0224258 0.000886255 -0.0404812 -0.000919683 -0.061716 -0.0147429 0.0225184 0.0482246 0.00484394 0.0286952
internal_weight=8116 4259 3857 2414 2364 1277 2529 1845 139 1138 1039 1081 839 1087 1384 736 132 729 437 135 302 292 166 136 1328 1269 513 161 756 242 1322 336 604 1490 192 104 191 536 323 270 213 641 986 461 158 103 479 1439 1365 603 295 308 762 333 429 122 492 358 507 213 967 296
internal_count=8116 4259 3857 2414 2364 1277 2529 1845 139 1138 1039 1081 839 1087 1384 736 132 729 437 135 302 292 166 136 1328 1269 513 161 756 242 1322 336 604 1490 192 104 191 536 323 270 213 641 986 461 158 103 479 1439 1365 603 295 308 762 333 429 122 492 358 507 213 967 296
is_linear=0
shrinkage=0.03


Tree=56
num_leaves=63
num_cat=0
split_feature=273 23 23 146 78 23 60 98 291 123 23 78 133 23 142 2 74 176 78 237 134 176 17 200 80 270 251 124 25 193 55 10 88 292 43 23 144 78 102 243 84 120 143 58 19 55 242 242 52 234 194 294 23 272 91 3 201 10 120 23 98 199
split_gain=4410.02 1733.76 875.678 854.161 783.561 692.663 637.184 606.371 732.782 629.872 540.923 609.088 524.921 543.822 523.263 532.841 510.449 481.937 538.201 458.672 441.191 420.818 413.889 471.71 392.259 389.608 374.147 373.436 351.497 337.087 334.741 324.419 374.73 325.628 303.254 293.195 289.405 289.403 313.054 275.924 262.815 270.937 262.131 286.176 386.1 550.993 250.907 249.698 234.246 369.811 319.77 227.54 221.573 216.688 268.237 229.196 209.493 208.506 252.816 208.191 227.953 252.463
threshold=0.25137363374233251 35.500000000000007 52.500000000000007 79.500000000000014 1.2024590373039248 80.500000000000014 60.500000000000007 4.7687165737152108 8.5335659980773944 0.15804340690374377 40.500000000000007 1.5604053735733034 0.41612553596496588 83.500000000000014 3.5000000000000004 3.5000000000000004 3.3405612707138066 0.44222222268581396 1.0404081344604494 14.500000000000002 42.500000000000007 0.16172623634338382 82.500000000000014 20.500000000000004 0.57832711935043346 1.7709677219390871 0.24766273796558383 0.64103496074676525 1.5000000000000002 2.3581235408782963 1.3038980960845949 5.5000000000000009 12.500000000000002 3.1196757555007939 9.5000000000000018 60.500000000000007 71.500000000000014 1.649175822734833 0.62926760315895092 225.50000000000003 1.0000000180025095e-35 3.3378940820693974 1.5000000000000002 0.6379695236682893 40.500000000000007 1.6620500087738039 139.50000000000003 93.500000000000014 3.4496695995330815 2.5000000000000004 8.492856979370119 1.1622778177261355 64.500000000000014 0.57793521881103527 91.500000000000014 2.5000000000000004 80.500000000000014 1.0000000180025095e-35 2.118240594863892 53.500000000000007 2.8746948242187504 0.62747907638549816
decision_type=2 2 2 2 2 2 2 2 2 2 2 2 2 2 2 2 2 2 2 2 2 2 2 2 2 2 2 2 2 2 2 2 2 2 2 2 2 2 2 2 2 2 2 2 2 2 2 2 2 2 2 2 2 2 2 2 2 2 2 2 2 2
left_child=1 -1 3 27 6 10 -4 9 -9 -5 11 -2 13 16 15 -11 20 18 36 28 -8 -15 23 -7 52 -19 31 -3 34 40 -28 33 -33 -16 -18 39 -12 -26 -39 -31 -30 -42 51 56 45 57 -36 -46 50 -50 -24 -20 -6 -37 -55 -56 -44 58 -45 -49 -61 -62
right_child=5 2 4 7 24 22 12 8 -10 14 17 -13 -14 21 26 -17 19 25 42 -21 -22 -23 48 -25 37 -27 30 -29 29 35 -32 32 -34 -35 46 53 -38 38 -40 -41 41 -43 43 44 47 -47 -48 59 49 -51 -52 -53 -54 54 55 -57 -58 -59 -60 60 61 -63
leaf_value=0.15663248735480009 0.11817427010987611 0.011893093564553174 -0.01625672761615805 -0.056896001695180838 0.07499728156195487 -0.15584820927679538 0.1521908810333116 0.040769704191533973 0.16265153681761341 0.045786601367837458 0.070682634351293683 -0.0052439374721995214 -0.043520853389250602 0.02810880452778429 0.087138235028833153 0.17082831348529304 -0.046349567547440525 -0.10763921115355393 0.061578540690243239 0.10405242959753824 0.039053890340118892 -0.019903270428133481 0.037806575959920881 -0.061515368195732979 -0.0099783142432274801 -0.036602609353397673 0.12316043334568921 -0.079520613755327915 -0.004304526329040527 0.015261935327540742 0.024390407586928273 -0.078999628456015339 0.026849992923962417 -0.012299669974428766 0.042917322083234156 -0.029938868945464492 -0.011038914432483058 -0.010837136551414092 -0.093647424363132031 0.10982497130488526 0.053021061317709117 0.1168278928134929 0.032121572642276684 0.022536749588755463 0.0032747057420963966 -0.15286225578145071 -0.035590875218896305 0.0010402882471680641 -0.014788893336345525 -0.11925721348745041 -0.039784351898865269 -0.019817697359248994 0.0077732461209719375 -0.011499711992290183 0.015024570372913314 0.082138156442925686 -0.01689319827257468 -0.076957250347603909 -0.05194050605392217 -0.063735599800849627 -0.060765495079796054 0.011781982879799145
leaf_weight=79 50 166 387 52 63 59 63 85 94 66 88 122 94 358 71 58 89 96 59 77 62 302 74 250 944 252 64 52 54 54 60 56 63 50 130 95 69 81 83 57 292 76 89 64 225 50 50 116 65 57 131 63 143 130 105 81 615 114 111 235 73 103
leaf_count=79 50 166 387 52 63 59 63 85 94 66 88 122 94 358 71 58 89 96 59 77 62 302 74 250 944 252 64 52 54 54 60 56 63 50 130 95 69 81 83 57 292 76 89 64 225 50 50 116 65 57 131 63 143 130 105 81 615 114 111 235 73 103
internal_value=0.00013087 0.0181098 0.0158012 0.0418082 0.00949521 -0.0270629 0.0191714 0.0575618 0.105323 0.0415645 -0.0201696 0.0311092 0.0254972 0.0286433 0.0521511 0.105173 0.0391264 -0.0238225 -0.0183231 0.0334643 0.0968302 0.00614277 -0.0551025 -0.0799718 -0.00932727 -0.0564512 0.0338502 -0.0101756 0.0289014 0.037514 0.0759459 0.0118759 -0.0232048 0.0462842 -0.00134973 0.0213319 0.0349242 -0.0163972 -0.0530608 0.0643683 0.057433 0.0664795 -0.0227 -0.0255929 -0.0352103 -0.0617603 0.0210333 -0.0231755 -0.03143 -0.0641706 -0.0117284 0.0197267 0.028595 0.00958092 0.0215188 0.0445344 -0.01066 -0.045526 -0.0247298 -0.034453 -0.0444488 -0.018482
internal_weight=8116 4886 4807 937 3870 3230 2556 719 179 540 2594 172 2169 2075 488 124 1415 2422 2074 1290 125 660 636 309 1314 348 364 218 1213 944 124 240 119 121 269 522 157 1108 164 111 422 368 1917 1795 1091 339 180 752 327 122 205 122 206 411 316 186 704 289 175 527 411 176
internal_count=8116 4886 4807 937 3870 3230 2556 719 179 540 2594 172 2169 2075 488 124 1415 2422 2074 1290 125 660 636 309 1314 348 364 218 1213 944 124 240 119 121 269 522 157 1108 164 111 422 368 1917 1795 1091 339 180 752 327 122 205 122 206 411 316 186 704 289 175 527 411 176
is_linear=0
shrinkage=0.03


Tree=57
num_leaves=63
num_cat=0
split_feature=79 23 71 79 23 23 23 79 36 23 62 146 49 23 194 105 221 75 146 141 70 23 52 53 242 268 149 120 80 283 136 24 1 79 154 277 262 23 15 326 23 81 19 79 272 240 19 175 69 23 80 199 249 307 83 78 250 318 151 24 326 141
split_gain=5318.67 2408.33 1386.41 1317.12 1116.83 1082.69 828.543 758.926 697.192 685.172 625.892 730.069 939.211 513.432 736.913 1087.95 763.952 582.54 562.615 457.649 399.245 391.224 405.514 521.833 399.938 385.386 378.827 399.505 380.977 373.282 493.307 393.085 573.704 370.652 347.951 352.952 336.441 335.364 327.917 320.936 315.024 304.337 374.13 343.928 315.752 299.448 288.51 271.443 269.083 269.043 267.74 250.357 249.082 244.886 310.367 420.165 300.106 336.088 236.175 234.108 232.896 227.874
threshold=0.24452438205480578 66.500000000000014 43.500000000000007 0.19806650280952456 59.500000000000007 39.500000000000007 79.500000000000014 0.3003759384155274 0.52440476417541515 103.50000000000001 1.0000000180025095e-35 87.500000000000014 153.50000000000003 55.500000000000007 8.6285109519958514 28.500000000000004 0.66962319612503063 7.506521701812745 125.50000000000001 14.500000000000002 49.500000000000007 83.500000000000014 2.2520872354507451 11.325625896453859 104.50000000000001 2.867481112480164 1.7475911378860476 2.0959575176239018 0.66548669338226329 6.5000000000000009 15.500000000000002 55.500000000000007 28.500000000000004 0.12933094054460528 0.2194052189588547 6.5000000000000009 4.5000000000000009 73.500000000000014 62.500000000000007 211.50000000000003 97.500000000000014 34.500000000000007 25.500000000000004 0.29140295088291174 2.3911764621734624 6.5000000000000009 73.500000000000014 2.069711565971375 46.500000000000007 50.500000000000007 0.61712998151779186 0.60566243529319774 0.74142262339591991 110.50000000000001 7.5000000000000009 1.6651514768600466 0.93821564316749584 0.63223543763160717 2.3095818758010869 59.500000000000007 227.50000000000003 18.500000000000004
decision_type=2 2 2 2 2 2 2 2 2 2 2 2 2 2 2 2 2 2 2 2 2 2 2 2 2 2 2 2 2 2 2 2 2 2 2 2 2 2 2 2 2 2 2 2 2 2 2 2 2 2 2 2 2 2 2 2 2 2 2 2 2 2
left_child=1 2 10 9 7 -4 -5 49 13 20 11 50 52 14 15 16 19 -16 -19 -7 46 22 -22 24 61 48 -27 -28 34 31 39 32 60 -11 35 -29 -20 -34 -26 -31 -8 44 43 -43 -33 -36 59 -44 -15 51 -1 -2 -13 54 55 -9 -56 -58 -57 -3 -6 -24
right_child=4 3 5 6 29 8 40 53 -10 33 -12 12 -14 25 17 -17 -18 18 36 -21 21 -23 23 -25 38 26 27 28 -30 30 -32 41 37 -35 45 -37 -38 -39 -40 -41 -42 42 47 -45 -46 -47 -48 -49 -50 -51 -52 -53 -54 -55 56 58 57 -59 -60 -61 -62 -63
leaf_value=0.0021556619354310982 -0.010157177338052341 0.038928340959236404 0.19477379178188065 0.0028311369292251197 -0.022503116539920924 0.022056683256776757 -0.038689645680360409 -0.078282916567942895 -0.021741185094956511 0.026356834857724606 -0.071057041995227332 0.16775576757533209 -0.010855556587422533 0.0553404991949598 0.20871761423046306 0.1711162647915383 0.11368274256316097 0.15837774729167545 -0.004717997338841943 -0.090028184512082263 0.12129400707599593 0.021786140051464679 0.059767919035459104 -0.030241767757787152 0.060243519817183663 -0.019755638125506073 -0.0014365401285651481 0.041135011765384866 0.13542797795430359 -0.070937645393065532 -0.050120926932889526 -0.015352154724443188 -0.060286538823064957 -0.062558868047297003 -0.035566553722728378 0.14903800973997394 0.10470493298243073 -0.13611162027132881 0.15454621137451316 -0.17868109284074238 -0.10971881465578917 -0.036043181355152998 -0.010794199620014178 -0.13997141183712161 0.065155534817547101 0.048937101912153655 -0.033864843916084804 -0.070052151454742556 0.14061288586258888 -0.0063768302474201382 -0.074997826700701431 0.042898367408820436 0.073059917177785844 0.030827824079177599 0.013719142098403112 0.071001679048223312 -0.015388307912327665 -0.070310701965212566 -0.0053959436217943827 -0.0065355645840366678 -0.081976335025201102 -0.01620793477073312
leaf_weight=196 111 235 54 657 323 91 491 52 90 63 79 55 83 80 58 53 54 78 50 50 81 488 87 64 81 90 113 61 55 51 294 155 121 124 54 50 50 96 58 52 63 66 367 51 60 120 117 85 59 427 50 283 50 54 65 52 141 352 116 179 72 59
leaf_count=196 111 235 54 657 323 91 491 52 90 63 79 55 83 80 58 53 54 78 50 50 81 488 87 64 81 90 113 61 55 51 294 155 121 124 54 50 50 96 58 52 63 66 367 51 60 120 117 85 59 427 50 283 50 54 65 52 141 352 116 179 72 59
internal_value=0.000128814 0.0209888 0.0479015 0.00374519 -0.0281384 0.0642628 -0.0199624 -0.0103415 0.0585012 0.0212955 0.00607729 0.0202489 0.0645953 0.0647082 0.0883631 0.0519301 0.0188282 0.126268 0.0983865 -0.0180438 0.0282715 0.0402384 0.0610805 0.0467988 0.0641444 0.047816 0.0362849 0.0474378 0.0636378 -0.0445308 -0.0702124 -0.0371823 -0.0551926 -0.0326225 0.0493585 0.0906367 0.0504885 -0.0943018 0.100416 -0.126527 -0.0469501 -0.0230708 -0.0345441 -0.0821475 0.00731274 0.0226585 0.00754631 -0.0220679 0.0922811 0.0101171 -0.0137661 0.0279634 0.123777 -0.0305175 -0.0348095 -0.00460286 -0.0466894 -0.0546656 0.0185311 0.0193029 -0.0335234 0.029164
internal_weight=8116 4670 1823 2847 3446 1310 1211 1653 1256 1636 513 434 188 1166 484 248 195 236 178 141 1449 918 430 349 285 682 543 453 340 1793 397 1396 612 187 285 111 100 217 139 103 554 784 569 117 215 174 531 452 139 821 246 394 105 832 778 220 558 493 168 414 395 146
internal_count=8116 4670 1823 2847 3446 1310 1211 1653 1256 1636 513 434 188 1166 484 248 195 236 178 141 1449 918 430 349 285 682 543 453 340 1793 397 1396 612 187 285 111 100 217 139 103 554 784 569 117 215 174 531 452 139 821 246 394 105 832 778 220 558 493 168 414 395 146
is_linear=0
shrinkage=0.03


Tree=58
num_leaves=63
num_cat=0
split_feature=273 23 23 297 24 145 176 17 121 23 52 232 167 216 78 116 61 96 176 83 76 83 218 131 278 326 2 47 23 203 96 20 58 62 188 19 217 290 286 9 101 126 273 266 56 315 314 60 218 151 144 302 172 98 116 217 198 61 273 24 250 288
split_gain=3920.27 1756.53 754.975 701.209 692.512 705.429 742.802 678.48 832.486 524.369 524 488.597 546.59 457.687 444.992 436.568 637.543 426.784 378.64 387.262 376.391 366.263 462.305 366.578 356.046 354.59 378.519 487.391 436.856 346.929 339.822 365.488 370.088 335.094 319.608 441.05 317.479 330.297 461.715 302.643 301.499 377.957 285.159 280.226 364.887 265.934 265.881 365.699 263.478 261.988 285.247 258.318 264.345 286.622 238.498 231.203 231.082 238.038 237.609 256.914 230.574 342.698
threshold=0.2485294118523598 35.500000000000007 46.500000000000007 140.50000000000003 55.500000000000007 36.500000000000007 0.16172623634338382 54.500000000000007 1.2985229492187502 86.500000000000014 4.9509823322296151 439.50000000000006 22.500000000000004 4.9240577220916757 1.3834841847419741 49.500000000000007 13.500000000000002 4.2201242446899423 0.13423423469066623 4.5000000000000009 2.9219594001770024 7.5000000000000009 3.9770973920822148 1.5000000000000002 2.5000000000000004 219.50000000000003 4.5000000000000009 160.50000000000003 69.500000000000014 1.5000000000000002 3.2154461145401005 68.500000000000014 0.64607408642768871 1.5000000000000002 16.500000000000004 31.500000000000004 5.0071427822113046 1.1869565248489382 23.500000000000004 33.500000000000007 0.17864742130041125 6.5000000000000009 0.45080643892288214 5.5000000000000009 1.0171823501586916 1.2908571362495425 1.2367132902145388 72.500000000000014 0.83725962042808544 2.127587199211121 114.50000000000001 3.5000000000000004 8.5586123466491717 2.8453644514083867 28.500000000000004 3.2827050685882573 0.16767068207263949 6.5000000000000009 0.29893617331981664 39.500000000000007 1.293471157550812 12.500000000000002
decision_type=2 2 2 2 2 2 2 2 2 2 2 2 2 2 2 2 2 2 2 2 2 2 2 2 2 2 2 2 2 2 2 2 2 2 2 2 2 2 2 2 2 2 2 2 2 2 2 2 2 2 2 2 2 2 2 2 2 2 2 2 2 2
left_child=1 -1 10 4 5 45 7 8 -7 14 15 40 -13 -9 20 -2 -17 56 19 54 42 60 23 30 25 26 34 -28 -29 -14 39 32 -32 -19 -15 -36 37 38 -21 -23 41 48 -4 -27 -45 -3 -42 -48 -8 -49 -51 52 53 -33 -6 -54 -11 -58 -59 -60 61 -16
right_child=2 3 9 -5 18 6 11 13 -10 17 -12 12 29 24 21 16 -18 33 -20 36 -22 22 -24 -25 -26 43 27 28 -30 -31 31 51 -34 -35 35 -37 -38 -39 -40 -41 46 -43 -44 44 -46 -47 47 49 -50 50 -52 -53 55 -55 -56 -57 57 58 59 -61 -62 -63
leaf_value=0.16614021883967023 -0.0095475722430734943 -0.0030538372674821569 -0.016361464775112366 0.12318570070916957 0.0093882421140052096 0.16266104229931766 0.098114646355817584 0.12100972420678047 0.015691021495897853 -0.079378546858827267 -0.021350521632494068 0.12652957303707416 0.086740438010579402 -0.039176086132228373 -0.099879168402403587 0.13019214819012967 0.013384888739183837 -0.055324165391921996 -0.009395080543777426 0.014273936328026328 0.013179129248546773 0.020998908267392001 -0.12588980541165384 0.033703110256502702 -0.020793552637258742 0.0077472465733687086 0.0038490649431626848 0.14979815430706367 0.038989859712657643 -0.0075151192069634653 -0.050601090578096253 -0.11967508443923137 -0.12808872231997942 -0.14844676420122951 0.07488864794940403 -0.01401857022498105 0.090740853118807516 0.0044586286988462613 0.11532680769977362 -0.047741038146094206 0.025981219809125117 -0.0346141080136569 -0.084297373463384437 0.13840214939191939 0.055080857911311523 -0.076779860296788127 -0.091746882193467827 -0.065755619627814135 0.018812030848454342 -0.010734280080226286 0.06455022325532303 0.011078729197116834 0.0025376126451536695 -0.04830199767407533 -0.068316156245194937 -0.05770705939817828 0.034899579659104348 0.011723794322460889 -0.10712736912387408 -0.022543752709202267 0.0093953691001038946 -0.0036724252340958473
leaf_weight=71 100 288 642 54 78 94 75 58 55 89 233 64 51 99 51 80 88 74 1125 100 436 130 55 61 93 53 93 63 66 108 139 66 94 68 91 110 66 347 68 102 157 52 60 74 135 51 54 61 76 280 53 83 140 221 64 96 50 59 58 73 248 93
leaf_count=71 100 288 642 54 78 94 75 58 55 89 233 64 51 99 51 80 88 74 1125 100 436 130 55 61 93 53 93 63 66 108 139 66 94 68 91 110 66 347 68 102 157 52 60 74 135 51 54 61 76 280 53 83 140 221 64 96 50 59 58 73 248 93
internal_value=0.000127942 0.019159 -0.0227094 0.0167257 0.0153611 0.0258029 0.0322407 0.0495698 0.108877 -0.0280885 0.011507 0.0139903 0.0531954 0.0400126 -0.0230068 0.0400465 0.0694486 -0.0572916 0.00148876 0.0184138 -0.00869472 -0.0333096 -0.0416075 -0.037405 0.0345242 0.0411042 0.0267252 0.0563283 0.0938416 0.023071 -0.0414827 -0.0503607 -0.082276 -0.100644 0.0047046 0.0264044 0.029262 0.0212225 0.0556167 -0.00929815 0.00311765 0.0346603 -0.0222796 0.0695419 0.0851008 -0.0143386 -0.0075058 -0.0192729 0.0585871 -0.00913283 0.00140533 -0.0379744 -0.0457654 -0.0650739 -0.0258663 -0.0221088 -0.0383319 -0.0228442 -0.0381431 -0.0605209 -0.00814116 -0.0381995
internal_weight=8116 4427 3689 4356 4302 2454 2115 1084 149 3188 501 1031 223 935 2717 268 168 471 1848 723 1138 1579 1187 1132 877 784 522 222 129 159 1071 839 233 142 300 201 581 515 168 232 808 203 702 262 209 339 605 448 151 394 333 606 523 287 142 236 329 240 190 131 392 144
internal_count=8116 4427 3689 4356 4302 2454 2115 1084 149 3188 501 1031 223 935 2717 268 168 471 1848 723 1138 1579 1187 1132 877 784 522 222 129 159 1071 839 233 142 300 201 581 515 168 232 808 203 702 262 209 339 605 448 151 394 333 606 523 287 142 236 329 240 190 131 392 144
is_linear=0
shrinkage=0.03


Tree=59
num_leaves=63
num_cat=0
split_feature=273 23 23 4 259 4 116 75 123 23 96 66 286 14 10 244 17 23 74 23 100 146 325 97 52 258 94 21 219 223 104 242 101 317 33 297 272 61 40 103 23 248 290 233 266 314 49 303 211 61 98 98 171 74 153 11 215 11 173 122 100 11
split_gain=3691.54 1654.13 719.79 663.686 569.608 664.397 519.798 571.791 552.649 895.58 495.818 434.058 515.09 409.723 395.734 395.855 372.524 478.642 366.51 365.266 559.182 357.497 352.76 371.94 347.72 577.812 406.085 574.672 560.679 635.921 437.265 372.509 339.18 339.032 352.323 335.007 334.196 333.984 335.069 322.846 336.873 314.316 361.452 504.549 300.028 292.905 267.997 257.697 342.171 340.232 348.912 329.527 323.518 273.86 255.427 292.896 246.535 240.567 237.864 232.884 220.23 255.507
threshold=0.2485294118523598 35.500000000000007 76.500000000000014 1.5000000000000002 6.5000000000000009 7.5000000000000009 11.500000000000002 9.518226623535158 0.24447927623987201 54.500000000000007 3.4642323255538945 3.5000000000000004 109.50000000000001 49.500000000000007 4.5000000000000009 70.500000000000014 82.500000000000014 94.500000000000014 9.3530769348144549 46.500000000000007 1.0390327572822573 114.50000000000001 74.500000000000014 10.789925575256349 3.6352628469467168 1.5000000000000002 24.500000000000004 76.500000000000014 0.84952831268310558 1.5000000000000002 151.50000000000003 68.500000000000014 0.17182707041502002 0.1721443980932236 0.04446640424430371 145.50000000000003 1.1702898144721987 7.5000000000000009 4.5000000000000009 57.500000000000007 70.500000000000014 0.93644747138023388 2.7621665000915532 21.500000000000004 25.500000000000004 2.8166977167129521 524.50000000000011 4.5000000000000009 74.500000000000014 14.500000000000002 2.8453644514083867 3.799845933914185 21.728571891784672 10.345212936401369 1.2834821343421938 42.500000000000007 3.4919354915618901 47.500000000000007 7.4318182468414316 1.0581887960433962 0.92430442571640026 43.500000000000007
decision_type=2 2 2 2 2 2 2 2 2 2 2 2 2 2 2 2 2 2 2 2 2 2 2 2 2 2 2 2 2 2 2 2 2 2 2 2 2 2 2 2 2 2 2 2 2 2 2 2 2 2 2 2 2 2 2 2 2 2 2 2 2 2
left_child=1 -1 10 24 5 6 -5 8 9 -8 19 13 14 -7 15 -13 17 21 -10 20 -2 -4 -9 -24 26 44 30 28 -28 -30 31 -3 -16 57 35 37 41 38 -35 -34 56 46 43 54 60 -32 -29 48 51 58 -51 52 -39 -53 55 -43 -41 -12 -49 -38 -26 -62
right_child=2 3 16 4 -6 11 7 22 18 -11 33 12 -14 -15 32 -17 -18 -19 -20 -21 -22 -23 23 -25 25 -27 27 36 29 -31 45 -33 39 34 -36 -37 59 47 -40 40 -42 42 -44 -45 -46 -47 -48 49 -50 50 -52 53 -54 -55 -56 -57 -58 -59 -60 -61 61 -63
leaf_value=0.16122523970901967 -0.014832028653319985 -0.0073320592024544778 -0.093892098839293003 -0.012119559881822117 0.13018995500662744 0.0064139328300952909 0.18088628190569578 -0.0141319211659118 0.083596871480345725 0.063723174920127648 0.058073549848553292 -0.030420190062163007 -0.067039237458791048 -0.09259712099570494 0.094287609198689448 0.048038678767343794 -0.024930784523095578 -0.13173591390987369 -0.01975439898757031 -0.0037358155285881368 0.11149116692387245 -0.032462106223751619 0.015009865497425197 0.11994332988818103 -0.0644652635671739 0.062734545057072585 -0.002478696726107349 0.025107800442921487 0.17399630553637896 0.054054170735180374 -0.090628309418878894 0.075895638174918151 -0.02337124042016895 -0.025282446146417632 0.024302287456151598 0.043120116642061265 0.012823340511140745 -0.066245262837370048 0.040224682839572146 0.045481200861434139 -1.295156126101333e-05 0.067099602105691256 0.00080137498599701915 0.11769054476916789 -0.071809024427086116 -0.0059793253396363821 -0.062610788010592971 0.029495630793836571 -0.01740633545988831 -0.11542115179154108 -0.025688448789603028 0.021739778042985842 -0.13783775159752512 -0.056118643537629388 0.090721479005047248 0.0067972617386437457 0.12859810299374377 -0.015373242496385831 -0.045024128957228224 -0.048178563773265626 -0.029038073592650961 0.0097674453200439371
leaf_weight=71 60 220 118 105 50 89 95 115 59 156 73 158 55 64 99 90 470 75 63 799 65 308 74 51 61 91 89 56 55 143 81 61 75 297 110 52 104 195 91 89 82 96 289 69 79 67 69 128 180 52 151 51 82 191 55 288 51 87 54 121 248 394
leaf_count=71 60 220 118 105 50 89 95 115 59 156 73 158 55 64 99 90 470 75 63 799 65 308 74 51 61 91 89 56 55 143 81 61 75 297 110 52 104 195 91 89 82 96 289 69 79 67 69 128 180 52 151 51 82 191 55 288 51 87 54 121 248 394
internal_value=0.000125307 0.0185929 -0.0220358 0.0162316 0.0314439 0.0282182 0.0494575 0.0600076 0.0832116 0.10861 -0.0141058 0.0102823 0.0203034 -0.0353348 0.0278552 -0.00186864 -0.0441958 -0.062183 0.0305003 0.00374596 0.0512195 -0.049658 0.0237489 0.0584349 0.0072161 -0.00840083 0.0145348 0.0221922 0.0600851 0.0880784 -0.0110534 0.0109402 0.0464279 -0.0232974 -0.0273782 -0.0311219 0.0126666 -0.0337721 -0.00985475 0.0302118 0.0483378 0.0206637 0.0275993 0.042813 -0.0167483 -0.0526048 -0.0234255 -0.042316 -0.0531707 -0.0225216 -0.0491273 -0.0655171 -0.0878583 -0.0396885 0.0308033 0.022008 0.0764568 0.0182894 0.00726016 -0.0200502 -0.0104676 -0.0052447
internal_weight=8116 4427 3689 4356 1620 1570 718 613 373 251 2718 852 699 153 644 248 971 501 122 924 125 426 240 125 2736 873 1863 1434 287 198 429 281 396 1794 1634 1524 1147 1472 388 297 222 922 797 508 782 148 125 1084 699 385 203 519 277 242 439 384 140 160 182 225 703 642
internal_count=8116 4427 3689 4356 1620 1570 718 613 373 251 2718 852 699 153 644 248 971 501 122 924 125 426 240 125 2736 873 1863 1434 287 198 429 281 396 1794 1634 1524 1147 1472 388 297 222 922 797 508 782 148 125 1084 699 385 203 519 277 242 439 384 140 160 182 225 703 642
is_linear=0
shrinkage=0.03


Tree=60
num_leaves=63
num_cat=0
split_feature=79 23 23 79 72 23 300 19 241 23 10 23 79 304 131 193 231 206 176 268 17 231 23 126 22 198 79 286 217 24 15 329 45 207 87 23 23 315 176 15 298 79 179 47 19 265 19 79 153 99 60 60 79 12 198 97 150 23 119 23 252 23
split_gain=4773.52 1561.94 1522.73 1618.34 1138.51 2092.2 661.524 606.846 524.214 683.267 692.812 508.152 474.496 404.212 403.572 459.518 359.662 355.25 452.24 426.484 465.295 374.376 354.895 654.702 352.712 360.962 341.271 453.901 331.315 307.485 373.419 316.301 298.034 294.186 291.349 291.036 279.423 262.217 253.875 236.123 323.051 319.294 397.953 232.571 400.951 240.501 232.373 222.793 298.462 284.932 221.772 350.868 346.246 245.124 291.542 253.333 317.19 258.182 244.001 286.08 214.106 285.116
threshold=0.21851522475481036 83.500000000000014 65.500000000000014 0.26794917881488806 24.500000000000004 45.500000000000007 6.5000000000000009 69.500000000000014 23.500000000000004 52.500000000000007 7.5000000000000009 87.500000000000014 0.17614738643169406 30.500000000000004 1.5000000000000002 5.7359766960144052 59.500000000000007 2.5000000000000004 0.15268065780401233 9.8590908050537127 58.500000000000007 80.500000000000014 46.500000000000007 5.5000000000000009 66.500000000000014 0.18127053976058963 0.25463122129440313 83.500000000000014 6.6946721076965341 40.500000000000007 51.500000000000007 756.50000000000011 14.500000000000002 7.5000000000000009 19.500000000000004 92.500000000000014 34.500000000000007 1.1530395150184634 0.15268065780401233 71.500000000000014 89.500000000000014 0.18454070389270785 69.500000000000014 105.50000000000001 29.500000000000004 38.500000000000007 78.500000000000014 0.24230587482452395 1.0880736708641054 0.47472757101058966 27.500000000000004 89.500000000000014 0.30798149108886724 68.500000000000014 0.37377451360225683 6.2084484100341806 10.004310131073 50.500000000000007 11.374292850494387 56.500000000000007 0.6503582000732423 64.500000000000014
decision_type=2 2 2 2 2 2 2 2 2 2 2 2 2 2 2 2 2 2 2 2 2 2 2 2 2 2 2 2 2 2 2 2 2 2 2 2 2 2 2 2 2 2 2 2 2 2 2 2 2 2 2 2 2 2 2 2 2 2 2 2 2 2
left_child=1 4 3 22 7 -6 14 8 -1 10 -10 26 38 36 15 28 39 18 -9 20 -19 -22 23 -2 -13 -26 -4 29 34 31 -31 32 -28 -27 60 -14 -5 -33 -3 41 -41 42 -11 -32 -45 -46 -29 48 -24 -50 -38 -52 58 54 55 -54 57 -57 59 -53 -7 -62
right_child=2 12 11 13 5 6 -8 17 9 16 -12 24 35 -15 -16 -17 -18 19 -20 -21 21 -23 47 -25 25 33 27 46 -30 30 43 37 -34 -35 -36 -37 50 -39 -40 40 -42 -43 -44 44 45 -47 -48 -49 49 -51 51 52 53 -55 -56 56 -58 -59 -60 -61 61 -63
leaf_value=-0.015959509405596501 0.0063729118698454918 0.030245759088360847 -0.02032624969294863 0.033720458672840653 0.20445945318025277 0.030460839101752617 0.15033646051924338 -0.010225339389038742 0.15883950608760811 0.033894473349346838 0.031670801951549948 -0.14930615358468557 -0.0071935054334438704 0.050543850545509486 -0.019891035748379571 -0.0011973996331979488 -0.02622062250971794 0.11698443154855208 -0.10458823458813452 -0.047655719101428982 -0.043778461374734574 0.067000189479791902 -0.00027180566925738678 0.11931931818471006 -0.12820859291487269 0.0085409350110136947 0.021073166976372397 -0.14931514307028718 0.12958106595179383 -0.094326770454645145 0.018358136348759949 -0.141746967272325 -0.065869856517229763 -0.07697361002398001 0.10903924391114127 -0.054514537863623425 -0.088208155485716741 -0.049207339479642752 -0.0095170658346896454 -0.029345234968239747 0.06390860374567324 -0.00049806746890989392 0.1259917460561826 -0.086925612846507294 0.032946027241371294 -0.034308828742076185 -0.062054126671245026 0.0034569600903421264 0.11845871509777176 0.035988914683347438 0.0027137618610749439 -0.0066346625382002122 -0.0037012974820548597 -0.011981535174477941 -0.11754448228648731 -0.049281826652512996 -0.017021660137416281 -0.11713315727029527 0.035429444233886893 -0.048937807207050564 0.10371472344630293 0.04629419954436622
leaf_weight=144 93 346 759 66 82 388 54 217 85 84 71 53 291 63 83 144 86 54 57 59 56 52 121 91 53 68 53 53 52 59 133 65 104 76 73 195 54 50 247 78 57 58 86 78 80 116 61 475 53 130 293 331 82 116 69 102 93 104 66 254 107 293
leaf_count=144 93 346 759 66 82 388 54 217 85 84 71 53 291 63 83 144 86 54 57 59 56 52 121 91 53 68 53 53 52 59 133 65 104 76 73 195 54 50 247 78 57 58 86 78 80 116 61 475 53 130 293 331 82 116 69 102 93 104 66 254 107 293
internal_value=0.00012397 0.0258953 -0.020411 -0.00582601 0.0388233 0.058725 0.0485537 0.0183789 0.0353954 0.0476248 0.101532 -0.0412123 -0.00430584 -0.0234828 0.0436049 0.0486049 0.0287115 -0.00738872 -0.0301645 0.0208578 0.0459496 0.00968475 0.0252076 0.0625753 -0.0809699 -0.0619238 -0.0349962 -0.0480256 0.0564526 -0.0393173 -0.0244374 -0.0646273 -0.0365721 -0.0368113 0.0518908 -0.0262533 -0.0263732 -0.102283 0.0136954 0.041762 0.010209 0.0603185 0.0809492 -0.0140996 -0.0298641 -0.00682997 -0.103568 0.0163124 0.0363218 0.0603876 -0.028929 -0.0267521 -0.0338426 -0.0509915 -0.0609986 -0.0504771 -0.0632502 -0.0839372 -0.0188774 -0.0250543 0.0464651 0.0618745
internal_weight=8116 3599 4517 2656 2520 1276 1194 1244 749 605 156 1861 1079 1693 1140 1057 449 495 274 221 162 108 963 184 250 197 1611 852 913 738 466 272 157 144 861 486 1630 115 593 363 135 228 170 407 274 196 114 779 304 183 1564 1510 1217 566 450 381 299 206 651 585 788 400
internal_count=8116 3599 4517 2656 2520 1276 1194 1244 749 605 156 1861 1079 1693 1140 1057 449 495 274 221 162 108 963 184 250 197 1611 852 913 738 466 272 157 144 861 486 1630 115 593 363 135 228 170 407 274 196 114 779 304 183 1564 1510 1217 566 450 381 299 206 651 585 788 400
is_linear=0
shrinkage=0.03


Tree=61
num_leaves=63
num_cat=0
split_feature=79 299 79 308 21 175 200 19 218 308 143 250 15 78 16 70 67 218 92 17 90 232 100 175 316 176 88 4 270 175 239 241 72 284 94 47 97 121 135 299 166 199 79 49 68 197 88 275 244 12 159 67 22 154 294 9 199 79 261 181 175 152
split_gain=4494.49 950.809 860.471 797.863 663.302 570.315 679.722 481.124 477.026 508.503 446.213 425.236 492.81 423.142 421.492 409.652 410.733 383.887 594.033 547.913 372.541 369.551 479.047 355.367 348.255 347.317 375.197 345.866 332.185 394.919 328.866 318.409 305.416 296.813 445.917 373.585 339.316 293.886 289.86 362.693 351.113 331.796 322.334 287.79 264.876 263.947 259.829 258.011 384.31 309.577 300.742 278.056 257.634 281.181 277.586 300.407 254.821 246.001 237.446 226.827 292.112 222.63
threshold=0.21851522475481036 28.500000000000004 0.29740898311138159 23.500000000000004 77.500000000000014 0.35647059977054601 18.500000000000004 39.500000000000007 0.93644747138023388 84.500000000000014 3.5000000000000004 1.3905764818191531 53.500000000000007 0.77888888120651256 35.500000000000007 74.500000000000014 12.500000000000002 0.47791354358196264 27.500000000000004 55.500000000000007 9.5000000000000018 307.50000000000006 1.3275098800659182 0.45576922595500952 0.89776119589805614 0.16904762387275699 19.500000000000004 1.0000000180025095e-35 4.3374195098876962 1.3675324916839602 14.500000000000002 143.50000000000003 28.500000000000004 4.5000000000000009 100.50000000000001 154.50000000000003 6.5223569869995126 0.96238002181053173 201.50000000000003 7.5000000000000009 15.500000000000002 0.62596923112869274 0.192484125494957 791.50000000000011 9.5000000000000018 1.3603895902633669 30.500000000000004 24.500000000000004 27.500000000000004 48.500000000000007 1.0000000180025095e-35 7.5000000000000009 60.500000000000007 0.18433827161788943 1.2791327834129336 37.500000000000007 0.70502310991287243 0.25652371346950537 10.500000000000002 1.0000000180025095e-35 1.6915760636329653 1.2329024076461794
decision_type=2 2 2 2 2 2 2 2 2 2 2 2 2 2 2 2 2 2 2 2 2 2 2 2 2 2 2 2 2 2 2 2 2 2 2 2 2 2 2 2 2 2 2 2 2 2 2 2 2 2 2 2 2 2 2 2 2 2 2 2 2 2
left_child=1 3 25 14 5 -5 -7 30 11 10 -10 12 -8 -14 -1 37 -17 19 -19 -6 56 -22 -23 24 -21 27 28 46 -27 -30 47 -24 -29 36 35 -35 -20 -16 42 43 -41 -42 45 -40 -15 -38 -2 48 49 -4 -51 -50 53 -25 55 -54 -9 -34 -31 60 -28 -36
right_child=2 -3 7 4 17 6 8 20 9 -11 -12 -13 13 44 15 16 -18 18 33 23 21 22 31 52 -26 26 59 32 29 58 -32 -33 57 34 61 -37 38 -39 39 40 41 -43 -44 -45 -46 -47 -48 -49 51 50 -52 -53 54 -55 -56 -57 -58 -59 -60 -61 -62 -63
leaf_value=-0.077740137758435773 -0.024948059070434066 0.15129420810502092 -0.10351406255943907 -0.017372690347894543 0.12612336244305658 0.14012753868983549 0.11413359015957632 -0.014166453593115668 0.13278299754375922 0.13965815276119181 0.031951370300179686 -0.044037885584177511 -0.042245261110921403 0.07789561954834083 0.0041703840032922199 0.11164325522670489 0.013115943502788701 -0.085676791355945164 0.083067598645634289 0.11374413631483911 -0.0077283956967997098 -0.12320480591024863 -0.07288033968997451 -0.072104221429102694 0.01778641784880463 -0.016244213349887685 -0.025973148827751476 -0.019708455346132581 0.088551665488325187 -0.0050173725928330127 -0.11413975664156388 0.0050055753400679243 0.089928380543421393 0.0045839007313955909 -0.017891634265261309 -0.10068759115250862 0.03990361008904874 -0.04372623399738839 -0.054371349504660993 -0.040295943870241269 0.096142210186472246 0.017098345198487276 -0.010525194929339564 0.026041976460966013 0.0022465934356053667 0.12303912864791022 0.026886048177887398 -0.00026439961909157473 -0.048381323118263209 0.010899298705981445 -0.054965237548252693 -0.13019217830961166 0.075169355266579987 0.018735995268821717 0.0041833407791331406 0.0010779409483075142 0.052746310238565859 0.012987397875575745 0.056162076950605419 -0.019596609870092787 -0.088317009295188723 0.059054621616005901
leaf_weight=60 251 52 53 92 57 87 66 438 50 87 180 61 66 100 487 55 120 55 78 79 158 87 105 51 60 632 179 56 60 309 82 85 100 54 61 68 99 150 125 57 70 148 64 58 71 53 132 81 66 117 132 91 160 74 199 71 57 60 69 1008 109 74
leaf_count=60 251 52 53 92 57 87 66 438 50 87 180 61 66 100 487 55 120 55 78 79 158 87 105 51 60 632 179 56 60 309 82 85 100 54 61 68 99 150 125 57 70 148 64 58 71 53 132 81 66 117 132 91 160 74 199 71 57 60 69 1008 109 74
internal_value=0.000120249 0.0251271 -0.0198055 0.0232353 0.0313563 0.0530499 0.0614976 -0.037897 0.0512616 0.0781291 0.0543512 0.0277134 0.0422557 0.0218436 -0.00168455 0.00402403 0.0445401 0.0210537 0.00944745 0.0374627 -0.0241949 -0.0444167 -0.0652405 0.0300098 0.0727464 -0.0103262 -0.0154913 0.0100676 -0.00233891 0.0177167 -0.0583122 -0.0381929 0.04033 0.0147123 -0.0130834 -0.0544336 0.0242164 -0.00715911 0.0172928 0.00375223 0.0254949 0.0428025 0.0458541 -0.0288821 0.0466815 0.0695064 -0.00706007 -0.0496394 -0.0583331 -0.0383301 -0.024097 -0.0963242 0.0191948 -0.0186049 0.0302008 0.0524995 -0.00637054 0.0613354 0.00626902 -0.02634 -0.0497925 0.0244104
internal_weight=8116 3599 4517 3547 2675 860 768 1552 681 317 230 364 303 237 872 812 175 1815 1064 751 930 435 277 694 139 2965 2366 599 1070 438 622 190 216 1009 257 122 752 637 674 458 275 218 216 183 171 152 383 540 459 302 249 157 555 125 430 231 495 160 378 1296 288 135
internal_count=8116 3599 4517 3547 2675 860 768 1552 681 317 230 364 303 237 872 812 175 1815 1064 751 930 435 277 694 139 2965 2366 599 1070 438 622 190 216 1009 257 122 752 637 674 458 275 218 216 183 171 152 383 540 459 302 249 157 555 125 430 231 495 160 378 1296 288 135
is_linear=0
shrinkage=0.03


Tree=62
num_leaves=63
num_cat=0
split_feature=273 309 24 188 273 17 261 108 19 25 61 304 217 154 7 96 209 91 61 255 217 88 68 283 308 131 15 176 24 176 97 240 62 110 69 154 24 178 176 77 122 187 275 100 102 242 232 54 82 309 109 276 39 296 78 252 217 318 315 159 102 56
split_gain=3119.82 750.481 684.368 677.659 802.399 1047.69 727.036 539.208 507.737 505.362 500.698 489.129 416.317 410.8 404.696 367.431 378.931 359.073 456.617 361.93 499.341 478.173 398.347 347.33 339.645 344.995 336.902 339.592 328.9 315.093 394.762 310.86 296.185 278.126 275.504 315.912 298.065 272.232 275.261 267.268 260.411 285.906 403.99 351.851 291.957 277.27 306.823 291.931 256.43 253.751 241.159 240.146 347.128 238.082 237.025 235.255 234.301 320.265 513.873 232.321 259.496 229.991
threshold=0.25137363374233251 389.50000000000006 58.500000000000007 9.5000000000000018 0.15450928360223773 54.500000000000007 12.500000000000002 3.5000000000000004 25.500000000000004 17.500000000000004 14.500000000000002 17.500000000000004 2.5362132787704472 0.12922201305627826 2.5000000000000004 4.2201242446899423 1.5000000000000002 19.500000000000004 12.500000000000002 4.5000000000000009 5.0512499809265146 14.500000000000002 6.5000000000000009 9.5000000000000018 234.50000000000003 1.5000000000000002 47.500000000000007 0.1863425895571709 41.500000000000007 0.44222222268581396 6.3058443069458017 8.5000000000000018 2.5000000000000004 9.5000000000000018 63.500000000000007 0.27442304790019995 37.500000000000007 14.500000000000002 0.14495798945426944 1.6136624217033388 1.584119498729706 3.5000000000000004 41.500000000000007 1.1433710455894472 0.70287784934043895 150.50000000000003 203.50000000000003 3.9433386325836186 118.50000000000001 152.50000000000003 9.5000000000000018 82.500000000000014 78.500000000000014 0.68665131926536571 0.97332859039306652 0.62214076519012462 1.5355795025825503 0.65229016542434703 1.1530395150184634 1.0000000180025095e-35 0.62566146254539501 1.1937130093574526
decision_type=2 2 2 2 2 2 2 2 2 2 2 2 2 2 2 2 2 2 2 2 2 2 2 2 2 2 2 2 2 2 2 2 2 2 2 2 2 2 2 2 2 2 2 2 2 2 2 2 2 2 2 2 2 2 2 2 2 2 2 2 2 2
left_child=1 2 3 -1 5 12 13 -8 28 11 15 14 -5 -6 37 16 53 -15 19 20 55 -21 -22 26 25 31 27 -4 48 30 -18 39 -30 -16 35 36 -32 -7 -39 -12 41 42 44 -44 45 46 -28 54 -2 -38 56 -20 -53 -10 -48 -19 61 -58 -59 60 -35 -17
right_child=8 -3 23 4 6 9 7 -9 10 -11 24 -13 -14 17 33 50 29 18 51 21 22 -23 -24 -25 -26 -27 40 -29 32 -31 34 -33 -34 59 -36 -37 49 38 -40 -41 -42 -43 43 -45 -46 -47 47 -49 -50 -51 -52 52 -54 -55 -56 -57 57 58 -60 -61 -62 -63
leaf_value=-0.015835790971652039 -0.13394132976861375 0.12347607461245436 0.10199455625005066 0.17196252312436699 -0.070802191915148388 -0.026906739260153013 0.15730148152663156 0.022087359397805161 0.022507203348960059 -0.013604348571009693 -0.0012023804118048006 0.12031486812978981 0.069350387208061678 -0.054542663601847986 0.11904396300346164 -0.055831620986931597 0.062797295036886275 0.042695453940331939 0.028334180049567514 0.017245657436074091 0.1326474195121313 0.11502480150306259 0.017039074828582149 -0.068158670898992565 0.042540494133444393 0.019430868561069171 -0.00087665205586060716 0.0026079101023765709 -0.010420553117046054 -0.06160703826844692 -0.065449203390838401 -0.053123644824156255 -0.073997506715822961 0.097933157689254216 0.047575691995024677 0.030222666121616552 0.0083925546079639986 0.048630688896185249 -0.023121761485235766 -0.075464994923935991 -0.041303508065927488 -0.017638874339731613 0.01289087259899015 0.11192159036835354 -0.046566195929002373 -0.045072893891129881 0.052036208182602656 0.084535327646708874 -0.058252405002219787 -0.062797551355877154 0.020846723046898843 -0.072137085776031007 -0.00079459847370162598 0.10004507055138953 -0.001181609825561604 -0.0094472376016413121 -0.021547216933064852 -0.02801069778157398 -0.13465896840517719 0.005525582058524544 0.038013370303171021 0.017776456815190612
leaf_weight=345 56 56 59 74 58 100 51 55 116 154 227 71 72 71 58 51 86 99 90 93 52 87 55 63 50 89 557 64 212 74 123 677 95 108 74 110 190 196 63 53 129 453 68 61 92 78 126 80 150 58 99 99 159 51 185 351 280 95 71 87 167 143
leaf_count=345 56 56 59 74 58 100 51 55 116 154 227 71 72 71 58 51 86 99 90 93 52 87 55 63 50 89 557 64 212 74 123 677 95 108 74 110 190 196 63 53 129 453 68 61 92 78 126 80 150 58 99 99 159 51 185 351 280 95 71 87 167 143
internal_value=0.000118829 0.0152408 0.0139606 0.023512 0.0290122 0.0473218 0.0130368 0.0880053 -0.0227537 0.036326 -0.0175729 0.0453776 0.122175 0.00642392 0.0384022 -0.00697556 0.00609698 0.0103564 0.0146496 0.0280107 0.0160011 0.06488 0.0739306 0.000611969 -0.0332258 -0.0368847 0.00286528 0.0507193 -0.0501053 -0.00342465 0.00337769 -0.0421368 -0.0302706 0.058363 -0.00592605 -0.0142387 -0.0274671 0.0149524 0.0311556 -0.0154778 -0.000378854 0.00274906 0.0101636 0.0602201 0.00433923 0.00894474 0.013432 0.0337658 -0.0793757 -0.00844208 -0.0225649 -0.0136459 -0.028343 0.046641 0.020477 0.00209339 -0.0293021 -0.0412511 -0.0741585 0.0483394 0.0618151 -0.0017612
internal_weight=8116 4886 4830 2815 2470 1150 1320 106 3230 1004 2717 850 146 1214 779 1621 882 1156 1085 737 557 180 107 2015 1096 1046 1952 123 513 715 641 957 307 420 555 481 371 359 259 280 1829 1700 1247 129 1118 1026 948 391 206 248 739 348 258 167 311 450 640 446 166 362 275 194
internal_count=8116 4886 4830 2815 2470 1150 1320 106 3230 1004 2717 850 146 1214 779 1621 882 1156 1085 737 557 180 107 2015 1096 1046 1952 123 513 715 641 957 307 420 555 481 371 359 259 280 1829 1700 1247 129 1118 1026 948 391 206 248 739 348 258 167 311 450 640 446 166 362 275 194
is_linear=0
shrinkage=0.03


Tree=63
num_leaves=63
num_cat=0
split_feature=79 23 23 79 72 23 23 300 19 23 276 23 312 231 67 99 79 79 78 131 285 164 206 194 12 269 243 22 206 10 17 176 263 23 52 23 23 177 57 122 194 249 102 273 116 23 19 12 100 200 296 67 79 209 217 292 176 78 23 309 18 72
split_gain=4076.09 1497.49 1325.92 1286.77 999.422 1929.99 829.494 599.893 564.542 495.565 482.998 479.251 1051.4 455.38 426.529 515.937 438.195 412.23 403.723 368.121 362.734 410.816 551.092 399.931 366.225 364.316 349.32 325.054 320.989 455.435 615.026 429.44 312.803 298.12 283.503 276.285 274.778 288.602 265.419 314.831 268.042 284.842 258.261 242.183 257.29 450.799 393.697 403.967 291.91 285.262 373.343 365.175 279.757 277.617 241.985 241.369 230.798 227.377 226.898 224.911 222.468 207.763
threshold=0.21575680375099185 76.500000000000014 84.500000000000014 0.26425938308238989 24.500000000000004 45.500000000000007 56.500000000000007 6.5000000000000009 69.500000000000014 41.500000000000007 43.500000000000007 53.500000000000007 2.320935964584351 59.500000000000007 5.5000000000000009 0.9535023868083955 0.24101764708757403 0.16447026282548907 1.5389676094055178 1.5000000000000002 9.5000000000000018 4.5000000000000009 3.5000000000000004 8.1723041534423846 59.500000000000007 8.2788462638854998 132.50000000000003 66.500000000000014 2.5000000000000004 7.5000000000000009 64.500000000000014 0.15268065780401233 29.500000000000004 101.50000000000001 2.4168498516082768 60.500000000000007 68.500000000000014 0.62942156195640575 0.28352333605289465 1.0600751638412478 6.800373077392579 1.5226601362228396 0.61271461844444286 0.57518798112869274 110.50000000000001 61.500000000000007 62.500000000000007 66.500000000000014 1.4447352886199953 21.500000000000004 0.61973568797111522 8.5000000000000018 0.29073889553546911 2.5000000000000004 1.3416666984558108 3.4541735649108891 0.12122448906302453 1.6892045736312868 111.50000000000001 33.500000000000007 71.500000000000014 40.500000000000007
decision_type=2 2 2 2 2 2 2 2 2 2 2 2 2 2 2 2 2 2 2 2 2 2 2 2 2 2 2 2 2 2 2 2 2 2 2 2 2 2 2 2 2 2 2 2 2 2 2 2 2 2 2 2 2 2 2 2 2 2 2 2 2 2
left_child=2 3 4 6 8 -6 14 19 10 18 -1 12 -12 36 -2 16 -16 58 -5 20 56 22 23 25 -24 -22 -23 42 31 30 -30 -10 -17 -19 -25 -28 37 -13 39 -29 -41 -42 -3 44 46 57 47 49 52 50 -11 -52 -47 -49 -51 -44 -7 -46 59 -4 -38 -36
right_child=1 27 17 9 5 7 -8 -9 28 43 11 13 -14 -15 15 32 -18 33 -20 -21 21 26 24 34 -26 -27 35 38 29 -31 -32 -33 -34 -35 61 -37 60 -39 -40 40 41 -43 55 -45 45 48 -48 53 -50 54 51 -53 -54 -55 -56 -57 -58 -59 -60 -61 -62 -63
leaf_value=-0.0063516758371200133 -0.02999012884952254 -0.040926512723974885 -0.028791387013850672 0.076579503150980749 0.19482952691031147 0.042406480097595387 -0.0033538248051143142 0.14197093515673823 -0.010144135647620747 -0.019043938514831309 0.17662055926397444 0.033962159137363016 0.018799691067599669 -0.034121476860740511 0.13604788569198487 0.052397460590334649 0.049938049076590683 -0.013305171859603181 -0.0081105521224751204 -0.021081778995874451 0.059713774885277487 -0.03171890785925955 0.18053437889632531 0.11910473128244427 0.068623024761103657 -0.035098921191723392 0.10232699515003907 -0.01898139172504025 0.10903518487070057 -0.050491291323646166 -0.009806736393698624 -0.10214387066212707 -0.030738190463744101 -0.077104581761863328 0.013559656640999529 0.030286484327297775 -0.0038336582732411612 0.12174441679664279 0.01673607978780391 -0.10922913097701965 -0.071818493107917922 -0.0012241031050682068 -0.078160544086925007 -0.086739741653777083 -0.011670092192350649 -0.065543604339746861 -0.0040080050456601738 0.035400951656379867 -0.019827302306890487 0.016434943986435732 -0.044462460055457134 -0.14377349327864317 -0.14629525337368249 -0.034032442553815517 -0.048060149332651722 -0.16003694146871567 -0.042855442773837307 -0.064051832705736167 -0.039482499399575696 0.033330023464577689 0.066965990282835494 0.082498276554979377
leaf_weight=200 58 74 61 68 82 50 1075 54 216 67 71 68 81 78 93 93 127 463 190 81 73 69 58 88 51 71 56 185 73 60 83 57 71 76 72 313 112 68 58 99 168 74 87 64 305 101 669 97 59 71 56 86 65 109 194 55 64 98 57 346 61 87
leaf_count=200 58 74 61 68 82 50 1075 54 216 67 71 68 81 78 93 93 127 463 190 81 73 69 58 88 51 71 56 185 73 60 83 57 71 76 72 313 112 68 58 99 168 74 87 64 305 101 669 97 59 71 56 86 65 109 194 55 64 98 57 346 61 87
internal_value=0.000117927 -0.0183933 0.0245299 -0.0105625 0.0362287 0.054891 0.0108792 0.045068 0.0169143 -0.0247094 0.0334438 0.0481946 0.0931912 0.0303269 0.0454252 0.0568644 0.0867899 -0.00460178 0.0144203 0.0403283 0.0450722 0.0512076 0.0697837 0.0529126 0.129272 0.0130462 0.0298913 -0.0556864 -0.00808317 0.0191929 0.0461455 -0.0296556 0.0164376 -0.0224271 0.0760082 0.0414665 0.046653 0.0784216 -0.0439233 -0.0506311 -0.067696 -0.0503257 -0.0871414 -0.0296604 -0.0277697 -0.0436292 -0.0203598 -0.0364175 -0.0775689 -0.0516338 -0.0777983 -0.105193 -0.0978499 -0.001325 -0.0307835 -0.110771 -0.00541629 -0.0245351 0.0161085 0.0239717 0.0213718 0.0515606
internal_weight=8116 4616 3500 3816 2497 1269 1517 1187 1228 2299 739 539 152 387 442 384 220 1003 258 1133 1052 938 500 391 109 144 438 800 489 216 156 273 164 539 247 369 309 136 584 526 341 242 216 2041 1977 628 1349 680 225 474 209 142 166 206 265 142 114 403 464 407 173 159
internal_count=8116 4616 3500 3816 2497 1269 1517 1187 1228 2299 739 539 152 387 442 384 220 1003 258 1133 1052 938 500 391 109 144 438 800 489 216 156 273 164 539 247 369 309 136 584 526 341 242 216 2041 1977 628 1349 680 225 474 209 142 166 206 265 142 114 403 464 407 173 159
is_linear=0
shrinkage=0.03


Tree=64
num_leaves=63
num_cat=0
split_feature=273 23 307 23 273 141 98 137 123 23 78 78 49 23 52 248 75 78 78 65 186 54 12 189 233 318 90 192 43 23 20 202 54 161 78 177 246 61 26 101 16 327 242 214 196 233 171 223 23 137 316 176 12 153 154 119 59 102 151 264 269 292
split_gain=2758.95 1357.5 660.757 600.947 619.262 582.784 589.784 745.772 617.512 562.943 515.364 513.81 546.249 482.816 549.951 471.334 393.036 404.969 390.794 468.916 483.029 427.898 387.844 365.951 346.722 313.356 300.346 392.601 386.497 292.683 310.182 287.923 286.341 283.144 282.899 278.143 274.83 269.649 264.254 262.784 255.438 289.608 324.498 250.457 250.099 243.618 238.128 236.221 235.896 452.053 223.279 250.502 222.183 215.509 249.938 214.472 211.607 210.579 248.303 209.564 206.713 313.796
threshold=0.25137363374233251 35.500000000000007 159.50000000000003 52.500000000000007 0.18561584502458575 6.5000000000000009 4.8336997032165536 1.5000000000000002 0.17099640518426898 40.500000000000007 1.5604053735733034 1.0856566429138186 401.50000000000006 90.500000000000014 3.4496695995330815 4.3241221904754648 2.0027472972869877 1.0034246444702151 1.3204478025436404 3.5000000000000004 2.5000000000000004 4.0017242431640634 56.500000000000007 20.500000000000004 22.500000000000004 0.63288080692291271 4.5000000000000009 4.0499999523162851 9.5000000000000018 81.500000000000014 95.500000000000014 7.5000000000000009 4.9612095355987558 1.0000000180025095e-35 0.68268123269081127 0.63104197382926952 8.1994800567626971 17.500000000000004 1.0000000180025095e-35 0.1869362071156502 44.500000000000007 1.0000000180025095e-35 36.500000000000007 15.150000095367433 1.9116541743278506 12.500000000000002 12.41826915740967 2.5000000000000004 72.500000000000014 1.5000000000000002 0.81623375415802013 0.46862745285034185 59.500000000000007 0.91864311695098888 0.27801932394504553 10.455535888671877 31.500000000000004 0.61629119515419017 3.235384583473206 21.500000000000004 5.1675822734832773 5.6380813121795663
decision_type=2 2 2 2 2 2 2 2 2 2 2 2 2 2 2 2 2 2 2 2 2 2 2 2 2 2 2 2 2 2 2 2 2 2 2 2 2 2 2 2 2 2 2 2 2 2 2 2 2 2 2 2 2 2 2 2 2 2 2 2 2 2
left_child=1 -1 3 5 18 25 8 -8 -7 10 -2 12 22 16 33 56 -11 43 19 24 21 29 -10 35 40 52 53 28 -28 30 -21 -16 55 -15 -6 -20 57 -25 60 59 -5 42 -42 46 -36 -43 -18 -31 49 -44 -41 -52 -3 -19 -55 -23 -13 -30 -59 -29 -22 -62
right_child=9 2 -4 4 34 6 7 -9 11 13 -12 15 -14 14 31 -17 17 26 23 20 38 32 -24 37 -26 -27 27 39 36 47 -32 -33 -34 -35 44 -37 -38 -39 -40 50 41 45 48 -45 -46 -47 -48 -49 -50 -51 51 -53 -54 54 -56 -57 -58 58 -60 -61 61 -63
leaf_value=0.13690717217233031 0.11137009430457563 -0.016988408022067126 0.11866462156176566 -0.042704006874202088 0.056158591178911074 -0.046394914504140614 0.16088014309329016 0.035227708547659539 0.10219727283174342 -0.090300962743414953 -0.0021754679318358441 -0.046979626618325707 0.16158360859673274 -0.058027262046269262 -0.16341040518393532 0.10233574035741827 0.073189283694063009 0.036485108398285108 -0.091143904435070783 0.039035559604699552 0.070264392637393688 0.078656143534858267 -0.010805908799171447 0.020431683082575265 0.065222352193786373 -0.070807146029546852 -0.10950112193541298 -0.01476553767803125 -0.016924706272559591 -0.012336869057925309 0.1175234627210703 -0.066011478296923831 0.036231124108084115 0.022355871921548476 -0.01983029044367185 -8.6016053190598123e-05 0.0075999791306977189 -0.049385120320404249 -0.038016341317445038 0.019903547856956718 -0.021099780451040714 -0.048140459739687766 0.10347155140889318 -0.033943326210274419 0.010529981664789374 0.0095459527844055127 -0.0073196754717039609 0.060886692327580288 0.011430661651275811 0.0029557655825161598 -0.023864095981055593 -0.078054534801876685 0.053040747135905002 -0.02652953908652067 0.014115339614207221 0.16772757173730776 0.01821346534437784 -0.037999667604054724 -0.10567394477285837 0.064807566930207297 0.026779608315559773 -0.045480925217270853
leaf_weight=79 50 101 51 111 55 79 80 91 54 70 122 59 56 100 53 50 89 96 73 184 65 52 54 252 78 55 85 63 100 135 60 60 51 64 1033 51 88 61 79 95 127 131 94 50 319 131 52 55 185 70 1071 82 67 374 213 51 176 104 94 55 264 67
leaf_count=79 50 101 51 111 55 79 80 91 54 70 122 59 56 100 53 50 89 96 73 184 65 52 54 252 78 55 85 63 100 135 60 60 51 64 1033 51 88 61 79 95 127 131 94 50 319 131 52 55 185 70 1071 82 67 374 213 51 176 104 94 55 264 67
internal_value=0.000115252 0.0143358 0.0122933 0.011128 0.0058945 0.0328606 0.0463165 0.0946061 0.030528 -0.0213938 0.0312849 0.0441354 0.0862836 -0.024366 -0.0620809 0.0196648 -0.0205885 -0.0187558 0.0150723 0.0207118 0.0343017 0.0524567 0.0461149 -0.0105977 0.00510801 -0.00933592 -0.0219491 -0.0282617 -0.0518625 0.0370629 0.0587368 -0.112727 0.0953202 -0.0267129 -0.00993611 -0.053993 -0.0389199 0.00671127 0.0117648 -0.0200921 -0.000485101 0.00591409 0.0198427 0.0232707 -0.0126644 -0.0193706 0.0436556 0.00906723 0.0347593 0.0608464 -0.0241394 -0.0277824 0.0110885 -0.00495444 -0.0117821 0.123948 0.00171613 -0.0526367 -0.0704974 0.0225565 0.0217666 0.0120599
internal_weight=8116 4886 4807 4756 3834 922 699 171 528 3230 172 449 164 3058 277 285 2781 2711 2427 1990 1063 588 108 437 927 223 2520 1837 471 434 244 113 154 164 1407 124 386 313 475 1366 849 738 476 191 1352 262 141 190 349 164 1248 1153 168 683 587 103 235 298 198 118 396 331
internal_count=8116 4886 4807 4756 3834 922 699 171 528 3230 172 449 164 3058 277 285 2781 2711 2427 1990 1063 588 108 437 927 223 2520 1837 471 434 244 113 154 164 1407 124 386 313 475 1366 849 738 476 191 1352 262 141 190 349 164 1248 1153 168 683 587 103 235 298 198 118 396 331
is_linear=0
shrinkage=0.03


Tree=65
num_leaves=63
num_cat=0
split_feature=79 23 23 79 73 23 300 19 308 23 312 23 79 305 314 23 276 158 96 23 126 23 21 166 273 16 268 144 69 123 9 13 184 81 15 145 203 157 194 23 22 21 216 23 135 119 11 121 123 74 211 23 22 79 180 179 295 216 120 124 17 90
split_gain=3708.11 1318.73 1309.52 1342.15 972.29 1763.21 550.798 523.865 502.682 623.267 652.426 416.256 413.559 398.057 366.699 365.013 360.98 356.79 356.005 355.692 337.067 381.001 327.145 342.639 555.443 321.856 316.512 315.882 569.938 503.186 417.757 337.391 385.087 293.181 296.266 290.449 277.019 371.76 267.512 344.041 318.724 265.758 264.18 258.85 258.556 270.73 258.09 253.645 269.69 244.667 241.654 232.591 223.984 220.262 303.253 371.89 366.557 370.404 333.005 319.24 270.094 225.563
threshold=0.21851522475481036 83.500000000000014 68.500000000000014 0.26794917881488806 8.0500001907348651 45.500000000000007 6.5000000000000009 69.500000000000014 23.500000000000004 52.500000000000007 2.1206213235855107 100.50000000000001 0.14854215830564502 1.0000000180025095e-35 5.5949902534484872 56.500000000000007 24.500000000000004 1.0000000180025095e-35 4.3051912784576425 34.500000000000007 5.5000000000000009 46.500000000000007 47.500000000000007 11.500000000000002 0.12060606107115747 47.500000000000007 10.023255825042726 37.500000000000007 59.500000000000007 0.1894338130950928 31.500000000000004 38.500000000000007 1.5000000000000002 35.500000000000007 71.500000000000014 62.500000000000007 1.5000000000000002 61.500000000000007 4.2793061733245858 76.500000000000014 66.500000000000014 89.500000000000014 7.4794254302978525 100.50000000000001 187.50000000000003 9.0747003555297869 49.500000000000007 0.85811689496040355 0.2175039350986481 6.3639705181121835 27.500000000000004 72.500000000000014 64.500000000000014 0.30323930084705358 4.5000000000000009 95.500000000000014 0.35653753578662878 3.7370690107345585 2.6142640113830571 0.63463735580444347 60.500000000000007 9.5000000000000018
decision_type=2 2 2 2 2 2 2 2 2 2 2 2 2 2 2 2 2 2 2 2 2 2 2 2 2 2 2 2 2 2 2 2 2 2 2 2 2 2 2 2 2 2 2 2 2 2 2 2 2 2 2 2 2 2 2 2 2 2 2 2 2 2
left_child=1 4 3 15 7 -6 16 8 25 10 -10 33 -3 -11 17 20 -7 -15 27 -5 -2 -22 -9 24 -24 -1 42 -18 30 -30 31 -29 -33 34 -4 -19 37 -20 -35 -40 -41 -36 -25 -14 -32 -46 -45 48 -31 -37 -27 -49 -44 -21 56 58 57 -55 -56 -60 -59 -57
right_child=2 12 11 19 5 6 -8 22 9 13 -12 -13 43 14 -16 -17 18 35 36 53 21 -23 23 26 -26 50 -28 28 29 47 44 32 -34 38 41 49 -38 -39 39 40 -42 -43 52 46 45 -47 -48 51 -50 -51 -52 -53 -54 54 55 61 -58 60 59 -61 -62 -63
leaf_value=-0.048433810831623132 0.010907023136698923 0.022244478029031088 -0.035780739534010245 0.043817142761692823 0.1868822436968246 -0.03819210565147492 0.13663277646526695 0.063878247545045966 0.17865307487168552 0.095571435051304943 0.048597604986280199 -0.12395344512393842 -0.0089679044066619962 -0.074776550811879769 0.080860299841234731 0.0046282879184347267 0.10396530388176198 0.060163383580744259 -0.013960688534591878 -0.012481376197572757 0.11104567364830037 0.035588667226334414 -0.016538911212390907 0.082723413160291775 -0.12804492955024427 0.045073156175780886 -0.050624349903581396 0.045934633777329793 0.15254133408431145 0.078769426825730238 0.10348096223104568 0.035528862901891653 -0.064760717522461445 -0.094474092640293134 -0.021482641664059721 -0.062549396905134308 -0.029042775721260995 0.097156878934716265 -0.024725379408457399 -0.098525669875818844 -0.043874588420188397 0.061576778351421085 -0.041117541772814896 -0.085626319990154687 0.073739086071633403 -0.004072936551300076 -0.0013009167357154613 0.12455359241103424 -0.010065090684936598 0.029105782600549548 -0.031827837934471526 0.049677215092135275 0.046937145166672196 -0.099686198392166539 -0.035253208022866696 -0.0028815184563398357 0.058986673419767953 0.015284016942901976 -0.064041566603323996 -0.17226037423198037 -0.038438660463364284 -0.049498483504046245
leaf_weight=88 214 343 204 70 82 51 54 50 58 62 87 51 597 50 55 643 91 74 55 760 91 179 179 58 51 120 55 75 60 50 62 51 102 89 67 52 98 52 580 133 353 70 51 87 73 88 52 67 77 51 52 88 51 51 73 149 52 156 50 51 181 250
leaf_count=88 214 343 204 70 82 51 54 50 58 62 87 51 597 50 55 643 91 74 55 760 91 179 179 58 51 120 55 75 60 50 62 51 102 89 67 52 98 52 580 133 353 70 51 87 73 88 52 67 77 51 52 88 51 51 73 149 52 156 50 51 181 250
internal_value=0.00011446 0.0228285 -0.0179844 -0.00632174 0.0347074 0.0530986 0.0437621 0.0158157 0.0316263 0.049517 0.101487 -0.0403564 -0.00492108 0.0273803 0.0121032 0.0194573 0.039247 -0.00483758 0.0429054 -0.0220877 0.0391076 0.0613364 -0.00812341 -0.0163386 -0.0417114 -0.00208288 0.0108719 0.0511577 0.0449745 0.0741344 0.0227471 -0.00581581 -0.0313172 -0.0374256 -0.0129354 0.0152283 0.00724408 0.04044 -0.0446385 -0.0403931 -0.0590021 0.0210952 0.0321944 -0.0175941 0.051846 0.0314457 -0.0543147 0.056972 0.0252513 -0.0173232 0.0217744 0.0826341 0.00293805 -0.0247129 -0.0338682 -0.0482382 -0.0150876 -0.0251412 -0.0847566 -0.11984 -0.0135984 -0.0321409
internal_weight=8116 3599 4517 2970 2520 1276 1194 1244 749 489 145 1547 1079 344 282 1127 1140 227 1089 1843 484 270 495 445 230 260 215 884 793 342 451 228 153 1496 341 177 205 107 1155 1066 486 137 160 736 223 161 139 282 127 103 172 155 102 1773 1013 573 440 388 174 101 337 399
internal_count=8116 3599 4517 2970 2520 1276 1194 1244 749 489 145 1547 1079 344 282 1127 1140 227 1089 1843 484 270 495 445 230 260 215 884 793 342 451 228 153 1496 341 177 205 107 1155 1066 486 137 160 736 223 161 139 282 127 103 172 155 102 1773 1013 573 440 388 174 101 337 399
is_linear=0
shrinkage=0.03


Tree=66
num_leaves=63
num_cat=0
split_feature=79 23 113 23 2 23 79 133 79 207 23 97 47 23 23 285 285 37 79 103 110 69 79 14 220 291 216 23 81 2 23 22 119 316 244 79 37 177 328 97 65 127 79 198 173 15 122 18 79 72 146 207 313 80 10 2 155 199 315 281 313 25
split_gain=3513.67 1522.41 1116.98 1678.56 1021.79 998.85 771.738 690.807 654.503 489.18 514.752 589.644 706.81 481.342 480.896 464.56 555.783 558.923 433.088 417.733 403.838 375.073 369.613 519.008 339.945 419.982 445.581 334.303 309.831 314.082 377.653 317.91 307.113 305.776 297.002 267.652 399.837 344.566 430.645 263.853 314.85 262.973 270.641 261.632 252.738 249.906 247.963 247.768 292.371 444.383 245.706 320.96 323.079 288.921 231.903 311.362 303.981 261.135 440.054 311.584 243.849 219.685
threshold=0.23447144776582721 72.500000000000014 72.500000000000014 47.500000000000007 8.5000000000000018 64.500000000000014 0.28140169382095342 0.41612553596496588 0.18624359369277957 15.500000000000002 62.500000000000007 8.7924919128417987 173.50000000000003 112.50000000000001 92.500000000000014 15.500000000000002 22.500000000000004 40.500000000000007 0.18374849855899814 36.500000000000007 55.500000000000007 50.500000000000007 0.11200716719031335 47.500000000000007 0.15026882290840152 7.5174417495727548 7.7942309379577646 41.500000000000007 13.500000000000002 20.000000000000004 83.500000000000014 66.500000000000014 10.208136081695558 1.143797039985657 154.50000000000003 0.26425938308238989 302.50000000000006 0.56826356053352367 1.0000000180025095e-35 11.125833988189699 5.5000000000000009 1.0000000180025095e-35 0.3144462406635285 0.24417344480752948 1.61229944229126 64.500000000000014 1.3449801206588747 63.500000000000007 0.13063795119524005 24.500000000000004 116.50000000000001 4.5000000000000009 5.982558250427247 0.63780790567398082 9.5000000000000018 5.5000000000000009 0.70012593269348156 0.65767499804496776 1.1192010045051577 3.5000000000000004 8.2576532363891619 4.5000000000000009
decision_type=2 2 2 2 2 2 2 2 2 2 2 2 2 2 2 2 2 2 2 2 2 2 2 2 2 2 2 2 2 2 2 2 2 2 2 2 2 2 2 2 2 2 2 2 2 2 2 2 2 2 2 2 2 2 2 2 2 2 2 2 2 2
left_child=1 2 15 4 -4 6 27 9 13 10 11 21 -13 45 -10 50 17 -17 33 -19 32 -5 23 -18 -24 -26 -27 -2 -7 30 35 -32 -11 -12 54 -30 37 -37 44 40 -20 -40 -43 -33 -39 -3 -46 -47 49 -49 51 52 61 -53 55 56 -8 59 -59 -57 -61 -1
right_child=5 8 3 7 -6 28 34 -9 14 20 18 12 -14 -15 -16 16 22 19 39 -21 -22 -23 24 -25 25 26 -28 -29 29 -31 31 43 -34 -35 -36 36 -38 38 41 -41 -42 42 -44 -45 46 47 -48 48 -50 -51 -52 53 -54 -55 -56 57 -58 58 -60 60 -62 -63
leaf_value=0.050942287460222085 0.072376841879807974 0.040730804003265557 0.23503818712507685 0.0029081443995237349 0.06352745939945352 0.029244309306658549 -0.024556745564588801 -0.043253749275207518 -0.007857215035995388 0.021887755161433507 0.049026842403568714 0.22322291934064456 0.082477424153023296 -0.067513923697426148 -0.064430664289697001 0.005850458084277704 0.12947338111260359 0.17294896716784153 -0.00434306306194286 0.060857053437958594 0.073645525177319843 0.10462197658515746 -0.07007549523279584 -0.0016943191984763084 -0.038996353800175708 0.10761213879836233 0.0024878660552572498 0.0075085603224579241 -0.021317737491115048 0.018467511355876924 -0.1389838510006666 -0.094635496266306407 -0.061677978282625022 0.14531307283569783 0.047160308833392159 0.02565560078391662 -0.10114005516599053 0.028290954670735769 -0.023285928341058585 -0.040878199496689964 0.069296050158749636 -0.067596192548914649 -0.1458500818283327 -0.023518843529745936 -0.068795843082216548 -0.017392591124651236 0.00091027468170334653 0.015001133708953859 0.0039963269077644154 0.10765760449916124 -0.058828303611850083 0.090572399818820176 -0.075668634301317581 -0.0076917320139267865 0.0056980343618159811 -0.0039554407686437304 0.047669717326368155 -0.1397173470828463 -0.027182022627443077 -0.11749707075456778 -0.031448894881683849 -0.017454842873067665
leaf_weight=58 77 365 71 69 57 57 666 74 796 98 75 55 80 58 162 70 50 55 97 68 71 61 57 58 95 56 100 863 516 74 59 92 65 50 52 64 114 69 64 50 112 122 61 95 105 207 81 124 332 74 72 57 62 50 185 138 56 67 59 53 68 148
leaf_count=58 77 365 71 69 57 57 666 74 796 98 75 55 80 58 162 70 50 55 97 68 71 61 57 58 95 56 100 863 516 74 59 92 65 50 52 64 114 69 64 50 112 122 61 95 105 207 81 124 332 74 72 57 62 50 185 138 56 67 59 53 68 148
internal_value=0.000113455 0.0188959 0.0367294 0.0580942 0.159747 -0.0206262 -0.00795027 0.0443454 0.000859997 0.0517273 0.0651205 0.0972605 0.141038 0.0160092 -0.0174811 0.0147437 0.0317705 0.0737096 0.0427456 0.11197 0.0144622 0.0510697 0.012183 0.0596622 -0.00460473 0.0104822 0.0406698 0.0128935 -0.0390149 -0.041599 -0.0446921 -0.0785342 -0.0116089 0.0883889 -0.0225273 -0.0376715 -0.0500315 -0.0395774 -0.0479284 0.0204617 0.0352611 -0.0760912 -0.0943317 -0.058824 -0.0204584 0.0204624 -0.0385974 0.0103829 0.0212434 0.0499973 -0.00847287 0.00132612 -0.0162167 0.0450085 -0.0253663 -0.0305582 -0.0188965 -0.0523221 -0.0876512 -0.0348639 -0.0697936 0.00195567
internal_weight=8116 4259 2141 1085 128 3857 2284 957 2118 883 649 265 135 1160 958 1056 609 193 384 123 234 130 416 108 308 251 156 940 1573 1516 1442 246 163 125 1344 1196 680 566 502 259 209 247 183 187 255 1102 186 737 530 198 447 375 268 107 1292 1107 722 385 126 259 121 206
internal_count=8116 4259 2141 1085 128 3857 2284 957 2118 883 649 265 135 1160 958 1056 609 193 384 123 234 130 416 108 308 251 156 940 1573 1516 1442 246 163 125 1344 1196 680 566 502 259 209 247 183 187 255 1102 186 737 530 198 447 375 268 107 1292 1107 722 385 126 259 121 206
is_linear=0
shrinkage=0.03


Tree=67
num_leaves=63
num_cat=0
split_feature=79 23 79 23 60 23 21 130 300 159 60 88 13 304 24 75 23 23 89 292 1 256 12 326 263 123 251 274 79 128 313 23 299 23 255 120 215 165 318 94 21 194 21 23 292 213 276 21 273 11 106 90 23 79 13 238 220 19 194 264 251 284
split_gain=3317.93 1248.41 1297.95 1094.75 854.501 825.358 747.06 622.994 537.101 840.709 536.926 510.197 426.085 619.814 557.686 450.793 399.04 398.796 568.749 595.004 395.513 384.446 369.306 365.208 463.286 464.641 363.258 425.935 343.875 343.077 346.703 335.557 324.063 276.517 258.674 254.434 274.703 248.372 261.689 247.686 271.501 269.925 276.839 254.822 237.741 232.926 230.514 221.684 215.665 212.299 211.439 207.529 322.268 292.862 287.063 307.065 328.04 229.169 221.134 218.464 309.291 326.445
threshold=0.21575680375099185 68.500000000000014 0.26794917881488806 84.500000000000014 61.500000000000007 41.500000000000007 46.500000000000007 1.5000000000000002 5.5000000000000009 1.0000000180025095e-35 276.50000000000006 19.500000000000004 41.500000000000007 12.500000000000002 59.500000000000007 8.3163461685180682 92.500000000000014 46.500000000000007 4.5000000000000009 3.9770973920822148 28.500000000000004 1.0000000180025095e-35 58.500000000000007 203.50000000000003 7.5000000000000009 0.19304294884204867 0.24712491780519488 0.6072751283645631 0.13063795119524005 1.5000000000000002 12.34939479827881 34.500000000000007 6.5000000000000009 101.50000000000001 1.5000000000000002 3.9161992073059086 2.2635542154312138 1.0000000180025095e-35 0.66121333837509166 11.500000000000002 54.500000000000007 4.2793061733245858 85.500000000000014 78.500000000000014 2.4422727823257451 17.500000000000004 113.50000000000001 77.500000000000014 0.57518798112869274 44.500000000000007 2.5000000000000004 9.5000000000000018 64.500000000000014 0.29740898311138159 53.500000000000007 27.500000000000004 0.26699671149253851 59.500000000000007 4.877622365951539 17.500000000000004 0.33250825107097631 12.500000000000002
decision_type=2 2 2 2 2 2 2 2 2 2 2 2 2 2 2 2 2 2 2 2 2 2 2 2 2 2 2 2 2 2 2 2 2 2 2 2 2 2 2 2 2 2 2 2 2 2 2 2 2 2 2 2 2 2 2 2 2 2 2 2 2 2
left_child=3 2 17 4 6 -6 -1 8 9 12 -9 22 13 26 23 -15 39 18 -2 -20 -18 29 50 32 -25 -26 27 -7 34 30 -8 -4 -14 -30 -5 36 -13 -16 -39 -3 -41 42 -42 -43 -24 -29 -38 -27 51 -35 -11 54 53 -53 55 58 -57 -56 -33 -55 61 -61
right_child=1 16 31 28 5 7 21 10 -10 11 -12 35 14 15 37 -17 20 -19 19 -21 -22 -23 44 24 25 47 -28 45 33 -31 -32 48 -34 49 -36 -37 46 38 -40 40 41 43 -44 -45 -46 -47 -48 -49 -50 -51 -52 52 -54 59 57 56 -58 -59 -60 60 -62 -63
leaf_value=0.11049675512772339 -0.014298892566002905 0.02380131102421067 0.043186584668050344 0.0089690863513029549 0.15523836262916263 0.015993192116548489 -0.022879789556903094 -0.067083028033375736 0.11563825730855266 0.061177777372873748 0.053140940997335649 -0.029141979254139905 0.066850601032376278 0.20398510210654314 0.057182515679221398 0.088220790247601183 -0.021324573471876124 0.011844766700494025 0.14912251271503535 0.017060372424575518 -0.12367901232216383 -0.074142866722175058 0.0063423714298626466 0.002239174407045796 0.1643427230666081 0.11088643757686499 -0.0031734174046967479 0.15621658798526314 -0.0051450750013292933 0.054311193803722936 0.05380795887538365 0.018105069333687426 -0.032650706863095014 -0.092538756870088126 0.080908381763845683 0.10178045642288291 0.002013142565265298 -0.045058325670878939 0.030329949191730956 -0.093528651590326001 -0.029219721621375972 -0.018013764325129224 -0.1221812326732581 -0.046527337477060164 -0.068166355521465508 0.075030308256751485 0.075310245165601364 0.033316271477937698 -0.08363797842023464 -0.020428389465170244 -0.01355345865090688 -0.0033131150824667905 -0.082960902777048623 -0.0023174481388301619 -0.10443701608654331 -0.0062962671097678445 0.090254069133416603 -0.014179195630579039 -0.022658054570714514 -0.088080792639345401 0.012518283755463712 -0.0060613365831046267
leaf_weight=51 63 65 70 181 56 76 336 87 89 64 53 57 59 50 56 82 55 973 75 52 90 69 57 52 71 61 73 50 611 88 62 152 57 62 59 50 63 103 68 69 58 768 58 447 117 96 99 74 51 90 71 302 100 92 50 71 56 51 553 188 50 57
leaf_count=51 63 65 70 181 56 76 336 87 89 64 53 57 59 50 56 82 55 973 75 52 90 69 57 52 71 61 73 50 611 88 62 152 57 62 59 50 63 103 68 69 58 768 58 447 117 96 99 74 51 90 71 302 100 92 50 71 56 51 553 188 50 57
internal_value=0.000112028 -0.0165891 -0.00516712 0.0221369 0.0327671 0.0426973 0.00176102 0.0391801 0.0442031 0.0401749 -0.0215156 0.011201 0.0564389 0.0793626 0.0400472 0.133275 -0.0378986 0.0196385 0.0592795 0.0956056 -0.0852669 -0.00841168 -0.0150809 0.0625129 0.082336 0.102446 0.0548704 0.0738855 -0.0043335 0.00105361 -0.0108285 -0.0208225 0.0180965 -0.0141855 0.0269165 0.0413349 0.0271347 0.00292151 -0.0150773 -0.0331553 -0.0358148 -0.0327549 -0.0763475 -0.0285336 -0.0438616 0.103707 0.046993 0.0689241 -0.0233726 -0.0502544 0.022064 -0.0215402 -0.0328593 -0.025478 -0.0119432 -0.00611205 0.0366496 -0.0594471 -0.0138562 -0.0427214 -0.0552716 -0.0691009
internal_weight=8116 4616 3006 3500 2497 1891 606 1835 1695 1606 140 578 1028 427 601 132 1610 1163 190 127 145 555 309 374 258 206 295 222 1003 486 398 1843 116 763 240 269 219 227 171 1465 1400 1331 116 1215 174 146 162 135 1773 152 135 1722 789 689 933 832 127 101 705 387 295 245
internal_count=8116 4616 3006 3500 2497 1891 606 1835 1695 1606 140 578 1028 427 601 132 1610 1163 190 127 145 555 309 374 258 206 295 222 1003 486 398 1843 116 763 240 269 219 227 171 1465 1400 1331 116 1215 174 146 162 135 1773 152 135 1722 789 689 933 832 127 101 705 387 295 245
is_linear=0
shrinkage=0.03


Tree=68
num_leaves=63
num_cat=0
split_feature=79 23 23 39 23 9 23 79 133 23 79 309 4 298 79 231 23 6 123 78 237 23 146 146 150 201 18 55 124 79 328 149 56 50 144 23 216 93 313 36 241 79 91 134 269 179 118 7 79 9 22 23 104 252 189 29 23 150 240 91 19 260
split_gain=3153.21 1547.1 939.996 961.471 1000.68 1284.59 745.613 722.896 679.8 572.027 489.953 426.146 433 528.665 480.247 556.891 413.232 404.567 421.143 460.731 559.44 385.195 354.043 343.395 327.91 315.767 453.601 306.838 326.15 453.713 357.108 516.089 495.993 349.42 305.401 304.189 296.35 261.707 377.847 249.564 247.076 361.824 396.098 489.209 246.723 243.868 242.161 231.855 351.428 227.584 222.818 220.936 230.272 231.264 230.55 226.204 281.035 217.324 213.212 209.261 209.064 274.089
threshold=0.24230587482452395 72.500000000000014 36.500000000000007 21.500000000000004 46.500000000000007 37.500000000000007 64.500000000000014 0.20524267852306369 0.41612553596496588 32.500000000000007 0.29740898311138159 155.50000000000003 9.5000000000000018 69.500000000000014 0.17179608345031741 61.500000000000007 112.50000000000001 1.5000000000000002 0.27100563049316412 0.93862950801849376 6.5000000000000009 87.500000000000014 112.50000000000001 87.500000000000014 6.0159573554992685 81.500000000000014 53.500000000000007 2.1242977380752568 0.70869964361190807 0.30970597267150884 1.0000000180025095e-35 5.9584608078002939 1.2688348293304446 67.500000000000014 50.500000000000007 86.500000000000014 7.5474417209625253 473.50000000000006 11.00657892227173 0.24281935393810275 19.500000000000004 0.13063795119524005 36.500000000000007 38.500000000000007 3.7906404733657841 64.500000000000014 1.7940397262573244 10.500000000000002 0.21076774597167972 44.500000000000007 68.500000000000014 101.50000000000001 490.50000000000006 0.63863280415534984 21.500000000000004 1.0000000180025095e-35 85.500000000000014 8.7048387527465838 9.5000000000000018 95.500000000000014 40.500000000000007 1.5000000000000002
decision_type=2 2 2 2 2 2 2 2 2 2 2 2 2 2 2 2 2 2 2 2 2 2 2 2 2 2 2 2 2 2 2 2 2 2 2 2 2 2 2 2 2 2 2 2 2 2 2 2 2 2 2 2 2 2 2 2 2 2 2 2 2 2
left_child=1 2 -1 11 5 -5 9 16 17 -2 -11 12 13 22 25 45 40 37 19 20 -19 -9 23 44 -21 -15 -27 28 29 33 31 -31 -32 -8 -28 39 -26 38 -6 -35 -3 42 -42 -44 -4 -16 -45 48 -38 60 -34 52 53 -43 -55 56 -54 -23 -20 -49 61 -12
right_child=6 7 3 4 8 -7 27 21 -10 10 49 -13 -14 14 15 -17 -18 18 58 24 -22 57 -24 -25 36 26 34 -29 -30 30 32 -33 50 35 -36 -37 47 -39 -40 -41 41 51 43 46 -46 -47 -48 59 -50 -51 -52 -53 55 54 -56 -57 -58 -59 -60 -61 -62 -63
leaf_value=0.15873711043933653 0.085529225367714054 -0.03480971845433764 0.0039681014685946352 0.21390621447137423 -0.0095691854577167178 0.021655762688866979 0.011097618295023074 -0.014103747956128359 -0.042304732033246473 0.0014740401111325472 0.00013560387649034198 -0.06783899784328476 -0.051920040647039208 0.0091620588488876813 -0.015627593641670851 -0.071769180628242057 -0.065547248596835528 0.064909715501125897 0.04271504883223505 -0.014176349398391 0.17977710807187991 -0.025378998188035826 -0.078585324688391245 0.064563304940238583 0.10884443446386016 0.13550998196519654 0.090429860121437486 0.016953191242592279 0.016824598880829631 0.0013776671102172448 -0.17331695012027218 -0.11639407279399724 -0.10238594077203585 -0.042451807454311867 0.00012174449183724143 -0.10289559275226887 0.10973189725230137 0.083127647221964945 0.063810726345278485 0.01457146941182705 0.0043398881178574279 0.019221836613114787 0.14546775771000167 -0.006955915780737996 -0.071296203496509836 0.066060262831071248 0.069862800627870827 -0.031895062751494917 0.026631887701223603 -0.081843192121157274 -0.018767370419467196 -0.034602418376508091 0.055937132064552447 0.013862658259133959 -0.048150877621254487 -0.030148036297655004 0.010202795641742786 -0.095076302690058942 -0.037404921224547756 0.053655876631245894 -0.01352836971059798 -0.060513109645734614
leaf_weight=52 54 91 169 69 237 57 129 483 85 1092 94 61 82 71 51 60 62 95 66 57 65 69 54 65 94 86 69 85 80 94 61 51 68 635 65 67 89 50 85 77 148 192 54 59 50 90 97 51 95 64 50 102 223 85 145 60 264 99 53 50 626 233
leaf_count=52 54 91 169 69 237 57 129 483 85 1092 94 61 82 71 51 60 62 95 66 57 65 69 54 65 94 86 69 85 80 94 61 51 68 635 65 67 89 50 85 77 148 192 54 59 50 90 97 51 95 64 50 102 223 85 145 60 264 99 53 50 626 233
internal_value=0.000111968 0.0166399 0.0337743 0.0308443 0.0477353 0.127791 -0.0210388 -0.00119213 0.039027 -0.00999725 -0.0124825 0.00828559 0.013446 0.0199585 0.039773 0.00406401 0.00975815 0.0454199 0.0586133 0.0688862 0.112401 -0.0277766 -0.00891606 0.00456017 0.0526966 0.0643396 0.0820249 -0.0381153 -0.0416932 -0.0455037 -0.0759662 -0.040559 -0.104263 -0.0345621 0.0469491 -0.0421278 0.0627649 0.0199726 0.00993887 -0.0362732 0.0128709 0.0159295 0.041996 0.0683883 -0.0134615 0.0366116 0.0409503 0.0472393 0.0672029 -0.0274551 -0.0674098 0.00718522 0.0116151 -0.00503079 -0.025272 0.0244428 0.0312165 -0.0667702 0.00701702 0.0105677 -0.0237206 -0.0431317
internal_weight=8116 4556 2323 2271 1298 126 3560 2233 1172 2163 2109 973 912 830 492 201 1582 1087 715 596 160 651 338 284 436 291 220 1397 1312 1232 324 145 179 908 134 779 379 372 322 712 1520 1429 358 210 219 141 156 285 184 1017 118 1071 969 422 230 547 487 168 119 101 953 327
internal_count=8116 4556 2323 2271 1298 126 3560 2233 1172 2163 2109 973 912 830 492 201 1582 1087 715 596 160 651 338 284 436 291 220 1397 1312 1232 324 145 179 908 134 779 379 372 322 712 1520 1429 358 210 219 141 156 285 184 1017 118 1071 969 422 230 547 487 168 119 101 953 327
is_linear=0
shrinkage=0.03


Tree=69
num_leaves=63
num_cat=0
split_feature=79 23 23 23 79 170 23 59 21 58 198 38 135 79 48 4 22 4 295 266 58 79 16 136 207 153 43 174 23 19 94 57 153 144 101 150 231 23 238 97 21 290 75 123 79 199 275 302 79 286 253 126 94 12 74 97 247 208 135 17 18 23
split_gain=2970.69 1474.53 1054.46 714.1 711.374 559.272 668.268 1054.58 875.377 967.391 852.647 660.051 1070.43 654.595 581.93 545.661 547.364 628.454 645.474 520.072 504.063 483.372 390.994 383.656 363.004 358.019 340.944 395.515 328.702 339.506 324.235 318.938 342.686 313.956 524.491 313.072 310.237 304.435 299.442 293.154 307.559 290.506 289.727 285.677 278.128 266.803 264.511 261.041 248.339 248.826 235.774 230.209 229.075 225.685 219.731 217.808 211.458 210.773 208.979 215.732 208.352 305.886
threshold=0.24452438205480578 83.500000000000014 36.500000000000007 53.500000000000007 0.20415349304676059 0.60000000149011623 60.500000000000007 26.500000000000004 75.500000000000014 0.62727096676826488 0.31198769807815557 1395.0000000000002 207.50000000000003 0.19462481886148456 457.50000000000006 9.5000000000000018 60.500000000000007 2.5000000000000004 0.15655637532472613 13.500000000000002 0.64019396901130687 0.3003759384155274 57.500000000000007 9.5000000000000018 15.500000000000002 1.3288426995277407 2.5000000000000004 7.9071431159973153 75.500000000000014 25.500000000000004 29.500000000000004 0.21162923425436023 1.3589327931404116 50.500000000000007 0.17637088894844058 8.8994131088256854 19.500000000000004 112.50000000000001 24.500000000000004 8.573949337005617 77.500000000000014 4.7309210300445566 8.6841135025024432 0.21263405680656436 0.14854215830564502 0.6545819640159608 50.500000000000007 3.5000000000000004 0.29740898311138159 101.50000000000001 17.500000000000004 8.5000000000000018 24.500000000000004 57.500000000000007 12.15608072280884 6.1646616458892831 8.7381505966186541 3.5000000000000004 183.50000000000003 88.500000000000014 61.500000000000007 44.500000000000007
decision_type=2 2 2 2 2 2 2 2 2 2 2 2 2 2 2 2 2 2 2 2 2 2 2 2 2 2 2 2 2 2 2 2 2 2 2 2 2 2 2 2 2 2 2 2 2 2 2 2 2 2 2 2 2 2 2 2 2 2 2 2 2 2
left_child=1 2 -1 21 37 36 7 15 9 -9 11 12 20 14 23 16 17 22 -19 -14 -10 60 -7 25 -16 39 -5 28 46 30 -30 51 57 34 -18 41 -4 44 -37 -8 -41 -31 -11 45 52 -42 -28 50 53 -50 54 -25 -3 -48 -23 -56 -20 -33 -54 -60 -2 -62
right_child=3 4 5 26 -6 6 13 8 10 42 -12 -13 19 -15 24 -17 33 18 56 -21 -22 47 -24 31 -26 -27 27 -29 29 35 -32 32 -34 -35 -36 38 -38 -39 -40 40 43 -43 -44 -45 -46 -47 48 -49 49 -51 -52 -53 58 -55 55 -57 -58 -59 59 -61 61 -63
leaf_value=0.1561619521704587 0.005651892229373897 -0.017630390780732818 0.0008890965235358113 0.029794340247242916 -0.053761362071580637 -0.095038829992214843 0.079574880871811124 0.24387785726610348 0.013638052754807022 0.13212473364252791 0.16290625765346564 0.12835420547769619 -0.11683226721154319 0.001378317160642537 0.14832016557546668 -0.069816035196698933 0.029690260063199435 0.12829999848323709 -0.045983874903005713 0.0014176401261533245 0.14309026980870646 -0.058549963494196687 0.012118950933218001 -0.042087265145505814 0.044215438255951513 0.11798205971717834 -0.018822289997844195 -0.099935127364373516 -0.053815810477733615 -0.025621189471706746 -0.15278398831589865 0.10045245099280561 -0.0251320062189886 0.024877319369585281 0.16409056761302054 0.021747546440197361 -0.073474700547316502 -0.063612043150878012 -0.061409600716633872 0.075206261413062317 -0.016346998224652045 -0.10985491392612458 0.034748247455572707 -0.060095074886784831 -0.0075139640664013147 0.060749055076437651 -0.067561366888353735 0.036018041556944012 -0.12835061869487679 -0.038701185917383744 -0.052822052056740246 0.032310755134505383 0.072497168016704638 -0.0031759524926906679 0.048242035651240835 -0.013961822956527046 0.039991190032317089 0.028756989009216822 0.048284756222242257 -0.032179524407667269 0.1052815382937816 0.020941783493527141
leaf_weight=54 309 75 196 81 286 71 100 50 52 56 51 51 53 1091 60 57 50 50 50 88 56 70 53 141 62 54 1428 75 74 74 51 55 72 92 55 107 67 62 60 67 82 74 55 50 584 78 81 68 57 56 190 50 109 122 65 217 51 112 72 50 54 133
leaf_count=54 309 75 196 81 286 71 100 50 52 56 51 51 53 1091 60 57 50 50 50 88 56 70 53 141 62 54 1428 75 74 74 51 55 72 92 55 107 67 62 60 67 82 74 55 50 584 78 81 68 57 56 190 50 109 122 65 217 51 112 72 50 54 133
internal_value=0.000110105 0.0156999 0.0258225 -0.0210156 -0.0123602 0.0236933 0.0272403 0.0468458 0.0774981 0.135276 0.0506867 0.0311316 0.0107848 0.017382 0.0351244 0.0170884 0.0277086 0.000323521 0.0413004 -0.0435407 0.0814584 -0.00114882 -0.049507 0.0263681 0.0962041 0.0463371 -0.0304011 -0.0325717 -0.0302137 -0.0533762 -0.0950869 0.00629164 0.0293343 0.0657417 0.100974 -0.0365758 -0.0182618 0.000120863 -0.00831697 0.03579 0.0197538 -0.0681927 0.0846162 0.00178922 0.00462709 0.0213812 -0.0243427 -0.0190189 -0.0491513 -0.0846518 -0.0259775 -0.0225445 0.0277473 -0.0290719 -0.0113789 0.000495749 -0.00260427 0.0528266 0.0424928 0.0153141 0.0208225 0.045727
internal_weight=8116 4670 3432 3446 1238 3378 3115 1041 512 161 351 300 249 2074 983 529 472 275 151 141 108 1106 124 861 122 431 2340 2259 2184 440 125 430 239 197 105 315 263 952 167 377 277 148 111 210 890 160 1744 610 316 113 542 191 306 203 352 282 101 167 231 122 496 187
internal_count=8116 4670 3432 3446 1238 3378 3115 1041 512 161 351 300 249 2074 983 529 472 275 151 141 108 1106 124 861 122 431 2340 2259 2184 440 125 430 239 197 105 315 263 952 167 377 277 148 111 210 890 160 1744 610 316 113 542 191 306 203 352 282 101 167 231 122 496 187
is_linear=0
shrinkage=0.03


Tree=70
num_leaves=63
num_cat=0
split_feature=79 23 23 79 212 23 88 23 159 237 165 115 187 232 265 23 79 185 306 266 15 18 13 101 119 79 25 19 198 23 23 128 75 280 43 24 308 81 15 21 141 77 21 194 23 79 79 124 325 53 273 60 79 12 121 121 69 263 92 135 176 150
split_gain=2812.03 1015.02 1008.82 1017.47 774.298 1167.89 661.801 973.325 522.765 604.715 439.709 458.852 424.23 532.507 404.103 360.322 347.606 346.799 344.245 577.488 418.985 403.789 417.8 330.195 325.7 313.346 307.207 299.711 293.771 291.065 286.712 315.084 375.936 409.986 395.715 286.073 267.774 267.014 267.787 243.133 234.579 234.425 231.71 248.852 275.43 227.406 211.389 211.365 235.297 210.993 291.059 252.45 257.403 262.283 319.377 392.296 265.345 354.03 257.792 228.72 222.14 221.842
threshold=0.21851522475481036 84.500000000000014 68.500000000000014 0.26794917881488806 26.500000000000004 39.500000000000007 17.500000000000004 49.500000000000007 1.0000000180025095e-35 12.500000000000002 2.5000000000000004 109.50000000000001 3.5000000000000004 272.50000000000006 7.5000000000000009 100.50000000000001 0.16447026282548907 3.5000000000000004 2.5000000000000004 6.5000000000000009 54.500000000000007 46.500000000000007 36.500000000000007 0.15026882290840152 6.9133951663970956 0.13383085280656817 7.5000000000000009 30.500000000000004 0.24602774530649188 34.500000000000007 56.500000000000007 6.5000000000000009 6.9726350307464608 1.5000000000000002 14.500000000000002 37.500000000000007 27.500000000000004 35.500000000000007 71.500000000000014 89.500000000000014 12.500000000000002 0.57755661010742199 54.500000000000007 4.2793061733245858 78.500000000000014 0.25652371346950537 0.15759905427694323 0.67860704660415661 75.500000000000014 12.72734308242798 0.55902779102325451 89.500000000000014 0.32583418488502508 70.500000000000014 1.5702022910118105 2.0708144903182988 49.500000000000007 24.500000000000004 150.50000000000003 160.50000000000003 0.38165266811847692 7.2636477947235116
decision_type=2 2 2 2 2 2 2 2 2 2 2 2 2 2 2 2 2 2 2 2 2 2 2 2 2 2 2 2 2 2 2 2 2 2 2 2 2 2 2 2 2 2 2 2 2 2 2 2 2 2 2 2 2 2 2 2 2 2 2 2 2 2
left_child=1 4 3 30 14 -6 8 -8 9 18 26 -12 17 -14 -1 37 -3 -9 19 36 -21 -20 -23 -22 -13 -19 -10 46 -15 -5 31 32 -2 34 -34 -24 40 38 -4 -40 -7 -37 -39 -44 -45 -33 -25 48 -46 50 51 61 59 54 56 -56 57 -54 -58 -53 -61 -31
right_child=2 16 15 29 5 6 7 12 10 -11 11 24 13 28 -16 -17 -18 25 21 20 23 22 35 27 -26 -27 -28 -29 -30 49 -32 45 33 -35 -36 41 -38 42 39 -41 -42 -43 43 44 47 -47 -48 -49 -50 -51 -52 52 53 -55 55 -57 58 -59 -60 60 -62 -63
leaf_value=-0.00081762594694137264 0.0655905387659384 0.013890100725977156 -0.030928853553878827 0.040471741405453426 0.171949183604934 0.0058155255448424596 0.17833546372020945 0.0085453815648660943 -0.014669804869485752 0.12399221678778272 0.088678188059065077 0.056188040432684556 -0.037491984002969478 0.014348814157927606 -0.095047738442484 -0.11304679867166739 -0.021146825023420881 0.1293270408005818 -0.078531050541821648 0.12057643101133149 -0.016721574306007354 0.086414749803287644 0.050837142076985586 0.12869904234295798 -0.031225969151143101 0.059669571276167829 -0.10903482412821368 0.004983634855598211 0.082200951334469169 0.03414448581193006 0.0038886042439437727 0.11090385909651367 -0.013510735288262367 -0.07111823921140871 0.074383544409275054 0.0034046016780884709 0.049701827640334768 -0.10031282620090576 -0.017621247779906674 0.06184707321751285 -0.071556802054269703 -0.072369902805695607 -0.084935725433751941 -0.019847445806857662 -0.046296718057387297 0.028089558229678204 0.046882722722366453 -0.0097736422735102031 -0.10457987350225448 0.030781943606796546 -0.092154398171438112 -0.052922560350637728 -0.096235982509329923 0.0067473010406555499 0.036144341569393869 -0.07535708877775403 -0.16059961982001109 0.0099985042711098985 -0.065811368659404762 -0.01879796392063092 0.025420058000186256 -0.016680666838163653
leaf_weight=193 112 464 204 70 54 105 50 101 69 57 53 50 109 140 51 51 563 68 50 86 61 55 57 62 154 412 56 53 97 122 643 70 119 56 74 90 71 53 67 70 52 61 87 627 215 53 55 84 89 66 53 145 59 67 59 53 52 53 55 662 120 207
leaf_count=193 112 464 204 70 54 105 50 101 69 57 53 50 109 140 51 51 563 68 50 86 61 55 57 62 154 412 56 53 97 122 643 70 119 56 74 90 71 53 67 70 52 61 87 627 215 53 55 84 89 66 53 145 59 67 59 53 52 53 55 662 120 207
internal_value=0.000110087 0.0198902 -0.015651 -0.00541457 0.0299544 0.0352828 0.0319633 0.0506018 0.0178952 0.0301917 -0.0115605 0.0109077 0.0435275 0.0171607 -0.0208208 -0.0352871 -0.00531898 0.0591731 0.0238231 0.0382023 0.064327 -0.00125611 0.0136768 0.0429563 -0.00963139 0.0697861 -0.0574752 0.0643426 0.0423482 -0.0191418 0.0170308 0.0344463 0.0202085 -0.000385048 0.0203994 -0.00587828 0.0017575 -0.0325625 -0.00920327 0.0231369 -0.0201017 -0.027481 -0.039445 -0.0364294 -0.0321922 0.075734 0.0909616 -0.0520387 -0.0636468 -0.0215169 -0.0235558 -0.0213033 -0.0271397 -0.0473014 -0.0582292 -0.0168197 -0.0792339 -0.0463207 -0.112937 -0.0184417 -0.0119888 0.00221271
internal_weight=8116 3599 4517 2970 2572 2328 2274 977 1297 915 382 257 927 346 244 1547 1027 581 858 545 317 313 263 231 204 480 125 170 237 1843 1127 484 361 249 193 208 228 1496 341 137 157 151 1155 1102 1015 123 117 388 304 1773 1707 1654 1325 398 331 112 219 112 107 927 782 329
internal_count=8116 3599 4517 2970 2572 2328 2274 977 1297 915 382 257 927 346 244 1547 1027 581 858 545 317 313 263 231 204 480 125 170 237 1843 1127 484 361 249 193 208 228 1496 341 137 157 151 1155 1102 1015 123 117 388 304 1773 1707 1654 1325 398 331 112 219 112 107 927 782 329
is_linear=0
shrinkage=0.03


Tree=71
num_leaves=63
num_cat=0
split_feature=79 23 59 23 23 23 49 141 21 79 79 79 225 290 16 4 188 23 37 23 298 308 23 79 79 213 316 52 295 81 171 2 232 11 67 105 72 239 149 312 101 23 175 144 300 252 9 124 58 290 217 12 132 255 123 290 80 101 209 248 273 15
split_gain=2666.12 1174.25 943.592 1631.71 771.039 589.646 579.807 894.599 707.67 575.838 525.705 515.738 485.036 453.138 415.585 407.814 507.224 689.175 612.021 403.896 392.409 528.578 392.313 389.064 377.942 436.31 346.519 321.99 305.158 298.591 340.125 291.099 287.886 284.643 303.066 293.848 468.557 350.056 291.026 543.188 273.573 293.358 271.957 271.334 266.382 264.649 245.568 245.446 356.857 233.202 226.782 226.087 222.516 257.73 209.771 207.926 214.751 204.177 200.202 187.125 201.726 190.836
threshold=0.23447144776582721 72.500000000000014 27.500000000000004 43.500000000000007 66.500000000000014 32.500000000000007 959.50000000000011 30.500000000000004 73.500000000000014 0.17614738643169406 0.29740898311138159 0.18624359369277957 1.5000000000000002 5.7928571701049814 44.500000000000007 9.5000000000000018 14.500000000000002 53.500000000000007 64.500000000000014 92.500000000000014 155.50000000000003 25.500000000000004 112.50000000000001 0.060661764815449722 0.20415349304676059 23.500000000000004 1.143797039985657 2.6346732378005986 0.26953603327274328 13.500000000000002 37.254808425903327 20.000000000000004 303.50000000000006 42.500000000000007 32.500000000000007 5.5000000000000009 14.500000000000002 25.500000000000004 6.3100497722625741 6.538856267929078 0.27292752265930181 76.500000000000014 1.0520269870758059 52.500000000000007 1.0000000180025095e-35 0.64662981033325206 34.500000000000007 0.67720806598663341 0.64088308811187755 3.1869194507598881 2.8166977167129521 64.500000000000014 1.5000000000000002 4.5000000000000009 0.25399377942085272 4.3121740818023691 0.62450543045997631 0.2459346950054169 4.5000000000000009 0.6792721450328828 0.12632978707551959 87.500000000000014
decision_type=2 2 2 2 2 2 2 2 2 2 2 2 2 2 2 2 2 2 2 2 2 2 2 2 2 2 2 2 2 2 2 2 2 2 2 2 2 2 2 2 2 2 2 2 2 2 2 2 2 2 2 2 2 2 2 2 2 2 2 2 2 2
left_child=1 2 14 -4 5 -2 7 8 9 -5 -7 22 13 24 20 16 23 18 -18 -13 21 -1 52 -16 25 26 -10 -23 45 -6 31 40 -9 34 -12 -35 46 38 -38 -40 41 51 49 44 -19 -14 -37 48 54 -8 -26 -31 53 59 -43 -42 -57 -11 -21 -3 61 -61
right_child=4 11 3 6 29 10 42 32 12 57 33 19 28 -15 15 -17 17 43 -20 58 -22 27 -24 -25 50 -27 -28 -29 -30 30 -32 -33 -34 35 -36 36 37 -39 39 -41 55 47 -44 -45 -46 -47 -48 -49 -50 -51 -52 -53 -54 -55 -56 56 -58 -59 -60 60 -62 -63
leaf_value=-0.034973961742972577 0.088041117070242758 -0.02816282833814621 0.21790108277517206 0.17998416972996772 0.03217587478052486 0.0018670933116983876 0.11120833386790077 -0.089237062706321965 0.071422847995632574 0.089885860764731956 0.014584675826271416 -0.0068329717383288791 -0.070002790230512618 -0.032081973877023245 0.031923517278722814 -0.045805483775685968 0.1660800059538492 0.093164588321705127 0.044994315219571791 -0.08208878704167287 -0.071426713445356921 0.1029323288159711 -0.061326225313784205 -0.049454454300132129 0.061340059621199483 0.027165306869053069 0.17732185131311418 0.0016172390816540554 0.048211008820217102 -0.050031125974778524 -0.10866174007292653 0.026065783560276029 0.0077252110356793684 -0.091880511575574544 -0.0537832693305689 0.058061444358101913 -0.03624473544322844 0.022896543530317452 -0.15249116130173207 -0.033990046235296542 0.026090417280793188 -0.0270983481913805 0.15201429571749436 -0.0038448560941033061 0.014887614681001972 0.0090707833090653799 -0.017466513473412087 -0.023461189858797121 -0.12485543251343452 0.020389615051886613 -0.022855223301384182 -0.010182570070578632 -0.04078713560984893 0.081051797020997171 -0.10193354575966412 -0.066315952272976139 -0.0032834326689657957 0.013955328569692723 -0.01121787708455866 0.027910665413562921 0.0065199814585067623 0.088509433441707544
leaf_weight=142 55 74 50 52 54 1384 52 60 56 89 240 796 74 50 110 66 70 73 82 108 83 55 58 100 61 61 59 57 63 310 60 64 50 75 76 69 339 64 63 78 83 99 53 159 84 77 86 81 109 50 53 219 54 60 51 84 114 50 54 422 440 52
leaf_count=142 55 74 50 52 54 1384 52 60 56 89 240 796 74 50 110 66 70 73 82 108 83 55 58 100 61 61 59 57 63 310 60 64 50 75 76 69 339 64 63 78 83 99 53 159 84 77 86 81 109 50 53 219 54 60 51 84 114 50 54 422 440 52
internal_value=0.000107574 0.0164687 0.0321308 0.0522309 -0.0179584 -0.0082324 0.043822 0.034067 0.045859 0.095524 -0.0104074 0.000628783 0.028595 0.0508134 0.0123911 0.0248997 0.0318399 0.0491912 0.101478 -0.0156523 -0.0152163 0.00335974 0.0140766 -0.00687862 0.0651669 0.0926252 0.126814 0.0518408 -0.0067776 -0.0364601 -0.0393922 -0.0358821 -0.0454908 -0.02598 -0.00197604 -0.0357649 -0.0296212 -0.0427148 -0.0514924 -0.0876384 -0.0393493 -0.0476645 0.0970685 0.0237995 0.0516432 -0.0298861 0.0163123 -0.0694085 -0.0836326 0.0673195 0.0223383 -0.0335846 0.0180972 0.0211673 -0.0530489 -0.0135562 -0.0302234 0.0628675 -0.0586789 0.0174523 0.0211722 0.034731
internal_weight=8116 4259 2141 1060 3857 2529 1010 855 745 191 2474 2118 554 340 1081 744 678 468 152 958 337 254 1160 210 290 176 115 112 214 1328 1274 1214 110 1090 316 774 699 544 480 141 1150 869 155 316 157 151 155 340 259 102 114 529 1102 1048 150 281 198 139 162 988 914 474
internal_count=8116 4259 2141 1060 3857 2529 1010 855 745 191 2474 2118 554 340 1081 744 678 468 152 958 337 254 1160 210 290 176 115 112 214 1328 1274 1214 110 1090 316 774 699 544 480 141 1150 869 155 316 157 151 155 340 259 102 114 529 1102 1048 150 281 198 139 162 988 914 474
is_linear=0
shrinkage=0.03


Tree=72
num_leaves=63
num_cat=0
split_feature=79 23 23 23 79 60 23 79 38 130 124 124 76 119 216 315 274 9 78 48 84 213 79 11 251 270 207 75 284 180 16 20 304 24 24 1 23 54 23 100 285 314 18 79 302 11 24 175 242 254 94 141 149 263 247 328 243 274 12 123 208 135
split_gain=2522.69 1265.9 920.791 640.382 616.774 519.362 783.594 646.535 643.602 793.243 530.085 1374.77 686.317 588.926 882.409 738.264 758.958 536.505 513.16 479.533 462.729 442.4 421.71 392.679 388.927 349.458 337.76 319.6 317.858 338.18 312.681 310.85 301.258 450.948 277.449 539.016 362.165 274.96 271.216 262.005 247.236 246.918 263.061 242.917 240.314 242.901 268.895 255.39 223.638 219.216 216.531 216.474 221.455 215.6 212.065 209.36 207.562 201.187 198.875 197.956 267.575 196.17
threshold=0.24452438205480578 83.500000000000014 36.500000000000007 53.500000000000007 0.20415349304676059 61.500000000000007 60.500000000000007 0.19462481886148456 1395.0000000000002 1.5000000000000002 0.6198057532310487 0.59030017256736766 4.1919150352478036 10.351691722869875 11.949725151062013 1.5070093274116518 0.65633013844490062 29.500000000000004 0.91596046090126049 457.50000000000006 1.5000000000000002 19.500000000000004 0.3003759384155274 45.500000000000007 0.25036023557186132 6.0374999046325692 15.500000000000002 9.9392013549804705 6.5000000000000009 8.5000000000000018 53.500000000000007 93.500000000000014 5.5000000000000009 36.500000000000007 43.500000000000007 28.500000000000004 73.500000000000014 3.2159510850906377 112.50000000000001 1.250560522079468 19.500000000000004 3.2994027137756352 65.500000000000014 0.14854215830564502 3.5000000000000004 42.500000000000007 36.500000000000007 1.5909926295280459 81.500000000000014 62.500000000000007 24.500000000000004 14.500000000000002 2.3858666419982915 13.500000000000002 7.8191099166870126 1.0000000180025095e-35 140.50000000000003 0.64592549204826366 64.500000000000014 0.31456144154071813 10.500000000000002 183.50000000000003
decision_type=2 2 2 2 2 2 2 2 2 2 2 2 2 2 2 2 2 2 2 2 2 2 2 2 2 2 2 2 2 2 2 2 2 2 2 2 2 2 2 2 2 2 2 2 2 2 2 2 2 2 2 2 2 2 2 2 2 2 2 2 2 2
left_child=1 2 -1 22 38 20 8 19 9 10 11 -7 -13 15 -15 16 17 -12 -18 21 32 24 51 -19 31 27 -21 37 34 30 -30 48 54 -34 35 59 40 57 43 41 -37 58 -43 50 45 49 47 -47 -8 -24 -3 -2 -53 -48 55 -4 -35 -23 -36 60 -5 -52
right_child=3 4 5 28 -6 6 7 -9 -10 -11 13 12 -14 14 -16 -17 18 23 -20 26 -22 25 44 -25 -26 -27 -28 -29 29 -31 -32 -33 33 56 39 36 -38 -39 -40 -41 -42 42 -44 -45 -46 46 53 -49 -50 -51 61 52 -54 -55 -56 -57 -58 -59 -60 -61 -62 -63
leaf_value=0.1456494406895204 0.00044927768247283024 -0.018152916274572675 -0.020505082842770157 -0.018113414149113417 -0.050076806460562374 -0.023563820822485558 0.084671393468808587 0.0014844417989514597 0.13472022502438016 -0.055823713278592521 0.11298507814109325 0.073954856157302865 0.22018655595792963 -0.079835607803812839 0.063579590424691163 -0.023665448416162419 0.20717758395761812 -0.056483032513748511 0.080986268947433146 0.14158651682197068 -0.081008035367535008 0.066395061309026046 0.045079987435042858 0.050637431783335553 -0.014366665727951946 -0.046699298730602974 0.041210116739689724 -0.014612377807764068 -0.030623770378979627 -0.032680342254660474 -0.1200155536783859 0.14230097435701353 0.099193518206477163 0.031577018515226693 -0.033864485129671461 -0.085125659342289342 -0.12338570562033316 0.08592081177760573 -0.06006035157612391 0.0026833206799257402 -0.012050123557448387 -0.093068242007866495 -0.019224817182191392 -0.0069982814043282699 0.035560617989496043 -0.12239170445164418 0.010748047232322516 -0.035879235985604198 0.0066957164886924953 -0.027964450053564488 0.069361035947433924 0.095771177481202521 0.025275496951662577 -0.043167456424373474 -0.050831358293371813 0.036593838727351315 -0.041386435574718883 -0.003638097009687495 0.010037743976255032 0.028347315665172491 -0.089672790729563759 0.013969228538434681
leaf_weight=54 252 75 142 427 286 57 88 1089 75 66 59 54 65 81 72 80 52 54 69 60 61 54 74 69 50 80 62 139 57 327 95 51 64 93 196 78 83 84 62 519 89 87 87 584 68 52 121 76 53 72 109 50 194 147 92 96 55 112 175 68 52 122
leaf_count=54 252 75 142 427 286 57 88 1089 75 66 59 54 65 81 72 80 52 54 69 60 61 54 74 69 50 80 62 139 57 327 95 51 64 93 196 78 83 84 62 519 89 87 87 584 68 52 121 76 53 72 109 50 194 147 92 96 55 112 175 68 52 122
internal_value=0.000106436 0.0144727 0.0238519 -0.0193612 -0.0115267 0.0218623 0.027344 0.0167087 0.0512602 0.0430519 0.0522828 0.0973623 0.154999 0.0373268 -0.0123715 0.0571607 0.0785086 0.039438 0.136471 0.0365861 -0.00336798 0.0270784 -0.000548317 0.00353269 0.0599353 0.010033 0.0913253 0.0217902 -0.028249 -0.0500351 -0.0869129 0.0792589 0.0055032 0.0333248 -0.0226177 -0.0359938 -0.0724057 0.0420075 9.49745e-05 -0.0125738 -0.0464848 -0.0270814 -0.0564674 0.00434827 -0.0172401 -0.0239178 -0.0360881 -0.0717013 0.0556149 0.00911289 0.0259554 0.0199733 0.0400533 -0.0188755 -0.0124167 0.00258316 0.00436644 0.0194049 -0.0131846 -0.0192504 -0.0260525 0.0402928
internal_weight=8116 4670 3432 3446 1238 3378 2775 1922 853 778 712 176 119 536 153 383 303 182 121 833 603 711 1106 123 242 469 122 389 2340 479 152 192 542 212 1861 797 250 250 952 1064 167 545 174 890 610 542 396 128 141 146 306 496 244 268 330 238 148 166 371 547 479 231
internal_count=8116 4670 3432 3446 1238 3378 2775 1922 853 778 712 176 119 536 153 383 303 182 121 833 603 711 1106 123 242 469 122 389 2340 479 152 192 542 212 1861 797 250 250 952 1064 167 545 174 890 610 542 396 128 141 146 306 496 244 268 330 238 148 166 371 547 479 231
is_linear=0
shrinkage=0.03


Tree=73
num_leaves=63
num_cat=0
split_feature=79 23 79 23 88 23 327 298 196 54 315 15 268 115 243 146 250 109 94 69 178 23 194 26 96 142 23 123 119 23 79 16 293 184 23 273 97 81 15 23 93 152 193 219 52 96 87 176 97 21 312 21 21 194 23 92 23 273 70 20 79 13
split_gain=2384.29 868.645 878.073 865.339 699.745 1157.2 577.396 500.575 634.898 597.992 682.469 883.812 485.927 534.175 453.717 386.517 377.185 458.717 353.346 398.67 390.627 422.067 438.344 362.927 337.494 336.863 328.146 325.916 313.196 302.183 300.965 275.865 274.85 265.479 264.975 288.423 270.931 251.835 247.493 246.311 291.023 273.227 319.366 266.923 316.526 268.61 245.758 239.129 227.339 244.941 225.22 224.036 217.646 229.928 244.598 230.295 205.576 197.885 191.873 260.242 313.893 437.946
threshold=0.21851522475481036 68.500000000000014 0.26794917881488806 84.500000000000014 17.500000000000004 49.500000000000007 1.0000000180025095e-35 69.500000000000014 2.8028017282485966 4.3575437068939218 0.76599597930908214 53.500000000000007 5.0312500000000009 178.50000000000003 204.50000000000003 113.50000000000001 1.3346354365348818 7.5000000000000009 48.500000000000007 59.500000000000007 14.500000000000002 72.500000000000014 10.250689983367922 1.5000000000000002 1.8075630068778994 8.5000000000000018 100.50000000000001 0.23337754607200625 8.8080945014953631 54.500000000000007 0.16447026282548907 56.500000000000007 0.79026269912719738 1.5000000000000002 41.500000000000007 0.55902779102325451 6.0681121349334726 35.500000000000007 71.500000000000014 56.500000000000007 71.500000000000014 1.3995745778083803 1.1825447082519533 0.83469945192337047 3.7450951337814335 4.4406971931457528 3.5000000000000004 0.22792208194732669 9.1727962493896502 64.500000000000014 1.8121621608734133 89.500000000000014 54.500000000000007 4.2793061733245858 86.500000000000014 162.50000000000003 101.50000000000001 0.31209415197372442 32.500000000000007 68.500000000000014 0.32583418488502508 44.500000000000007
decision_type=2 2 2 2 2 2 2 2 2 2 2 2 2 2 2 2 2 2 2 2 2 2 2 2 2 2 2 2 2 2 2 2 2 2 2 2 2 2 2 2 2 2 2 2 2 2 2 2 2 2 2 2 2 2 2 2 2 2 2 2 2 2
left_child=3 2 39 4 6 -6 7 15 9 10 11 -9 33 -14 48 46 17 32 -7 23 -21 22 27 24 -20 -23 37 -22 -13 -11 -5 -30 -16 -12 36 58 -4 38 57 40 -2 42 -42 -44 -45 -46 -1 -43 49 -8 -26 -40 -39 -54 -55 -56 -32 -3 -36 60 -60 -62
right_child=1 26 34 30 5 18 14 8 -10 29 12 28 13 -15 16 -17 -18 -19 19 20 21 25 -24 -25 50 -27 -28 -29 31 -31 56 -33 -34 -35 35 -37 -38 52 51 -41 41 47 43 44 45 -47 -48 -49 -50 -51 -52 -53 53 54 55 -57 -58 -59 59 -61 61 -63
leaf_value=-0.0064844492347911004 -0.033771952920489838 0.0022379937149584295 0.06979353291270407 0.012916911495008296 0.17389884868606192 0.096638858529000449 0.01129788109690559 0.1622154919233392 0.12939432435709497 0.1372579286916781 0.070927039387502833 0.070560446067805024 -0.11883620546157679 0.0065924105754024106 0.058918992596514078 -0.070768302405466804 -0.043066136659019517 0.11435388421639799 0.082024046859957955 -0.013339984312857668 0.11374725767760537 0.074920683373995822 0.16964964335678884 -0.06390181560929005 -0.035553958222821903 0.0025896703729102774 -0.10682683144624416 0.017678065404295919 -0.052816028306561132 0.051351395483527865 -0.012346436204848649 0.039497127439149397 -0.03911566476695813 -0.023818246487541783 0.0003569698004152425 -0.091047740975078548 -0.0054492338319500934 -0.095688733425405278 -0.015407220915726879 0.0037609522316698132 -0.0077085165925804651 0.040062349064875456 0.010063575380726865 0.12699974913275644 0.0049724327381384572 0.095235887946041875 0.058437746812246345 -0.048637768223005182 -0.067101438609720426 -0.047470158441074654 0.024793576580587399 0.060889346427480943 -0.080409458450634366 -0.023875299576225435 -0.035638731463867077 -0.11617336848715565 -0.064580503828614313 -0.056724179065171278 -0.028166521788331799 -0.01674161630598562 -0.1505201336575879 -0.026657968303736516
leaf_weight=169 53 99 54 464 60 86 146 50 68 58 55 70 66 56 50 60 53 59 65 72 63 105 52 51 80 128 51 64 61 104 485 54 51 50 333 52 198 53 67 643 61 58 56 88 58 60 75 50 102 112 177 70 87 879 84 52 78 105 229 874 53 50
leaf_count=169 53 99 54 464 60 86 146 50 68 58 55 70 66 56 50 60 53 59 65 72 63 105 52 51 80 128 51 64 61 104 485 54 51 50 333 52 198 53 67 643 61 58 56 88 58 60 75 50 102 112 177 70 87 879 84 52 78 105 229 874 53 50
internal_value=0.000105571 -0.0144074 -0.00490877 0.0183193 0.0276118 0.047173 0.0150851 0.0288785 0.0429578 0.0333465 0.0158779 0.0516124 -0.0211802 -0.0616769 -0.00889943 -0.00320641 0.0257314 0.0486465 0.0389341 0.0330376 0.0509735 0.0622179 0.0967796 0.00969005 0.0215077 0.0353661 -0.0326282 0.0658508 0.0210083 0.0827614 -0.00495707 -0.00950217 0.00951818 0.0260112 -0.017661 -0.0221867 0.0108864 -0.030029 -0.00734945 0.0159423 0.0320843 0.0402421 0.0540168 0.0683626 0.0840857 0.0512837 0.0136282 -0.001072 -0.0294038 -0.0142986 0.00594336 0.0237352 -0.0367128 -0.0337922 -0.0297212 -0.0670546 -0.0196848 -0.0282388 -0.0198024 -0.0253644 -0.0479458 -0.0912273
internal_weight=8116 4517 2970 3599 2572 1003 1569 996 692 624 462 235 227 122 573 304 213 160 943 857 484 412 179 373 322 233 1547 127 185 162 1027 115 101 105 1843 1591 252 1496 341 1127 484 431 323 262 206 118 244 108 360 258 257 137 1155 1102 1015 136 563 204 1539 1206 332 103
internal_count=8116 4517 2970 3599 2572 1003 1569 996 692 624 462 235 227 122 573 304 213 160 943 857 484 412 179 373 322 233 1547 127 185 162 1027 115 101 105 1843 1591 252 1496 341 1127 484 431 323 262 206 118 244 108 360 258 257 137 1155 1102 1015 136 563 204 1539 1206 332 103
is_linear=0
shrinkage=0.03


Tree=74
num_leaves=63
num_cat=0
split_feature=23 176 52 23 23 48 167 17 121 18 237 314 149 317 173 319 220 190 308 211 101 268 223 146 243 176 282 98 151 58 274 58 140 269 94 135 104 46 173 4 178 243 94 288 249 118 23 98 199 152 313 80 177 87 190 315 20 199 56 122 234 118
split_gain=1169.12 1163.64 634.597 648.352 626.821 968.484 489.935 774.777 496.233 562.18 492.639 431.135 452.406 419.073 424.697 411.206 339.391 344.093 333.446 305.75 285.381 348.6 362.711 480.692 286.173 283.383 274.192 271.12 253.499 342.549 330.548 254.57 418.634 258.621 280.695 256.663 254.414 493.884 227.806 240.802 331.657 268.55 221.771 275.535 221.22 209.847 225.21 209.276 282.41 245.699 214.268 209.313 203.252 233.347 226.483 233.053 200.905 215.447 197.104 194.536 188.677 188.228
threshold=29.500000000000004 0.16064515709877017 3.5243831872940068 92.500000000000014 61.500000000000007 148.50000000000003 7.5000000000000009 53.500000000000007 1.2985229492187502 53.500000000000007 4.5000000000000009 0.60681819915771495 4.3592376708984384 0.2594373226165772 1.3673077225685122 1.5000000000000002 0.15655637532472613 47.500000000000007 248.50000000000003 36.500000000000007 0.086335405707359328 5.085304021835328 1.0000000180025095e-35 120.50000000000001 240.50000000000003 0.042572464793920524 6.5000000000000009 6.7840909957885751 2.3535246849060063 0.64316657185554515 0.72679427266120922 0.63965702056884777 9.5000000000000018 2.0972851514816289 27.500000000000004 136.50000000000003 275.50000000000006 18.500000000000004 8.2625417709350604 4.5000000000000009 14.500000000000002 123.50000000000001 87.500000000000014 18.500000000000004 2.2085981369018559 2.3850539922714238 53.500000000000007 3.709191203117371 0.57712131738662731 1.104299068450928 11.552704334259035 0.62302625179290783 0.67661911249160778 3.5000000000000004 65.500000000000014 1.6399209499359133 88.500000000000014 0.61197015643119823 1.3518804907798769 1.3339080810546877 4.5000000000000009 4.5481407642364511
decision_type=2 2 2 2 2 2 2 2 2 2 2 2 2 2 2 2 2 2 2 2 2 2 2 2 2 2 2 2 2 2 2 2 2 2 2 2 2 2 2 2 2 2 2 2 2 2 2 2 2 2 2 2 2 2 2 2 2 2 2 2 2 2
left_child=-1 6 4 18 5 16 10 8 9 -8 -2 -7 13 14 -13 20 -3 -18 28 -5 -9 22 23 -22 38 26 -23 61 29 42 31 33 35 -30 -35 -33 -36 -38 39 40 -24 -41 43 -4 58 -16 -47 -6 -49 51 -51 -50 54 -54 55 -31 57 -42 -39 -55 -34 -27
right_child=1 2 3 19 47 11 7 15 -10 -11 -12 12 -14 -15 45 -17 17 -19 -20 -21 21 25 24 -25 -26 27 -28 -29 30 52 -32 32 60 34 36 -37 37 44 -40 41 56 -43 -44 -45 -46 46 -48 48 49 50 -52 -53 53 59 -56 -57 -58 -59 -60 -61 -62 -63
leaf_value=0.13922876375416915 0.0037877182711260585 -0.083707850471138961 0.012153806123644747 -0.13861599995396459 -0.013671849930972053 -0.020018546827054853 0.18606663912534713 -0.043924041922952309 0.017365139036749799 0.054278923365331834 -0.071505770938961127 0.1010574994825504 0.13658782833686736 0.10586634685708718 -0.041371904619295019 -0.04735321896713833 -0.048047346295298714 0.037797307869855398 0.055587878040969367 -0.045585127352126713 0.11637101413357551 0.0097369729035667006 -0.040158160539865491 0.004337459509002251 0.066737223393641978 0.0026386843526364748 -0.085270966208643384 0.08003027386260482 -0.061348690930978361 -0.022151166278383008 -0.075669170372264893 -0.10767948056356265 0.045580788437981863 0.017109241002773935 -0.054760397672653199 -0.037737530575213118 0.065112318553976159 -0.0011716294240533979 0.076446927901771336 0.085049449421868123 -0.052336283475160596 -0.0024323373447571479 -0.011693580430628878 0.089310131782763882 0.021004550504244188 0.066888560744978134 -0.01676853962087383 -0.039535719471983609 0.031959002995724552 0.081074658383853568 0.0047362907434051679 -0.017804090189535847 0.044650254160165784 0.0062226604029532121 -0.010868389419368489 -0.1029933200776577 0.053792126283515242 0.018691969041067822 -0.040531034649678846 -0.060936670558793198 -0.018039069624291252 0.049278462372699776
leaf_weight=53 442 59 93 51 1159 61 56 60 71 62 94 54 66 87 57 85 75 93 59 86 98 55 124 53 129 541 53 52 82 68 96 51 73 323 127 563 72 181 53 73 50 55 88 75 109 62 53 89 133 85 54 175 89 126 220 61 95 155 311 55 96 90
leaf_count=53 442 59 93 51 1159 61 56 60 71 62 94 54 66 87 57 85 75 93 59 86 98 55 124 53 129 541 53 52 82 68 96 51 73 323 127 563 72 181 53 73 50 55 88 75 109 62 53 89 133 85 54 175 89 126 220 61 95 155 311 55 96 90
internal_value=0.000104235 -0.000827416 -0.00856928 -0.0173707 0.00318949 0.027803 0.0159454 0.022739 0.0803982 0.11786 -0.00952531 0.0537269 0.0656176 0.0502653 0.0284893 0.0167137 -0.0224611 -0.000583736 -0.0144578 -0.0809706 0.0198761 0.022185 0.03511 0.0773352 0.0263299 0.00769792 -0.0372419 0.0148481 -0.0158728 -0.00231768 -0.0215602 -0.0189106 -0.0322195 -0.010243 -0.0064601 -0.0437127 -0.0159857 -0.00859825 0.0176182 0.0118418 0.000920167 0.0477322 0.0268066 0.0469232 -0.0175223 0.0052538 0.0285214 -0.00650687 0.00898266 0.0187096 0.0516637 0.0037184 -0.0143864 0.00515257 -0.0294741 -0.060877 0.0179762 0.00119804 -0.026083 -0.0144076 0.00954817 0.0093584
internal_weight=8116 8063 5517 3155 2362 667 2546 2010 189 118 536 440 379 313 226 1821 227 168 3018 137 1736 1676 885 151 734 791 108 683 2959 875 2084 1988 783 1205 1123 614 800 673 605 552 424 128 256 168 601 172 115 1695 536 447 139 308 619 270 349 129 300 205 492 181 169 631
internal_count=8116 8063 5517 3155 2362 667 2546 2010 189 118 536 440 379 313 226 1821 227 168 3018 137 1736 1676 885 151 734 791 108 683 2959 875 2084 1988 783 1205 1123 614 800 673 605 552 424 128 256 168 601 172 115 1695 536 447 139 308 619 270 349 129 300 205 492 181 169 631
is_linear=0
shrinkage=0.03


end of trees

feature_importances:
PCLT_old=678
szn_risp_avg_against=488
szn_risp_whip=110
STA_old=87
m1_risp_avg_against=74
since_risp_avg_against=70
BNT_old=60
H/9_old=50
szn_risp_bb9=39
HR/9_old=38
K/9_old=32
BRK_old=32
szn_vslhb_era=30
szn_vsrhb_avg_against=30
szn_risp_outs_pitched=29
m1_pstrikes_thrown=29
szn_strike_pct=28
szn_pbb=27
szn_era=26
szn_vslhb_k9=26
m1_risp_era=26
BB/9_old=25
CTRL_old=25
szn_vslhb_avg_against=25
is_sp=25
VEL_old=24
szn_risp_era=24
szn_vslhb_pbatters_faced=24
m1_pk=24
szn_risp_ppitches_thrown=23
szn_risp_ph=23
m1_vslhb_k9=23
szn_vslhb_pk=22
szn_vsrhb_outs_pitched=22
szn_vsrhb_k9=22
since_pstrikes_thrown=22
ARM_old=21
szn_hr9=21
since_outs_pitched=21
since_risp_ppitches_thrown=21
since_risp_era=21
szn_risp_pbatters_faced=20
szn_vslhb_strike_pct=20
m1_vslhb_ppitches_thrown=20
m1_vslhb_strike_pct=20
szn_risp_pballs_thrown=19
szn_vslhb_outs_pitched=19
since_pballs_thrown=19
since_risp_outs_pitched=19
since_vsrhb_hr9=19
REAC_old=18
szn_risp_strike_pct=18
szn_vslhb_bb9=18
szn_vsrhb_whip=18
m1_ppitches_thrown=18
m1_bb9=18
since_pab=18
since_strike_pct=18
POW_L_old=17
szn_risp_pr=17
szn_risp_pstrikes_thrown=17
szn_vsrhb_hr9=17
m1_vslhb_pballs_thrown=17
since_risp_pbatters_faced=17
since_risp_whip=17
since_vslhb_era=17
since_vslhb_strike_pct=17
since_vsrhb_outs_pitched=17
since_vsrhb_strike_pct=17
SPD_old=16
DRG_BNT_old=16
szn_risp_pab=16
szn_risp_k9=16
m1_era=16
since_risp_strike_pct=16
since_vsrhb_ppitches_thrown=16
CON_R_old=15
STEAL_old=15
szn_pballs_thrown=15
szn_bb9=15
szn_vsrhb_bb9=15
m1_vslhb_avg_against=15
since_risp_pr=15
age=14
szn_pbatters_faced=14
szn_pstrikes_thrown=14
szn_k9=14
m1_whip=14
m1_avg_against=14
m1_vsrhb_pk=14
since_pbatters_faced=14
since_era=14
since_risp_pab=14
since_risp_pbb=14
since_vslhb_pab=14
since_vsrhb_pstrikes_thrown=14
DISC_old=13
m1_pr=13
m1_k9=13
m1_risp_pdoubles=13
m1_risp_whip=13
m1_vsrhb_k9=13
m1_vsrhb_strike_pct=13
since_hr9=13
since_avg_against=13
CON_L_old=12
szn_avg_against=12
szn_risp_pbb=12
szn_vslhb_ph=12
szn_chances=12
m1_pdoubles=12
m1_pbatters_faced=12
since_ppitches_thrown=12
since_ph=12
since_vslhb_bb9=12
since_vsrhb_pballs_thrown=12
since_vsrhb_avg_against=12
szn_outs_pitched=11
szn_vslhb_whip=11
szn_vsrhb_ppitches_thrown=11
szn_vsrhb_pbb=11
szn_vsrhb_strike_pct=11
m1_pa=11
m1_risp_strike_pct=11
m1_vslhb_pstrikes_thrown=11
m1_vsrhb_bb9=11
m1_vsrhb_whip=11
since_vslhb_pbatters_faced=11
since_vslhb_k9=11
since_vsrhb_era=11
FLD_old=10
szn_pab=10
szn_whip=10
szn_risp_ip=10
szn_risp_hr9=10
szn_vslhb_pab=10
szn_vslhb_pbb=10
szn_vslhb_pballs_thrown=10
szn_vslhb_hr9=10
m1_strike_pct=10
m1_risp_bb9=10
m1_vslhb_hr9=10
m1_vsrhb_avg_against=10
since_bb9=10
since_vslhb_ppitches_thrown=10
since_vsrhb_pdoubles=10
szn_risp_per=9
szn_vslhb_pstrikes_thrown=9
szn_vsrhb_era=9
m1_pab=9
m1_vslhb_per=9
m1_vsrhb_pab=9
m1_vsrhb_pballs_thrown=9
m1_vsrhb_pstrikes_thrown=9
m1_vsrhb_outs_pitched=9
m1_vsrhb_hr9=9
since_vsrhb_k9=9
since_vsrhb_bb9=9
since_vsrhb_whip=9
weight_lbs=9
VIS_old=8
szn_ph=8
szn_vslhb_per=8
szn_vsrhb_pbatters_faced=8
szn_assists=8
m1_k_pct=8
m1_pballs_thrown=8
m1_vslhb_pab=8
m1_vslhb_era=8
m1_chances=8
since_risp_k9=8
since_vslhb_pballs_thrown=8
since_vsrhb_ph=8
since_vsrhb_pk=8
POW_R_old=7
ACC_old=7
szn_risp_pdoubles=7
szn_vsrhb_pdoubles=7
m1_so=7
m1_hr9=7
m1_vslhb_pbatters_faced=7
m1_vsrhb_ppitches_thrown=7
since_pbb=7
since_pk=7
since_risp_pstrikes_thrown=7
since_risp_bb9=7
height_inches=7
is_rp=7
szn_vsrhb_pballs_thrown=6
szn_vsrhb_pstrikes_thrown=6
m1_outs_pitched=6
m1_vslhb_pr=6
m1_vsrhb_ph=6
m1_vsrhb_era=6
since_pr=6
since_per=6
since_risp_ph=6
since_risp_pk=6
since_vslhb_per=6
since_vsrhb_pab=6
since_vsrhb_ip=6
CLT_old=5
szn_ppitches_thrown=5
szn_pdoubles=5
szn_per=5
szn_vsrhb_ph=5
szn_vsrhb_pk=5
szn_vsrhb_pr=5
m1_risp_ppitches_thrown=5
m1_risp_outs_pitched=5
m1_risp_k9=5
m1_vslhb_pk=5
m1_vslhb_outs_pitched=5
m1_vslhb_whip=5
m1_vsrhb_pbatters_faced=5
since_pdoubles=5
since_k9=5
since_whip=5
since_risp_per=5
since_vslhb_pk=5
since_vslhb_pr=5
since_vslhb_pstrikes_thrown=5
since_vslhb_hr9=5
since_vslhb_avg_against=5
since_vsrhb_pbatters_faced=5
szn_k_pct=4
szn_pk=4
szn_risp_pk=4
szn_vslhb_ppitches_thrown=4
szn_vslhb_pdoubles=4
szn_vslhb_pr=4
szn_vsrhb_ip=4
m1_ab=4
m1_per=4
m1_risp_pr=4
m1_risp_per=4
m1_vsrhb_pdoubles=4
m1_vsrhb_per=4
m1_assists=4
since_k_pct=4
since_risp_pballs_thrown=4
since_vslhb_pbb=4
since_vslhb_outs_pitched=4
since_vsrhb_phr=4
szn_risp_pa=4
age_sq=4
szn_pa=3
szn_pr=3
m1_ph=3
m1_risp_ph=3
m1_risp_pballs_thrown=3
m1_risp_pstrikes_thrown=3
m1_vslhb_ph=3
m1_vslhb_bb9=3
m1_vsrhb_pbb=3
since_ip=3
since_risp_hr9=3
since_vslhb_ph=3
since_vslhb_pdoubles=3
since_vslhb_whip=3
since_vsrhb_per=3
szn_so=2
szn_obp=2
szn_vsrhb_pab=2
szn_put_outs=2
m1_ip=2
m1_risp_pbatters_faced=2
m1_risp_ip=2
m1_risp_hr9=2
m1_vslhb_pbb=2
m1_vsrhb_pr=2
m1_put_outs=2
since_risp_pdoubles=2
since_vslhb_phr=2
since_vsrhb_pbb=2
szn_ops=1
szn_phr=1
szn_ip=1
szn_vslhb_phr=1
szn_vslhb_ip=1
szn_vsrhb_ptriples=1
szn_vsrhb_phr=1
szn_vsrhb_per=1
m1_pbb=1
m1_risp_pab=1
m1_risp_phr=1
m1_risp_pk=1
m1_vslhb_pdoubles=1
m1_vslhb_ip=1
m1_vsrhb_ip=1
since_pa=1
since_ptriples=1
since_phr=1
since_risp_phr=1
since_vslhb_ip=1
since_vsrhb_pr=1
szn_risp_so=1
szn_risp_ab=1

parameters:
[boosting: gbdt]
[objective: regression]
[metric: rmse,l2]
[tree_learner: serial]
[device_type: cpu]
[data_sample_strategy: bagging]
[data: ]
[valid: ]
[num_iterations: 3000]
[learning_rate: 0.03]
[num_leaves: 63]
[num_threads: 2]
[seed: 42]
[deterministic: 0]
[force_col_wise: 1]
[force_row_wise: 0]
[histogram_pool_size: -1]
[max_depth: -1]
[min_data_in_leaf: 50]
[min_sum_hessian_in_leaf: 0.001]
[bagging_fraction: 0.8]
[pos_bagging_fraction: 1]
[neg_bagging_fraction: 1]
[bagging_freq: 0]
[bagging_seed: 400]
[bagging_by_query: 0]
[feature_fraction: 0.8]
[feature_fraction_bynode: 1]
[feature_fraction_seed: 30056]
[extra_trees: 0]
[extra_seed: 12879]
[early_stopping_round: 0]
[early_stopping_min_delta: 0]
[first_metric_only: 0]
[max_delta_step: 0]
[lambda_l1: 0]
[lambda_l2: 1]
[linear_lambda: 0]
[min_gain_to_split: 0]
[drop_rate: 0.1]
[max_drop: 50]
[skip_drop: 0.5]
[xgboost_dart_mode: 0]
[uniform_drop: 0]
[drop_seed: 17869]
[top_rate: 0.2]
[other_rate: 0.1]
[min_data_per_group: 100]
[max_cat_threshold: 32]
[cat_l2: 10]
[cat_smooth: 10]
[max_cat_to_onehot: 4]
[top_k: 20]
[monotone_constraints: ]
[monotone_constraints_method: basic]
[monotone_penalty: 0]
[feature_contri: ]
[forcedsplits_filename: ]
[refit_decay_rate: 0.9]
[cegb_tradeoff: 1]
[cegb_penalty_split: 0]
[cegb_penalty_feature_lazy: ]
[cegb_penalty_feature_coupled: ]
[path_smooth: 0]
[interaction_constraints: ]
[verbosity: -1]
[saved_feature_importance_type: 0]
[use_quantized_grad: 0]
[num_grad_quant_bins: 4]
[quant_train_renew_leaf: 0]
[stochastic_rounding: 1]
[linear_tree: 0]
[max_bin: 255]
[max_bin_by_feature: ]
[min_data_in_bin: 3]
[bin_construct_sample_cnt: 200000]
[data_random_seed: 175]
[is_enable_sparse: 1]
[enable_bundle: 1]
[use_missing: 1]
[zero_as_missing: 0]
[feature_pre_filter: 1]
[pre_partition: 0]
[two_round: 0]
[header: 0]
[label_column: ]
[weight_column: ]
[group_column: ]
[ignore_column: ]
[categorical_feature: ]
[forcedbins_filename: ]
[precise_float_parser: 0]
[parser_config_file: ]
[objective_seed: 16083]
[num_class: 1]
[is_unbalance: 0]
[scale_pos_weight: 1]
[sigmoid: 1]
[boost_from_average: 1]
[reg_sqrt: 0]
[alpha: 0.9]
[fair_c: 1]
[poisson_max_delta_step: 0.7]
[tweedie_variance_power: 1.5]
[lambdarank_truncation_level: 30]
[lambdarank_norm: 1]
[label_gain: ]
[lambdarank_position_bias_regularization: 0]
[eval_at: ]
[multi_error_top_k: 1]
[auc_mu_weights: ]
[num_machines: 1]
[local_listen_port: 12400]
[time_out: 120]
[machine_list_filename: ]
[machines: ]
[gpu_platform_id: -1]
[gpu_device_id: -1]
[gpu_use_dp: 0]
[num_gpu: 1]

end of parameters

pandas_categorical:[]
